0,0,0,1,10,BMI;sysBP;age;totChol;diaBP;glucose;heartRate;cigsPerDay;prevalentHyp;education
0,1,0,0,10,BMI;sysBP;age;totChol;diaBP;glucose;heartRate;cigsPerDay;prevalentHyp;education
0,2,1,1,10,BMI;sysBP;age;totChol;diaBP;glucose;heartRate;cigsPerDay;prevalentHyp;education
0,3,0,1,10,BMI;sysBP;age;totChol;diaBP;glucose;heartRate;cigsPerDay;prevalentHyp;education
0,4,1,1,10,BMI;sysBP;age;totChol;diaBP;glucose;heartRate;cigsPerDay;prevalentHyp;education
0,5,1,1,10,BMI;sysBP;age;totChol;diaBP;glucose;heartRate;cigsPerDay;prevalentHyp;education
0,6,0,0,10,BMI;sysBP;age;totChol;diaBP;glucose;heartRate;cigsPerDay;prevalentHyp;education
0,7,1,1,10,BMI;sysBP;age;totChol;diaBP;glucose;heartRate;cigsPerDay;prevalentHyp;education
0,8,0,1,10,BMI;sysBP;age;totChol;diaBP;glucose;heartRate;cigsPerDay;prevalentHyp;education
0,9,1,0,10,BMI;sysBP;age;totChol;diaBP;glucose;heartRate;cigsPerDay;prevalentHyp;education
0,10,1,1,10,BMI;sysBP;age;totChol;diaBP;glucose;heartRate;cigsPerDay;prevalentHyp;education
0,11,0,1,10,BMI;sysBP;age;totChol;diaBP;glucose;heartRate;cigsPerDay;prevalentHyp;education
0,12,1,1,10,BMI;sysBP;age;totChol;diaBP;glucose;heartRate;cigsPerDay;prevalentHyp;education
0,13,1,1,10,BMI;sysBP;age;totChol;diaBP;glucose;heartRate;cigsPerDay;prevalentHyp;education
0,14,1,1,10,BMI;sysBP;age;totChol;diaBP;glucose;heartRate;cigsPerDay;prevalentHyp;education
0,15,1,1,10,BMI;sysBP;age;totChol;diaBP;glucose;heartRate;cigsPerDay;prevalentHyp;education
0,16,0,0,10,BMI;sysBP;age;totChol;diaBP;glucose;heartRate;cigsPerDay;prevalentHyp;education
0,17,0,1,10,BMI;sysBP;age;totChol;diaBP;glucose;heartRate;cigsPerDay;prevalentHyp;education
0,18,0,1,10,BMI;sysBP;age;totChol;diaBP;glucose;heartRate;cigsPerDay;prevalentHyp;education
0,19,0,0,10,BMI;sysBP;age;totChol;diaBP;glucose;heartRate;cigsPerDay;prevalentHyp;education
0,20,1,1,10,BMI;sysBP;age;totChol;diaBP;glucose;heartRate;cigsPerDay;prevalentHyp;education
0,21,1,1,10,BMI;sysBP;age;totChol;diaBP;glucose;heartRate;cigsPerDay;prevalentHyp;education
0,22,0,0,10,BMI;sysBP;age;totChol;diaBP;glucose;heartRate;cigsPerDay;prevalentHyp;education
0,23,0,1,10,BMI;sysBP;age;totChol;diaBP;glucose;heartRate;cigsPerDay;prevalentHyp;education
0,24,1,0,10,BMI;sysBP;age;totChol;diaBP;glucose;heartRate;cigsPerDay;prevalentHyp;education
0,25,0,0,10,BMI;sysBP;age;totChol;diaBP;glucose;heartRate;cigsPerDay;prevalentHyp;education
0,26,1,0,10,BMI;sysBP;age;totChol;diaBP;glucose;heartRate;cigsPerDay;prevalentHyp;education
0,27,0,1,10,BMI;sysBP;age;totChol;diaBP;glucose;heartRate;cigsPerDay;prevalentHyp;education
0,28,0,1,10,BMI;sysBP;age;totChol;diaBP;glucose;heartRate;cigsPerDay;prevalentHyp;education
0,29,1,1,10,BMI;sysBP;age;totChol;diaBP;glucose;heartRate;cigsPerDay;prevalentHyp;education
0,30,0,1,10,BMI;sysBP;age;totChol;diaBP;glucose;heartRate;cigsPerDay;prevalentHyp;education
0,31,1,1,10,BMI;sysBP;age;totChol;diaBP;glucose;heartRate;cigsPerDay;prevalentHyp;education
0,32,0,1,10,BMI;sysBP;age;totChol;diaBP;glucose;heartRate;cigsPerDay;prevalentHyp;education
0,33,1,1,10,BMI;sysBP;age;totChol;diaBP;glucose;heartRate;cigsPerDay;prevalentHyp;education
0,34,0,1,10,BMI;sysBP;age;totChol;diaBP;glucose;heartRate;cigsPerDay;prevalentHyp;education
0,35,1,1,10,BMI;sysBP;age;totChol;diaBP;glucose;heartRate;cigsPerDay;prevalentHyp;education
0,36,1,1,10,BMI;sysBP;age;totChol;diaBP;glucose;heartRate;cigsPerDay;prevalentHyp;education
0,37,0,1,10,BMI;sysBP;age;totChol;diaBP;glucose;heartRate;cigsPerDay;prevalentHyp;education
0,38,1,1,10,BMI;sysBP;age;totChol;diaBP;glucose;heartRate;cigsPerDay;prevalentHyp;education
0,39,1,1,10,BMI;sysBP;age;totChol;diaBP;glucose;heartRate;cigsPerDay;prevalentHyp;education
0,40,0,1,10,BMI;sysBP;age;totChol;diaBP;glucose;heartRate;cigsPerDay;prevalentHyp;education
0,41,1,1,10,BMI;sysBP;age;totChol;diaBP;glucose;heartRate;cigsPerDay;prevalentHyp;education
0,42,1,1,10,BMI;sysBP;age;totChol;diaBP;glucose;heartRate;cigsPerDay;prevalentHyp;education
0,43,1,1,10,BMI;sysBP;age;totChol;diaBP;glucose;heartRate;cigsPerDay;prevalentHyp;education
0,44,1,1,10,BMI;sysBP;age;totChol;diaBP;glucose;heartRate;cigsPerDay;prevalentHyp;education
0,45,0,1,10,BMI;sysBP;age;totChol;diaBP;glucose;heartRate;cigsPerDay;prevalentHyp;education
0,46,1,1,10,BMI;sysBP;age;totChol;diaBP;glucose;heartRate;cigsPerDay;prevalentHyp;education
0,47,1,1,10,BMI;sysBP;age;totChol;diaBP;glucose;heartRate;cigsPerDay;prevalentHyp;education
0,48,1,1,10,BMI;sysBP;age;totChol;diaBP;glucose;heartRate;cigsPerDay;prevalentHyp;education
0,49,1,0,10,BMI;sysBP;age;totChol;diaBP;glucose;heartRate;cigsPerDay;prevalentHyp;education
0,50,1,0,10,BMI;sysBP;age;totChol;diaBP;glucose;heartRate;cigsPerDay;prevalentHyp;education
0,51,0,1,10,BMI;sysBP;age;totChol;diaBP;glucose;heartRate;cigsPerDay;prevalentHyp;education
0,52,0,1,10,BMI;sysBP;age;totChol;diaBP;glucose;heartRate;cigsPerDay;prevalentHyp;education
0,53,1,1,10,BMI;sysBP;age;totChol;diaBP;glucose;heartRate;cigsPerDay;prevalentHyp;education
0,54,0,0,10,BMI;sysBP;age;totChol;diaBP;glucose;heartRate;cigsPerDay;prevalentHyp;education
0,55,1,1,10,BMI;sysBP;age;totChol;diaBP;glucose;heartRate;cigsPerDay;prevalentHyp;education
0,56,0,0,10,BMI;sysBP;age;totChol;diaBP;glucose;heartRate;cigsPerDay;prevalentHyp;education
0,57,1,1,10,BMI;sysBP;age;totChol;diaBP;glucose;heartRate;cigsPerDay;prevalentHyp;education
0,58,1,1,10,BMI;sysBP;age;totChol;diaBP;glucose;heartRate;cigsPerDay;prevalentHyp;education
0,59,1,1,10,BMI;sysBP;age;totChol;diaBP;glucose;heartRate;cigsPerDay;prevalentHyp;education
0,60,1,1,10,BMI;sysBP;age;totChol;diaBP;glucose;heartRate;cigsPerDay;prevalentHyp;education
0,61,0,1,10,BMI;sysBP;age;totChol;diaBP;glucose;heartRate;cigsPerDay;prevalentHyp;education
0,62,0,1,10,BMI;sysBP;age;totChol;diaBP;glucose;heartRate;cigsPerDay;prevalentHyp;education
0,63,1,0,10,BMI;sysBP;age;totChol;diaBP;glucose;heartRate;cigsPerDay;prevalentHyp;education
0,64,1,1,10,BMI;sysBP;age;totChol;diaBP;glucose;heartRate;cigsPerDay;prevalentHyp;education
0,65,1,1,10,BMI;sysBP;age;totChol;diaBP;glucose;heartRate;cigsPerDay;prevalentHyp;education
0,66,0,1,10,BMI;sysBP;age;totChol;diaBP;glucose;heartRate;cigsPerDay;prevalentHyp;education
0,67,0,0,10,BMI;sysBP;age;totChol;diaBP;glucose;heartRate;cigsPerDay;prevalentHyp;education
0,68,0,1,10,BMI;sysBP;age;totChol;diaBP;glucose;heartRate;cigsPerDay;prevalentHyp;education
0,69,1,1,10,BMI;sysBP;age;totChol;diaBP;glucose;heartRate;cigsPerDay;prevalentHyp;education
0,70,0,0,10,BMI;sysBP;age;totChol;diaBP;glucose;heartRate;cigsPerDay;prevalentHyp;education
0,71,1,1,10,BMI;sysBP;age;totChol;diaBP;glucose;heartRate;cigsPerDay;prevalentHyp;education
0,72,1,1,10,BMI;sysBP;age;totChol;diaBP;glucose;heartRate;cigsPerDay;prevalentHyp;education
0,73,1,1,10,BMI;sysBP;age;totChol;diaBP;glucose;heartRate;cigsPerDay;prevalentHyp;education
0,74,0,1,10,BMI;sysBP;age;totChol;diaBP;glucose;heartRate;cigsPerDay;prevalentHyp;education
0,75,0,1,10,BMI;sysBP;age;totChol;diaBP;glucose;heartRate;cigsPerDay;prevalentHyp;education
0,76,0,1,10,BMI;sysBP;age;totChol;diaBP;glucose;heartRate;cigsPerDay;prevalentHyp;education
0,77,0,1,10,BMI;sysBP;age;totChol;diaBP;glucose;heartRate;cigsPerDay;prevalentHyp;education
0,78,1,0,10,BMI;sysBP;age;totChol;diaBP;glucose;heartRate;cigsPerDay;prevalentHyp;education
0,79,0,1,10,BMI;sysBP;age;totChol;diaBP;glucose;heartRate;cigsPerDay;prevalentHyp;education
0,80,1,0,10,BMI;sysBP;age;totChol;diaBP;glucose;heartRate;cigsPerDay;prevalentHyp;education
0,81,1,1,10,BMI;sysBP;age;totChol;diaBP;glucose;heartRate;cigsPerDay;prevalentHyp;education
0,82,0,0,10,BMI;sysBP;age;totChol;diaBP;glucose;heartRate;cigsPerDay;prevalentHyp;education
0,83,0,1,10,BMI;sysBP;age;totChol;diaBP;glucose;heartRate;cigsPerDay;prevalentHyp;education
0,84,0,0,10,BMI;sysBP;age;totChol;diaBP;glucose;heartRate;cigsPerDay;prevalentHyp;education
0,85,1,0,10,BMI;sysBP;age;totChol;diaBP;glucose;heartRate;cigsPerDay;prevalentHyp;education
0,86,0,1,10,BMI;sysBP;age;totChol;diaBP;glucose;heartRate;cigsPerDay;prevalentHyp;education
0,87,0,1,10,BMI;sysBP;age;totChol;diaBP;glucose;heartRate;cigsPerDay;prevalentHyp;education
0,88,1,1,10,BMI;sysBP;age;totChol;diaBP;glucose;heartRate;cigsPerDay;prevalentHyp;education
0,89,1,1,10,BMI;sysBP;age;totChol;diaBP;glucose;heartRate;cigsPerDay;prevalentHyp;education
0,90,0,0,10,BMI;sysBP;age;totChol;diaBP;glucose;heartRate;cigsPerDay;prevalentHyp;education
0,91,0,0,10,BMI;sysBP;age;totChol;diaBP;glucose;heartRate;cigsPerDay;prevalentHyp;education
0,92,1,1,10,BMI;sysBP;age;totChol;diaBP;glucose;heartRate;cigsPerDay;prevalentHyp;education
0,93,0,1,10,BMI;sysBP;age;totChol;diaBP;glucose;heartRate;cigsPerDay;prevalentHyp;education
0,94,1,1,10,BMI;sysBP;age;totChol;diaBP;glucose;heartRate;cigsPerDay;prevalentHyp;education
0,95,0,1,10,BMI;sysBP;age;totChol;diaBP;glucose;heartRate;cigsPerDay;prevalentHyp;education
0,96,0,1,10,BMI;sysBP;age;totChol;diaBP;glucose;heartRate;cigsPerDay;prevalentHyp;education
0,97,0,1,10,BMI;sysBP;age;totChol;diaBP;glucose;heartRate;cigsPerDay;prevalentHyp;education
0,98,0,0,10,BMI;sysBP;age;totChol;diaBP;glucose;heartRate;cigsPerDay;prevalentHyp;education
0,99,1,1,10,BMI;sysBP;age;totChol;diaBP;glucose;heartRate;cigsPerDay;prevalentHyp;education
0,100,0,0,10,BMI;sysBP;age;totChol;diaBP;glucose;heartRate;cigsPerDay;prevalentHyp;education
0,101,1,0,10,BMI;sysBP;age;totChol;diaBP;glucose;heartRate;cigsPerDay;prevalentHyp;education
0,102,1,0,10,BMI;sysBP;age;totChol;diaBP;glucose;heartRate;cigsPerDay;prevalentHyp;education
0,103,1,1,10,BMI;sysBP;age;totChol;diaBP;glucose;heartRate;cigsPerDay;prevalentHyp;education
0,104,1,1,10,BMI;sysBP;age;totChol;diaBP;glucose;heartRate;cigsPerDay;prevalentHyp;education
0,105,1,1,10,BMI;sysBP;age;totChol;diaBP;glucose;heartRate;cigsPerDay;prevalentHyp;education
0,106,1,1,10,BMI;sysBP;age;totChol;diaBP;glucose;heartRate;cigsPerDay;prevalentHyp;education
0,107,1,1,10,BMI;sysBP;age;totChol;diaBP;glucose;heartRate;cigsPerDay;prevalentHyp;education
0,108,0,0,10,BMI;sysBP;age;totChol;diaBP;glucose;heartRate;cigsPerDay;prevalentHyp;education
0,109,0,1,10,BMI;sysBP;age;totChol;diaBP;glucose;heartRate;cigsPerDay;prevalentHyp;education
0,110,1,1,10,BMI;sysBP;age;totChol;diaBP;glucose;heartRate;cigsPerDay;prevalentHyp;education
0,111,0,1,10,BMI;sysBP;age;totChol;diaBP;glucose;heartRate;cigsPerDay;prevalentHyp;education
0,112,0,0,10,BMI;sysBP;age;totChol;diaBP;glucose;heartRate;cigsPerDay;prevalentHyp;education
0,113,0,1,10,BMI;sysBP;age;totChol;diaBP;glucose;heartRate;cigsPerDay;prevalentHyp;education
0,114,0,1,10,BMI;sysBP;age;totChol;diaBP;glucose;heartRate;cigsPerDay;prevalentHyp;education
0,115,1,1,10,BMI;sysBP;age;totChol;diaBP;glucose;heartRate;cigsPerDay;prevalentHyp;education
0,116,1,1,10,BMI;sysBP;age;totChol;diaBP;glucose;heartRate;cigsPerDay;prevalentHyp;education
0,117,0,1,10,BMI;sysBP;age;totChol;diaBP;glucose;heartRate;cigsPerDay;prevalentHyp;education
0,118,0,1,10,BMI;sysBP;age;totChol;diaBP;glucose;heartRate;cigsPerDay;prevalentHyp;education
0,119,0,0,10,BMI;sysBP;age;totChol;diaBP;glucose;heartRate;cigsPerDay;prevalentHyp;education
0,120,1,1,10,BMI;sysBP;age;totChol;diaBP;glucose;heartRate;cigsPerDay;prevalentHyp;education
0,121,1,1,10,BMI;sysBP;age;totChol;diaBP;glucose;heartRate;cigsPerDay;prevalentHyp;education
0,122,1,1,10,BMI;sysBP;age;totChol;diaBP;glucose;heartRate;cigsPerDay;prevalentHyp;education
0,123,0,1,10,BMI;sysBP;age;totChol;diaBP;glucose;heartRate;cigsPerDay;prevalentHyp;education
0,124,1,0,10,BMI;sysBP;age;totChol;diaBP;glucose;heartRate;cigsPerDay;prevalentHyp;education
0,125,1,1,10,BMI;sysBP;age;totChol;diaBP;glucose;heartRate;cigsPerDay;prevalentHyp;education
0,126,0,1,10,BMI;sysBP;age;totChol;diaBP;glucose;heartRate;cigsPerDay;prevalentHyp;education
0,127,0,1,10,BMI;sysBP;age;totChol;diaBP;glucose;heartRate;cigsPerDay;prevalentHyp;education
0,128,1,0,10,BMI;sysBP;age;totChol;diaBP;glucose;heartRate;cigsPerDay;prevalentHyp;education
0,129,0,1,10,BMI;sysBP;age;totChol;diaBP;glucose;heartRate;cigsPerDay;prevalentHyp;education
0,130,0,1,10,BMI;sysBP;age;totChol;diaBP;glucose;heartRate;cigsPerDay;prevalentHyp;education
0,131,1,1,10,BMI;sysBP;age;totChol;diaBP;glucose;heartRate;cigsPerDay;prevalentHyp;education
0,132,0,0,10,BMI;sysBP;age;totChol;diaBP;glucose;heartRate;cigsPerDay;prevalentHyp;education
0,133,1,1,10,BMI;sysBP;age;totChol;diaBP;glucose;heartRate;cigsPerDay;prevalentHyp;education
0,134,1,0,10,BMI;sysBP;age;totChol;diaBP;glucose;heartRate;cigsPerDay;prevalentHyp;education
0,135,1,1,10,BMI;sysBP;age;totChol;diaBP;glucose;heartRate;cigsPerDay;prevalentHyp;education
0,136,0,1,10,BMI;sysBP;age;totChol;diaBP;glucose;heartRate;cigsPerDay;prevalentHyp;education
0,137,0,1,10,BMI;sysBP;age;totChol;diaBP;glucose;heartRate;cigsPerDay;prevalentHyp;education
0,138,0,0,10,BMI;sysBP;age;totChol;diaBP;glucose;heartRate;cigsPerDay;prevalentHyp;education
0,139,0,0,10,BMI;sysBP;age;totChol;diaBP;glucose;heartRate;cigsPerDay;prevalentHyp;education
0,140,1,1,10,BMI;sysBP;age;totChol;diaBP;glucose;heartRate;cigsPerDay;prevalentHyp;education
0,141,1,1,10,BMI;sysBP;age;totChol;diaBP;glucose;heartRate;cigsPerDay;prevalentHyp;education
0,142,0,1,10,BMI;sysBP;age;totChol;diaBP;glucose;heartRate;cigsPerDay;prevalentHyp;education
0,143,1,1,10,BMI;sysBP;age;totChol;diaBP;glucose;heartRate;cigsPerDay;prevalentHyp;education
0,144,1,1,10,BMI;sysBP;age;totChol;diaBP;glucose;heartRate;cigsPerDay;prevalentHyp;education
0,145,0,0,10,BMI;sysBP;age;totChol;diaBP;glucose;heartRate;cigsPerDay;prevalentHyp;education
0,146,1,1,10,BMI;sysBP;age;totChol;diaBP;glucose;heartRate;cigsPerDay;prevalentHyp;education
0,147,1,0,10,BMI;sysBP;age;totChol;diaBP;glucose;heartRate;cigsPerDay;prevalentHyp;education
0,148,1,1,10,BMI;sysBP;age;totChol;diaBP;glucose;heartRate;cigsPerDay;prevalentHyp;education
0,149,0,0,10,BMI;sysBP;age;totChol;diaBP;glucose;heartRate;cigsPerDay;prevalentHyp;education
0,150,1,1,10,BMI;sysBP;age;totChol;diaBP;glucose;heartRate;cigsPerDay;prevalentHyp;education
0,151,0,0,10,BMI;sysBP;age;totChol;diaBP;glucose;heartRate;cigsPerDay;prevalentHyp;education
0,152,0,0,10,BMI;sysBP;age;totChol;diaBP;glucose;heartRate;cigsPerDay;prevalentHyp;education
0,153,1,1,10,BMI;sysBP;age;totChol;diaBP;glucose;heartRate;cigsPerDay;prevalentHyp;education
0,154,1,1,10,BMI;sysBP;age;totChol;diaBP;glucose;heartRate;cigsPerDay;prevalentHyp;education
0,155,1,0,10,BMI;sysBP;age;totChol;diaBP;glucose;heartRate;cigsPerDay;prevalentHyp;education
0,156,1,1,10,BMI;sysBP;age;totChol;diaBP;glucose;heartRate;cigsPerDay;prevalentHyp;education
0,157,1,1,10,BMI;sysBP;age;totChol;diaBP;glucose;heartRate;cigsPerDay;prevalentHyp;education
0,158,0,1,10,BMI;sysBP;age;totChol;diaBP;glucose;heartRate;cigsPerDay;prevalentHyp;education
0,159,0,0,10,BMI;sysBP;age;totChol;diaBP;glucose;heartRate;cigsPerDay;prevalentHyp;education
0,160,0,1,10,BMI;sysBP;age;totChol;diaBP;glucose;heartRate;cigsPerDay;prevalentHyp;education
0,161,0,0,10,BMI;sysBP;age;totChol;diaBP;glucose;heartRate;cigsPerDay;prevalentHyp;education
0,162,0,0,10,BMI;sysBP;age;totChol;diaBP;glucose;heartRate;cigsPerDay;prevalentHyp;education
0,163,1,1,10,BMI;sysBP;age;totChol;diaBP;glucose;heartRate;cigsPerDay;prevalentHyp;education
0,164,0,1,10,BMI;sysBP;age;totChol;diaBP;glucose;heartRate;cigsPerDay;prevalentHyp;education
0,165,1,1,10,BMI;sysBP;age;totChol;diaBP;glucose;heartRate;cigsPerDay;prevalentHyp;education
0,166,0,1,10,BMI;sysBP;age;totChol;diaBP;glucose;heartRate;cigsPerDay;prevalentHyp;education
0,167,1,0,10,BMI;sysBP;age;totChol;diaBP;glucose;heartRate;cigsPerDay;prevalentHyp;education
0,168,1,0,10,BMI;sysBP;age;totChol;diaBP;glucose;heartRate;cigsPerDay;prevalentHyp;education
0,169,0,0,10,BMI;sysBP;age;totChol;diaBP;glucose;heartRate;cigsPerDay;prevalentHyp;education
0,170,1,1,10,BMI;sysBP;age;totChol;diaBP;glucose;heartRate;cigsPerDay;prevalentHyp;education
0,171,1,1,10,BMI;sysBP;age;totChol;diaBP;glucose;heartRate;cigsPerDay;prevalentHyp;education
0,172,1,0,10,BMI;sysBP;age;totChol;diaBP;glucose;heartRate;cigsPerDay;prevalentHyp;education
0,173,1,1,10,BMI;sysBP;age;totChol;diaBP;glucose;heartRate;cigsPerDay;prevalentHyp;education
0,174,1,1,10,BMI;sysBP;age;totChol;diaBP;glucose;heartRate;cigsPerDay;prevalentHyp;education
0,175,0,1,10,BMI;sysBP;age;totChol;diaBP;glucose;heartRate;cigsPerDay;prevalentHyp;education
0,176,1,1,10,BMI;sysBP;age;totChol;diaBP;glucose;heartRate;cigsPerDay;prevalentHyp;education
0,177,0,1,10,BMI;sysBP;age;totChol;diaBP;glucose;heartRate;cigsPerDay;prevalentHyp;education
0,178,1,0,10,BMI;sysBP;age;totChol;diaBP;glucose;heartRate;cigsPerDay;prevalentHyp;education
0,179,1,1,10,BMI;sysBP;age;totChol;diaBP;glucose;heartRate;cigsPerDay;prevalentHyp;education
0,180,1,1,10,BMI;sysBP;age;totChol;diaBP;glucose;heartRate;cigsPerDay;prevalentHyp;education
0,181,1,1,10,BMI;sysBP;age;totChol;diaBP;glucose;heartRate;cigsPerDay;prevalentHyp;education
0,182,1,0,10,BMI;sysBP;age;totChol;diaBP;glucose;heartRate;cigsPerDay;prevalentHyp;education
0,183,1,0,10,BMI;sysBP;age;totChol;diaBP;glucose;heartRate;cigsPerDay;prevalentHyp;education
0,184,1,1,10,BMI;sysBP;age;totChol;diaBP;glucose;heartRate;cigsPerDay;prevalentHyp;education
0,185,1,1,10,BMI;sysBP;age;totChol;diaBP;glucose;heartRate;cigsPerDay;prevalentHyp;education
0,186,0,0,10,BMI;sysBP;age;totChol;diaBP;glucose;heartRate;cigsPerDay;prevalentHyp;education
0,187,0,1,10,BMI;sysBP;age;totChol;diaBP;glucose;heartRate;cigsPerDay;prevalentHyp;education
0,188,0,1,10,BMI;sysBP;age;totChol;diaBP;glucose;heartRate;cigsPerDay;prevalentHyp;education
0,189,1,0,10,BMI;sysBP;age;totChol;diaBP;glucose;heartRate;cigsPerDay;prevalentHyp;education
0,190,1,1,10,BMI;sysBP;age;totChol;diaBP;glucose;heartRate;cigsPerDay;prevalentHyp;education
0,191,1,1,10,BMI;sysBP;age;totChol;diaBP;glucose;heartRate;cigsPerDay;prevalentHyp;education
0,192,0,1,10,BMI;sysBP;age;totChol;diaBP;glucose;heartRate;cigsPerDay;prevalentHyp;education
0,193,1,1,10,BMI;sysBP;age;totChol;diaBP;glucose;heartRate;cigsPerDay;prevalentHyp;education
0,194,0,0,10,BMI;sysBP;age;totChol;diaBP;glucose;heartRate;cigsPerDay;prevalentHyp;education
0,195,0,1,10,BMI;sysBP;age;totChol;diaBP;glucose;heartRate;cigsPerDay;prevalentHyp;education
0,196,0,1,10,BMI;sysBP;age;totChol;diaBP;glucose;heartRate;cigsPerDay;prevalentHyp;education
0,197,0,0,10,BMI;sysBP;age;totChol;diaBP;glucose;heartRate;cigsPerDay;prevalentHyp;education
0,198,0,1,10,BMI;sysBP;age;totChol;diaBP;glucose;heartRate;cigsPerDay;prevalentHyp;education
0,199,0,1,10,BMI;sysBP;age;totChol;diaBP;glucose;heartRate;cigsPerDay;prevalentHyp;education
0,200,1,1,10,BMI;sysBP;age;totChol;diaBP;glucose;heartRate;cigsPerDay;prevalentHyp;education
0,201,0,1,10,BMI;sysBP;age;totChol;diaBP;glucose;heartRate;cigsPerDay;prevalentHyp;education
0,202,0,1,10,BMI;sysBP;age;totChol;diaBP;glucose;heartRate;cigsPerDay;prevalentHyp;education
0,203,0,0,10,BMI;sysBP;age;totChol;diaBP;glucose;heartRate;cigsPerDay;prevalentHyp;education
0,204,0,0,10,BMI;sysBP;age;totChol;diaBP;glucose;heartRate;cigsPerDay;prevalentHyp;education
0,205,1,1,10,BMI;sysBP;age;totChol;diaBP;glucose;heartRate;cigsPerDay;prevalentHyp;education
0,206,1,0,10,BMI;sysBP;age;totChol;diaBP;glucose;heartRate;cigsPerDay;prevalentHyp;education
0,207,1,1,10,BMI;sysBP;age;totChol;diaBP;glucose;heartRate;cigsPerDay;prevalentHyp;education
0,208,0,0,10,BMI;sysBP;age;totChol;diaBP;glucose;heartRate;cigsPerDay;prevalentHyp;education
0,209,1,1,10,BMI;sysBP;age;totChol;diaBP;glucose;heartRate;cigsPerDay;prevalentHyp;education
0,210,0,0,10,BMI;sysBP;age;totChol;diaBP;glucose;heartRate;cigsPerDay;prevalentHyp;education
0,211,1,0,10,BMI;sysBP;age;totChol;diaBP;glucose;heartRate;cigsPerDay;prevalentHyp;education
0,212,1,1,10,BMI;sysBP;age;totChol;diaBP;glucose;heartRate;cigsPerDay;prevalentHyp;education
0,213,0,1,10,BMI;sysBP;age;totChol;diaBP;glucose;heartRate;cigsPerDay;prevalentHyp;education
0,214,0,1,10,BMI;sysBP;age;totChol;diaBP;glucose;heartRate;cigsPerDay;prevalentHyp;education
0,215,1,1,10,BMI;sysBP;age;totChol;diaBP;glucose;heartRate;cigsPerDay;prevalentHyp;education
0,216,0,1,10,BMI;sysBP;age;totChol;diaBP;glucose;heartRate;cigsPerDay;prevalentHyp;education
0,217,0,0,10,BMI;sysBP;age;totChol;diaBP;glucose;heartRate;cigsPerDay;prevalentHyp;education
0,218,0,1,10,BMI;sysBP;age;totChol;diaBP;glucose;heartRate;cigsPerDay;prevalentHyp;education
0,219,0,1,10,BMI;sysBP;age;totChol;diaBP;glucose;heartRate;cigsPerDay;prevalentHyp;education
0,220,0,1,10,BMI;sysBP;age;totChol;diaBP;glucose;heartRate;cigsPerDay;prevalentHyp;education
0,221,1,1,10,BMI;sysBP;age;totChol;diaBP;glucose;heartRate;cigsPerDay;prevalentHyp;education
0,222,0,0,10,BMI;sysBP;age;totChol;diaBP;glucose;heartRate;cigsPerDay;prevalentHyp;education
0,223,1,1,10,BMI;sysBP;age;totChol;diaBP;glucose;heartRate;cigsPerDay;prevalentHyp;education
0,224,1,0,10,BMI;sysBP;age;totChol;diaBP;glucose;heartRate;cigsPerDay;prevalentHyp;education
0,225,1,1,10,BMI;sysBP;age;totChol;diaBP;glucose;heartRate;cigsPerDay;prevalentHyp;education
0,226,1,1,10,BMI;sysBP;age;totChol;diaBP;glucose;heartRate;cigsPerDay;prevalentHyp;education
0,227,0,1,10,BMI;sysBP;age;totChol;diaBP;glucose;heartRate;cigsPerDay;prevalentHyp;education
0,228,1,1,10,BMI;sysBP;age;totChol;diaBP;glucose;heartRate;cigsPerDay;prevalentHyp;education
0,229,0,0,10,BMI;sysBP;age;totChol;diaBP;glucose;heartRate;cigsPerDay;prevalentHyp;education
0,230,1,1,10,BMI;sysBP;age;totChol;diaBP;glucose;heartRate;cigsPerDay;prevalentHyp;education
0,231,0,0,10,BMI;sysBP;age;totChol;diaBP;glucose;heartRate;cigsPerDay;prevalentHyp;education
0,232,0,0,10,BMI;sysBP;age;totChol;diaBP;glucose;heartRate;cigsPerDay;prevalentHyp;education
0,233,1,1,10,BMI;sysBP;age;totChol;diaBP;glucose;heartRate;cigsPerDay;prevalentHyp;education
0,234,1,0,10,BMI;sysBP;age;totChol;diaBP;glucose;heartRate;cigsPerDay;prevalentHyp;education
0,235,0,1,10,BMI;sysBP;age;totChol;diaBP;glucose;heartRate;cigsPerDay;prevalentHyp;education
0,236,0,0,10,BMI;sysBP;age;totChol;diaBP;glucose;heartRate;cigsPerDay;prevalentHyp;education
0,237,0,1,10,BMI;sysBP;age;totChol;diaBP;glucose;heartRate;cigsPerDay;prevalentHyp;education
0,238,0,0,10,BMI;sysBP;age;totChol;diaBP;glucose;heartRate;cigsPerDay;prevalentHyp;education
0,239,0,1,10,BMI;sysBP;age;totChol;diaBP;glucose;heartRate;cigsPerDay;prevalentHyp;education
0,240,0,1,10,BMI;sysBP;age;totChol;diaBP;glucose;heartRate;cigsPerDay;prevalentHyp;education
0,241,1,1,10,BMI;sysBP;age;totChol;diaBP;glucose;heartRate;cigsPerDay;prevalentHyp;education
0,242,1,0,10,BMI;sysBP;age;totChol;diaBP;glucose;heartRate;cigsPerDay;prevalentHyp;education
0,243,0,1,10,BMI;sysBP;age;totChol;diaBP;glucose;heartRate;cigsPerDay;prevalentHyp;education
0,244,1,1,10,BMI;sysBP;age;totChol;diaBP;glucose;heartRate;cigsPerDay;prevalentHyp;education
0,245,1,1,10,BMI;sysBP;age;totChol;diaBP;glucose;heartRate;cigsPerDay;prevalentHyp;education
0,246,0,0,10,BMI;sysBP;age;totChol;diaBP;glucose;heartRate;cigsPerDay;prevalentHyp;education
0,247,1,0,10,BMI;sysBP;age;totChol;diaBP;glucose;heartRate;cigsPerDay;prevalentHyp;education
0,248,0,1,10,BMI;sysBP;age;totChol;diaBP;glucose;heartRate;cigsPerDay;prevalentHyp;education
0,249,0,0,10,BMI;sysBP;age;totChol;diaBP;glucose;heartRate;cigsPerDay;prevalentHyp;education
0,250,1,1,10,BMI;sysBP;age;totChol;diaBP;glucose;heartRate;cigsPerDay;prevalentHyp;education
0,251,0,0,10,BMI;sysBP;age;totChol;diaBP;glucose;heartRate;cigsPerDay;prevalentHyp;education
0,252,1,0,10,BMI;sysBP;age;totChol;diaBP;glucose;heartRate;cigsPerDay;prevalentHyp;education
0,253,0,0,10,BMI;sysBP;age;totChol;diaBP;glucose;heartRate;cigsPerDay;prevalentHyp;education
0,254,1,1,10,BMI;sysBP;age;totChol;diaBP;glucose;heartRate;cigsPerDay;prevalentHyp;education
0,255,0,0,10,BMI;sysBP;age;totChol;diaBP;glucose;heartRate;cigsPerDay;prevalentHyp;education
0,256,1,1,10,BMI;sysBP;age;totChol;diaBP;glucose;heartRate;cigsPerDay;prevalentHyp;education
0,257,1,1,10,BMI;sysBP;age;totChol;diaBP;glucose;heartRate;cigsPerDay;prevalentHyp;education
0,258,0,1,10,BMI;sysBP;age;totChol;diaBP;glucose;heartRate;cigsPerDay;prevalentHyp;education
0,259,1,1,10,BMI;sysBP;age;totChol;diaBP;glucose;heartRate;cigsPerDay;prevalentHyp;education
0,260,1,0,10,BMI;sysBP;age;totChol;diaBP;glucose;heartRate;cigsPerDay;prevalentHyp;education
0,261,1,1,10,BMI;sysBP;age;totChol;diaBP;glucose;heartRate;cigsPerDay;prevalentHyp;education
0,262,1,1,10,BMI;sysBP;age;totChol;diaBP;glucose;heartRate;cigsPerDay;prevalentHyp;education
0,263,1,1,10,BMI;sysBP;age;totChol;diaBP;glucose;heartRate;cigsPerDay;prevalentHyp;education
0,264,1,1,10,BMI;sysBP;age;totChol;diaBP;glucose;heartRate;cigsPerDay;prevalentHyp;education
0,265,1,0,10,BMI;sysBP;age;totChol;diaBP;glucose;heartRate;cigsPerDay;prevalentHyp;education
0,266,0,1,10,BMI;sysBP;age;totChol;diaBP;glucose;heartRate;cigsPerDay;prevalentHyp;education
0,267,0,1,10,BMI;sysBP;age;totChol;diaBP;glucose;heartRate;cigsPerDay;prevalentHyp;education
0,268,0,1,10,BMI;sysBP;age;totChol;diaBP;glucose;heartRate;cigsPerDay;prevalentHyp;education
0,269,1,1,10,BMI;sysBP;age;totChol;diaBP;glucose;heartRate;cigsPerDay;prevalentHyp;education
0,270,1,1,10,BMI;sysBP;age;totChol;diaBP;glucose;heartRate;cigsPerDay;prevalentHyp;education
0,271,0,0,10,BMI;sysBP;age;totChol;diaBP;glucose;heartRate;cigsPerDay;prevalentHyp;education
0,272,0,1,10,BMI;sysBP;age;totChol;diaBP;glucose;heartRate;cigsPerDay;prevalentHyp;education
0,273,0,1,10,BMI;sysBP;age;totChol;diaBP;glucose;heartRate;cigsPerDay;prevalentHyp;education
0,274,1,1,10,BMI;sysBP;age;totChol;diaBP;glucose;heartRate;cigsPerDay;prevalentHyp;education
0,275,1,1,10,BMI;sysBP;age;totChol;diaBP;glucose;heartRate;cigsPerDay;prevalentHyp;education
0,276,0,1,10,BMI;sysBP;age;totChol;diaBP;glucose;heartRate;cigsPerDay;prevalentHyp;education
0,277,0,1,10,BMI;sysBP;age;totChol;diaBP;glucose;heartRate;cigsPerDay;prevalentHyp;education
0,278,0,0,10,BMI;sysBP;age;totChol;diaBP;glucose;heartRate;cigsPerDay;prevalentHyp;education
0,279,0,1,10,BMI;sysBP;age;totChol;diaBP;glucose;heartRate;cigsPerDay;prevalentHyp;education
0,280,1,1,10,BMI;sysBP;age;totChol;diaBP;glucose;heartRate;cigsPerDay;prevalentHyp;education
0,281,0,1,10,BMI;sysBP;age;totChol;diaBP;glucose;heartRate;cigsPerDay;prevalentHyp;education
0,282,0,1,10,BMI;sysBP;age;totChol;diaBP;glucose;heartRate;cigsPerDay;prevalentHyp;education
0,283,1,1,10,BMI;sysBP;age;totChol;diaBP;glucose;heartRate;cigsPerDay;prevalentHyp;education
0,284,0,0,10,BMI;sysBP;age;totChol;diaBP;glucose;heartRate;cigsPerDay;prevalentHyp;education
0,285,0,0,10,BMI;sysBP;age;totChol;diaBP;glucose;heartRate;cigsPerDay;prevalentHyp;education
0,286,0,1,10,BMI;sysBP;age;totChol;diaBP;glucose;heartRate;cigsPerDay;prevalentHyp;education
0,287,1,1,10,BMI;sysBP;age;totChol;diaBP;glucose;heartRate;cigsPerDay;prevalentHyp;education
0,288,1,1,10,BMI;sysBP;age;totChol;diaBP;glucose;heartRate;cigsPerDay;prevalentHyp;education
0,289,0,0,10,BMI;sysBP;age;totChol;diaBP;glucose;heartRate;cigsPerDay;prevalentHyp;education
0,290,1,1,10,BMI;sysBP;age;totChol;diaBP;glucose;heartRate;cigsPerDay;prevalentHyp;education
0,291,1,1,10,BMI;sysBP;age;totChol;diaBP;glucose;heartRate;cigsPerDay;prevalentHyp;education
0,292,1,1,10,BMI;sysBP;age;totChol;diaBP;glucose;heartRate;cigsPerDay;prevalentHyp;education
0,293,0,1,10,BMI;sysBP;age;totChol;diaBP;glucose;heartRate;cigsPerDay;prevalentHyp;education
0,294,0,0,10,BMI;sysBP;age;totChol;diaBP;glucose;heartRate;cigsPerDay;prevalentHyp;education
0,295,0,1,10,BMI;sysBP;age;totChol;diaBP;glucose;heartRate;cigsPerDay;prevalentHyp;education
0,296,1,1,10,BMI;sysBP;age;totChol;diaBP;glucose;heartRate;cigsPerDay;prevalentHyp;education
0,297,0,0,10,BMI;sysBP;age;totChol;diaBP;glucose;heartRate;cigsPerDay;prevalentHyp;education
0,298,0,0,10,BMI;sysBP;age;totChol;diaBP;glucose;heartRate;cigsPerDay;prevalentHyp;education
0,299,0,1,10,BMI;sysBP;age;totChol;diaBP;glucose;heartRate;cigsPerDay;prevalentHyp;education
0,300,0,0,10,BMI;sysBP;age;totChol;diaBP;glucose;heartRate;cigsPerDay;prevalentHyp;education
0,301,1,1,10,BMI;sysBP;age;totChol;diaBP;glucose;heartRate;cigsPerDay;prevalentHyp;education
0,302,0,0,10,BMI;sysBP;age;totChol;diaBP;glucose;heartRate;cigsPerDay;prevalentHyp;education
0,303,1,1,10,BMI;sysBP;age;totChol;diaBP;glucose;heartRate;cigsPerDay;prevalentHyp;education
0,304,1,1,10,BMI;sysBP;age;totChol;diaBP;glucose;heartRate;cigsPerDay;prevalentHyp;education
0,305,1,1,10,BMI;sysBP;age;totChol;diaBP;glucose;heartRate;cigsPerDay;prevalentHyp;education
0,306,1,1,10,BMI;sysBP;age;totChol;diaBP;glucose;heartRate;cigsPerDay;prevalentHyp;education
0,307,1,0,10,BMI;sysBP;age;totChol;diaBP;glucose;heartRate;cigsPerDay;prevalentHyp;education
0,308,1,1,10,BMI;sysBP;age;totChol;diaBP;glucose;heartRate;cigsPerDay;prevalentHyp;education
0,309,0,1,10,BMI;sysBP;age;totChol;diaBP;glucose;heartRate;cigsPerDay;prevalentHyp;education
0,310,1,1,10,BMI;sysBP;age;totChol;diaBP;glucose;heartRate;cigsPerDay;prevalentHyp;education
0,311,1,1,10,BMI;sysBP;age;totChol;diaBP;glucose;heartRate;cigsPerDay;prevalentHyp;education
0,312,1,0,10,BMI;sysBP;age;totChol;diaBP;glucose;heartRate;cigsPerDay;prevalentHyp;education
0,313,0,1,10,BMI;sysBP;age;totChol;diaBP;glucose;heartRate;cigsPerDay;prevalentHyp;education
0,314,0,1,10,BMI;sysBP;age;totChol;diaBP;glucose;heartRate;cigsPerDay;prevalentHyp;education
0,315,0,1,10,BMI;sysBP;age;totChol;diaBP;glucose;heartRate;cigsPerDay;prevalentHyp;education
0,316,0,1,10,BMI;sysBP;age;totChol;diaBP;glucose;heartRate;cigsPerDay;prevalentHyp;education
0,317,0,0,10,BMI;sysBP;age;totChol;diaBP;glucose;heartRate;cigsPerDay;prevalentHyp;education
0,318,0,0,10,BMI;sysBP;age;totChol;diaBP;glucose;heartRate;cigsPerDay;prevalentHyp;education
0,319,0,1,10,BMI;sysBP;age;totChol;diaBP;glucose;heartRate;cigsPerDay;prevalentHyp;education
0,320,0,1,10,BMI;sysBP;age;totChol;diaBP;glucose;heartRate;cigsPerDay;prevalentHyp;education
0,321,0,1,10,BMI;sysBP;age;totChol;diaBP;glucose;heartRate;cigsPerDay;prevalentHyp;education
0,322,0,1,10,BMI;sysBP;age;totChol;diaBP;glucose;heartRate;cigsPerDay;prevalentHyp;education
0,323,0,1,10,BMI;sysBP;age;totChol;diaBP;glucose;heartRate;cigsPerDay;prevalentHyp;education
0,324,0,0,10,BMI;sysBP;age;totChol;diaBP;glucose;heartRate;cigsPerDay;prevalentHyp;education
0,325,0,1,10,BMI;sysBP;age;totChol;diaBP;glucose;heartRate;cigsPerDay;prevalentHyp;education
0,326,0,0,10,BMI;sysBP;age;totChol;diaBP;glucose;heartRate;cigsPerDay;prevalentHyp;education
0,327,0,1,10,BMI;sysBP;age;totChol;diaBP;glucose;heartRate;cigsPerDay;prevalentHyp;education
0,328,0,0,10,BMI;sysBP;age;totChol;diaBP;glucose;heartRate;cigsPerDay;prevalentHyp;education
0,329,1,1,10,BMI;sysBP;age;totChol;diaBP;glucose;heartRate;cigsPerDay;prevalentHyp;education
0,330,1,0,10,BMI;sysBP;age;totChol;diaBP;glucose;heartRate;cigsPerDay;prevalentHyp;education
0,331,0,1,10,BMI;sysBP;age;totChol;diaBP;glucose;heartRate;cigsPerDay;prevalentHyp;education
0,332,1,1,10,BMI;sysBP;age;totChol;diaBP;glucose;heartRate;cigsPerDay;prevalentHyp;education
0,333,0,0,10,BMI;sysBP;age;totChol;diaBP;glucose;heartRate;cigsPerDay;prevalentHyp;education
0,334,0,1,10,BMI;sysBP;age;totChol;diaBP;glucose;heartRate;cigsPerDay;prevalentHyp;education
0,335,1,0,10,BMI;sysBP;age;totChol;diaBP;glucose;heartRate;cigsPerDay;prevalentHyp;education
0,336,1,1,10,BMI;sysBP;age;totChol;diaBP;glucose;heartRate;cigsPerDay;prevalentHyp;education
0,337,1,1,10,BMI;sysBP;age;totChol;diaBP;glucose;heartRate;cigsPerDay;prevalentHyp;education
0,338,1,1,10,BMI;sysBP;age;totChol;diaBP;glucose;heartRate;cigsPerDay;prevalentHyp;education
0,339,1,1,10,BMI;sysBP;age;totChol;diaBP;glucose;heartRate;cigsPerDay;prevalentHyp;education
0,340,0,1,10,BMI;sysBP;age;totChol;diaBP;glucose;heartRate;cigsPerDay;prevalentHyp;education
0,341,1,1,10,BMI;sysBP;age;totChol;diaBP;glucose;heartRate;cigsPerDay;prevalentHyp;education
0,342,0,1,10,BMI;sysBP;age;totChol;diaBP;glucose;heartRate;cigsPerDay;prevalentHyp;education
0,343,1,1,10,BMI;sysBP;age;totChol;diaBP;glucose;heartRate;cigsPerDay;prevalentHyp;education
0,344,0,1,10,BMI;sysBP;age;totChol;diaBP;glucose;heartRate;cigsPerDay;prevalentHyp;education
0,345,1,0,10,BMI;sysBP;age;totChol;diaBP;glucose;heartRate;cigsPerDay;prevalentHyp;education
0,346,0,0,10,BMI;sysBP;age;totChol;diaBP;glucose;heartRate;cigsPerDay;prevalentHyp;education
0,347,0,0,10,BMI;sysBP;age;totChol;diaBP;glucose;heartRate;cigsPerDay;prevalentHyp;education
0,348,0,0,10,BMI;sysBP;age;totChol;diaBP;glucose;heartRate;cigsPerDay;prevalentHyp;education
0,349,1,1,10,BMI;sysBP;age;totChol;diaBP;glucose;heartRate;cigsPerDay;prevalentHyp;education
0,350,0,0,10,BMI;sysBP;age;totChol;diaBP;glucose;heartRate;cigsPerDay;prevalentHyp;education
0,351,1,1,10,BMI;sysBP;age;totChol;diaBP;glucose;heartRate;cigsPerDay;prevalentHyp;education
0,352,0,1,10,BMI;sysBP;age;totChol;diaBP;glucose;heartRate;cigsPerDay;prevalentHyp;education
0,353,1,1,10,BMI;sysBP;age;totChol;diaBP;glucose;heartRate;cigsPerDay;prevalentHyp;education
0,354,0,1,10,BMI;sysBP;age;totChol;diaBP;glucose;heartRate;cigsPerDay;prevalentHyp;education
0,355,0,1,10,BMI;sysBP;age;totChol;diaBP;glucose;heartRate;cigsPerDay;prevalentHyp;education
0,356,1,1,10,BMI;sysBP;age;totChol;diaBP;glucose;heartRate;cigsPerDay;prevalentHyp;education
0,357,0,0,10,BMI;sysBP;age;totChol;diaBP;glucose;heartRate;cigsPerDay;prevalentHyp;education
0,358,0,1,10,BMI;sysBP;age;totChol;diaBP;glucose;heartRate;cigsPerDay;prevalentHyp;education
0,359,0,0,10,BMI;sysBP;age;totChol;diaBP;glucose;heartRate;cigsPerDay;prevalentHyp;education
0,360,0,0,10,BMI;sysBP;age;totChol;diaBP;glucose;heartRate;cigsPerDay;prevalentHyp;education
0,361,1,1,10,BMI;sysBP;age;totChol;diaBP;glucose;heartRate;cigsPerDay;prevalentHyp;education
0,362,1,1,10,BMI;sysBP;age;totChol;diaBP;glucose;heartRate;cigsPerDay;prevalentHyp;education
0,363,1,1,10,BMI;sysBP;age;totChol;diaBP;glucose;heartRate;cigsPerDay;prevalentHyp;education
0,364,1,1,10,BMI;sysBP;age;totChol;diaBP;glucose;heartRate;cigsPerDay;prevalentHyp;education
0,365,0,1,10,BMI;sysBP;age;totChol;diaBP;glucose;heartRate;cigsPerDay;prevalentHyp;education
0,366,1,0,10,BMI;sysBP;age;totChol;diaBP;glucose;heartRate;cigsPerDay;prevalentHyp;education
0,367,1,1,10,BMI;sysBP;age;totChol;diaBP;glucose;heartRate;cigsPerDay;prevalentHyp;education
0,368,1,1,10,BMI;sysBP;age;totChol;diaBP;glucose;heartRate;cigsPerDay;prevalentHyp;education
0,369,1,1,10,BMI;sysBP;age;totChol;diaBP;glucose;heartRate;cigsPerDay;prevalentHyp;education
0,370,0,1,10,BMI;sysBP;age;totChol;diaBP;glucose;heartRate;cigsPerDay;prevalentHyp;education
0,371,0,1,10,BMI;sysBP;age;totChol;diaBP;glucose;heartRate;cigsPerDay;prevalentHyp;education
0,372,0,0,10,BMI;sysBP;age;totChol;diaBP;glucose;heartRate;cigsPerDay;prevalentHyp;education
0,373,1,1,10,BMI;sysBP;age;totChol;diaBP;glucose;heartRate;cigsPerDay;prevalentHyp;education
0,374,0,0,10,BMI;sysBP;age;totChol;diaBP;glucose;heartRate;cigsPerDay;prevalentHyp;education
0,375,1,1,10,BMI;sysBP;age;totChol;diaBP;glucose;heartRate;cigsPerDay;prevalentHyp;education
0,376,0,0,10,BMI;sysBP;age;totChol;diaBP;glucose;heartRate;cigsPerDay;prevalentHyp;education
0,377,1,1,10,BMI;sysBP;age;totChol;diaBP;glucose;heartRate;cigsPerDay;prevalentHyp;education
0,378,0,1,10,BMI;sysBP;age;totChol;diaBP;glucose;heartRate;cigsPerDay;prevalentHyp;education
0,379,0,0,10,BMI;sysBP;age;totChol;diaBP;glucose;heartRate;cigsPerDay;prevalentHyp;education
0,380,0,1,10,BMI;sysBP;age;totChol;diaBP;glucose;heartRate;cigsPerDay;prevalentHyp;education
0,381,0,1,10,BMI;sysBP;age;totChol;diaBP;glucose;heartRate;cigsPerDay;prevalentHyp;education
0,382,1,1,10,BMI;sysBP;age;totChol;diaBP;glucose;heartRate;cigsPerDay;prevalentHyp;education
0,383,1,1,10,BMI;sysBP;age;totChol;diaBP;glucose;heartRate;cigsPerDay;prevalentHyp;education
0,384,1,1,10,BMI;sysBP;age;totChol;diaBP;glucose;heartRate;cigsPerDay;prevalentHyp;education
0,385,0,1,10,BMI;sysBP;age;totChol;diaBP;glucose;heartRate;cigsPerDay;prevalentHyp;education
0,386,1,1,10,BMI;sysBP;age;totChol;diaBP;glucose;heartRate;cigsPerDay;prevalentHyp;education
0,387,0,1,10,BMI;sysBP;age;totChol;diaBP;glucose;heartRate;cigsPerDay;prevalentHyp;education
0,388,1,1,10,BMI;sysBP;age;totChol;diaBP;glucose;heartRate;cigsPerDay;prevalentHyp;education
0,389,0,0,10,BMI;sysBP;age;totChol;diaBP;glucose;heartRate;cigsPerDay;prevalentHyp;education
0,390,0,1,10,BMI;sysBP;age;totChol;diaBP;glucose;heartRate;cigsPerDay;prevalentHyp;education
0,391,1,1,10,BMI;sysBP;age;totChol;diaBP;glucose;heartRate;cigsPerDay;prevalentHyp;education
0,392,0,1,10,BMI;sysBP;age;totChol;diaBP;glucose;heartRate;cigsPerDay;prevalentHyp;education
0,393,1,1,10,BMI;sysBP;age;totChol;diaBP;glucose;heartRate;cigsPerDay;prevalentHyp;education
0,394,1,1,10,BMI;sysBP;age;totChol;diaBP;glucose;heartRate;cigsPerDay;prevalentHyp;education
0,395,1,1,10,BMI;sysBP;age;totChol;diaBP;glucose;heartRate;cigsPerDay;prevalentHyp;education
0,396,1,1,10,BMI;sysBP;age;totChol;diaBP;glucose;heartRate;cigsPerDay;prevalentHyp;education
0,397,0,1,10,BMI;sysBP;age;totChol;diaBP;glucose;heartRate;cigsPerDay;prevalentHyp;education
0,398,0,0,10,BMI;sysBP;age;totChol;diaBP;glucose;heartRate;cigsPerDay;prevalentHyp;education
0,399,1,1,10,BMI;sysBP;age;totChol;diaBP;glucose;heartRate;cigsPerDay;prevalentHyp;education
1,0,0,1,10,BMI;sysBP;age;totChol;diaBP;glucose;heartRate;cigsPerDay;prevalentHyp;education
1,1,0,1,10,BMI;sysBP;age;totChol;diaBP;glucose;heartRate;cigsPerDay;prevalentHyp;education
1,2,1,1,10,BMI;sysBP;age;totChol;diaBP;glucose;heartRate;cigsPerDay;prevalentHyp;education
1,3,0,1,10,BMI;sysBP;age;totChol;diaBP;glucose;heartRate;cigsPerDay;prevalentHyp;education
1,4,1,1,10,BMI;sysBP;age;totChol;diaBP;glucose;heartRate;cigsPerDay;prevalentHyp;education
1,5,1,1,10,BMI;sysBP;age;totChol;diaBP;glucose;heartRate;cigsPerDay;prevalentHyp;education
1,6,0,0,10,BMI;sysBP;age;totChol;diaBP;glucose;heartRate;cigsPerDay;prevalentHyp;education
1,7,1,1,10,BMI;sysBP;age;totChol;diaBP;glucose;heartRate;cigsPerDay;prevalentHyp;education
1,8,0,1,10,BMI;sysBP;age;totChol;diaBP;glucose;heartRate;cigsPerDay;prevalentHyp;education
1,9,1,1,10,BMI;sysBP;age;totChol;diaBP;glucose;heartRate;cigsPerDay;prevalentHyp;education
1,10,1,1,10,BMI;sysBP;age;totChol;diaBP;glucose;heartRate;cigsPerDay;prevalentHyp;education
1,11,0,1,10,BMI;sysBP;age;totChol;diaBP;glucose;heartRate;cigsPerDay;prevalentHyp;education
1,12,1,1,10,BMI;sysBP;age;totChol;diaBP;glucose;heartRate;cigsPerDay;prevalentHyp;education
1,13,1,1,10,BMI;sysBP;age;totChol;diaBP;glucose;heartRate;cigsPerDay;prevalentHyp;education
1,14,1,1,10,BMI;sysBP;age;totChol;diaBP;glucose;heartRate;cigsPerDay;prevalentHyp;education
1,15,1,1,10,BMI;sysBP;age;totChol;diaBP;glucose;heartRate;cigsPerDay;prevalentHyp;education
1,16,0,1,10,BMI;sysBP;age;totChol;diaBP;glucose;heartRate;cigsPerDay;prevalentHyp;education
1,17,0,1,10,BMI;sysBP;age;totChol;diaBP;glucose;heartRate;cigsPerDay;prevalentHyp;education
1,18,0,1,10,BMI;sysBP;age;totChol;diaBP;glucose;heartRate;cigsPerDay;prevalentHyp;education
1,19,0,0,10,BMI;sysBP;age;totChol;diaBP;glucose;heartRate;cigsPerDay;prevalentHyp;education
1,20,1,1,10,BMI;sysBP;age;totChol;diaBP;glucose;heartRate;cigsPerDay;prevalentHyp;education
1,21,1,1,10,BMI;sysBP;age;totChol;diaBP;glucose;heartRate;cigsPerDay;prevalentHyp;education
1,22,0,0,10,BMI;sysBP;age;totChol;diaBP;glucose;heartRate;cigsPerDay;prevalentHyp;education
1,23,0,1,10,BMI;sysBP;age;totChol;diaBP;glucose;heartRate;cigsPerDay;prevalentHyp;education
1,24,1,0,10,BMI;sysBP;age;totChol;diaBP;glucose;heartRate;cigsPerDay;prevalentHyp;education
1,25,0,1,10,BMI;sysBP;age;totChol;diaBP;glucose;heartRate;cigsPerDay;prevalentHyp;education
1,26,1,1,10,BMI;sysBP;age;totChol;diaBP;glucose;heartRate;cigsPerDay;prevalentHyp;education
1,27,0,1,10,BMI;sysBP;age;totChol;diaBP;glucose;heartRate;cigsPerDay;prevalentHyp;education
1,28,0,1,10,BMI;sysBP;age;totChol;diaBP;glucose;heartRate;cigsPerDay;prevalentHyp;education
1,29,1,1,10,BMI;sysBP;age;totChol;diaBP;glucose;heartRate;cigsPerDay;prevalentHyp;education
1,30,0,1,10,BMI;sysBP;age;totChol;diaBP;glucose;heartRate;cigsPerDay;prevalentHyp;education
1,31,1,1,10,BMI;sysBP;age;totChol;diaBP;glucose;heartRate;cigsPerDay;prevalentHyp;education
1,32,0,1,10,BMI;sysBP;age;totChol;diaBP;glucose;heartRate;cigsPerDay;prevalentHyp;education
1,33,1,1,10,BMI;sysBP;age;totChol;diaBP;glucose;heartRate;cigsPerDay;prevalentHyp;education
1,34,0,1,10,BMI;sysBP;age;totChol;diaBP;glucose;heartRate;cigsPerDay;prevalentHyp;education
1,35,1,1,10,BMI;sysBP;age;totChol;diaBP;glucose;heartRate;cigsPerDay;prevalentHyp;education
1,36,1,1,10,BMI;sysBP;age;totChol;diaBP;glucose;heartRate;cigsPerDay;prevalentHyp;education
1,37,0,1,10,BMI;sysBP;age;totChol;diaBP;glucose;heartRate;cigsPerDay;prevalentHyp;education
1,38,1,1,10,BMI;sysBP;age;totChol;diaBP;glucose;heartRate;cigsPerDay;prevalentHyp;education
1,39,1,1,10,BMI;sysBP;age;totChol;diaBP;glucose;heartRate;cigsPerDay;prevalentHyp;education
1,40,0,1,10,BMI;sysBP;age;totChol;diaBP;glucose;heartRate;cigsPerDay;prevalentHyp;education
1,41,1,1,10,BMI;sysBP;age;totChol;diaBP;glucose;heartRate;cigsPerDay;prevalentHyp;education
1,42,1,1,10,BMI;sysBP;age;totChol;diaBP;glucose;heartRate;cigsPerDay;prevalentHyp;education
1,43,1,1,10,BMI;sysBP;age;totChol;diaBP;glucose;heartRate;cigsPerDay;prevalentHyp;education
1,44,1,1,10,BMI;sysBP;age;totChol;diaBP;glucose;heartRate;cigsPerDay;prevalentHyp;education
1,45,0,1,10,BMI;sysBP;age;totChol;diaBP;glucose;heartRate;cigsPerDay;prevalentHyp;education
1,46,1,1,10,BMI;sysBP;age;totChol;diaBP;glucose;heartRate;cigsPerDay;prevalentHyp;education
1,47,1,1,10,BMI;sysBP;age;totChol;diaBP;glucose;heartRate;cigsPerDay;prevalentHyp;education
1,48,1,1,10,BMI;sysBP;age;totChol;diaBP;glucose;heartRate;cigsPerDay;prevalentHyp;education
1,49,1,0,10,BMI;sysBP;age;totChol;diaBP;glucose;heartRate;cigsPerDay;prevalentHyp;education
1,50,1,1,10,BMI;sysBP;age;totChol;diaBP;glucose;heartRate;cigsPerDay;prevalentHyp;education
1,51,0,1,10,BMI;sysBP;age;totChol;diaBP;glucose;heartRate;cigsPerDay;prevalentHyp;education
1,52,0,1,10,BMI;sysBP;age;totChol;diaBP;glucose;heartRate;cigsPerDay;prevalentHyp;education
1,53,1,1,10,BMI;sysBP;age;totChol;diaBP;glucose;heartRate;cigsPerDay;prevalentHyp;education
1,54,0,0,10,BMI;sysBP;age;totChol;diaBP;glucose;heartRate;cigsPerDay;prevalentHyp;education
1,55,1,1,10,BMI;sysBP;age;totChol;diaBP;glucose;heartRate;cigsPerDay;prevalentHyp;education
1,56,0,0,10,BMI;sysBP;age;totChol;diaBP;glucose;heartRate;cigsPerDay;prevalentHyp;education
1,57,1,1,10,BMI;sysBP;age;totChol;diaBP;glucose;heartRate;cigsPerDay;prevalentHyp;education
1,58,1,1,10,BMI;sysBP;age;totChol;diaBP;glucose;heartRate;cigsPerDay;prevalentHyp;education
1,59,1,1,10,BMI;sysBP;age;totChol;diaBP;glucose;heartRate;cigsPerDay;prevalentHyp;education
1,60,1,1,10,BMI;sysBP;age;totChol;diaBP;glucose;heartRate;cigsPerDay;prevalentHyp;education
1,61,0,1,10,BMI;sysBP;age;totChol;diaBP;glucose;heartRate;cigsPerDay;prevalentHyp;education
1,62,0,1,10,BMI;sysBP;age;totChol;diaBP;glucose;heartRate;cigsPerDay;prevalentHyp;education
1,63,1,1,10,BMI;sysBP;age;totChol;diaBP;glucose;heartRate;cigsPerDay;prevalentHyp;education
1,64,1,1,10,BMI;sysBP;age;totChol;diaBP;glucose;heartRate;cigsPerDay;prevalentHyp;education
1,65,1,1,10,BMI;sysBP;age;totChol;diaBP;glucose;heartRate;cigsPerDay;prevalentHyp;education
1,66,0,1,10,BMI;sysBP;age;totChol;diaBP;glucose;heartRate;cigsPerDay;prevalentHyp;education
1,67,0,0,10,BMI;sysBP;age;totChol;diaBP;glucose;heartRate;cigsPerDay;prevalentHyp;education
1,68,0,1,10,BMI;sysBP;age;totChol;diaBP;glucose;heartRate;cigsPerDay;prevalentHyp;education
1,69,1,1,10,BMI;sysBP;age;totChol;diaBP;glucose;heartRate;cigsPerDay;prevalentHyp;education
1,70,0,0,10,BMI;sysBP;age;totChol;diaBP;glucose;heartRate;cigsPerDay;prevalentHyp;education
1,71,1,1,10,BMI;sysBP;age;totChol;diaBP;glucose;heartRate;cigsPerDay;prevalentHyp;education
1,72,1,1,10,BMI;sysBP;age;totChol;diaBP;glucose;heartRate;cigsPerDay;prevalentHyp;education
1,73,1,1,10,BMI;sysBP;age;totChol;diaBP;glucose;heartRate;cigsPerDay;prevalentHyp;education
1,74,0,1,10,BMI;sysBP;age;totChol;diaBP;glucose;heartRate;cigsPerDay;prevalentHyp;education
1,75,0,1,10,BMI;sysBP;age;totChol;diaBP;glucose;heartRate;cigsPerDay;prevalentHyp;education
1,76,0,1,10,BMI;sysBP;age;totChol;diaBP;glucose;heartRate;cigsPerDay;prevalentHyp;education
1,77,0,1,10,BMI;sysBP;age;totChol;diaBP;glucose;heartRate;cigsPerDay;prevalentHyp;education
1,78,1,1,10,BMI;sysBP;age;totChol;diaBP;glucose;heartRate;cigsPerDay;prevalentHyp;education
1,79,0,1,10,BMI;sysBP;age;totChol;diaBP;glucose;heartRate;cigsPerDay;prevalentHyp;education
1,80,1,1,10,BMI;sysBP;age;totChol;diaBP;glucose;heartRate;cigsPerDay;prevalentHyp;education
1,81,1,1,10,BMI;sysBP;age;totChol;diaBP;glucose;heartRate;cigsPerDay;prevalentHyp;education
1,82,0,1,10,BMI;sysBP;age;totChol;diaBP;glucose;heartRate;cigsPerDay;prevalentHyp;education
1,83,0,1,10,BMI;sysBP;age;totChol;diaBP;glucose;heartRate;cigsPerDay;prevalentHyp;education
1,84,0,1,10,BMI;sysBP;age;totChol;diaBP;glucose;heartRate;cigsPerDay;prevalentHyp;education
1,85,1,1,10,BMI;sysBP;age;totChol;diaBP;glucose;heartRate;cigsPerDay;prevalentHyp;education
1,86,0,1,10,BMI;sysBP;age;totChol;diaBP;glucose;heartRate;cigsPerDay;prevalentHyp;education
1,87,0,1,10,BMI;sysBP;age;totChol;diaBP;glucose;heartRate;cigsPerDay;prevalentHyp;education
1,88,1,1,10,BMI;sysBP;age;totChol;diaBP;glucose;heartRate;cigsPerDay;prevalentHyp;education
1,89,1,1,10,BMI;sysBP;age;totChol;diaBP;glucose;heartRate;cigsPerDay;prevalentHyp;education
1,90,0,0,10,BMI;sysBP;age;totChol;diaBP;glucose;heartRate;cigsPerDay;prevalentHyp;education
1,91,0,0,10,BMI;sysBP;age;totChol;diaBP;glucose;heartRate;cigsPerDay;prevalentHyp;education
1,92,1,1,10,BMI;sysBP;age;totChol;diaBP;glucose;heartRate;cigsPerDay;prevalentHyp;education
1,93,0,1,10,BMI;sysBP;age;totChol;diaBP;glucose;heartRate;cigsPerDay;prevalentHyp;education
1,94,1,1,10,BMI;sysBP;age;totChol;diaBP;glucose;heartRate;cigsPerDay;prevalentHyp;education
1,95,0,1,10,BMI;sysBP;age;totChol;diaBP;glucose;heartRate;cigsPerDay;prevalentHyp;education
1,96,0,1,10,BMI;sysBP;age;totChol;diaBP;glucose;heartRate;cigsPerDay;prevalentHyp;education
1,97,0,1,10,BMI;sysBP;age;totChol;diaBP;glucose;heartRate;cigsPerDay;prevalentHyp;education
1,98,0,0,10,BMI;sysBP;age;totChol;diaBP;glucose;heartRate;cigsPerDay;prevalentHyp;education
1,99,1,1,10,BMI;sysBP;age;totChol;diaBP;glucose;heartRate;cigsPerDay;prevalentHyp;education
1,100,0,1,10,BMI;sysBP;age;totChol;diaBP;glucose;heartRate;cigsPerDay;prevalentHyp;education
1,101,1,0,10,BMI;sysBP;age;totChol;diaBP;glucose;heartRate;cigsPerDay;prevalentHyp;education
1,102,1,1,10,BMI;sysBP;age;totChol;diaBP;glucose;heartRate;cigsPerDay;prevalentHyp;education
1,103,1,1,10,BMI;sysBP;age;totChol;diaBP;glucose;heartRate;cigsPerDay;prevalentHyp;education
1,104,1,1,10,BMI;sysBP;age;totChol;diaBP;glucose;heartRate;cigsPerDay;prevalentHyp;education
1,105,1,1,10,BMI;sysBP;age;totChol;diaBP;glucose;heartRate;cigsPerDay;prevalentHyp;education
1,106,1,1,10,BMI;sysBP;age;totChol;diaBP;glucose;heartRate;cigsPerDay;prevalentHyp;education
1,107,1,1,10,BMI;sysBP;age;totChol;diaBP;glucose;heartRate;cigsPerDay;prevalentHyp;education
1,108,0,0,10,BMI;sysBP;age;totChol;diaBP;glucose;heartRate;cigsPerDay;prevalentHyp;education
1,109,0,1,10,BMI;sysBP;age;totChol;diaBP;glucose;heartRate;cigsPerDay;prevalentHyp;education
1,110,1,1,10,BMI;sysBP;age;totChol;diaBP;glucose;heartRate;cigsPerDay;prevalentHyp;education
1,111,0,1,10,BMI;sysBP;age;totChol;diaBP;glucose;heartRate;cigsPerDay;prevalentHyp;education
1,112,0,0,10,BMI;sysBP;age;totChol;diaBP;glucose;heartRate;cigsPerDay;prevalentHyp;education
1,113,0,1,10,BMI;sysBP;age;totChol;diaBP;glucose;heartRate;cigsPerDay;prevalentHyp;education
1,114,0,1,10,BMI;sysBP;age;totChol;diaBP;glucose;heartRate;cigsPerDay;prevalentHyp;education
1,115,1,1,10,BMI;sysBP;age;totChol;diaBP;glucose;heartRate;cigsPerDay;prevalentHyp;education
1,116,1,1,10,BMI;sysBP;age;totChol;diaBP;glucose;heartRate;cigsPerDay;prevalentHyp;education
1,117,0,1,10,BMI;sysBP;age;totChol;diaBP;glucose;heartRate;cigsPerDay;prevalentHyp;education
1,118,0,1,10,BMI;sysBP;age;totChol;diaBP;glucose;heartRate;cigsPerDay;prevalentHyp;education
1,119,0,1,10,BMI;sysBP;age;totChol;diaBP;glucose;heartRate;cigsPerDay;prevalentHyp;education
1,120,1,1,10,BMI;sysBP;age;totChol;diaBP;glucose;heartRate;cigsPerDay;prevalentHyp;education
1,121,1,1,10,BMI;sysBP;age;totChol;diaBP;glucose;heartRate;cigsPerDay;prevalentHyp;education
1,122,1,1,10,BMI;sysBP;age;totChol;diaBP;glucose;heartRate;cigsPerDay;prevalentHyp;education
1,123,0,1,10,BMI;sysBP;age;totChol;diaBP;glucose;heartRate;cigsPerDay;prevalentHyp;education
1,124,1,1,10,BMI;sysBP;age;totChol;diaBP;glucose;heartRate;cigsPerDay;prevalentHyp;education
1,125,1,1,10,BMI;sysBP;age;totChol;diaBP;glucose;heartRate;cigsPerDay;prevalentHyp;education
1,126,0,1,10,BMI;sysBP;age;totChol;diaBP;glucose;heartRate;cigsPerDay;prevalentHyp;education
1,127,0,1,10,BMI;sysBP;age;totChol;diaBP;glucose;heartRate;cigsPerDay;prevalentHyp;education
1,128,1,1,10,BMI;sysBP;age;totChol;diaBP;glucose;heartRate;cigsPerDay;prevalentHyp;education
1,129,0,1,10,BMI;sysBP;age;totChol;diaBP;glucose;heartRate;cigsPerDay;prevalentHyp;education
1,130,0,1,10,BMI;sysBP;age;totChol;diaBP;glucose;heartRate;cigsPerDay;prevalentHyp;education
1,131,1,1,10,BMI;sysBP;age;totChol;diaBP;glucose;heartRate;cigsPerDay;prevalentHyp;education
1,132,0,0,10,BMI;sysBP;age;totChol;diaBP;glucose;heartRate;cigsPerDay;prevalentHyp;education
1,133,1,1,10,BMI;sysBP;age;totChol;diaBP;glucose;heartRate;cigsPerDay;prevalentHyp;education
1,134,1,1,10,BMI;sysBP;age;totChol;diaBP;glucose;heartRate;cigsPerDay;prevalentHyp;education
1,135,1,1,10,BMI;sysBP;age;totChol;diaBP;glucose;heartRate;cigsPerDay;prevalentHyp;education
1,136,0,1,10,BMI;sysBP;age;totChol;diaBP;glucose;heartRate;cigsPerDay;prevalentHyp;education
1,137,0,1,10,BMI;sysBP;age;totChol;diaBP;glucose;heartRate;cigsPerDay;prevalentHyp;education
1,138,0,0,10,BMI;sysBP;age;totChol;diaBP;glucose;heartRate;cigsPerDay;prevalentHyp;education
1,139,0,1,10,BMI;sysBP;age;totChol;diaBP;glucose;heartRate;cigsPerDay;prevalentHyp;education
1,140,1,1,10,BMI;sysBP;age;totChol;diaBP;glucose;heartRate;cigsPerDay;prevalentHyp;education
1,141,1,1,10,BMI;sysBP;age;totChol;diaBP;glucose;heartRate;cigsPerDay;prevalentHyp;education
1,142,0,1,10,BMI;sysBP;age;totChol;diaBP;glucose;heartRate;cigsPerDay;prevalentHyp;education
1,143,1,1,10,BMI;sysBP;age;totChol;diaBP;glucose;heartRate;cigsPerDay;prevalentHyp;education
1,144,1,1,10,BMI;sysBP;age;totChol;diaBP;glucose;heartRate;cigsPerDay;prevalentHyp;education
1,145,0,1,10,BMI;sysBP;age;totChol;diaBP;glucose;heartRate;cigsPerDay;prevalentHyp;education
1,146,1,1,10,BMI;sysBP;age;totChol;diaBP;glucose;heartRate;cigsPerDay;prevalentHyp;education
1,147,1,1,10,BMI;sysBP;age;totChol;diaBP;glucose;heartRate;cigsPerDay;prevalentHyp;education
1,148,1,1,10,BMI;sysBP;age;totChol;diaBP;glucose;heartRate;cigsPerDay;prevalentHyp;education
1,149,0,0,10,BMI;sysBP;age;totChol;diaBP;glucose;heartRate;cigsPerDay;prevalentHyp;education
1,150,1,1,10,BMI;sysBP;age;totChol;diaBP;glucose;heartRate;cigsPerDay;prevalentHyp;education
1,151,0,1,10,BMI;sysBP;age;totChol;diaBP;glucose;heartRate;cigsPerDay;prevalentHyp;education
1,152,0,1,10,BMI;sysBP;age;totChol;diaBP;glucose;heartRate;cigsPerDay;prevalentHyp;education
1,153,1,1,10,BMI;sysBP;age;totChol;diaBP;glucose;heartRate;cigsPerDay;prevalentHyp;education
1,154,1,1,10,BMI;sysBP;age;totChol;diaBP;glucose;heartRate;cigsPerDay;prevalentHyp;education
1,155,1,1,10,BMI;sysBP;age;totChol;diaBP;glucose;heartRate;cigsPerDay;prevalentHyp;education
1,156,1,1,10,BMI;sysBP;age;totChol;diaBP;glucose;heartRate;cigsPerDay;prevalentHyp;education
1,157,1,1,10,BMI;sysBP;age;totChol;diaBP;glucose;heartRate;cigsPerDay;prevalentHyp;education
1,158,0,1,10,BMI;sysBP;age;totChol;diaBP;glucose;heartRate;cigsPerDay;prevalentHyp;education
1,159,0,1,10,BMI;sysBP;age;totChol;diaBP;glucose;heartRate;cigsPerDay;prevalentHyp;education
1,160,0,1,10,BMI;sysBP;age;totChol;diaBP;glucose;heartRate;cigsPerDay;prevalentHyp;education
1,161,0,0,10,BMI;sysBP;age;totChol;diaBP;glucose;heartRate;cigsPerDay;prevalentHyp;education
1,162,0,1,10,BMI;sysBP;age;totChol;diaBP;glucose;heartRate;cigsPerDay;prevalentHyp;education
1,163,1,1,10,BMI;sysBP;age;totChol;diaBP;glucose;heartRate;cigsPerDay;prevalentHyp;education
1,164,0,1,10,BMI;sysBP;age;totChol;diaBP;glucose;heartRate;cigsPerDay;prevalentHyp;education
1,165,1,1,10,BMI;sysBP;age;totChol;diaBP;glucose;heartRate;cigsPerDay;prevalentHyp;education
1,166,0,1,10,BMI;sysBP;age;totChol;diaBP;glucose;heartRate;cigsPerDay;prevalentHyp;education
1,167,1,1,10,BMI;sysBP;age;totChol;diaBP;glucose;heartRate;cigsPerDay;prevalentHyp;education
1,168,1,0,10,BMI;sysBP;age;totChol;diaBP;glucose;heartRate;cigsPerDay;prevalentHyp;education
1,169,0,1,10,BMI;sysBP;age;totChol;diaBP;glucose;heartRate;cigsPerDay;prevalentHyp;education
1,170,1,1,10,BMI;sysBP;age;totChol;diaBP;glucose;heartRate;cigsPerDay;prevalentHyp;education
1,171,1,1,10,BMI;sysBP;age;totChol;diaBP;glucose;heartRate;cigsPerDay;prevalentHyp;education
1,172,1,1,10,BMI;sysBP;age;totChol;diaBP;glucose;heartRate;cigsPerDay;prevalentHyp;education
1,173,1,1,10,BMI;sysBP;age;totChol;diaBP;glucose;heartRate;cigsPerDay;prevalentHyp;education
1,174,1,1,10,BMI;sysBP;age;totChol;diaBP;glucose;heartRate;cigsPerDay;prevalentHyp;education
1,175,0,1,10,BMI;sysBP;age;totChol;diaBP;glucose;heartRate;cigsPerDay;prevalentHyp;education
1,176,1,1,10,BMI;sysBP;age;totChol;diaBP;glucose;heartRate;cigsPerDay;prevalentHyp;education
1,177,0,1,10,BMI;sysBP;age;totChol;diaBP;glucose;heartRate;cigsPerDay;prevalentHyp;education
1,178,1,0,10,BMI;sysBP;age;totChol;diaBP;glucose;heartRate;cigsPerDay;prevalentHyp;education
1,179,1,1,10,BMI;sysBP;age;totChol;diaBP;glucose;heartRate;cigsPerDay;prevalentHyp;education
1,180,1,1,10,BMI;sysBP;age;totChol;diaBP;glucose;heartRate;cigsPerDay;prevalentHyp;education
1,181,1,1,10,BMI;sysBP;age;totChol;diaBP;glucose;heartRate;cigsPerDay;prevalentHyp;education
1,182,1,1,10,BMI;sysBP;age;totChol;diaBP;glucose;heartRate;cigsPerDay;prevalentHyp;education
1,183,1,1,10,BMI;sysBP;age;totChol;diaBP;glucose;heartRate;cigsPerDay;prevalentHyp;education
1,184,1,1,10,BMI;sysBP;age;totChol;diaBP;glucose;heartRate;cigsPerDay;prevalentHyp;education
1,185,1,1,10,BMI;sysBP;age;totChol;diaBP;glucose;heartRate;cigsPerDay;prevalentHyp;education
1,186,0,1,10,BMI;sysBP;age;totChol;diaBP;glucose;heartRate;cigsPerDay;prevalentHyp;education
1,187,0,1,10,BMI;sysBP;age;totChol;diaBP;glucose;heartRate;cigsPerDay;prevalentHyp;education
1,188,0,1,10,BMI;sysBP;age;totChol;diaBP;glucose;heartRate;cigsPerDay;prevalentHyp;education
1,189,1,1,10,BMI;sysBP;age;totChol;diaBP;glucose;heartRate;cigsPerDay;prevalentHyp;education
1,190,1,1,10,BMI;sysBP;age;totChol;diaBP;glucose;heartRate;cigsPerDay;prevalentHyp;education
1,191,1,1,10,BMI;sysBP;age;totChol;diaBP;glucose;heartRate;cigsPerDay;prevalentHyp;education
1,192,0,1,10,BMI;sysBP;age;totChol;diaBP;glucose;heartRate;cigsPerDay;prevalentHyp;education
1,193,1,1,10,BMI;sysBP;age;totChol;diaBP;glucose;heartRate;cigsPerDay;prevalentHyp;education
1,194,0,1,10,BMI;sysBP;age;totChol;diaBP;glucose;heartRate;cigsPerDay;prevalentHyp;education
1,195,0,1,10,BMI;sysBP;age;totChol;diaBP;glucose;heartRate;cigsPerDay;prevalentHyp;education
1,196,0,1,10,BMI;sysBP;age;totChol;diaBP;glucose;heartRate;cigsPerDay;prevalentHyp;education
1,197,0,1,10,BMI;sysBP;age;totChol;diaBP;glucose;heartRate;cigsPerDay;prevalentHyp;education
1,198,0,1,10,BMI;sysBP;age;totChol;diaBP;glucose;heartRate;cigsPerDay;prevalentHyp;education
1,199,0,1,10,BMI;sysBP;age;totChol;diaBP;glucose;heartRate;cigsPerDay;prevalentHyp;education
1,200,1,1,10,BMI;sysBP;age;totChol;diaBP;glucose;heartRate;cigsPerDay;prevalentHyp;education
1,201,0,1,10,BMI;sysBP;age;totChol;diaBP;glucose;heartRate;cigsPerDay;prevalentHyp;education
1,202,0,1,10,BMI;sysBP;age;totChol;diaBP;glucose;heartRate;cigsPerDay;prevalentHyp;education
1,203,0,0,10,BMI;sysBP;age;totChol;diaBP;glucose;heartRate;cigsPerDay;prevalentHyp;education
1,204,0,1,10,BMI;sysBP;age;totChol;diaBP;glucose;heartRate;cigsPerDay;prevalentHyp;education
1,205,1,1,10,BMI;sysBP;age;totChol;diaBP;glucose;heartRate;cigsPerDay;prevalentHyp;education
1,206,1,1,10,BMI;sysBP;age;totChol;diaBP;glucose;heartRate;cigsPerDay;prevalentHyp;education
1,207,1,1,10,BMI;sysBP;age;totChol;diaBP;glucose;heartRate;cigsPerDay;prevalentHyp;education
1,208,0,1,10,BMI;sysBP;age;totChol;diaBP;glucose;heartRate;cigsPerDay;prevalentHyp;education
1,209,1,1,10,BMI;sysBP;age;totChol;diaBP;glucose;heartRate;cigsPerDay;prevalentHyp;education
1,210,0,0,10,BMI;sysBP;age;totChol;diaBP;glucose;heartRate;cigsPerDay;prevalentHyp;education
1,211,1,0,10,BMI;sysBP;age;totChol;diaBP;glucose;heartRate;cigsPerDay;prevalentHyp;education
1,212,1,1,10,BMI;sysBP;age;totChol;diaBP;glucose;heartRate;cigsPerDay;prevalentHyp;education
1,213,0,1,10,BMI;sysBP;age;totChol;diaBP;glucose;heartRate;cigsPerDay;prevalentHyp;education
1,214,0,1,10,BMI;sysBP;age;totChol;diaBP;glucose;heartRate;cigsPerDay;prevalentHyp;education
1,215,1,1,10,BMI;sysBP;age;totChol;diaBP;glucose;heartRate;cigsPerDay;prevalentHyp;education
1,216,0,1,10,BMI;sysBP;age;totChol;diaBP;glucose;heartRate;cigsPerDay;prevalentHyp;education
1,217,0,1,10,BMI;sysBP;age;totChol;diaBP;glucose;heartRate;cigsPerDay;prevalentHyp;education
1,218,0,1,10,BMI;sysBP;age;totChol;diaBP;glucose;heartRate;cigsPerDay;prevalentHyp;education
1,219,0,1,10,BMI;sysBP;age;totChol;diaBP;glucose;heartRate;cigsPerDay;prevalentHyp;education
1,220,0,1,10,BMI;sysBP;age;totChol;diaBP;glucose;heartRate;cigsPerDay;prevalentHyp;education
1,221,1,1,10,BMI;sysBP;age;totChol;diaBP;glucose;heartRate;cigsPerDay;prevalentHyp;education
1,222,0,1,10,BMI;sysBP;age;totChol;diaBP;glucose;heartRate;cigsPerDay;prevalentHyp;education
1,223,1,1,10,BMI;sysBP;age;totChol;diaBP;glucose;heartRate;cigsPerDay;prevalentHyp;education
1,224,1,0,10,BMI;sysBP;age;totChol;diaBP;glucose;heartRate;cigsPerDay;prevalentHyp;education
1,225,1,1,10,BMI;sysBP;age;totChol;diaBP;glucose;heartRate;cigsPerDay;prevalentHyp;education
1,226,1,1,10,BMI;sysBP;age;totChol;diaBP;glucose;heartRate;cigsPerDay;prevalentHyp;education
1,227,0,1,10,BMI;sysBP;age;totChol;diaBP;glucose;heartRate;cigsPerDay;prevalentHyp;education
1,228,1,1,10,BMI;sysBP;age;totChol;diaBP;glucose;heartRate;cigsPerDay;prevalentHyp;education
1,229,0,1,10,BMI;sysBP;age;totChol;diaBP;glucose;heartRate;cigsPerDay;prevalentHyp;education
1,230,1,1,10,BMI;sysBP;age;totChol;diaBP;glucose;heartRate;cigsPerDay;prevalentHyp;education
1,231,0,0,10,BMI;sysBP;age;totChol;diaBP;glucose;heartRate;cigsPerDay;prevalentHyp;education
1,232,0,1,10,BMI;sysBP;age;totChol;diaBP;glucose;heartRate;cigsPerDay;prevalentHyp;education
1,233,1,1,10,BMI;sysBP;age;totChol;diaBP;glucose;heartRate;cigsPerDay;prevalentHyp;education
1,234,1,1,10,BMI;sysBP;age;totChol;diaBP;glucose;heartRate;cigsPerDay;prevalentHyp;education
1,235,0,1,10,BMI;sysBP;age;totChol;diaBP;glucose;heartRate;cigsPerDay;prevalentHyp;education
1,236,0,0,10,BMI;sysBP;age;totChol;diaBP;glucose;heartRate;cigsPerDay;prevalentHyp;education
1,237,0,1,10,BMI;sysBP;age;totChol;diaBP;glucose;heartRate;cigsPerDay;prevalentHyp;education
1,238,0,1,10,BMI;sysBP;age;totChol;diaBP;glucose;heartRate;cigsPerDay;prevalentHyp;education
1,239,0,1,10,BMI;sysBP;age;totChol;diaBP;glucose;heartRate;cigsPerDay;prevalentHyp;education
1,240,0,1,10,BMI;sysBP;age;totChol;diaBP;glucose;heartRate;cigsPerDay;prevalentHyp;education
1,241,1,1,10,BMI;sysBP;age;totChol;diaBP;glucose;heartRate;cigsPerDay;prevalentHyp;education
1,242,1,1,10,BMI;sysBP;age;totChol;diaBP;glucose;heartRate;cigsPerDay;prevalentHyp;education
1,243,0,1,10,BMI;sysBP;age;totChol;diaBP;glucose;heartRate;cigsPerDay;prevalentHyp;education
1,244,1,1,10,BMI;sysBP;age;totChol;diaBP;glucose;heartRate;cigsPerDay;prevalentHyp;education
1,245,1,1,10,BMI;sysBP;age;totChol;diaBP;glucose;heartRate;cigsPerDay;prevalentHyp;education
1,246,0,1,10,BMI;sysBP;age;totChol;diaBP;glucose;heartRate;cigsPerDay;prevalentHyp;education
1,247,1,1,10,BMI;sysBP;age;totChol;diaBP;glucose;heartRate;cigsPerDay;prevalentHyp;education
1,248,0,1,10,BMI;sysBP;age;totChol;diaBP;glucose;heartRate;cigsPerDay;prevalentHyp;education
1,249,0,1,10,BMI;sysBP;age;totChol;diaBP;glucose;heartRate;cigsPerDay;prevalentHyp;education
1,250,1,1,10,BMI;sysBP;age;totChol;diaBP;glucose;heartRate;cigsPerDay;prevalentHyp;education
1,251,0,1,10,BMI;sysBP;age;totChol;diaBP;glucose;heartRate;cigsPerDay;prevalentHyp;education
1,252,1,1,10,BMI;sysBP;age;totChol;diaBP;glucose;heartRate;cigsPerDay;prevalentHyp;education
1,253,0,0,10,BMI;sysBP;age;totChol;diaBP;glucose;heartRate;cigsPerDay;prevalentHyp;education
1,254,1,1,10,BMI;sysBP;age;totChol;diaBP;glucose;heartRate;cigsPerDay;prevalentHyp;education
1,255,0,1,10,BMI;sysBP;age;totChol;diaBP;glucose;heartRate;cigsPerDay;prevalentHyp;education
1,256,1,1,10,BMI;sysBP;age;totChol;diaBP;glucose;heartRate;cigsPerDay;prevalentHyp;education
1,257,1,1,10,BMI;sysBP;age;totChol;diaBP;glucose;heartRate;cigsPerDay;prevalentHyp;education
1,258,0,1,10,BMI;sysBP;age;totChol;diaBP;glucose;heartRate;cigsPerDay;prevalentHyp;education
1,259,1,1,10,BMI;sysBP;age;totChol;diaBP;glucose;heartRate;cigsPerDay;prevalentHyp;education
1,260,1,1,10,BMI;sysBP;age;totChol;diaBP;glucose;heartRate;cigsPerDay;prevalentHyp;education
1,261,1,1,10,BMI;sysBP;age;totChol;diaBP;glucose;heartRate;cigsPerDay;prevalentHyp;education
1,262,1,1,10,BMI;sysBP;age;totChol;diaBP;glucose;heartRate;cigsPerDay;prevalentHyp;education
1,263,1,1,10,BMI;sysBP;age;totChol;diaBP;glucose;heartRate;cigsPerDay;prevalentHyp;education
1,264,1,1,10,BMI;sysBP;age;totChol;diaBP;glucose;heartRate;cigsPerDay;prevalentHyp;education
1,265,1,0,10,BMI;sysBP;age;totChol;diaBP;glucose;heartRate;cigsPerDay;prevalentHyp;education
1,266,0,1,10,BMI;sysBP;age;totChol;diaBP;glucose;heartRate;cigsPerDay;prevalentHyp;education
1,267,0,1,10,BMI;sysBP;age;totChol;diaBP;glucose;heartRate;cigsPerDay;prevalentHyp;education
1,268,0,1,10,BMI;sysBP;age;totChol;diaBP;glucose;heartRate;cigsPerDay;prevalentHyp;education
1,269,1,1,10,BMI;sysBP;age;totChol;diaBP;glucose;heartRate;cigsPerDay;prevalentHyp;education
1,270,1,1,10,BMI;sysBP;age;totChol;diaBP;glucose;heartRate;cigsPerDay;prevalentHyp;education
1,271,0,1,10,BMI;sysBP;age;totChol;diaBP;glucose;heartRate;cigsPerDay;prevalentHyp;education
1,272,0,1,10,BMI;sysBP;age;totChol;diaBP;glucose;heartRate;cigsPerDay;prevalentHyp;education
1,273,0,1,10,BMI;sysBP;age;totChol;diaBP;glucose;heartRate;cigsPerDay;prevalentHyp;education
1,274,1,1,10,BMI;sysBP;age;totChol;diaBP;glucose;heartRate;cigsPerDay;prevalentHyp;education
1,275,1,1,10,BMI;sysBP;age;totChol;diaBP;glucose;heartRate;cigsPerDay;prevalentHyp;education
1,276,0,1,10,BMI;sysBP;age;totChol;diaBP;glucose;heartRate;cigsPerDay;prevalentHyp;education
1,277,0,1,10,BMI;sysBP;age;totChol;diaBP;glucose;heartRate;cigsPerDay;prevalentHyp;education
1,278,0,1,10,BMI;sysBP;age;totChol;diaBP;glucose;heartRate;cigsPerDay;prevalentHyp;education
1,279,0,1,10,BMI;sysBP;age;totChol;diaBP;glucose;heartRate;cigsPerDay;prevalentHyp;education
1,280,1,1,10,BMI;sysBP;age;totChol;diaBP;glucose;heartRate;cigsPerDay;prevalentHyp;education
1,281,0,1,10,BMI;sysBP;age;totChol;diaBP;glucose;heartRate;cigsPerDay;prevalentHyp;education
1,282,0,1,10,BMI;sysBP;age;totChol;diaBP;glucose;heartRate;cigsPerDay;prevalentHyp;education
1,283,1,1,10,BMI;sysBP;age;totChol;diaBP;glucose;heartRate;cigsPerDay;prevalentHyp;education
1,284,0,1,10,BMI;sysBP;age;totChol;diaBP;glucose;heartRate;cigsPerDay;prevalentHyp;education
1,285,0,0,10,BMI;sysBP;age;totChol;diaBP;glucose;heartRate;cigsPerDay;prevalentHyp;education
1,286,0,1,10,BMI;sysBP;age;totChol;diaBP;glucose;heartRate;cigsPerDay;prevalentHyp;education
1,287,1,1,10,BMI;sysBP;age;totChol;diaBP;glucose;heartRate;cigsPerDay;prevalentHyp;education
1,288,1,1,10,BMI;sysBP;age;totChol;diaBP;glucose;heartRate;cigsPerDay;prevalentHyp;education
1,289,0,1,10,BMI;sysBP;age;totChol;diaBP;glucose;heartRate;cigsPerDay;prevalentHyp;education
1,290,1,1,10,BMI;sysBP;age;totChol;diaBP;glucose;heartRate;cigsPerDay;prevalentHyp;education
1,291,1,1,10,BMI;sysBP;age;totChol;diaBP;glucose;heartRate;cigsPerDay;prevalentHyp;education
1,292,1,1,10,BMI;sysBP;age;totChol;diaBP;glucose;heartRate;cigsPerDay;prevalentHyp;education
1,293,0,1,10,BMI;sysBP;age;totChol;diaBP;glucose;heartRate;cigsPerDay;prevalentHyp;education
1,294,0,1,10,BMI;sysBP;age;totChol;diaBP;glucose;heartRate;cigsPerDay;prevalentHyp;education
1,295,0,1,10,BMI;sysBP;age;totChol;diaBP;glucose;heartRate;cigsPerDay;prevalentHyp;education
1,296,1,1,10,BMI;sysBP;age;totChol;diaBP;glucose;heartRate;cigsPerDay;prevalentHyp;education
1,297,0,1,10,BMI;sysBP;age;totChol;diaBP;glucose;heartRate;cigsPerDay;prevalentHyp;education
1,298,0,0,10,BMI;sysBP;age;totChol;diaBP;glucose;heartRate;cigsPerDay;prevalentHyp;education
1,299,0,1,10,BMI;sysBP;age;totChol;diaBP;glucose;heartRate;cigsPerDay;prevalentHyp;education
1,300,0,1,10,BMI;sysBP;age;totChol;diaBP;glucose;heartRate;cigsPerDay;prevalentHyp;education
1,301,1,1,10,BMI;sysBP;age;totChol;diaBP;glucose;heartRate;cigsPerDay;prevalentHyp;education
1,302,0,1,10,BMI;sysBP;age;totChol;diaBP;glucose;heartRate;cigsPerDay;prevalentHyp;education
1,303,1,1,10,BMI;sysBP;age;totChol;diaBP;glucose;heartRate;cigsPerDay;prevalentHyp;education
1,304,1,1,10,BMI;sysBP;age;totChol;diaBP;glucose;heartRate;cigsPerDay;prevalentHyp;education
1,305,1,1,10,BMI;sysBP;age;totChol;diaBP;glucose;heartRate;cigsPerDay;prevalentHyp;education
1,306,1,1,10,BMI;sysBP;age;totChol;diaBP;glucose;heartRate;cigsPerDay;prevalentHyp;education
1,307,1,1,10,BMI;sysBP;age;totChol;diaBP;glucose;heartRate;cigsPerDay;prevalentHyp;education
1,308,1,1,10,BMI;sysBP;age;totChol;diaBP;glucose;heartRate;cigsPerDay;prevalentHyp;education
1,309,0,1,10,BMI;sysBP;age;totChol;diaBP;glucose;heartRate;cigsPerDay;prevalentHyp;education
1,310,1,1,10,BMI;sysBP;age;totChol;diaBP;glucose;heartRate;cigsPerDay;prevalentHyp;education
1,311,1,1,10,BMI;sysBP;age;totChol;diaBP;glucose;heartRate;cigsPerDay;prevalentHyp;education
1,312,1,1,10,BMI;sysBP;age;totChol;diaBP;glucose;heartRate;cigsPerDay;prevalentHyp;education
1,313,0,1,10,BMI;sysBP;age;totChol;diaBP;glucose;heartRate;cigsPerDay;prevalentHyp;education
1,314,0,1,10,BMI;sysBP;age;totChol;diaBP;glucose;heartRate;cigsPerDay;prevalentHyp;education
1,315,0,1,10,BMI;sysBP;age;totChol;diaBP;glucose;heartRate;cigsPerDay;prevalentHyp;education
1,316,0,1,10,BMI;sysBP;age;totChol;diaBP;glucose;heartRate;cigsPerDay;prevalentHyp;education
1,317,0,1,10,BMI;sysBP;age;totChol;diaBP;glucose;heartRate;cigsPerDay;prevalentHyp;education
1,318,0,1,10,BMI;sysBP;age;totChol;diaBP;glucose;heartRate;cigsPerDay;prevalentHyp;education
1,319,0,1,10,BMI;sysBP;age;totChol;diaBP;glucose;heartRate;cigsPerDay;prevalentHyp;education
1,320,0,1,10,BMI;sysBP;age;totChol;diaBP;glucose;heartRate;cigsPerDay;prevalentHyp;education
1,321,0,1,10,BMI;sysBP;age;totChol;diaBP;glucose;heartRate;cigsPerDay;prevalentHyp;education
1,322,0,1,10,BMI;sysBP;age;totChol;diaBP;glucose;heartRate;cigsPerDay;prevalentHyp;education
1,323,0,1,10,BMI;sysBP;age;totChol;diaBP;glucose;heartRate;cigsPerDay;prevalentHyp;education
1,324,0,1,10,BMI;sysBP;age;totChol;diaBP;glucose;heartRate;cigsPerDay;prevalentHyp;education
1,325,0,1,10,BMI;sysBP;age;totChol;diaBP;glucose;heartRate;cigsPerDay;prevalentHyp;education
1,326,0,1,10,BMI;sysBP;age;totChol;diaBP;glucose;heartRate;cigsPerDay;prevalentHyp;education
1,327,0,1,10,BMI;sysBP;age;totChol;diaBP;glucose;heartRate;cigsPerDay;prevalentHyp;education
1,328,0,0,10,BMI;sysBP;age;totChol;diaBP;glucose;heartRate;cigsPerDay;prevalentHyp;education
1,329,1,1,10,BMI;sysBP;age;totChol;diaBP;glucose;heartRate;cigsPerDay;prevalentHyp;education
1,330,1,1,10,BMI;sysBP;age;totChol;diaBP;glucose;heartRate;cigsPerDay;prevalentHyp;education
1,331,0,1,10,BMI;sysBP;age;totChol;diaBP;glucose;heartRate;cigsPerDay;prevalentHyp;education
1,332,1,1,10,BMI;sysBP;age;totChol;diaBP;glucose;heartRate;cigsPerDay;prevalentHyp;education
1,333,0,1,10,BMI;sysBP;age;totChol;diaBP;glucose;heartRate;cigsPerDay;prevalentHyp;education
1,334,0,1,10,BMI;sysBP;age;totChol;diaBP;glucose;heartRate;cigsPerDay;prevalentHyp;education
1,335,1,0,10,BMI;sysBP;age;totChol;diaBP;glucose;heartRate;cigsPerDay;prevalentHyp;education
1,336,1,1,10,BMI;sysBP;age;totChol;diaBP;glucose;heartRate;cigsPerDay;prevalentHyp;education
1,337,1,1,10,BMI;sysBP;age;totChol;diaBP;glucose;heartRate;cigsPerDay;prevalentHyp;education
1,338,1,1,10,BMI;sysBP;age;totChol;diaBP;glucose;heartRate;cigsPerDay;prevalentHyp;education
1,339,1,1,10,BMI;sysBP;age;totChol;diaBP;glucose;heartRate;cigsPerDay;prevalentHyp;education
1,340,0,1,10,BMI;sysBP;age;totChol;diaBP;glucose;heartRate;cigsPerDay;prevalentHyp;education
1,341,1,1,10,BMI;sysBP;age;totChol;diaBP;glucose;heartRate;cigsPerDay;prevalentHyp;education
1,342,0,1,10,BMI;sysBP;age;totChol;diaBP;glucose;heartRate;cigsPerDay;prevalentHyp;education
1,343,1,1,10,BMI;sysBP;age;totChol;diaBP;glucose;heartRate;cigsPerDay;prevalentHyp;education
1,344,0,1,10,BMI;sysBP;age;totChol;diaBP;glucose;heartRate;cigsPerDay;prevalentHyp;education
1,345,1,0,10,BMI;sysBP;age;totChol;diaBP;glucose;heartRate;cigsPerDay;prevalentHyp;education
1,346,0,0,10,BMI;sysBP;age;totChol;diaBP;glucose;heartRate;cigsPerDay;prevalentHyp;education
1,347,0,0,10,BMI;sysBP;age;totChol;diaBP;glucose;heartRate;cigsPerDay;prevalentHyp;education
1,348,0,1,10,BMI;sysBP;age;totChol;diaBP;glucose;heartRate;cigsPerDay;prevalentHyp;education
1,349,1,1,10,BMI;sysBP;age;totChol;diaBP;glucose;heartRate;cigsPerDay;prevalentHyp;education
1,350,0,1,10,BMI;sysBP;age;totChol;diaBP;glucose;heartRate;cigsPerDay;prevalentHyp;education
1,351,1,1,10,BMI;sysBP;age;totChol;diaBP;glucose;heartRate;cigsPerDay;prevalentHyp;education
1,352,0,1,10,BMI;sysBP;age;totChol;diaBP;glucose;heartRate;cigsPerDay;prevalentHyp;education
1,353,1,1,10,BMI;sysBP;age;totChol;diaBP;glucose;heartRate;cigsPerDay;prevalentHyp;education
1,354,0,1,10,BMI;sysBP;age;totChol;diaBP;glucose;heartRate;cigsPerDay;prevalentHyp;education
1,355,0,1,10,BMI;sysBP;age;totChol;diaBP;glucose;heartRate;cigsPerDay;prevalentHyp;education
1,356,1,1,10,BMI;sysBP;age;totChol;diaBP;glucose;heartRate;cigsPerDay;prevalentHyp;education
1,357,0,1,10,BMI;sysBP;age;totChol;diaBP;glucose;heartRate;cigsPerDay;prevalentHyp;education
1,358,0,1,10,BMI;sysBP;age;totChol;diaBP;glucose;heartRate;cigsPerDay;prevalentHyp;education
1,359,0,1,10,BMI;sysBP;age;totChol;diaBP;glucose;heartRate;cigsPerDay;prevalentHyp;education
1,360,0,1,10,BMI;sysBP;age;totChol;diaBP;glucose;heartRate;cigsPerDay;prevalentHyp;education
1,361,1,1,10,BMI;sysBP;age;totChol;diaBP;glucose;heartRate;cigsPerDay;prevalentHyp;education
1,362,1,1,10,BMI;sysBP;age;totChol;diaBP;glucose;heartRate;cigsPerDay;prevalentHyp;education
1,363,1,1,10,BMI;sysBP;age;totChol;diaBP;glucose;heartRate;cigsPerDay;prevalentHyp;education
1,364,1,1,10,BMI;sysBP;age;totChol;diaBP;glucose;heartRate;cigsPerDay;prevalentHyp;education
1,365,0,1,10,BMI;sysBP;age;totChol;diaBP;glucose;heartRate;cigsPerDay;prevalentHyp;education
1,366,1,1,10,BMI;sysBP;age;totChol;diaBP;glucose;heartRate;cigsPerDay;prevalentHyp;education
1,367,1,1,10,BMI;sysBP;age;totChol;diaBP;glucose;heartRate;cigsPerDay;prevalentHyp;education
1,368,1,1,10,BMI;sysBP;age;totChol;diaBP;glucose;heartRate;cigsPerDay;prevalentHyp;education
1,369,1,1,10,BMI;sysBP;age;totChol;diaBP;glucose;heartRate;cigsPerDay;prevalentHyp;education
1,370,0,1,10,BMI;sysBP;age;totChol;diaBP;glucose;heartRate;cigsPerDay;prevalentHyp;education
1,371,0,1,10,BMI;sysBP;age;totChol;diaBP;glucose;heartRate;cigsPerDay;prevalentHyp;education
1,372,0,1,10,BMI;sysBP;age;totChol;diaBP;glucose;heartRate;cigsPerDay;prevalentHyp;education
1,373,1,1,10,BMI;sysBP;age;totChol;diaBP;glucose;heartRate;cigsPerDay;prevalentHyp;education
1,374,0,1,10,BMI;sysBP;age;totChol;diaBP;glucose;heartRate;cigsPerDay;prevalentHyp;education
1,375,1,1,10,BMI;sysBP;age;totChol;diaBP;glucose;heartRate;cigsPerDay;prevalentHyp;education
1,376,0,0,10,BMI;sysBP;age;totChol;diaBP;glucose;heartRate;cigsPerDay;prevalentHyp;education
1,377,1,1,10,BMI;sysBP;age;totChol;diaBP;glucose;heartRate;cigsPerDay;prevalentHyp;education
1,378,0,1,10,BMI;sysBP;age;totChol;diaBP;glucose;heartRate;cigsPerDay;prevalentHyp;education
1,379,0,0,10,BMI;sysBP;age;totChol;diaBP;glucose;heartRate;cigsPerDay;prevalentHyp;education
1,380,0,1,10,BMI;sysBP;age;totChol;diaBP;glucose;heartRate;cigsPerDay;prevalentHyp;education
1,381,0,1,10,BMI;sysBP;age;totChol;diaBP;glucose;heartRate;cigsPerDay;prevalentHyp;education
1,382,1,1,10,BMI;sysBP;age;totChol;diaBP;glucose;heartRate;cigsPerDay;prevalentHyp;education
1,383,1,1,10,BMI;sysBP;age;totChol;diaBP;glucose;heartRate;cigsPerDay;prevalentHyp;education
1,384,1,1,10,BMI;sysBP;age;totChol;diaBP;glucose;heartRate;cigsPerDay;prevalentHyp;education
1,385,0,1,10,BMI;sysBP;age;totChol;diaBP;glucose;heartRate;cigsPerDay;prevalentHyp;education
1,386,1,1,10,BMI;sysBP;age;totChol;diaBP;glucose;heartRate;cigsPerDay;prevalentHyp;education
1,387,0,1,10,BMI;sysBP;age;totChol;diaBP;glucose;heartRate;cigsPerDay;prevalentHyp;education
1,388,1,1,10,BMI;sysBP;age;totChol;diaBP;glucose;heartRate;cigsPerDay;prevalentHyp;education
1,389,0,0,10,BMI;sysBP;age;totChol;diaBP;glucose;heartRate;cigsPerDay;prevalentHyp;education
1,390,0,1,10,BMI;sysBP;age;totChol;diaBP;glucose;heartRate;cigsPerDay;prevalentHyp;education
1,391,1,1,10,BMI;sysBP;age;totChol;diaBP;glucose;heartRate;cigsPerDay;prevalentHyp;education
1,392,0,1,10,BMI;sysBP;age;totChol;diaBP;glucose;heartRate;cigsPerDay;prevalentHyp;education
1,393,1,1,10,BMI;sysBP;age;totChol;diaBP;glucose;heartRate;cigsPerDay;prevalentHyp;education
1,394,1,1,10,BMI;sysBP;age;totChol;diaBP;glucose;heartRate;cigsPerDay;prevalentHyp;education
1,395,1,1,10,BMI;sysBP;age;totChol;diaBP;glucose;heartRate;cigsPerDay;prevalentHyp;education
1,396,1,1,10,BMI;sysBP;age;totChol;diaBP;glucose;heartRate;cigsPerDay;prevalentHyp;education
1,397,0,1,10,BMI;sysBP;age;totChol;diaBP;glucose;heartRate;cigsPerDay;prevalentHyp;education
1,398,0,1,10,BMI;sysBP;age;totChol;diaBP;glucose;heartRate;cigsPerDay;prevalentHyp;education
1,399,1,1,10,BMI;sysBP;age;totChol;diaBP;glucose;heartRate;cigsPerDay;prevalentHyp;education
2,0,0,1,10,BMI;sysBP;age;totChol;diaBP;glucose;heartRate;cigsPerDay;prevalentHyp;education
2,1,0,0,10,BMI;sysBP;age;totChol;diaBP;glucose;heartRate;cigsPerDay;prevalentHyp;education
2,2,1,1,10,BMI;sysBP;age;totChol;diaBP;glucose;heartRate;cigsPerDay;prevalentHyp;education
2,3,0,1,10,BMI;sysBP;age;totChol;diaBP;glucose;heartRate;cigsPerDay;prevalentHyp;education
2,4,1,1,10,BMI;sysBP;age;totChol;diaBP;glucose;heartRate;cigsPerDay;prevalentHyp;education
2,5,1,1,10,BMI;sysBP;age;totChol;diaBP;glucose;heartRate;cigsPerDay;prevalentHyp;education
2,6,0,0,10,BMI;sysBP;age;totChol;diaBP;glucose;heartRate;cigsPerDay;prevalentHyp;education
2,7,1,1,10,BMI;sysBP;age;totChol;diaBP;glucose;heartRate;cigsPerDay;prevalentHyp;education
2,8,0,1,10,BMI;sysBP;age;totChol;diaBP;glucose;heartRate;cigsPerDay;prevalentHyp;education
2,9,1,1,10,BMI;sysBP;age;totChol;diaBP;glucose;heartRate;cigsPerDay;prevalentHyp;education
2,10,1,1,10,BMI;sysBP;age;totChol;diaBP;glucose;heartRate;cigsPerDay;prevalentHyp;education
2,11,0,1,10,BMI;sysBP;age;totChol;diaBP;glucose;heartRate;cigsPerDay;prevalentHyp;education
2,12,1,1,10,BMI;sysBP;age;totChol;diaBP;glucose;heartRate;cigsPerDay;prevalentHyp;education
2,13,1,1,10,BMI;sysBP;age;totChol;diaBP;glucose;heartRate;cigsPerDay;prevalentHyp;education
2,14,1,1,10,BMI;sysBP;age;totChol;diaBP;glucose;heartRate;cigsPerDay;prevalentHyp;education
2,15,1,1,10,BMI;sysBP;age;totChol;diaBP;glucose;heartRate;cigsPerDay;prevalentHyp;education
2,16,0,1,10,BMI;sysBP;age;totChol;diaBP;glucose;heartRate;cigsPerDay;prevalentHyp;education
2,17,0,1,10,BMI;sysBP;age;totChol;diaBP;glucose;heartRate;cigsPerDay;prevalentHyp;education
2,18,0,1,10,BMI;sysBP;age;totChol;diaBP;glucose;heartRate;cigsPerDay;prevalentHyp;education
2,19,0,0,10,BMI;sysBP;age;totChol;diaBP;glucose;heartRate;cigsPerDay;prevalentHyp;education
2,20,1,1,10,BMI;sysBP;age;totChol;diaBP;glucose;heartRate;cigsPerDay;prevalentHyp;education
2,21,1,1,10,BMI;sysBP;age;totChol;diaBP;glucose;heartRate;cigsPerDay;prevalentHyp;education
2,22,0,0,10,BMI;sysBP;age;totChol;diaBP;glucose;heartRate;cigsPerDay;prevalentHyp;education
2,23,0,1,10,BMI;sysBP;age;totChol;diaBP;glucose;heartRate;cigsPerDay;prevalentHyp;education
2,24,1,0,10,BMI;sysBP;age;totChol;diaBP;glucose;heartRate;cigsPerDay;prevalentHyp;education
2,25,0,1,10,BMI;sysBP;age;totChol;diaBP;glucose;heartRate;cigsPerDay;prevalentHyp;education
2,26,1,0,10,BMI;sysBP;age;totChol;diaBP;glucose;heartRate;cigsPerDay;prevalentHyp;education
2,27,0,1,10,BMI;sysBP;age;totChol;diaBP;glucose;heartRate;cigsPerDay;prevalentHyp;education
2,28,0,1,10,BMI;sysBP;age;totChol;diaBP;glucose;heartRate;cigsPerDay;prevalentHyp;education
2,29,1,1,10,BMI;sysBP;age;totChol;diaBP;glucose;heartRate;cigsPerDay;prevalentHyp;education
2,30,0,0,10,BMI;sysBP;age;totChol;diaBP;glucose;heartRate;cigsPerDay;prevalentHyp;education
2,31,1,1,10,BMI;sysBP;age;totChol;diaBP;glucose;heartRate;cigsPerDay;prevalentHyp;education
2,32,0,1,10,BMI;sysBP;age;totChol;diaBP;glucose;heartRate;cigsPerDay;prevalentHyp;education
2,33,1,1,10,BMI;sysBP;age;totChol;diaBP;glucose;heartRate;cigsPerDay;prevalentHyp;education
2,34,0,1,10,BMI;sysBP;age;totChol;diaBP;glucose;heartRate;cigsPerDay;prevalentHyp;education
2,35,1,1,10,BMI;sysBP;age;totChol;diaBP;glucose;heartRate;cigsPerDay;prevalentHyp;education
2,36,1,1,10,BMI;sysBP;age;totChol;diaBP;glucose;heartRate;cigsPerDay;prevalentHyp;education
2,37,0,1,10,BMI;sysBP;age;totChol;diaBP;glucose;heartRate;cigsPerDay;prevalentHyp;education
2,38,1,1,10,BMI;sysBP;age;totChol;diaBP;glucose;heartRate;cigsPerDay;prevalentHyp;education
2,39,1,1,10,BMI;sysBP;age;totChol;diaBP;glucose;heartRate;cigsPerDay;prevalentHyp;education
2,40,0,1,10,BMI;sysBP;age;totChol;diaBP;glucose;heartRate;cigsPerDay;prevalentHyp;education
2,41,1,1,10,BMI;sysBP;age;totChol;diaBP;glucose;heartRate;cigsPerDay;prevalentHyp;education
2,42,1,1,10,BMI;sysBP;age;totChol;diaBP;glucose;heartRate;cigsPerDay;prevalentHyp;education
2,43,1,1,10,BMI;sysBP;age;totChol;diaBP;glucose;heartRate;cigsPerDay;prevalentHyp;education
2,44,1,1,10,BMI;sysBP;age;totChol;diaBP;glucose;heartRate;cigsPerDay;prevalentHyp;education
2,45,0,1,10,BMI;sysBP;age;totChol;diaBP;glucose;heartRate;cigsPerDay;prevalentHyp;education
2,46,1,1,10,BMI;sysBP;age;totChol;diaBP;glucose;heartRate;cigsPerDay;prevalentHyp;education
2,47,1,1,10,BMI;sysBP;age;totChol;diaBP;glucose;heartRate;cigsPerDay;prevalentHyp;education
2,48,1,1,10,BMI;sysBP;age;totChol;diaBP;glucose;heartRate;cigsPerDay;prevalentHyp;education
2,49,1,0,10,BMI;sysBP;age;totChol;diaBP;glucose;heartRate;cigsPerDay;prevalentHyp;education
2,50,1,1,10,BMI;sysBP;age;totChol;diaBP;glucose;heartRate;cigsPerDay;prevalentHyp;education
2,51,0,1,10,BMI;sysBP;age;totChol;diaBP;glucose;heartRate;cigsPerDay;prevalentHyp;education
2,52,0,1,10,BMI;sysBP;age;totChol;diaBP;glucose;heartRate;cigsPerDay;prevalentHyp;education
2,53,1,1,10,BMI;sysBP;age;totChol;diaBP;glucose;heartRate;cigsPerDay;prevalentHyp;education
2,54,0,0,10,BMI;sysBP;age;totChol;diaBP;glucose;heartRate;cigsPerDay;prevalentHyp;education
2,55,1,1,10,BMI;sysBP;age;totChol;diaBP;glucose;heartRate;cigsPerDay;prevalentHyp;education
2,56,0,0,10,BMI;sysBP;age;totChol;diaBP;glucose;heartRate;cigsPerDay;prevalentHyp;education
2,57,1,1,10,BMI;sysBP;age;totChol;diaBP;glucose;heartRate;cigsPerDay;prevalentHyp;education
2,58,1,1,10,BMI;sysBP;age;totChol;diaBP;glucose;heartRate;cigsPerDay;prevalentHyp;education
2,59,1,1,10,BMI;sysBP;age;totChol;diaBP;glucose;heartRate;cigsPerDay;prevalentHyp;education
2,60,1,1,10,BMI;sysBP;age;totChol;diaBP;glucose;heartRate;cigsPerDay;prevalentHyp;education
2,61,0,1,10,BMI;sysBP;age;totChol;diaBP;glucose;heartRate;cigsPerDay;prevalentHyp;education
2,62,0,1,10,BMI;sysBP;age;totChol;diaBP;glucose;heartRate;cigsPerDay;prevalentHyp;education
2,63,1,1,10,BMI;sysBP;age;totChol;diaBP;glucose;heartRate;cigsPerDay;prevalentHyp;education
2,64,1,1,10,BMI;sysBP;age;totChol;diaBP;glucose;heartRate;cigsPerDay;prevalentHyp;education
2,65,1,1,10,BMI;sysBP;age;totChol;diaBP;glucose;heartRate;cigsPerDay;prevalentHyp;education
2,66,0,1,10,BMI;sysBP;age;totChol;diaBP;glucose;heartRate;cigsPerDay;prevalentHyp;education
2,67,0,1,10,BMI;sysBP;age;totChol;diaBP;glucose;heartRate;cigsPerDay;prevalentHyp;education
2,68,0,1,10,BMI;sysBP;age;totChol;diaBP;glucose;heartRate;cigsPerDay;prevalentHyp;education
2,69,1,1,10,BMI;sysBP;age;totChol;diaBP;glucose;heartRate;cigsPerDay;prevalentHyp;education
2,70,0,0,10,BMI;sysBP;age;totChol;diaBP;glucose;heartRate;cigsPerDay;prevalentHyp;education
2,71,1,1,10,BMI;sysBP;age;totChol;diaBP;glucose;heartRate;cigsPerDay;prevalentHyp;education
2,72,1,1,10,BMI;sysBP;age;totChol;diaBP;glucose;heartRate;cigsPerDay;prevalentHyp;education
2,73,1,1,10,BMI;sysBP;age;totChol;diaBP;glucose;heartRate;cigsPerDay;prevalentHyp;education
2,74,0,1,10,BMI;sysBP;age;totChol;diaBP;glucose;heartRate;cigsPerDay;prevalentHyp;education
2,75,0,1,10,BMI;sysBP;age;totChol;diaBP;glucose;heartRate;cigsPerDay;prevalentHyp;education
2,76,0,1,10,BMI;sysBP;age;totChol;diaBP;glucose;heartRate;cigsPerDay;prevalentHyp;education
2,77,0,1,10,BMI;sysBP;age;totChol;diaBP;glucose;heartRate;cigsPerDay;prevalentHyp;education
2,78,1,1,10,BMI;sysBP;age;totChol;diaBP;glucose;heartRate;cigsPerDay;prevalentHyp;education
2,79,0,1,10,BMI;sysBP;age;totChol;diaBP;glucose;heartRate;cigsPerDay;prevalentHyp;education
2,80,1,1,10,BMI;sysBP;age;totChol;diaBP;glucose;heartRate;cigsPerDay;prevalentHyp;education
2,81,1,1,10,BMI;sysBP;age;totChol;diaBP;glucose;heartRate;cigsPerDay;prevalentHyp;education
2,82,0,1,10,BMI;sysBP;age;totChol;diaBP;glucose;heartRate;cigsPerDay;prevalentHyp;education
2,83,0,1,10,BMI;sysBP;age;totChol;diaBP;glucose;heartRate;cigsPerDay;prevalentHyp;education
2,84,0,1,10,BMI;sysBP;age;totChol;diaBP;glucose;heartRate;cigsPerDay;prevalentHyp;education
2,85,1,1,10,BMI;sysBP;age;totChol;diaBP;glucose;heartRate;cigsPerDay;prevalentHyp;education
2,86,0,1,10,BMI;sysBP;age;totChol;diaBP;glucose;heartRate;cigsPerDay;prevalentHyp;education
2,87,0,1,10,BMI;sysBP;age;totChol;diaBP;glucose;heartRate;cigsPerDay;prevalentHyp;education
2,88,1,1,10,BMI;sysBP;age;totChol;diaBP;glucose;heartRate;cigsPerDay;prevalentHyp;education
2,89,1,1,10,BMI;sysBP;age;totChol;diaBP;glucose;heartRate;cigsPerDay;prevalentHyp;education
2,90,0,0,10,BMI;sysBP;age;totChol;diaBP;glucose;heartRate;cigsPerDay;prevalentHyp;education
2,91,0,0,10,BMI;sysBP;age;totChol;diaBP;glucose;heartRate;cigsPerDay;prevalentHyp;education
2,92,1,1,10,BMI;sysBP;age;totChol;diaBP;glucose;heartRate;cigsPerDay;prevalentHyp;education
2,93,0,1,10,BMI;sysBP;age;totChol;diaBP;glucose;heartRate;cigsPerDay;prevalentHyp;education
2,94,1,1,10,BMI;sysBP;age;totChol;diaBP;glucose;heartRate;cigsPerDay;prevalentHyp;education
2,95,0,1,10,BMI;sysBP;age;totChol;diaBP;glucose;heartRate;cigsPerDay;prevalentHyp;education
2,96,0,1,10,BMI;sysBP;age;totChol;diaBP;glucose;heartRate;cigsPerDay;prevalentHyp;education
2,97,0,1,10,BMI;sysBP;age;totChol;diaBP;glucose;heartRate;cigsPerDay;prevalentHyp;education
2,98,0,0,10,BMI;sysBP;age;totChol;diaBP;glucose;heartRate;cigsPerDay;prevalentHyp;education
2,99,1,1,10,BMI;sysBP;age;totChol;diaBP;glucose;heartRate;cigsPerDay;prevalentHyp;education
2,100,0,1,10,BMI;sysBP;age;totChol;diaBP;glucose;heartRate;cigsPerDay;prevalentHyp;education
2,101,1,0,10,BMI;sysBP;age;totChol;diaBP;glucose;heartRate;cigsPerDay;prevalentHyp;education
2,102,1,1,10,BMI;sysBP;age;totChol;diaBP;glucose;heartRate;cigsPerDay;prevalentHyp;education
2,103,1,1,10,BMI;sysBP;age;totChol;diaBP;glucose;heartRate;cigsPerDay;prevalentHyp;education
2,104,1,1,10,BMI;sysBP;age;totChol;diaBP;glucose;heartRate;cigsPerDay;prevalentHyp;education
2,105,1,1,10,BMI;sysBP;age;totChol;diaBP;glucose;heartRate;cigsPerDay;prevalentHyp;education
2,106,1,1,10,BMI;sysBP;age;totChol;diaBP;glucose;heartRate;cigsPerDay;prevalentHyp;education
2,107,1,1,10,BMI;sysBP;age;totChol;diaBP;glucose;heartRate;cigsPerDay;prevalentHyp;education
2,108,0,0,10,BMI;sysBP;age;totChol;diaBP;glucose;heartRate;cigsPerDay;prevalentHyp;education
2,109,0,1,10,BMI;sysBP;age;totChol;diaBP;glucose;heartRate;cigsPerDay;prevalentHyp;education
2,110,1,1,10,BMI;sysBP;age;totChol;diaBP;glucose;heartRate;cigsPerDay;prevalentHyp;education
2,111,0,1,10,BMI;sysBP;age;totChol;diaBP;glucose;heartRate;cigsPerDay;prevalentHyp;education
2,112,0,0,10,BMI;sysBP;age;totChol;diaBP;glucose;heartRate;cigsPerDay;prevalentHyp;education
2,113,0,1,10,BMI;sysBP;age;totChol;diaBP;glucose;heartRate;cigsPerDay;prevalentHyp;education
2,114,0,1,10,BMI;sysBP;age;totChol;diaBP;glucose;heartRate;cigsPerDay;prevalentHyp;education
2,115,1,1,10,BMI;sysBP;age;totChol;diaBP;glucose;heartRate;cigsPerDay;prevalentHyp;education
2,116,1,1,10,BMI;sysBP;age;totChol;diaBP;glucose;heartRate;cigsPerDay;prevalentHyp;education
2,117,0,1,10,BMI;sysBP;age;totChol;diaBP;glucose;heartRate;cigsPerDay;prevalentHyp;education
2,118,0,1,10,BMI;sysBP;age;totChol;diaBP;glucose;heartRate;cigsPerDay;prevalentHyp;education
2,119,0,1,10,BMI;sysBP;age;totChol;diaBP;glucose;heartRate;cigsPerDay;prevalentHyp;education
2,120,1,1,10,BMI;sysBP;age;totChol;diaBP;glucose;heartRate;cigsPerDay;prevalentHyp;education
2,121,1,1,10,BMI;sysBP;age;totChol;diaBP;glucose;heartRate;cigsPerDay;prevalentHyp;education
2,122,1,1,10,BMI;sysBP;age;totChol;diaBP;glucose;heartRate;cigsPerDay;prevalentHyp;education
2,123,0,1,10,BMI;sysBP;age;totChol;diaBP;glucose;heartRate;cigsPerDay;prevalentHyp;education
2,124,1,1,10,BMI;sysBP;age;totChol;diaBP;glucose;heartRate;cigsPerDay;prevalentHyp;education
2,125,1,1,10,BMI;sysBP;age;totChol;diaBP;glucose;heartRate;cigsPerDay;prevalentHyp;education
2,126,0,1,10,BMI;sysBP;age;totChol;diaBP;glucose;heartRate;cigsPerDay;prevalentHyp;education
2,127,0,1,10,BMI;sysBP;age;totChol;diaBP;glucose;heartRate;cigsPerDay;prevalentHyp;education
2,128,1,1,10,BMI;sysBP;age;totChol;diaBP;glucose;heartRate;cigsPerDay;prevalentHyp;education
2,129,0,1,10,BMI;sysBP;age;totChol;diaBP;glucose;heartRate;cigsPerDay;prevalentHyp;education
2,130,0,1,10,BMI;sysBP;age;totChol;diaBP;glucose;heartRate;cigsPerDay;prevalentHyp;education
2,131,1,1,10,BMI;sysBP;age;totChol;diaBP;glucose;heartRate;cigsPerDay;prevalentHyp;education
2,132,0,0,10,BMI;sysBP;age;totChol;diaBP;glucose;heartRate;cigsPerDay;prevalentHyp;education
2,133,1,1,10,BMI;sysBP;age;totChol;diaBP;glucose;heartRate;cigsPerDay;prevalentHyp;education
2,134,1,0,10,BMI;sysBP;age;totChol;diaBP;glucose;heartRate;cigsPerDay;prevalentHyp;education
2,135,1,1,10,BMI;sysBP;age;totChol;diaBP;glucose;heartRate;cigsPerDay;prevalentHyp;education
2,136,0,1,10,BMI;sysBP;age;totChol;diaBP;glucose;heartRate;cigsPerDay;prevalentHyp;education
2,137,0,1,10,BMI;sysBP;age;totChol;diaBP;glucose;heartRate;cigsPerDay;prevalentHyp;education
2,138,0,0,10,BMI;sysBP;age;totChol;diaBP;glucose;heartRate;cigsPerDay;prevalentHyp;education
2,139,0,1,10,BMI;sysBP;age;totChol;diaBP;glucose;heartRate;cigsPerDay;prevalentHyp;education
2,140,1,1,10,BMI;sysBP;age;totChol;diaBP;glucose;heartRate;cigsPerDay;prevalentHyp;education
2,141,1,1,10,BMI;sysBP;age;totChol;diaBP;glucose;heartRate;cigsPerDay;prevalentHyp;education
2,142,0,1,10,BMI;sysBP;age;totChol;diaBP;glucose;heartRate;cigsPerDay;prevalentHyp;education
2,143,1,1,10,BMI;sysBP;age;totChol;diaBP;glucose;heartRate;cigsPerDay;prevalentHyp;education
2,144,1,1,10,BMI;sysBP;age;totChol;diaBP;glucose;heartRate;cigsPerDay;prevalentHyp;education
2,145,0,1,10,BMI;sysBP;age;totChol;diaBP;glucose;heartRate;cigsPerDay;prevalentHyp;education
2,146,1,1,10,BMI;sysBP;age;totChol;diaBP;glucose;heartRate;cigsPerDay;prevalentHyp;education
2,147,1,1,10,BMI;sysBP;age;totChol;diaBP;glucose;heartRate;cigsPerDay;prevalentHyp;education
2,148,1,1,10,BMI;sysBP;age;totChol;diaBP;glucose;heartRate;cigsPerDay;prevalentHyp;education
2,149,0,0,10,BMI;sysBP;age;totChol;diaBP;glucose;heartRate;cigsPerDay;prevalentHyp;education
2,150,1,1,10,BMI;sysBP;age;totChol;diaBP;glucose;heartRate;cigsPerDay;prevalentHyp;education
2,151,0,0,10,BMI;sysBP;age;totChol;diaBP;glucose;heartRate;cigsPerDay;prevalentHyp;education
2,152,0,1,10,BMI;sysBP;age;totChol;diaBP;glucose;heartRate;cigsPerDay;prevalentHyp;education
2,153,1,1,10,BMI;sysBP;age;totChol;diaBP;glucose;heartRate;cigsPerDay;prevalentHyp;education
2,154,1,1,10,BMI;sysBP;age;totChol;diaBP;glucose;heartRate;cigsPerDay;prevalentHyp;education
2,155,1,1,10,BMI;sysBP;age;totChol;diaBP;glucose;heartRate;cigsPerDay;prevalentHyp;education
2,156,1,1,10,BMI;sysBP;age;totChol;diaBP;glucose;heartRate;cigsPerDay;prevalentHyp;education
2,157,1,1,10,BMI;sysBP;age;totChol;diaBP;glucose;heartRate;cigsPerDay;prevalentHyp;education
2,158,0,1,10,BMI;sysBP;age;totChol;diaBP;glucose;heartRate;cigsPerDay;prevalentHyp;education
2,159,0,0,10,BMI;sysBP;age;totChol;diaBP;glucose;heartRate;cigsPerDay;prevalentHyp;education
2,160,0,1,10,BMI;sysBP;age;totChol;diaBP;glucose;heartRate;cigsPerDay;prevalentHyp;education
2,161,0,0,10,BMI;sysBP;age;totChol;diaBP;glucose;heartRate;cigsPerDay;prevalentHyp;education
2,162,0,1,10,BMI;sysBP;age;totChol;diaBP;glucose;heartRate;cigsPerDay;prevalentHyp;education
2,163,1,1,10,BMI;sysBP;age;totChol;diaBP;glucose;heartRate;cigsPerDay;prevalentHyp;education
2,164,0,1,10,BMI;sysBP;age;totChol;diaBP;glucose;heartRate;cigsPerDay;prevalentHyp;education
2,165,1,1,10,BMI;sysBP;age;totChol;diaBP;glucose;heartRate;cigsPerDay;prevalentHyp;education
2,166,0,1,10,BMI;sysBP;age;totChol;diaBP;glucose;heartRate;cigsPerDay;prevalentHyp;education
2,167,1,0,10,BMI;sysBP;age;totChol;diaBP;glucose;heartRate;cigsPerDay;prevalentHyp;education
2,168,1,1,10,BMI;sysBP;age;totChol;diaBP;glucose;heartRate;cigsPerDay;prevalentHyp;education
2,169,0,0,10,BMI;sysBP;age;totChol;diaBP;glucose;heartRate;cigsPerDay;prevalentHyp;education
2,170,1,1,10,BMI;sysBP;age;totChol;diaBP;glucose;heartRate;cigsPerDay;prevalentHyp;education
2,171,1,1,10,BMI;sysBP;age;totChol;diaBP;glucose;heartRate;cigsPerDay;prevalentHyp;education
2,172,1,1,10,BMI;sysBP;age;totChol;diaBP;glucose;heartRate;cigsPerDay;prevalentHyp;education
2,173,1,1,10,BMI;sysBP;age;totChol;diaBP;glucose;heartRate;cigsPerDay;prevalentHyp;education
2,174,1,1,10,BMI;sysBP;age;totChol;diaBP;glucose;heartRate;cigsPerDay;prevalentHyp;education
2,175,0,1,10,BMI;sysBP;age;totChol;diaBP;glucose;heartRate;cigsPerDay;prevalentHyp;education
2,176,1,1,10,BMI;sysBP;age;totChol;diaBP;glucose;heartRate;cigsPerDay;prevalentHyp;education
2,177,0,1,10,BMI;sysBP;age;totChol;diaBP;glucose;heartRate;cigsPerDay;prevalentHyp;education
2,178,1,0,10,BMI;sysBP;age;totChol;diaBP;glucose;heartRate;cigsPerDay;prevalentHyp;education
2,179,1,1,10,BMI;sysBP;age;totChol;diaBP;glucose;heartRate;cigsPerDay;prevalentHyp;education
2,180,1,1,10,BMI;sysBP;age;totChol;diaBP;glucose;heartRate;cigsPerDay;prevalentHyp;education
2,181,1,1,10,BMI;sysBP;age;totChol;diaBP;glucose;heartRate;cigsPerDay;prevalentHyp;education
2,182,1,1,10,BMI;sysBP;age;totChol;diaBP;glucose;heartRate;cigsPerDay;prevalentHyp;education
2,183,1,1,10,BMI;sysBP;age;totChol;diaBP;glucose;heartRate;cigsPerDay;prevalentHyp;education
2,184,1,1,10,BMI;sysBP;age;totChol;diaBP;glucose;heartRate;cigsPerDay;prevalentHyp;education
2,185,1,1,10,BMI;sysBP;age;totChol;diaBP;glucose;heartRate;cigsPerDay;prevalentHyp;education
2,186,0,0,10,BMI;sysBP;age;totChol;diaBP;glucose;heartRate;cigsPerDay;prevalentHyp;education
2,187,0,1,10,BMI;sysBP;age;totChol;diaBP;glucose;heartRate;cigsPerDay;prevalentHyp;education
2,188,0,1,10,BMI;sysBP;age;totChol;diaBP;glucose;heartRate;cigsPerDay;prevalentHyp;education
2,189,1,1,10,BMI;sysBP;age;totChol;diaBP;glucose;heartRate;cigsPerDay;prevalentHyp;education
2,190,1,1,10,BMI;sysBP;age;totChol;diaBP;glucose;heartRate;cigsPerDay;prevalentHyp;education
2,191,1,1,10,BMI;sysBP;age;totChol;diaBP;glucose;heartRate;cigsPerDay;prevalentHyp;education
2,192,0,1,10,BMI;sysBP;age;totChol;diaBP;glucose;heartRate;cigsPerDay;prevalentHyp;education
2,193,1,1,10,BMI;sysBP;age;totChol;diaBP;glucose;heartRate;cigsPerDay;prevalentHyp;education
2,194,0,1,10,BMI;sysBP;age;totChol;diaBP;glucose;heartRate;cigsPerDay;prevalentHyp;education
2,195,0,1,10,BMI;sysBP;age;totChol;diaBP;glucose;heartRate;cigsPerDay;prevalentHyp;education
2,196,0,1,10,BMI;sysBP;age;totChol;diaBP;glucose;heartRate;cigsPerDay;prevalentHyp;education
2,197,0,1,10,BMI;sysBP;age;totChol;diaBP;glucose;heartRate;cigsPerDay;prevalentHyp;education
2,198,0,1,10,BMI;sysBP;age;totChol;diaBP;glucose;heartRate;cigsPerDay;prevalentHyp;education
2,199,0,1,10,BMI;sysBP;age;totChol;diaBP;glucose;heartRate;cigsPerDay;prevalentHyp;education
2,200,1,1,10,BMI;sysBP;age;totChol;diaBP;glucose;heartRate;cigsPerDay;prevalentHyp;education
2,201,0,1,10,BMI;sysBP;age;totChol;diaBP;glucose;heartRate;cigsPerDay;prevalentHyp;education
2,202,0,1,10,BMI;sysBP;age;totChol;diaBP;glucose;heartRate;cigsPerDay;prevalentHyp;education
2,203,0,0,10,BMI;sysBP;age;totChol;diaBP;glucose;heartRate;cigsPerDay;prevalentHyp;education
2,204,0,0,10,BMI;sysBP;age;totChol;diaBP;glucose;heartRate;cigsPerDay;prevalentHyp;education
2,205,1,1,10,BMI;sysBP;age;totChol;diaBP;glucose;heartRate;cigsPerDay;prevalentHyp;education
2,206,1,1,10,BMI;sysBP;age;totChol;diaBP;glucose;heartRate;cigsPerDay;prevalentHyp;education
2,207,1,1,10,BMI;sysBP;age;totChol;diaBP;glucose;heartRate;cigsPerDay;prevalentHyp;education
2,208,0,1,10,BMI;sysBP;age;totChol;diaBP;glucose;heartRate;cigsPerDay;prevalentHyp;education
2,209,1,1,10,BMI;sysBP;age;totChol;diaBP;glucose;heartRate;cigsPerDay;prevalentHyp;education
2,210,0,0,10,BMI;sysBP;age;totChol;diaBP;glucose;heartRate;cigsPerDay;prevalentHyp;education
2,211,1,0,10,BMI;sysBP;age;totChol;diaBP;glucose;heartRate;cigsPerDay;prevalentHyp;education
2,212,1,1,10,BMI;sysBP;age;totChol;diaBP;glucose;heartRate;cigsPerDay;prevalentHyp;education
2,213,0,1,10,BMI;sysBP;age;totChol;diaBP;glucose;heartRate;cigsPerDay;prevalentHyp;education
2,214,0,1,10,BMI;sysBP;age;totChol;diaBP;glucose;heartRate;cigsPerDay;prevalentHyp;education
2,215,1,1,10,BMI;sysBP;age;totChol;diaBP;glucose;heartRate;cigsPerDay;prevalentHyp;education
2,216,0,1,10,BMI;sysBP;age;totChol;diaBP;glucose;heartRate;cigsPerDay;prevalentHyp;education
2,217,0,1,10,BMI;sysBP;age;totChol;diaBP;glucose;heartRate;cigsPerDay;prevalentHyp;education
2,218,0,1,10,BMI;sysBP;age;totChol;diaBP;glucose;heartRate;cigsPerDay;prevalentHyp;education
2,219,0,1,10,BMI;sysBP;age;totChol;diaBP;glucose;heartRate;cigsPerDay;prevalentHyp;education
2,220,0,1,10,BMI;sysBP;age;totChol;diaBP;glucose;heartRate;cigsPerDay;prevalentHyp;education
2,221,1,1,10,BMI;sysBP;age;totChol;diaBP;glucose;heartRate;cigsPerDay;prevalentHyp;education
2,222,0,1,10,BMI;sysBP;age;totChol;diaBP;glucose;heartRate;cigsPerDay;prevalentHyp;education
2,223,1,1,10,BMI;sysBP;age;totChol;diaBP;glucose;heartRate;cigsPerDay;prevalentHyp;education
2,224,1,0,10,BMI;sysBP;age;totChol;diaBP;glucose;heartRate;cigsPerDay;prevalentHyp;education
2,225,1,1,10,BMI;sysBP;age;totChol;diaBP;glucose;heartRate;cigsPerDay;prevalentHyp;education
2,226,1,1,10,BMI;sysBP;age;totChol;diaBP;glucose;heartRate;cigsPerDay;prevalentHyp;education
2,227,0,1,10,BMI;sysBP;age;totChol;diaBP;glucose;heartRate;cigsPerDay;prevalentHyp;education
2,228,1,1,10,BMI;sysBP;age;totChol;diaBP;glucose;heartRate;cigsPerDay;prevalentHyp;education
2,229,0,1,10,BMI;sysBP;age;totChol;diaBP;glucose;heartRate;cigsPerDay;prevalentHyp;education
2,230,1,1,10,BMI;sysBP;age;totChol;diaBP;glucose;heartRate;cigsPerDay;prevalentHyp;education
2,231,0,0,10,BMI;sysBP;age;totChol;diaBP;glucose;heartRate;cigsPerDay;prevalentHyp;education
2,232,0,0,10,BMI;sysBP;age;totChol;diaBP;glucose;heartRate;cigsPerDay;prevalentHyp;education
2,233,1,1,10,BMI;sysBP;age;totChol;diaBP;glucose;heartRate;cigsPerDay;prevalentHyp;education
2,234,1,1,10,BMI;sysBP;age;totChol;diaBP;glucose;heartRate;cigsPerDay;prevalentHyp;education
2,235,0,1,10,BMI;sysBP;age;totChol;diaBP;glucose;heartRate;cigsPerDay;prevalentHyp;education
2,236,0,0,10,BMI;sysBP;age;totChol;diaBP;glucose;heartRate;cigsPerDay;prevalentHyp;education
2,237,0,1,10,BMI;sysBP;age;totChol;diaBP;glucose;heartRate;cigsPerDay;prevalentHyp;education
2,238,0,1,10,BMI;sysBP;age;totChol;diaBP;glucose;heartRate;cigsPerDay;prevalentHyp;education
2,239,0,1,10,BMI;sysBP;age;totChol;diaBP;glucose;heartRate;cigsPerDay;prevalentHyp;education
2,240,0,1,10,BMI;sysBP;age;totChol;diaBP;glucose;heartRate;cigsPerDay;prevalentHyp;education
2,241,1,1,10,BMI;sysBP;age;totChol;diaBP;glucose;heartRate;cigsPerDay;prevalentHyp;education
2,242,1,1,10,BMI;sysBP;age;totChol;diaBP;glucose;heartRate;cigsPerDay;prevalentHyp;education
2,243,0,1,10,BMI;sysBP;age;totChol;diaBP;glucose;heartRate;cigsPerDay;prevalentHyp;education
2,244,1,1,10,BMI;sysBP;age;totChol;diaBP;glucose;heartRate;cigsPerDay;prevalentHyp;education
2,245,1,1,10,BMI;sysBP;age;totChol;diaBP;glucose;heartRate;cigsPerDay;prevalentHyp;education
2,246,0,1,10,BMI;sysBP;age;totChol;diaBP;glucose;heartRate;cigsPerDay;prevalentHyp;education
2,247,1,1,10,BMI;sysBP;age;totChol;diaBP;glucose;heartRate;cigsPerDay;prevalentHyp;education
2,248,0,1,10,BMI;sysBP;age;totChol;diaBP;glucose;heartRate;cigsPerDay;prevalentHyp;education
2,249,0,1,10,BMI;sysBP;age;totChol;diaBP;glucose;heartRate;cigsPerDay;prevalentHyp;education
2,250,1,1,10,BMI;sysBP;age;totChol;diaBP;glucose;heartRate;cigsPerDay;prevalentHyp;education
2,251,0,1,10,BMI;sysBP;age;totChol;diaBP;glucose;heartRate;cigsPerDay;prevalentHyp;education
2,252,1,1,10,BMI;sysBP;age;totChol;diaBP;glucose;heartRate;cigsPerDay;prevalentHyp;education
2,253,0,0,10,BMI;sysBP;age;totChol;diaBP;glucose;heartRate;cigsPerDay;prevalentHyp;education
2,254,1,1,10,BMI;sysBP;age;totChol;diaBP;glucose;heartRate;cigsPerDay;prevalentHyp;education
2,255,0,1,10,BMI;sysBP;age;totChol;diaBP;glucose;heartRate;cigsPerDay;prevalentHyp;education
2,256,1,1,10,BMI;sysBP;age;totChol;diaBP;glucose;heartRate;cigsPerDay;prevalentHyp;education
2,257,1,1,10,BMI;sysBP;age;totChol;diaBP;glucose;heartRate;cigsPerDay;prevalentHyp;education
2,258,0,1,10,BMI;sysBP;age;totChol;diaBP;glucose;heartRate;cigsPerDay;prevalentHyp;education
2,259,1,1,10,BMI;sysBP;age;totChol;diaBP;glucose;heartRate;cigsPerDay;prevalentHyp;education
2,260,1,1,10,BMI;sysBP;age;totChol;diaBP;glucose;heartRate;cigsPerDay;prevalentHyp;education
2,261,1,1,10,BMI;sysBP;age;totChol;diaBP;glucose;heartRate;cigsPerDay;prevalentHyp;education
2,262,1,1,10,BMI;sysBP;age;totChol;diaBP;glucose;heartRate;cigsPerDay;prevalentHyp;education
2,263,1,1,10,BMI;sysBP;age;totChol;diaBP;glucose;heartRate;cigsPerDay;prevalentHyp;education
2,264,1,1,10,BMI;sysBP;age;totChol;diaBP;glucose;heartRate;cigsPerDay;prevalentHyp;education
2,265,1,0,10,BMI;sysBP;age;totChol;diaBP;glucose;heartRate;cigsPerDay;prevalentHyp;education
2,266,0,1,10,BMI;sysBP;age;totChol;diaBP;glucose;heartRate;cigsPerDay;prevalentHyp;education
2,267,0,1,10,BMI;sysBP;age;totChol;diaBP;glucose;heartRate;cigsPerDay;prevalentHyp;education
2,268,0,1,10,BMI;sysBP;age;totChol;diaBP;glucose;heartRate;cigsPerDay;prevalentHyp;education
2,269,1,1,10,BMI;sysBP;age;totChol;diaBP;glucose;heartRate;cigsPerDay;prevalentHyp;education
2,270,1,1,10,BMI;sysBP;age;totChol;diaBP;glucose;heartRate;cigsPerDay;prevalentHyp;education
2,271,0,1,10,BMI;sysBP;age;totChol;diaBP;glucose;heartRate;cigsPerDay;prevalentHyp;education
2,272,0,1,10,BMI;sysBP;age;totChol;diaBP;glucose;heartRate;cigsPerDay;prevalentHyp;education
2,273,0,1,10,BMI;sysBP;age;totChol;diaBP;glucose;heartRate;cigsPerDay;prevalentHyp;education
2,274,1,1,10,BMI;sysBP;age;totChol;diaBP;glucose;heartRate;cigsPerDay;prevalentHyp;education
2,275,1,1,10,BMI;sysBP;age;totChol;diaBP;glucose;heartRate;cigsPerDay;prevalentHyp;education
2,276,0,1,10,BMI;sysBP;age;totChol;diaBP;glucose;heartRate;cigsPerDay;prevalentHyp;education
2,277,0,1,10,BMI;sysBP;age;totChol;diaBP;glucose;heartRate;cigsPerDay;prevalentHyp;education
2,278,0,0,10,BMI;sysBP;age;totChol;diaBP;glucose;heartRate;cigsPerDay;prevalentHyp;education
2,279,0,1,10,BMI;sysBP;age;totChol;diaBP;glucose;heartRate;cigsPerDay;prevalentHyp;education
2,280,1,1,10,BMI;sysBP;age;totChol;diaBP;glucose;heartRate;cigsPerDay;prevalentHyp;education
2,281,0,1,10,BMI;sysBP;age;totChol;diaBP;glucose;heartRate;cigsPerDay;prevalentHyp;education
2,282,0,1,10,BMI;sysBP;age;totChol;diaBP;glucose;heartRate;cigsPerDay;prevalentHyp;education
2,283,1,1,10,BMI;sysBP;age;totChol;diaBP;glucose;heartRate;cigsPerDay;prevalentHyp;education
2,284,0,1,10,BMI;sysBP;age;totChol;diaBP;glucose;heartRate;cigsPerDay;prevalentHyp;education
2,285,0,0,10,BMI;sysBP;age;totChol;diaBP;glucose;heartRate;cigsPerDay;prevalentHyp;education
2,286,0,1,10,BMI;sysBP;age;totChol;diaBP;glucose;heartRate;cigsPerDay;prevalentHyp;education
2,287,1,1,10,BMI;sysBP;age;totChol;diaBP;glucose;heartRate;cigsPerDay;prevalentHyp;education
2,288,1,1,10,BMI;sysBP;age;totChol;diaBP;glucose;heartRate;cigsPerDay;prevalentHyp;education
2,289,0,1,10,BMI;sysBP;age;totChol;diaBP;glucose;heartRate;cigsPerDay;prevalentHyp;education
2,290,1,1,10,BMI;sysBP;age;totChol;diaBP;glucose;heartRate;cigsPerDay;prevalentHyp;education
2,291,1,1,10,BMI;sysBP;age;totChol;diaBP;glucose;heartRate;cigsPerDay;prevalentHyp;education
2,292,1,1,10,BMI;sysBP;age;totChol;diaBP;glucose;heartRate;cigsPerDay;prevalentHyp;education
2,293,0,1,10,BMI;sysBP;age;totChol;diaBP;glucose;heartRate;cigsPerDay;prevalentHyp;education
2,294,0,1,10,BMI;sysBP;age;totChol;diaBP;glucose;heartRate;cigsPerDay;prevalentHyp;education
2,295,0,1,10,BMI;sysBP;age;totChol;diaBP;glucose;heartRate;cigsPerDay;prevalentHyp;education
2,296,1,1,10,BMI;sysBP;age;totChol;diaBP;glucose;heartRate;cigsPerDay;prevalentHyp;education
2,297,0,1,10,BMI;sysBP;age;totChol;diaBP;glucose;heartRate;cigsPerDay;prevalentHyp;education
2,298,0,0,10,BMI;sysBP;age;totChol;diaBP;glucose;heartRate;cigsPerDay;prevalentHyp;education
2,299,0,1,10,BMI;sysBP;age;totChol;diaBP;glucose;heartRate;cigsPerDay;prevalentHyp;education
2,300,0,1,10,BMI;sysBP;age;totChol;diaBP;glucose;heartRate;cigsPerDay;prevalentHyp;education
2,301,1,1,10,BMI;sysBP;age;totChol;diaBP;glucose;heartRate;cigsPerDay;prevalentHyp;education
2,302,0,1,10,BMI;sysBP;age;totChol;diaBP;glucose;heartRate;cigsPerDay;prevalentHyp;education
2,303,1,1,10,BMI;sysBP;age;totChol;diaBP;glucose;heartRate;cigsPerDay;prevalentHyp;education
2,304,1,1,10,BMI;sysBP;age;totChol;diaBP;glucose;heartRate;cigsPerDay;prevalentHyp;education
2,305,1,1,10,BMI;sysBP;age;totChol;diaBP;glucose;heartRate;cigsPerDay;prevalentHyp;education
2,306,1,1,10,BMI;sysBP;age;totChol;diaBP;glucose;heartRate;cigsPerDay;prevalentHyp;education
2,307,1,1,10,BMI;sysBP;age;totChol;diaBP;glucose;heartRate;cigsPerDay;prevalentHyp;education
2,308,1,1,10,BMI;sysBP;age;totChol;diaBP;glucose;heartRate;cigsPerDay;prevalentHyp;education
2,309,0,1,10,BMI;sysBP;age;totChol;diaBP;glucose;heartRate;cigsPerDay;prevalentHyp;education
2,310,1,1,10,BMI;sysBP;age;totChol;diaBP;glucose;heartRate;cigsPerDay;prevalentHyp;education
2,311,1,1,10,BMI;sysBP;age;totChol;diaBP;glucose;heartRate;cigsPerDay;prevalentHyp;education
2,312,1,1,10,BMI;sysBP;age;totChol;diaBP;glucose;heartRate;cigsPerDay;prevalentHyp;education
2,313,0,1,10,BMI;sysBP;age;totChol;diaBP;glucose;heartRate;cigsPerDay;prevalentHyp;education
2,314,0,1,10,BMI;sysBP;age;totChol;diaBP;glucose;heartRate;cigsPerDay;prevalentHyp;education
2,315,0,1,10,BMI;sysBP;age;totChol;diaBP;glucose;heartRate;cigsPerDay;prevalentHyp;education
2,316,0,1,10,BMI;sysBP;age;totChol;diaBP;glucose;heartRate;cigsPerDay;prevalentHyp;education
2,317,0,1,10,BMI;sysBP;age;totChol;diaBP;glucose;heartRate;cigsPerDay;prevalentHyp;education
2,318,0,0,10,BMI;sysBP;age;totChol;diaBP;glucose;heartRate;cigsPerDay;prevalentHyp;education
2,319,0,1,10,BMI;sysBP;age;totChol;diaBP;glucose;heartRate;cigsPerDay;prevalentHyp;education
2,320,0,1,10,BMI;sysBP;age;totChol;diaBP;glucose;heartRate;cigsPerDay;prevalentHyp;education
2,321,0,1,10,BMI;sysBP;age;totChol;diaBP;glucose;heartRate;cigsPerDay;prevalentHyp;education
2,322,0,1,10,BMI;sysBP;age;totChol;diaBP;glucose;heartRate;cigsPerDay;prevalentHyp;education
2,323,0,1,10,BMI;sysBP;age;totChol;diaBP;glucose;heartRate;cigsPerDay;prevalentHyp;education
2,324,0,0,10,BMI;sysBP;age;totChol;diaBP;glucose;heartRate;cigsPerDay;prevalentHyp;education
2,325,0,1,10,BMI;sysBP;age;totChol;diaBP;glucose;heartRate;cigsPerDay;prevalentHyp;education
2,326,0,1,10,BMI;sysBP;age;totChol;diaBP;glucose;heartRate;cigsPerDay;prevalentHyp;education
2,327,0,1,10,BMI;sysBP;age;totChol;diaBP;glucose;heartRate;cigsPerDay;prevalentHyp;education
2,328,0,0,10,BMI;sysBP;age;totChol;diaBP;glucose;heartRate;cigsPerDay;prevalentHyp;education
2,329,1,1,10,BMI;sysBP;age;totChol;diaBP;glucose;heartRate;cigsPerDay;prevalentHyp;education
2,330,1,1,10,BMI;sysBP;age;totChol;diaBP;glucose;heartRate;cigsPerDay;prevalentHyp;education
2,331,0,1,10,BMI;sysBP;age;totChol;diaBP;glucose;heartRate;cigsPerDay;prevalentHyp;education
2,332,1,1,10,BMI;sysBP;age;totChol;diaBP;glucose;heartRate;cigsPerDay;prevalentHyp;education
2,333,0,0,10,BMI;sysBP;age;totChol;diaBP;glucose;heartRate;cigsPerDay;prevalentHyp;education
2,334,0,1,10,BMI;sysBP;age;totChol;diaBP;glucose;heartRate;cigsPerDay;prevalentHyp;education
2,335,1,0,10,BMI;sysBP;age;totChol;diaBP;glucose;heartRate;cigsPerDay;prevalentHyp;education
2,336,1,1,10,BMI;sysBP;age;totChol;diaBP;glucose;heartRate;cigsPerDay;prevalentHyp;education
2,337,1,1,10,BMI;sysBP;age;totChol;diaBP;glucose;heartRate;cigsPerDay;prevalentHyp;education
2,338,1,1,10,BMI;sysBP;age;totChol;diaBP;glucose;heartRate;cigsPerDay;prevalentHyp;education
2,339,1,1,10,BMI;sysBP;age;totChol;diaBP;glucose;heartRate;cigsPerDay;prevalentHyp;education
2,340,0,1,10,BMI;sysBP;age;totChol;diaBP;glucose;heartRate;cigsPerDay;prevalentHyp;education
2,341,1,1,10,BMI;sysBP;age;totChol;diaBP;glucose;heartRate;cigsPerDay;prevalentHyp;education
2,342,0,1,10,BMI;sysBP;age;totChol;diaBP;glucose;heartRate;cigsPerDay;prevalentHyp;education
2,343,1,1,10,BMI;sysBP;age;totChol;diaBP;glucose;heartRate;cigsPerDay;prevalentHyp;education
2,344,0,1,10,BMI;sysBP;age;totChol;diaBP;glucose;heartRate;cigsPerDay;prevalentHyp;education
2,345,1,0,10,BMI;sysBP;age;totChol;diaBP;glucose;heartRate;cigsPerDay;prevalentHyp;education
2,346,0,0,10,BMI;sysBP;age;totChol;diaBP;glucose;heartRate;cigsPerDay;prevalentHyp;education
2,347,0,1,10,BMI;sysBP;age;totChol;diaBP;glucose;heartRate;cigsPerDay;prevalentHyp;education
2,348,0,1,10,BMI;sysBP;age;totChol;diaBP;glucose;heartRate;cigsPerDay;prevalentHyp;education
2,349,1,1,10,BMI;sysBP;age;totChol;diaBP;glucose;heartRate;cigsPerDay;prevalentHyp;education
2,350,0,0,10,BMI;sysBP;age;totChol;diaBP;glucose;heartRate;cigsPerDay;prevalentHyp;education
2,351,1,1,10,BMI;sysBP;age;totChol;diaBP;glucose;heartRate;cigsPerDay;prevalentHyp;education
2,352,0,1,10,BMI;sysBP;age;totChol;diaBP;glucose;heartRate;cigsPerDay;prevalentHyp;education
2,353,1,1,10,BMI;sysBP;age;totChol;diaBP;glucose;heartRate;cigsPerDay;prevalentHyp;education
2,354,0,1,10,BMI;sysBP;age;totChol;diaBP;glucose;heartRate;cigsPerDay;prevalentHyp;education
2,355,0,1,10,BMI;sysBP;age;totChol;diaBP;glucose;heartRate;cigsPerDay;prevalentHyp;education
2,356,1,1,10,BMI;sysBP;age;totChol;diaBP;glucose;heartRate;cigsPerDay;prevalentHyp;education
2,357,0,0,10,BMI;sysBP;age;totChol;diaBP;glucose;heartRate;cigsPerDay;prevalentHyp;education
2,358,0,1,10,BMI;sysBP;age;totChol;diaBP;glucose;heartRate;cigsPerDay;prevalentHyp;education
2,359,0,0,10,BMI;sysBP;age;totChol;diaBP;glucose;heartRate;cigsPerDay;prevalentHyp;education
2,360,0,1,10,BMI;sysBP;age;totChol;diaBP;glucose;heartRate;cigsPerDay;prevalentHyp;education
2,361,1,1,10,BMI;sysBP;age;totChol;diaBP;glucose;heartRate;cigsPerDay;prevalentHyp;education
2,362,1,1,10,BMI;sysBP;age;totChol;diaBP;glucose;heartRate;cigsPerDay;prevalentHyp;education
2,363,1,1,10,BMI;sysBP;age;totChol;diaBP;glucose;heartRate;cigsPerDay;prevalentHyp;education
2,364,1,1,10,BMI;sysBP;age;totChol;diaBP;glucose;heartRate;cigsPerDay;prevalentHyp;education
2,365,0,1,10,BMI;sysBP;age;totChol;diaBP;glucose;heartRate;cigsPerDay;prevalentHyp;education
2,366,1,1,10,BMI;sysBP;age;totChol;diaBP;glucose;heartRate;cigsPerDay;prevalentHyp;education
2,367,1,1,10,BMI;sysBP;age;totChol;diaBP;glucose;heartRate;cigsPerDay;prevalentHyp;education
2,368,1,1,10,BMI;sysBP;age;totChol;diaBP;glucose;heartRate;cigsPerDay;prevalentHyp;education
2,369,1,1,10,BMI;sysBP;age;totChol;diaBP;glucose;heartRate;cigsPerDay;prevalentHyp;education
2,370,0,1,10,BMI;sysBP;age;totChol;diaBP;glucose;heartRate;cigsPerDay;prevalentHyp;education
2,371,0,1,10,BMI;sysBP;age;totChol;diaBP;glucose;heartRate;cigsPerDay;prevalentHyp;education
2,372,0,1,10,BMI;sysBP;age;totChol;diaBP;glucose;heartRate;cigsPerDay;prevalentHyp;education
2,373,1,1,10,BMI;sysBP;age;totChol;diaBP;glucose;heartRate;cigsPerDay;prevalentHyp;education
2,374,0,1,10,BMI;sysBP;age;totChol;diaBP;glucose;heartRate;cigsPerDay;prevalentHyp;education
2,375,1,1,10,BMI;sysBP;age;totChol;diaBP;glucose;heartRate;cigsPerDay;prevalentHyp;education
2,376,0,0,10,BMI;sysBP;age;totChol;diaBP;glucose;heartRate;cigsPerDay;prevalentHyp;education
2,377,1,1,10,BMI;sysBP;age;totChol;diaBP;glucose;heartRate;cigsPerDay;prevalentHyp;education
2,378,0,1,10,BMI;sysBP;age;totChol;diaBP;glucose;heartRate;cigsPerDay;prevalentHyp;education
2,379,0,0,10,BMI;sysBP;age;totChol;diaBP;glucose;heartRate;cigsPerDay;prevalentHyp;education
2,380,0,1,10,BMI;sysBP;age;totChol;diaBP;glucose;heartRate;cigsPerDay;prevalentHyp;education
2,381,0,1,10,BMI;sysBP;age;totChol;diaBP;glucose;heartRate;cigsPerDay;prevalentHyp;education
2,382,1,1,10,BMI;sysBP;age;totChol;diaBP;glucose;heartRate;cigsPerDay;prevalentHyp;education
2,383,1,1,10,BMI;sysBP;age;totChol;diaBP;glucose;heartRate;cigsPerDay;prevalentHyp;education
2,384,1,1,10,BMI;sysBP;age;totChol;diaBP;glucose;heartRate;cigsPerDay;prevalentHyp;education
2,385,0,1,10,BMI;sysBP;age;totChol;diaBP;glucose;heartRate;cigsPerDay;prevalentHyp;education
2,386,1,1,10,BMI;sysBP;age;totChol;diaBP;glucose;heartRate;cigsPerDay;prevalentHyp;education
2,387,0,1,10,BMI;sysBP;age;totChol;diaBP;glucose;heartRate;cigsPerDay;prevalentHyp;education
2,388,1,1,10,BMI;sysBP;age;totChol;diaBP;glucose;heartRate;cigsPerDay;prevalentHyp;education
2,389,0,1,10,BMI;sysBP;age;totChol;diaBP;glucose;heartRate;cigsPerDay;prevalentHyp;education
2,390,0,1,10,BMI;sysBP;age;totChol;diaBP;glucose;heartRate;cigsPerDay;prevalentHyp;education
2,391,1,1,10,BMI;sysBP;age;totChol;diaBP;glucose;heartRate;cigsPerDay;prevalentHyp;education
2,392,0,1,10,BMI;sysBP;age;totChol;diaBP;glucose;heartRate;cigsPerDay;prevalentHyp;education
2,393,1,1,10,BMI;sysBP;age;totChol;diaBP;glucose;heartRate;cigsPerDay;prevalentHyp;education
2,394,1,1,10,BMI;sysBP;age;totChol;diaBP;glucose;heartRate;cigsPerDay;prevalentHyp;education
2,395,1,1,10,BMI;sysBP;age;totChol;diaBP;glucose;heartRate;cigsPerDay;prevalentHyp;education
2,396,1,1,10,BMI;sysBP;age;totChol;diaBP;glucose;heartRate;cigsPerDay;prevalentHyp;education
2,397,0,1,10,BMI;sysBP;age;totChol;diaBP;glucose;heartRate;cigsPerDay;prevalentHyp;education
2,398,0,0,10,BMI;sysBP;age;totChol;diaBP;glucose;heartRate;cigsPerDay;prevalentHyp;education
2,399,1,1,10,BMI;sysBP;age;totChol;diaBP;glucose;heartRate;cigsPerDay;prevalentHyp;education
3,0,0,1,10,BMI;sysBP;age;totChol;diaBP;glucose;heartRate;cigsPerDay;prevalentHyp;education
3,1,0,0,10,BMI;sysBP;age;totChol;diaBP;glucose;heartRate;cigsPerDay;prevalentHyp;education
3,2,1,1,10,BMI;sysBP;age;totChol;diaBP;glucose;heartRate;cigsPerDay;prevalentHyp;education
3,3,0,0,7,BMI;sysBP;age;totChol;diaBP;glucose;prevalentHyp
3,4,1,1,10,BMI;sysBP;age;totChol;diaBP;glucose;heartRate;cigsPerDay;prevalentHyp;education
3,5,1,0,10,BMI;sysBP;age;totChol;diaBP;glucose;heartRate;cigsPerDay;prevalentHyp;education
3,6,0,0,7,BMI;age;totChol;glucose;heartRate;prevalentHyp;education
3,7,1,1,6,sysBP;diaBP;heartRate;cigsPerDay;prevalentHyp;education
3,8,0,1,10,BMI;sysBP;age;totChol;diaBP;glucose;heartRate;cigsPerDay;prevalentHyp;education
3,9,1,0,4,BMI;sysBP;prevalentHyp;education
3,10,1,1,10,BMI;sysBP;age;totChol;diaBP;glucose;heartRate;cigsPerDay;prevalentHyp;education
3,11,0,1,10,BMI;sysBP;age;totChol;diaBP;glucose;heartRate;cigsPerDay;prevalentHyp;education
3,12,1,1,10,BMI;sysBP;age;totChol;diaBP;glucose;heartRate;cigsPerDay;prevalentHyp;education
3,13,1,1,10,BMI;sysBP;age;totChol;diaBP;glucose;heartRate;cigsPerDay;prevalentHyp;education
3,14,1,0,10,BMI;sysBP;age;totChol;diaBP;glucose;heartRate;cigsPerDay;prevalentHyp;education
3,15,1,1,9,BMI;sysBP;age;totChol;diaBP;glucose;heartRate;cigsPerDay;prevalentHyp
3,16,0,0,10,BMI;sysBP;age;totChol;diaBP;glucose;heartRate;cigsPerDay;prevalentHyp;education
3,17,0,1,10,BMI;sysBP;age;totChol;diaBP;glucose;heartRate;cigsPerDay;prevalentHyp;education
3,18,0,1,10,BMI;sysBP;age;totChol;diaBP;glucose;heartRate;cigsPerDay;prevalentHyp;education
3,19,0,0,6,BMI;sysBP;age;glucose;heartRate;prevalentHyp
3,20,1,1,10,BMI;sysBP;age;totChol;diaBP;glucose;heartRate;cigsPerDay;prevalentHyp;education
3,21,1,1,10,BMI;sysBP;age;totChol;diaBP;glucose;heartRate;cigsPerDay;prevalentHyp;education
3,22,0,0,6,BMI;sysBP;age;totChol;heartRate;prevalentHyp
3,23,0,1,9,BMI;sysBP;age;totChol;diaBP;glucose;cigsPerDay;prevalentHyp;education
3,24,1,0,8,sysBP;age;diaBP;glucose;heartRate;cigsPerDay;prevalentHyp;education
3,25,0,0,10,BMI;sysBP;age;totChol;diaBP;glucose;heartRate;cigsPerDay;prevalentHyp;education
3,26,1,0,10,BMI;sysBP;age;totChol;diaBP;glucose;heartRate;cigsPerDay;prevalentHyp;education
3,27,0,1,5,sysBP;age;diaBP;heartRate;prevalentHyp
3,28,0,0,8,BMI;sysBP;age;totChol;diaBP;heartRate;prevalentHyp;education
3,29,1,1,10,BMI;sysBP;age;totChol;diaBP;glucose;heartRate;cigsPerDay;prevalentHyp;education
3,30,0,0,7,BMI;sysBP;age;glucose;cigsPerDay;prevalentHyp;education
3,31,1,1,10,BMI;sysBP;age;totChol;diaBP;glucose;heartRate;cigsPerDay;prevalentHyp;education
3,32,0,0,10,BMI;sysBP;age;totChol;diaBP;glucose;heartRate;cigsPerDay;prevalentHyp;education
3,33,1,1,8,sysBP;totChol;diaBP;glucose;heartRate;cigsPerDay;prevalentHyp;education
3,34,0,1,10,BMI;sysBP;age;totChol;diaBP;glucose;heartRate;cigsPerDay;prevalentHyp;education
3,35,1,1,10,BMI;sysBP;age;totChol;diaBP;glucose;heartRate;cigsPerDay;prevalentHyp;education
3,36,1,1,10,BMI;sysBP;age;totChol;diaBP;glucose;heartRate;cigsPerDay;prevalentHyp;education
3,37,0,0,8,sysBP;totChol;diaBP;glucose;heartRate;cigsPerDay;prevalentHyp;education
3,38,1,1,10,BMI;sysBP;age;totChol;diaBP;glucose;heartRate;cigsPerDay;prevalentHyp;education
3,39,1,1,10,BMI;sysBP;age;totChol;diaBP;glucose;heartRate;cigsPerDay;prevalentHyp;education
3,40,0,1,10,BMI;sysBP;age;totChol;diaBP;glucose;heartRate;cigsPerDay;prevalentHyp;education
3,41,1,1,10,BMI;sysBP;age;totChol;diaBP;glucose;heartRate;cigsPerDay;prevalentHyp;education
3,42,1,0,10,BMI;sysBP;age;totChol;diaBP;glucose;heartRate;cigsPerDay;prevalentHyp;education
3,43,1,1,10,BMI;sysBP;age;totChol;diaBP;glucose;heartRate;cigsPerDay;prevalentHyp;education
3,44,1,1,10,BMI;sysBP;age;totChol;diaBP;glucose;heartRate;cigsPerDay;prevalentHyp;education
3,45,0,0,10,BMI;sysBP;age;totChol;diaBP;glucose;heartRate;cigsPerDay;prevalentHyp;education
3,46,1,1,10,BMI;sysBP;age;totChol;diaBP;glucose;heartRate;cigsPerDay;prevalentHyp;education
3,47,1,1,10,BMI;sysBP;age;totChol;diaBP;glucose;heartRate;cigsPerDay;prevalentHyp;education
3,48,1,1,10,BMI;sysBP;age;totChol;diaBP;glucose;heartRate;cigsPerDay;prevalentHyp;education
3,49,1,0,10,BMI;sysBP;age;totChol;diaBP;glucose;heartRate;cigsPerDay;prevalentHyp;education
3,50,1,0,10,BMI;sysBP;age;totChol;diaBP;glucose;heartRate;cigsPerDay;prevalentHyp;education
3,51,0,1,10,BMI;sysBP;age;totChol;diaBP;glucose;heartRate;cigsPerDay;prevalentHyp;education
3,52,0,1,8,sysBP;age;totChol;diaBP;glucose;heartRate;prevalentHyp;education
3,53,1,1,10,BMI;sysBP;age;totChol;diaBP;glucose;heartRate;cigsPerDay;prevalentHyp;education
3,54,0,0,8,BMI;sysBP;age;totChol;diaBP;heartRate;prevalentHyp;education
3,55,1,1,10,BMI;sysBP;age;totChol;diaBP;glucose;heartRate;cigsPerDay;prevalentHyp;education
3,56,0,0,10,BMI;sysBP;age;totChol;diaBP;glucose;heartRate;cigsPerDay;prevalentHyp;education
3,57,1,1,10,BMI;sysBP;age;totChol;diaBP;glucose;heartRate;cigsPerDay;prevalentHyp;education
3,58,1,1,6,sysBP;age;totChol;heartRate;cigsPerDay;prevalentHyp
3,59,1,1,10,BMI;sysBP;age;totChol;diaBP;glucose;heartRate;cigsPerDay;prevalentHyp;education
3,60,1,1,10,BMI;sysBP;age;totChol;diaBP;glucose;heartRate;cigsPerDay;prevalentHyp;education
3,61,0,0,8,sysBP;age;diaBP;glucose;heartRate;cigsPerDay;prevalentHyp;education
3,62,0,1,10,BMI;sysBP;age;totChol;diaBP;glucose;heartRate;cigsPerDay;prevalentHyp;education
3,63,1,0,10,BMI;sysBP;age;totChol;diaBP;glucose;heartRate;cigsPerDay;prevalentHyp;education
3,64,1,1,10,BMI;sysBP;age;totChol;diaBP;glucose;heartRate;cigsPerDay;prevalentHyp;education
3,65,1,1,10,BMI;sysBP;age;totChol;diaBP;glucose;heartRate;cigsPerDay;prevalentHyp;education
3,66,0,1,8,sysBP;age;totChol;diaBP;glucose;heartRate;cigsPerDay;prevalentHyp
3,67,0,0,10,BMI;sysBP;age;totChol;diaBP;glucose;heartRate;cigsPerDay;prevalentHyp;education
3,68,0,1,10,BMI;sysBP;age;totChol;diaBP;glucose;heartRate;cigsPerDay;prevalentHyp;education
3,69,1,1,10,BMI;sysBP;age;totChol;diaBP;glucose;heartRate;cigsPerDay;prevalentHyp;education
3,70,0,0,9,BMI;sysBP;age;totChol;diaBP;glucose;cigsPerDay;prevalentHyp;education
3,71,1,1,10,BMI;sysBP;age;totChol;diaBP;glucose;heartRate;cigsPerDay;prevalentHyp;education
3,72,1,1,10,BMI;sysBP;age;totChol;diaBP;glucose;heartRate;cigsPerDay;prevalentHyp;education
3,73,1,1,8,BMI;sysBP;age;diaBP;glucose;heartRate;prevalentHyp;education
3,74,0,1,10,BMI;sysBP;age;totChol;diaBP;glucose;heartRate;cigsPerDay;prevalentHyp;education
3,75,0,1,10,BMI;sysBP;age;totChol;diaBP;glucose;heartRate;cigsPerDay;prevalentHyp;education
3,76,0,1,10,BMI;sysBP;age;totChol;diaBP;glucose;heartRate;cigsPerDay;prevalentHyp;education
3,77,0,1,10,BMI;sysBP;age;totChol;diaBP;glucose;heartRate;cigsPerDay;prevalentHyp;education
3,78,1,0,10,BMI;sysBP;age;totChol;diaBP;glucose;heartRate;cigsPerDay;prevalentHyp;education
3,79,0,1,10,BMI;sysBP;age;totChol;diaBP;glucose;heartRate;cigsPerDay;prevalentHyp;education
3,80,1,0,10,BMI;sysBP;age;totChol;diaBP;glucose;heartRate;cigsPerDay;prevalentHyp;education
3,81,1,1,10,BMI;sysBP;age;totChol;diaBP;glucose;heartRate;cigsPerDay;prevalentHyp;education
3,82,0,0,8,BMI;sysBP;age;diaBP;glucose;cigsPerDay;prevalentHyp;education
3,83,0,1,10,BMI;sysBP;age;totChol;diaBP;glucose;heartRate;cigsPerDay;prevalentHyp;education
3,84,0,0,10,BMI;sysBP;age;totChol;diaBP;glucose;heartRate;cigsPerDay;prevalentHyp;education
3,85,1,0,10,BMI;sysBP;age;totChol;diaBP;glucose;heartRate;cigsPerDay;prevalentHyp;education
3,86,0,0,10,BMI;sysBP;age;totChol;diaBP;glucose;heartRate;cigsPerDay;prevalentHyp;education
3,87,0,1,10,BMI;sysBP;age;totChol;diaBP;glucose;heartRate;cigsPerDay;prevalentHyp;education
3,88,1,1,5,sysBP;age;diaBP;heartRate;prevalentHyp
3,89,1,1,9,BMI;sysBP;age;totChol;diaBP;glucose;heartRate;prevalentHyp;education
3,90,0,0,8,BMI;sysBP;age;totChol;diaBP;glucose;prevalentHyp;education
3,91,0,0,9,BMI;sysBP;age;totChol;diaBP;glucose;heartRate;cigsPerDay;prevalentHyp
3,92,1,1,10,BMI;sysBP;age;totChol;diaBP;glucose;heartRate;cigsPerDay;prevalentHyp;education
3,93,0,1,10,BMI;sysBP;age;totChol;diaBP;glucose;heartRate;cigsPerDay;prevalentHyp;education
3,94,1,1,10,BMI;sysBP;age;totChol;diaBP;glucose;heartRate;cigsPerDay;prevalentHyp;education
3,95,0,1,10,BMI;sysBP;age;totChol;diaBP;glucose;heartRate;cigsPerDay;prevalentHyp;education
3,96,0,1,10,BMI;sysBP;age;totChol;diaBP;glucose;heartRate;cigsPerDay;prevalentHyp;education
3,97,0,1,10,BMI;sysBP;age;totChol;diaBP;glucose;heartRate;cigsPerDay;prevalentHyp;education
3,98,0,0,10,BMI;sysBP;age;totChol;diaBP;glucose;heartRate;cigsPerDay;prevalentHyp;education
3,99,1,0,10,BMI;sysBP;age;totChol;diaBP;glucose;heartRate;cigsPerDay;prevalentHyp;education
3,100,0,0,10,BMI;sysBP;age;totChol;diaBP;glucose;heartRate;cigsPerDay;prevalentHyp;education
3,101,1,0,6,BMI;sysBP;age;diaBP;heartRate;prevalentHyp
3,102,1,0,10,BMI;sysBP;age;totChol;diaBP;glucose;heartRate;cigsPerDay;prevalentHyp;education
3,103,1,1,10,BMI;sysBP;age;totChol;diaBP;glucose;heartRate;cigsPerDay;prevalentHyp;education
3,104,1,1,10,BMI;sysBP;age;totChol;diaBP;glucose;heartRate;cigsPerDay;prevalentHyp;education
3,105,1,1,10,BMI;sysBP;age;totChol;diaBP;glucose;heartRate;cigsPerDay;prevalentHyp;education
3,106,1,1,10,BMI;sysBP;age;totChol;diaBP;glucose;heartRate;cigsPerDay;prevalentHyp;education
3,107,1,1,10,BMI;sysBP;age;totChol;diaBP;glucose;heartRate;cigsPerDay;prevalentHyp;education
3,108,0,0,10,BMI;sysBP;age;totChol;diaBP;glucose;heartRate;cigsPerDay;prevalentHyp;education
3,109,0,0,10,BMI;sysBP;age;totChol;diaBP;glucose;heartRate;cigsPerDay;prevalentHyp;education
3,110,1,1,10,BMI;sysBP;age;totChol;diaBP;glucose;heartRate;cigsPerDay;prevalentHyp;education
3,111,0,1,10,BMI;sysBP;age;totChol;diaBP;glucose;heartRate;cigsPerDay;prevalentHyp;education
3,112,0,0,6,BMI;sysBP;age;totChol;heartRate;prevalentHyp
3,113,0,1,10,BMI;sysBP;age;totChol;diaBP;glucose;heartRate;cigsPerDay;prevalentHyp;education
3,114,0,0,10,BMI;sysBP;age;totChol;diaBP;glucose;heartRate;cigsPerDay;prevalentHyp;education
3,115,1,1,10,BMI;sysBP;age;totChol;diaBP;glucose;heartRate;cigsPerDay;prevalentHyp;education
3,116,1,1,10,BMI;sysBP;age;totChol;diaBP;glucose;heartRate;cigsPerDay;prevalentHyp;education
3,117,0,1,10,BMI;sysBP;age;totChol;diaBP;glucose;heartRate;cigsPerDay;prevalentHyp;education
3,118,0,1,10,BMI;sysBP;age;totChol;diaBP;glucose;heartRate;cigsPerDay;prevalentHyp;education
3,119,0,0,9,BMI;sysBP;age;diaBP;glucose;heartRate;cigsPerDay;prevalentHyp;education
3,120,1,1,10,BMI;sysBP;age;totChol;diaBP;glucose;heartRate;cigsPerDay;prevalentHyp;education
3,121,1,1,10,BMI;sysBP;age;totChol;diaBP;glucose;heartRate;cigsPerDay;prevalentHyp;education
3,122,1,1,10,BMI;sysBP;age;totChol;diaBP;glucose;heartRate;cigsPerDay;prevalentHyp;education
3,123,0,0,6,sysBP;age;diaBP;glucose;cigsPerDay;prevalentHyp
3,124,1,0,6,sysBP;age;totChol;diaBP;heartRate;prevalentHyp
3,125,1,1,10,BMI;sysBP;age;totChol;diaBP;glucose;heartRate;cigsPerDay;prevalentHyp;education
3,126,0,1,10,BMI;sysBP;age;totChol;diaBP;glucose;heartRate;cigsPerDay;prevalentHyp;education
3,127,0,0,7,sysBP;age;totChol;diaBP;cigsPerDay;prevalentHyp;education
3,128,1,0,10,BMI;sysBP;age;totChol;diaBP;glucose;heartRate;cigsPerDay;prevalentHyp;education
3,129,0,0,7,sysBP;age;totChol;diaBP;heartRate;prevalentHyp;education
3,130,0,1,10,BMI;sysBP;age;totChol;diaBP;glucose;heartRate;cigsPerDay;prevalentHyp;education
3,131,1,1,10,BMI;sysBP;age;totChol;diaBP;glucose;heartRate;cigsPerDay;prevalentHyp;education
3,132,0,0,10,BMI;sysBP;age;totChol;diaBP;glucose;heartRate;cigsPerDay;prevalentHyp;education
3,133,1,1,8,BMI;sysBP;age;totChol;diaBP;heartRate;prevalentHyp;education
3,134,1,0,10,BMI;sysBP;age;totChol;diaBP;glucose;heartRate;cigsPerDay;prevalentHyp;education
3,135,1,1,10,BMI;sysBP;age;totChol;diaBP;glucose;heartRate;cigsPerDay;prevalentHyp;education
3,136,0,1,10,BMI;sysBP;age;totChol;diaBP;glucose;heartRate;cigsPerDay;prevalentHyp;education
3,137,0,1,10,BMI;sysBP;age;totChol;diaBP;glucose;heartRate;cigsPerDay;prevalentHyp;education
3,138,0,0,8,sysBP;age;totChol;diaBP;heartRate;cigsPerDay;prevalentHyp;education
3,139,0,0,10,BMI;sysBP;age;totChol;diaBP;glucose;heartRate;cigsPerDay;prevalentHyp;education
3,140,1,1,9,BMI;sysBP;age;diaBP;glucose;heartRate;cigsPerDay;prevalentHyp;education
3,141,1,1,10,BMI;sysBP;age;totChol;diaBP;glucose;heartRate;cigsPerDay;prevalentHyp;education
3,142,0,1,9,BMI;sysBP;age;totChol;diaBP;heartRate;cigsPerDay;prevalentHyp;education
3,143,1,1,10,BMI;sysBP;age;totChol;diaBP;glucose;heartRate;cigsPerDay;prevalentHyp;education
3,144,1,1,10,BMI;sysBP;age;totChol;diaBP;glucose;heartRate;cigsPerDay;prevalentHyp;education
3,145,0,0,8,BMI;sysBP;age;totChol;diaBP;cigsPerDay;prevalentHyp;education
3,146,1,1,10,BMI;sysBP;age;totChol;diaBP;glucose;heartRate;cigsPerDay;prevalentHyp;education
3,147,1,0,9,BMI;sysBP;age;totChol;diaBP;heartRate;cigsPerDay;prevalentHyp;education
3,148,1,1,10,BMI;sysBP;age;totChol;diaBP;glucose;heartRate;cigsPerDay;prevalentHyp;education
3,149,0,0,5,sysBP;age;diaBP;glucose;prevalentHyp
3,150,1,1,10,BMI;sysBP;age;totChol;diaBP;glucose;heartRate;cigsPerDay;prevalentHyp;education
3,151,0,0,8,BMI;sysBP;age;diaBP;heartRate;cigsPerDay;prevalentHyp;education
3,152,0,0,10,BMI;sysBP;age;totChol;diaBP;glucose;heartRate;cigsPerDay;prevalentHyp;education
3,153,1,1,10,BMI;sysBP;age;totChol;diaBP;glucose;heartRate;cigsPerDay;prevalentHyp;education
3,154,1,1,10,BMI;sysBP;age;totChol;diaBP;glucose;heartRate;cigsPerDay;prevalentHyp;education
3,155,1,0,10,BMI;sysBP;age;totChol;diaBP;glucose;heartRate;cigsPerDay;prevalentHyp;education
3,156,1,1,10,BMI;sysBP;age;totChol;diaBP;glucose;heartRate;cigsPerDay;prevalentHyp;education
3,157,1,1,6,BMI;sysBP;diaBP;glucose;cigsPerDay;prevalentHyp
3,158,0,1,10,BMI;sysBP;age;totChol;diaBP;glucose;heartRate;cigsPerDay;prevalentHyp;education
3,159,0,0,6,BMI;sysBP;age;totChol;diaBP;prevalentHyp
3,160,0,1,10,BMI;sysBP;age;totChol;diaBP;glucose;heartRate;cigsPerDay;prevalentHyp;education
3,161,0,0,5,sysBP;age;diaBP;heartRate;prevalentHyp
3,162,0,0,9,BMI;sysBP;age;totChol;diaBP;glucose;cigsPerDay;prevalentHyp;education
3,163,1,1,10,BMI;sysBP;age;totChol;diaBP;glucose;heartRate;cigsPerDay;prevalentHyp;education
3,164,0,1,10,BMI;sysBP;age;totChol;diaBP;glucose;heartRate;cigsPerDay;prevalentHyp;education
3,165,1,1,10,BMI;sysBP;age;totChol;diaBP;glucose;heartRate;cigsPerDay;prevalentHyp;education
3,166,0,1,6,sysBP;age;glucose;heartRate;prevalentHyp;education
3,167,1,0,7,BMI;sysBP;age;totChol;diaBP;heartRate;prevalentHyp
3,168,1,0,10,BMI;sysBP;age;totChol;diaBP;glucose;heartRate;cigsPerDay;prevalentHyp;education
3,169,0,0,10,BMI;sysBP;age;totChol;diaBP;glucose;heartRate;cigsPerDay;prevalentHyp;education
3,170,1,0,6,sysBP;age;totChol;diaBP;prevalentHyp;education
3,171,1,0,8,BMI;sysBP;age;totChol;diaBP;cigsPerDay;prevalentHyp;education
3,172,1,0,10,BMI;sysBP;age;totChol;diaBP;glucose;heartRate;cigsPerDay;prevalentHyp;education
3,173,1,0,8,BMI;sysBP;age;totChol;glucose;heartRate;prevalentHyp;education
3,174,1,0,10,BMI;sysBP;age;totChol;diaBP;glucose;heartRate;cigsPerDay;prevalentHyp;education
3,175,0,1,10,BMI;sysBP;age;totChol;diaBP;glucose;heartRate;cigsPerDay;prevalentHyp;education
3,176,1,1,10,BMI;sysBP;age;totChol;diaBP;glucose;heartRate;cigsPerDay;prevalentHyp;education
3,177,0,1,10,BMI;sysBP;age;totChol;diaBP;glucose;heartRate;cigsPerDay;prevalentHyp;education
3,178,1,0,5,sysBP;age;diaBP;glucose;prevalentHyp
3,179,1,1,10,BMI;sysBP;age;totChol;diaBP;glucose;heartRate;cigsPerDay;prevalentHyp;education
3,180,1,1,10,BMI;sysBP;age;totChol;diaBP;glucose;heartRate;cigsPerDay;prevalentHyp;education
3,181,1,1,10,BMI;sysBP;age;totChol;diaBP;glucose;heartRate;cigsPerDay;prevalentHyp;education
3,182,1,0,6,BMI;age;diaBP;glucose;cigsPerDay;prevalentHyp
3,183,1,0,10,BMI;sysBP;age;totChol;diaBP;glucose;heartRate;cigsPerDay;prevalentHyp;education
3,184,1,1,10,BMI;sysBP;age;totChol;diaBP;glucose;heartRate;cigsPerDay;prevalentHyp;education
3,185,1,1,7,BMI;sysBP;age;totChol;diaBP;glucose;prevalentHyp
3,186,0,0,8,BMI;sysBP;age;totChol;diaBP;glucose;heartRate;prevalentHyp
3,187,0,1,10,BMI;sysBP;age;totChol;diaBP;glucose;heartRate;cigsPerDay;prevalentHyp;education
3,188,0,1,10,BMI;sysBP;age;totChol;diaBP;glucose;heartRate;cigsPerDay;prevalentHyp;education
3,189,1,0,10,BMI;sysBP;age;totChol;diaBP;glucose;heartRate;cigsPerDay;prevalentHyp;education
3,190,1,0,10,BMI;sysBP;age;totChol;diaBP;glucose;heartRate;cigsPerDay;prevalentHyp;education
3,191,1,1,10,BMI;sysBP;age;totChol;diaBP;glucose;heartRate;cigsPerDay;prevalentHyp;education
3,192,0,1,4,BMI;sysBP;heartRate;prevalentHyp
3,193,1,1,7,BMI;sysBP;age;diaBP;heartRate;prevalentHyp;education
3,194,0,1,10,BMI;sysBP;age;totChol;diaBP;glucose;heartRate;cigsPerDay;prevalentHyp;education
3,195,0,1,10,BMI;sysBP;age;totChol;diaBP;glucose;heartRate;cigsPerDay;prevalentHyp;education
3,196,0,1,10,BMI;sysBP;age;totChol;diaBP;glucose;heartRate;cigsPerDay;prevalentHyp;education
3,197,0,0,10,BMI;sysBP;age;totChol;diaBP;glucose;heartRate;cigsPerDay;prevalentHyp;education
3,198,0,1,7,sysBP;age;diaBP;heartRate;cigsPerDay;prevalentHyp;education
3,199,0,1,10,BMI;sysBP;age;totChol;diaBP;glucose;heartRate;cigsPerDay;prevalentHyp;education
3,200,1,1,10,BMI;sysBP;age;totChol;diaBP;glucose;heartRate;cigsPerDay;prevalentHyp;education
3,201,0,1,6,BMI;sysBP;diaBP;glucose;prevalentHyp;education
3,202,0,0,10,BMI;sysBP;age;totChol;diaBP;glucose;heartRate;cigsPerDay;prevalentHyp;education
3,203,0,0,10,BMI;sysBP;age;totChol;diaBP;glucose;heartRate;cigsPerDay;prevalentHyp;education
3,204,0,0,5,sysBP;age;diaBP;glucose;prevalentHyp
3,205,1,1,10,BMI;sysBP;age;totChol;diaBP;glucose;heartRate;cigsPerDay;prevalentHyp;education
3,206,1,0,10,BMI;sysBP;age;totChol;diaBP;glucose;heartRate;cigsPerDay;prevalentHyp;education
3,207,1,1,10,BMI;sysBP;age;totChol;diaBP;glucose;heartRate;cigsPerDay;prevalentHyp;education
3,208,0,0,10,BMI;sysBP;age;totChol;diaBP;glucose;heartRate;cigsPerDay;prevalentHyp;education
3,209,1,1,10,BMI;sysBP;age;totChol;diaBP;glucose;heartRate;cigsPerDay;prevalentHyp;education
3,210,0,0,4,sysBP;diaBP;glucose;prevalentHyp
3,211,1,0,10,BMI;sysBP;age;totChol;diaBP;glucose;heartRate;cigsPerDay;prevalentHyp;education
3,212,1,1,10,BMI;sysBP;age;totChol;diaBP;glucose;heartRate;cigsPerDay;prevalentHyp;education
3,213,0,1,10,BMI;sysBP;age;totChol;diaBP;glucose;heartRate;cigsPerDay;prevalentHyp;education
3,214,0,1,10,BMI;sysBP;age;totChol;diaBP;glucose;heartRate;cigsPerDay;prevalentHyp;education
3,215,1,0,10,BMI;sysBP;age;totChol;diaBP;glucose;heartRate;cigsPerDay;prevalentHyp;education
3,216,0,1,10,BMI;sysBP;age;totChol;diaBP;glucose;heartRate;cigsPerDay;prevalentHyp;education
3,217,0,0,10,BMI;sysBP;age;totChol;diaBP;glucose;heartRate;cigsPerDay;prevalentHyp;education
3,218,0,1,8,sysBP;age;totChol;diaBP;glucose;heartRate;cigsPerDay;prevalentHyp
3,219,0,1,10,BMI;sysBP;age;totChol;diaBP;glucose;heartRate;cigsPerDay;prevalentHyp;education
3,220,0,1,10,BMI;sysBP;age;totChol;diaBP;glucose;heartRate;cigsPerDay;prevalentHyp;education
3,221,1,1,10,BMI;sysBP;age;totChol;diaBP;glucose;heartRate;cigsPerDay;prevalentHyp;education
3,222,0,0,10,BMI;sysBP;age;totChol;diaBP;glucose;heartRate;cigsPerDay;prevalentHyp;education
3,223,1,1,10,BMI;sysBP;age;totChol;diaBP;glucose;heartRate;cigsPerDay;prevalentHyp;education
3,224,1,0,8,sysBP;age;totChol;diaBP;heartRate;cigsPerDay;prevalentHyp;education
3,225,1,1,10,BMI;sysBP;age;totChol;diaBP;glucose;heartRate;cigsPerDay;prevalentHyp;education
3,226,1,1,10,BMI;sysBP;age;totChol;diaBP;glucose;heartRate;cigsPerDay;prevalentHyp;education
3,227,0,1,10,BMI;sysBP;age;totChol;diaBP;glucose;heartRate;cigsPerDay;prevalentHyp;education
3,228,1,1,10,BMI;sysBP;age;totChol;diaBP;glucose;heartRate;cigsPerDay;prevalentHyp;education
3,229,0,0,10,BMI;sysBP;age;totChol;diaBP;glucose;heartRate;cigsPerDay;prevalentHyp;education
3,230,1,1,10,BMI;sysBP;age;totChol;diaBP;glucose;heartRate;cigsPerDay;prevalentHyp;education
3,231,0,0,8,BMI;sysBP;age;totChol;diaBP;heartRate;prevalentHyp;education
3,232,0,0,10,BMI;sysBP;age;totChol;diaBP;glucose;heartRate;cigsPerDay;prevalentHyp;education
3,233,1,1,10,BMI;sysBP;age;totChol;diaBP;glucose;heartRate;cigsPerDay;prevalentHyp;education
3,234,1,0,10,BMI;sysBP;age;totChol;diaBP;glucose;heartRate;cigsPerDay;prevalentHyp;education
3,235,0,1,10,BMI;sysBP;age;totChol;diaBP;glucose;heartRate;cigsPerDay;prevalentHyp;education
3,236,0,0,10,BMI;sysBP;age;totChol;diaBP;glucose;heartRate;cigsPerDay;prevalentHyp;education
3,237,0,1,10,BMI;sysBP;age;totChol;diaBP;glucose;heartRate;cigsPerDay;prevalentHyp;education
3,238,0,0,10,BMI;sysBP;age;totChol;diaBP;glucose;heartRate;cigsPerDay;prevalentHyp;education
3,239,0,1,10,BMI;sysBP;age;totChol;diaBP;glucose;heartRate;cigsPerDay;prevalentHyp;education
3,240,0,1,10,BMI;sysBP;age;totChol;diaBP;glucose;heartRate;cigsPerDay;prevalentHyp;education
3,241,1,1,10,BMI;sysBP;age;totChol;diaBP;glucose;heartRate;cigsPerDay;prevalentHyp;education
3,242,1,0,4,sysBP;age;heartRate;prevalentHyp
3,243,0,1,10,BMI;sysBP;age;totChol;diaBP;glucose;heartRate;cigsPerDay;prevalentHyp;education
3,244,1,1,10,BMI;sysBP;age;totChol;diaBP;glucose;heartRate;cigsPerDay;prevalentHyp;education
3,245,1,1,10,BMI;sysBP;age;totChol;diaBP;glucose;heartRate;cigsPerDay;prevalentHyp;education
3,246,0,0,10,BMI;sysBP;age;totChol;diaBP;glucose;heartRate;cigsPerDay;prevalentHyp;education
3,247,1,0,10,BMI;sysBP;age;totChol;diaBP;glucose;heartRate;cigsPerDay;prevalentHyp;education
3,248,0,1,10,BMI;sysBP;age;totChol;diaBP;glucose;heartRate;cigsPerDay;prevalentHyp;education
3,249,0,0,10,BMI;sysBP;age;totChol;diaBP;glucose;heartRate;cigsPerDay;prevalentHyp;education
3,250,1,1,10,BMI;sysBP;age;totChol;diaBP;glucose;heartRate;cigsPerDay;prevalentHyp;education
3,251,0,0,10,BMI;sysBP;age;totChol;diaBP;glucose;heartRate;cigsPerDay;prevalentHyp;education
3,252,1,0,10,BMI;sysBP;age;totChol;diaBP;glucose;heartRate;cigsPerDay;prevalentHyp;education
3,253,0,0,7,BMI;sysBP;age;diaBP;cigsPerDay;prevalentHyp;education
3,254,1,1,10,BMI;sysBP;age;totChol;diaBP;glucose;heartRate;cigsPerDay;prevalentHyp;education
3,255,0,0,7,BMI;sysBP;age;totChol;heartRate;prevalentHyp;education
3,256,1,1,10,BMI;sysBP;age;totChol;diaBP;glucose;heartRate;cigsPerDay;prevalentHyp;education
3,257,1,1,10,BMI;sysBP;age;totChol;diaBP;glucose;heartRate;cigsPerDay;prevalentHyp;education
3,258,0,1,10,BMI;sysBP;age;totChol;diaBP;glucose;heartRate;cigsPerDay;prevalentHyp;education
3,259,1,0,10,BMI;sysBP;age;totChol;diaBP;glucose;heartRate;cigsPerDay;prevalentHyp;education
3,260,1,1,10,BMI;sysBP;age;totChol;diaBP;glucose;heartRate;cigsPerDay;prevalentHyp;education
3,261,1,1,5,sysBP;glucose;heartRate;prevalentHyp;education
3,262,1,1,10,BMI;sysBP;age;totChol;diaBP;glucose;heartRate;cigsPerDay;prevalentHyp;education
3,263,1,1,10,BMI;sysBP;age;totChol;diaBP;glucose;heartRate;cigsPerDay;prevalentHyp;education
3,264,1,1,10,BMI;sysBP;age;totChol;diaBP;glucose;heartRate;cigsPerDay;prevalentHyp;education
3,265,1,0,10,BMI;sysBP;age;totChol;diaBP;glucose;heartRate;cigsPerDay;prevalentHyp;education
3,266,0,1,10,BMI;sysBP;age;totChol;diaBP;glucose;heartRate;cigsPerDay;prevalentHyp;education
3,267,0,1,8,sysBP;totChol;diaBP;glucose;heartRate;cigsPerDay;prevalentHyp;education
3,268,0,1,10,BMI;sysBP;age;totChol;diaBP;glucose;heartRate;cigsPerDay;prevalentHyp;education
3,269,1,1,8,sysBP;totChol;diaBP;glucose;heartRate;cigsPerDay;prevalentHyp;education
3,270,1,1,8,BMI;sysBP;age;diaBP;glucose;heartRate;prevalentHyp;education
3,271,0,0,10,BMI;sysBP;age;totChol;diaBP;glucose;heartRate;cigsPerDay;prevalentHyp;education
3,272,0,1,10,BMI;sysBP;age;totChol;diaBP;glucose;heartRate;cigsPerDay;prevalentHyp;education
3,273,0,1,10,BMI;sysBP;age;totChol;diaBP;glucose;heartRate;cigsPerDay;prevalentHyp;education
3,274,1,1,10,BMI;sysBP;age;totChol;diaBP;glucose;heartRate;cigsPerDay;prevalentHyp;education
3,275,1,1,7,sysBP;age;totChol;diaBP;glucose;heartRate;prevalentHyp
3,276,0,1,10,BMI;sysBP;age;totChol;diaBP;glucose;heartRate;cigsPerDay;prevalentHyp;education
3,277,0,1,10,BMI;sysBP;age;totChol;diaBP;glucose;heartRate;cigsPerDay;prevalentHyp;education
3,278,0,0,5,sysBP;diaBP;cigsPerDay;prevalentHyp;education
3,279,0,1,10,BMI;sysBP;age;totChol;diaBP;glucose;heartRate;cigsPerDay;prevalentHyp;education
3,280,1,1,10,BMI;sysBP;age;totChol;diaBP;glucose;heartRate;cigsPerDay;prevalentHyp;education
3,281,0,1,10,BMI;sysBP;age;totChol;diaBP;glucose;heartRate;cigsPerDay;prevalentHyp;education
3,282,0,1,10,BMI;sysBP;age;totChol;diaBP;glucose;heartRate;cigsPerDay;prevalentHyp;education
3,283,1,1,10,BMI;sysBP;age;totChol;diaBP;glucose;heartRate;cigsPerDay;prevalentHyp;education
3,284,0,0,10,BMI;sysBP;age;totChol;diaBP;glucose;heartRate;cigsPerDay;prevalentHyp;education
3,285,0,0,10,BMI;sysBP;age;totChol;diaBP;glucose;heartRate;cigsPerDay;prevalentHyp;education
3,286,0,1,10,BMI;sysBP;age;totChol;diaBP;glucose;heartRate;cigsPerDay;prevalentHyp;education
3,287,1,1,10,BMI;sysBP;age;totChol;diaBP;glucose;heartRate;cigsPerDay;prevalentHyp;education
3,288,1,1,10,BMI;sysBP;age;totChol;diaBP;glucose;heartRate;cigsPerDay;prevalentHyp;education
3,289,0,0,8,sysBP;totChol;diaBP;glucose;heartRate;cigsPerDay;prevalentHyp;education
3,290,1,1,10,BMI;sysBP;age;totChol;diaBP;glucose;heartRate;cigsPerDay;prevalentHyp;education
3,291,1,1,10,BMI;sysBP;age;totChol;diaBP;glucose;heartRate;cigsPerDay;prevalentHyp;education
3,292,1,1,10,BMI;sysBP;age;totChol;diaBP;glucose;heartRate;cigsPerDay;prevalentHyp;education
3,293,0,1,10,BMI;sysBP;age;totChol;diaBP;glucose;heartRate;cigsPerDay;prevalentHyp;education
3,294,0,0,10,BMI;sysBP;age;totChol;diaBP;glucose;heartRate;cigsPerDay;prevalentHyp;education
3,295,0,1,10,BMI;sysBP;age;totChol;diaBP;glucose;heartRate;cigsPerDay;prevalentHyp;education
3,296,1,0,5,sysBP;age;glucose;prevalentHyp;education
3,297,0,0,10,BMI;sysBP;age;totChol;diaBP;glucose;heartRate;cigsPerDay;prevalentHyp;education
3,298,0,0,7,BMI;age;diaBP;heartRate;cigsPerDay;prevalentHyp;education
3,299,0,1,10,BMI;sysBP;age;totChol;diaBP;glucose;heartRate;cigsPerDay;prevalentHyp;education
3,300,0,0,10,BMI;sysBP;age;totChol;diaBP;glucose;heartRate;cigsPerDay;prevalentHyp;education
3,301,1,1,10,BMI;sysBP;age;totChol;diaBP;glucose;heartRate;cigsPerDay;prevalentHyp;education
3,302,0,0,10,BMI;sysBP;age;totChol;diaBP;glucose;heartRate;cigsPerDay;prevalentHyp;education
3,303,1,0,10,BMI;sysBP;age;totChol;diaBP;glucose;heartRate;cigsPerDay;prevalentHyp;education
3,304,1,1,10,BMI;sysBP;age;totChol;diaBP;glucose;heartRate;cigsPerDay;prevalentHyp;education
3,305,1,1,10,BMI;sysBP;age;totChol;diaBP;glucose;heartRate;cigsPerDay;prevalentHyp;education
3,306,1,1,10,BMI;sysBP;age;totChol;diaBP;glucose;heartRate;cigsPerDay;prevalentHyp;education
3,307,1,1,8,sysBP;totChol;diaBP;glucose;heartRate;cigsPerDay;prevalentHyp;education
3,308,1,1,10,BMI;sysBP;age;totChol;diaBP;glucose;heartRate;cigsPerDay;prevalentHyp;education
3,309,0,1,10,BMI;sysBP;age;totChol;diaBP;glucose;heartRate;cigsPerDay;prevalentHyp;education
3,310,1,0,10,BMI;sysBP;age;totChol;diaBP;glucose;heartRate;cigsPerDay;prevalentHyp;education
3,311,1,1,10,BMI;sysBP;age;totChol;diaBP;glucose;heartRate;cigsPerDay;prevalentHyp;education
3,312,1,0,9,BMI;sysBP;age;diaBP;glucose;heartRate;cigsPerDay;prevalentHyp;education
3,313,0,0,10,BMI;sysBP;age;totChol;diaBP;glucose;heartRate;cigsPerDay;prevalentHyp;education
3,314,0,1,10,BMI;sysBP;age;totChol;diaBP;glucose;heartRate;cigsPerDay;prevalentHyp;education
3,315,0,1,10,BMI;sysBP;age;totChol;diaBP;glucose;heartRate;cigsPerDay;prevalentHyp;education
3,316,0,1,10,BMI;sysBP;age;totChol;diaBP;glucose;heartRate;cigsPerDay;prevalentHyp;education
3,317,0,0,6,sysBP;age;totChol;diaBP;heartRate;prevalentHyp
3,318,0,0,10,BMI;sysBP;age;totChol;diaBP;glucose;heartRate;cigsPerDay;prevalentHyp;education
3,319,0,1,10,BMI;sysBP;age;totChol;diaBP;glucose;heartRate;cigsPerDay;prevalentHyp;education
3,320,0,1,6,sysBP;age;diaBP;glucose;heartRate;prevalentHyp
3,321,0,1,10,BMI;sysBP;age;totChol;diaBP;glucose;heartRate;cigsPerDay;prevalentHyp;education
3,322,0,1,10,BMI;sysBP;age;totChol;diaBP;glucose;heartRate;cigsPerDay;prevalentHyp;education
3,323,0,1,10,BMI;sysBP;age;totChol;diaBP;glucose;heartRate;cigsPerDay;prevalentHyp;education
3,324,0,0,6,sysBP;diaBP;heartRate;cigsPerDay;prevalentHyp;education
3,325,0,1,10,BMI;sysBP;age;totChol;diaBP;glucose;heartRate;cigsPerDay;prevalentHyp;education
3,326,0,0,8,sysBP;age;diaBP;glucose;heartRate;cigsPerDay;prevalentHyp;education
3,327,0,1,10,BMI;sysBP;age;totChol;diaBP;glucose;heartRate;cigsPerDay;prevalentHyp;education
3,328,0,0,6,BMI;sysBP;age;glucose;heartRate;prevalentHyp
3,329,1,1,10,BMI;sysBP;age;totChol;diaBP;glucose;heartRate;cigsPerDay;prevalentHyp;education
3,330,1,0,10,BMI;sysBP;age;totChol;diaBP;glucose;heartRate;cigsPerDay;prevalentHyp;education
3,331,0,1,10,BMI;sysBP;age;totChol;diaBP;glucose;heartRate;cigsPerDay;prevalentHyp;education
3,332,1,1,8,BMI;sysBP;age;totChol;diaBP;heartRate;prevalentHyp;education
3,333,0,0,8,sysBP;age;totChol;diaBP;glucose;heartRate;cigsPerDay;prevalentHyp
3,334,0,1,10,BMI;sysBP;age;totChol;diaBP;glucose;heartRate;cigsPerDay;prevalentHyp;education
3,335,1,0,6,BMI;sysBP;age;totChol;diaBP;prevalentHyp
3,336,1,1,10,BMI;sysBP;age;totChol;diaBP;glucose;heartRate;cigsPerDay;prevalentHyp;education
3,337,1,1,10,BMI;sysBP;age;totChol;diaBP;glucose;heartRate;cigsPerDay;prevalentHyp;education
3,338,1,0,10,BMI;sysBP;age;totChol;diaBP;glucose;heartRate;cigsPerDay;prevalentHyp;education
3,339,1,1,10,BMI;sysBP;age;totChol;diaBP;glucose;heartRate;cigsPerDay;prevalentHyp;education
3,340,0,1,10,BMI;sysBP;age;totChol;diaBP;glucose;heartRate;cigsPerDay;prevalentHyp;education
3,341,1,1,7,sysBP;totChol;diaBP;glucose;heartRate;cigsPerDay;prevalentHyp
3,342,0,1,10,BMI;sysBP;age;totChol;diaBP;glucose;heartRate;cigsPerDay;prevalentHyp;education
3,343,1,0,10,BMI;sysBP;age;totChol;diaBP;glucose;heartRate;cigsPerDay;prevalentHyp;education
3,344,0,1,10,BMI;sysBP;age;totChol;diaBP;glucose;heartRate;cigsPerDay;prevalentHyp;education
3,345,1,0,7,sysBP;age;totChol;diaBP;glucose;heartRate;prevalentHyp
3,346,0,0,6,BMI;sysBP;age;glucose;cigsPerDay;prevalentHyp
3,347,0,0,7,sysBP;age;diaBP;glucose;heartRate;prevalentHyp;education
3,348,0,0,10,BMI;sysBP;age;totChol;diaBP;glucose;heartRate;cigsPerDay;prevalentHyp;education
3,349,1,1,10,BMI;sysBP;age;totChol;diaBP;glucose;heartRate;cigsPerDay;prevalentHyp;education
3,350,0,0,10,BMI;sysBP;age;totChol;diaBP;glucose;heartRate;cigsPerDay;prevalentHyp;education
3,351,1,0,10,BMI;sysBP;age;totChol;diaBP;glucose;heartRate;cigsPerDay;prevalentHyp;education
3,352,0,1,10,BMI;sysBP;age;totChol;diaBP;glucose;heartRate;cigsPerDay;prevalentHyp;education
3,353,1,1,10,BMI;sysBP;age;totChol;diaBP;glucose;heartRate;cigsPerDay;prevalentHyp;education
3,354,0,0,9,BMI;sysBP;age;diaBP;glucose;heartRate;cigsPerDay;prevalentHyp;education
3,355,0,1,10,BMI;sysBP;age;totChol;diaBP;glucose;heartRate;cigsPerDay;prevalentHyp;education
3,356,1,1,10,BMI;sysBP;age;totChol;diaBP;glucose;heartRate;cigsPerDay;prevalentHyp;education
3,357,0,0,8,BMI;sysBP;age;totChol;heartRate;cigsPerDay;prevalentHyp;education
3,358,0,1,10,BMI;sysBP;age;totChol;diaBP;glucose;heartRate;cigsPerDay;prevalentHyp;education
3,359,0,0,6,BMI;sysBP;age;totChol;heartRate;prevalentHyp
3,360,0,0,8,BMI;sysBP;age;diaBP;glucose;heartRate;prevalentHyp;education
3,361,1,1,10,BMI;sysBP;age;totChol;diaBP;glucose;heartRate;cigsPerDay;prevalentHyp;education
3,362,1,1,10,BMI;sysBP;age;totChol;diaBP;glucose;heartRate;cigsPerDay;prevalentHyp;education
3,363,1,1,10,BMI;sysBP;age;totChol;diaBP;glucose;heartRate;cigsPerDay;prevalentHyp;education
3,364,1,1,10,BMI;sysBP;age;totChol;diaBP;glucose;heartRate;cigsPerDay;prevalentHyp;education
3,365,0,1,10,BMI;sysBP;age;totChol;diaBP;glucose;heartRate;cigsPerDay;prevalentHyp;education
3,366,1,0,10,BMI;sysBP;age;totChol;diaBP;glucose;heartRate;cigsPerDay;prevalentHyp;education
3,367,1,1,7,BMI;sysBP;age;totChol;glucose;cigsPerDay;prevalentHyp
3,368,1,1,10,BMI;sysBP;age;totChol;diaBP;glucose;heartRate;cigsPerDay;prevalentHyp;education
3,369,1,0,10,BMI;sysBP;age;totChol;diaBP;glucose;heartRate;cigsPerDay;prevalentHyp;education
3,370,0,1,10,BMI;sysBP;age;totChol;diaBP;glucose;heartRate;cigsPerDay;prevalentHyp;education
3,371,0,1,10,BMI;sysBP;age;totChol;diaBP;glucose;heartRate;cigsPerDay;prevalentHyp;education
3,372,0,0,5,sysBP;diaBP;cigsPerDay;prevalentHyp;education
3,373,1,1,10,BMI;sysBP;age;totChol;diaBP;glucose;heartRate;cigsPerDay;prevalentHyp;education
3,374,0,1,9,BMI;sysBP;age;totChol;diaBP;glucose;heartRate;cigsPerDay;prevalentHyp
3,375,1,1,10,BMI;sysBP;age;totChol;diaBP;glucose;heartRate;cigsPerDay;prevalentHyp;education
3,376,0,0,9,BMI;sysBP;age;diaBP;glucose;heartRate;cigsPerDay;prevalentHyp;education
3,377,1,1,10,BMI;sysBP;age;totChol;diaBP;glucose;heartRate;cigsPerDay;prevalentHyp;education
3,378,0,1,10,BMI;sysBP;age;totChol;diaBP;glucose;heartRate;cigsPerDay;prevalentHyp;education
3,379,0,0,5,sysBP;age;diaBP;heartRate;prevalentHyp
3,380,0,1,10,BMI;sysBP;age;totChol;diaBP;glucose;heartRate;cigsPerDay;prevalentHyp;education
3,381,0,1,10,BMI;sysBP;age;totChol;diaBP;glucose;heartRate;cigsPerDay;prevalentHyp;education
3,382,1,1,10,BMI;sysBP;age;totChol;diaBP;glucose;heartRate;cigsPerDay;prevalentHyp;education
3,383,1,1,10,BMI;sysBP;age;totChol;diaBP;glucose;heartRate;cigsPerDay;prevalentHyp;education
3,384,1,1,10,BMI;sysBP;age;totChol;diaBP;glucose;heartRate;cigsPerDay;prevalentHyp;education
3,385,0,1,10,BMI;sysBP;age;totChol;diaBP;glucose;heartRate;cigsPerDay;prevalentHyp;education
3,386,1,1,10,BMI;sysBP;age;totChol;diaBP;glucose;heartRate;cigsPerDay;prevalentHyp;education
3,387,0,1,8,sysBP;totChol;diaBP;glucose;heartRate;cigsPerDay;prevalentHyp;education
3,388,1,1,4,sysBP;heartRate;prevalentHyp;education
3,389,0,0,10,BMI;sysBP;age;totChol;diaBP;glucose;heartRate;cigsPerDay;prevalentHyp;education
3,390,0,1,10,BMI;sysBP;age;totChol;diaBP;glucose;heartRate;cigsPerDay;prevalentHyp;education
3,391,1,1,10,BMI;sysBP;age;totChol;diaBP;glucose;heartRate;cigsPerDay;prevalentHyp;education
3,392,0,1,10,BMI;sysBP;age;totChol;diaBP;glucose;heartRate;cigsPerDay;prevalentHyp;education
3,393,1,1,10,BMI;sysBP;age;totChol;diaBP;glucose;heartRate;cigsPerDay;prevalentHyp;education
3,394,1,1,10,BMI;sysBP;age;totChol;diaBP;glucose;heartRate;cigsPerDay;prevalentHyp;education
3,395,1,1,10,BMI;sysBP;age;totChol;diaBP;glucose;heartRate;cigsPerDay;prevalentHyp;education
3,396,1,1,10,BMI;sysBP;age;totChol;diaBP;glucose;heartRate;cigsPerDay;prevalentHyp;education
3,397,0,1,5,sysBP;diaBP;glucose;cigsPerDay;prevalentHyp
3,398,0,0,10,BMI;sysBP;age;totChol;diaBP;glucose;heartRate;cigsPerDay;prevalentHyp;education
3,399,1,1,10,BMI;sysBP;age;totChol;diaBP;glucose;heartRate;cigsPerDay;prevalentHyp;education
4,0,0,1,10,BMI;sysBP;age;totChol;diaBP;glucose;heartRate;cigsPerDay;prevalentHyp;education
4,1,0,0,10,BMI;sysBP;age;totChol;diaBP;glucose;heartRate;cigsPerDay;prevalentHyp;education
4,2,1,1,10,BMI;sysBP;age;totChol;diaBP;glucose;heartRate;cigsPerDay;prevalentHyp;education
4,3,0,0,10,BMI;sysBP;age;totChol;diaBP;glucose;heartRate;cigsPerDay;prevalentHyp;education
4,4,1,1,10,BMI;sysBP;age;totChol;diaBP;glucose;heartRate;cigsPerDay;prevalentHyp;education
4,5,1,1,10,BMI;sysBP;age;totChol;diaBP;glucose;heartRate;cigsPerDay;prevalentHyp;education
4,6,0,0,10,BMI;sysBP;age;totChol;diaBP;glucose;heartRate;cigsPerDay;prevalentHyp;education
4,7,1,1,10,BMI;sysBP;age;totChol;diaBP;glucose;heartRate;cigsPerDay;prevalentHyp;education
4,8,0,1,10,BMI;sysBP;age;totChol;diaBP;glucose;heartRate;cigsPerDay;prevalentHyp;education
4,9,1,0,10,BMI;sysBP;age;totChol;diaBP;glucose;heartRate;cigsPerDay;prevalentHyp;education
4,10,1,1,10,BMI;sysBP;age;totChol;diaBP;glucose;heartRate;cigsPerDay;prevalentHyp;education
4,11,0,1,10,BMI;sysBP;age;totChol;diaBP;glucose;heartRate;cigsPerDay;prevalentHyp;education
4,12,1,1,10,BMI;sysBP;age;totChol;diaBP;glucose;heartRate;cigsPerDay;prevalentHyp;education
4,13,1,1,10,BMI;sysBP;age;totChol;diaBP;glucose;heartRate;cigsPerDay;prevalentHyp;education
4,14,1,1,10,BMI;sysBP;age;totChol;diaBP;glucose;heartRate;cigsPerDay;prevalentHyp;education
4,15,1,1,10,BMI;sysBP;age;totChol;diaBP;glucose;heartRate;cigsPerDay;prevalentHyp;education
4,16,0,0,10,BMI;sysBP;age;totChol;diaBP;glucose;heartRate;cigsPerDay;prevalentHyp;education
4,17,0,1,10,BMI;sysBP;age;totChol;diaBP;glucose;heartRate;cigsPerDay;prevalentHyp;education
4,18,0,1,10,BMI;sysBP;age;totChol;diaBP;glucose;heartRate;cigsPerDay;prevalentHyp;education
4,19,0,0,10,BMI;sysBP;age;totChol;diaBP;glucose;heartRate;cigsPerDay;prevalentHyp;education
4,20,1,1,10,BMI;sysBP;age;totChol;diaBP;glucose;heartRate;cigsPerDay;prevalentHyp;education
4,21,1,1,10,BMI;sysBP;age;totChol;diaBP;glucose;heartRate;cigsPerDay;prevalentHyp;education
4,22,0,0,10,BMI;sysBP;age;totChol;diaBP;glucose;heartRate;cigsPerDay;prevalentHyp;education
4,23,0,1,10,BMI;sysBP;age;totChol;diaBP;glucose;heartRate;cigsPerDay;prevalentHyp;education
4,24,1,0,10,BMI;sysBP;age;totChol;diaBP;glucose;heartRate;cigsPerDay;prevalentHyp;education
4,25,0,0,10,BMI;sysBP;age;totChol;diaBP;glucose;heartRate;cigsPerDay;prevalentHyp;education
4,26,1,0,10,BMI;sysBP;age;totChol;diaBP;glucose;heartRate;cigsPerDay;prevalentHyp;education
4,27,0,1,10,BMI;sysBP;age;totChol;diaBP;glucose;heartRate;cigsPerDay;prevalentHyp;education
4,28,0,1,10,BMI;sysBP;age;totChol;diaBP;glucose;heartRate;cigsPerDay;prevalentHyp;education
4,29,1,1,10,BMI;sysBP;age;totChol;diaBP;glucose;heartRate;cigsPerDay;prevalentHyp;education
4,30,0,0,10,BMI;sysBP;age;totChol;diaBP;glucose;heartRate;cigsPerDay;prevalentHyp;education
4,31,1,1,10,BMI;sysBP;age;totChol;diaBP;glucose;heartRate;cigsPerDay;prevalentHyp;education
4,32,0,1,10,BMI;sysBP;age;totChol;diaBP;glucose;heartRate;cigsPerDay;prevalentHyp;education
4,33,1,1,10,BMI;sysBP;age;totChol;diaBP;glucose;heartRate;cigsPerDay;prevalentHyp;education
4,34,0,1,10,BMI;sysBP;age;totChol;diaBP;glucose;heartRate;cigsPerDay;prevalentHyp;education
4,35,1,1,10,BMI;sysBP;age;totChol;diaBP;glucose;heartRate;cigsPerDay;prevalentHyp;education
4,36,1,1,10,BMI;sysBP;age;totChol;diaBP;glucose;heartRate;cigsPerDay;prevalentHyp;education
4,37,0,0,10,BMI;sysBP;age;totChol;diaBP;glucose;heartRate;cigsPerDay;prevalentHyp;education
4,38,1,1,10,BMI;sysBP;age;totChol;diaBP;glucose;heartRate;cigsPerDay;prevalentHyp;education
4,39,1,1,10,BMI;sysBP;age;totChol;diaBP;glucose;heartRate;cigsPerDay;prevalentHyp;education
4,40,0,1,10,BMI;sysBP;age;totChol;diaBP;glucose;heartRate;cigsPerDay;prevalentHyp;education
4,41,1,1,10,BMI;sysBP;age;totChol;diaBP;glucose;heartRate;cigsPerDay;prevalentHyp;education
4,42,1,0,10,BMI;sysBP;age;totChol;diaBP;glucose;heartRate;cigsPerDay;prevalentHyp;education
4,43,1,1,10,BMI;sysBP;age;totChol;diaBP;glucose;heartRate;cigsPerDay;prevalentHyp;education
4,44,1,1,10,BMI;sysBP;age;totChol;diaBP;glucose;heartRate;cigsPerDay;prevalentHyp;education
4,45,0,0,10,BMI;sysBP;age;totChol;diaBP;glucose;heartRate;cigsPerDay;prevalentHyp;education
4,46,1,1,10,BMI;sysBP;age;totChol;diaBP;glucose;heartRate;cigsPerDay;prevalentHyp;education
4,47,1,1,10,BMI;sysBP;age;totChol;diaBP;glucose;heartRate;cigsPerDay;prevalentHyp;education
4,48,1,1,10,BMI;sysBP;age;totChol;diaBP;glucose;heartRate;cigsPerDay;prevalentHyp;education
4,49,1,0,10,BMI;sysBP;age;totChol;diaBP;glucose;heartRate;cigsPerDay;prevalentHyp;education
4,50,1,0,10,BMI;sysBP;age;totChol;diaBP;glucose;heartRate;cigsPerDay;prevalentHyp;education
4,51,0,1,10,BMI;sysBP;age;totChol;diaBP;glucose;heartRate;cigsPerDay;prevalentHyp;education
4,52,0,1,10,BMI;sysBP;age;totChol;diaBP;glucose;heartRate;cigsPerDay;prevalentHyp;education
4,53,1,1,10,BMI;sysBP;age;totChol;diaBP;glucose;heartRate;cigsPerDay;prevalentHyp;education
4,54,0,0,10,BMI;sysBP;age;totChol;diaBP;glucose;heartRate;cigsPerDay;prevalentHyp;education
4,55,1,1,10,BMI;sysBP;age;totChol;diaBP;glucose;heartRate;cigsPerDay;prevalentHyp;education
4,56,0,0,10,BMI;sysBP;age;totChol;diaBP;glucose;heartRate;cigsPerDay;prevalentHyp;education
4,57,1,1,10,BMI;sysBP;age;totChol;diaBP;glucose;heartRate;cigsPerDay;prevalentHyp;education
4,58,1,1,10,BMI;sysBP;age;totChol;diaBP;glucose;heartRate;cigsPerDay;prevalentHyp;education
4,59,1,1,10,BMI;sysBP;age;totChol;diaBP;glucose;heartRate;cigsPerDay;prevalentHyp;education
4,60,1,1,10,BMI;sysBP;age;totChol;diaBP;glucose;heartRate;cigsPerDay;prevalentHyp;education
4,61,0,1,10,BMI;sysBP;age;totChol;diaBP;glucose;heartRate;cigsPerDay;prevalentHyp;education
4,62,0,1,10,BMI;sysBP;age;totChol;diaBP;glucose;heartRate;cigsPerDay;prevalentHyp;education
4,63,1,1,10,BMI;sysBP;age;totChol;diaBP;glucose;heartRate;cigsPerDay;prevalentHyp;education
4,64,1,1,10,BMI;sysBP;age;totChol;diaBP;glucose;heartRate;cigsPerDay;prevalentHyp;education
4,65,1,1,10,BMI;sysBP;age;totChol;diaBP;glucose;heartRate;cigsPerDay;prevalentHyp;education
4,66,0,1,10,BMI;sysBP;age;totChol;diaBP;glucose;heartRate;cigsPerDay;prevalentHyp;education
4,67,0,0,10,BMI;sysBP;age;totChol;diaBP;glucose;heartRate;cigsPerDay;prevalentHyp;education
4,68,0,1,10,BMI;sysBP;age;totChol;diaBP;glucose;heartRate;cigsPerDay;prevalentHyp;education
4,69,1,1,10,BMI;sysBP;age;totChol;diaBP;glucose;heartRate;cigsPerDay;prevalentHyp;education
4,70,0,0,10,BMI;sysBP;age;totChol;diaBP;glucose;heartRate;cigsPerDay;prevalentHyp;education
4,71,1,1,10,BMI;sysBP;age;totChol;diaBP;glucose;heartRate;cigsPerDay;prevalentHyp;education
4,72,1,1,10,BMI;sysBP;age;totChol;diaBP;glucose;heartRate;cigsPerDay;prevalentHyp;education
4,73,1,1,10,BMI;sysBP;age;totChol;diaBP;glucose;heartRate;cigsPerDay;prevalentHyp;education
4,74,0,1,10,BMI;sysBP;age;totChol;diaBP;glucose;heartRate;cigsPerDay;prevalentHyp;education
4,75,0,1,10,BMI;sysBP;age;totChol;diaBP;glucose;heartRate;cigsPerDay;prevalentHyp;education
4,76,0,1,10,BMI;sysBP;age;totChol;diaBP;glucose;heartRate;cigsPerDay;prevalentHyp;education
4,77,0,1,10,BMI;sysBP;age;totChol;diaBP;glucose;heartRate;cigsPerDay;prevalentHyp;education
4,78,1,0,10,BMI;sysBP;age;totChol;diaBP;glucose;heartRate;cigsPerDay;prevalentHyp;education
4,79,0,1,10,BMI;sysBP;age;totChol;diaBP;glucose;heartRate;cigsPerDay;prevalentHyp;education
4,80,1,0,10,BMI;sysBP;age;totChol;diaBP;glucose;heartRate;cigsPerDay;prevalentHyp;education
4,81,1,1,10,BMI;sysBP;age;totChol;diaBP;glucose;heartRate;cigsPerDay;prevalentHyp;education
4,82,0,1,10,BMI;sysBP;age;totChol;diaBP;glucose;heartRate;cigsPerDay;prevalentHyp;education
4,83,0,1,10,BMI;sysBP;age;totChol;diaBP;glucose;heartRate;cigsPerDay;prevalentHyp;education
4,84,0,1,10,BMI;sysBP;age;totChol;diaBP;glucose;heartRate;cigsPerDay;prevalentHyp;education
4,85,1,1,10,BMI;sysBP;age;totChol;diaBP;glucose;heartRate;cigsPerDay;prevalentHyp;education
4,86,0,1,10,BMI;sysBP;age;totChol;diaBP;glucose;heartRate;cigsPerDay;prevalentHyp;education
4,87,0,1,10,BMI;sysBP;age;totChol;diaBP;glucose;heartRate;cigsPerDay;prevalentHyp;education
4,88,1,1,10,BMI;sysBP;age;totChol;diaBP;glucose;heartRate;cigsPerDay;prevalentHyp;education
4,89,1,1,10,BMI;sysBP;age;totChol;diaBP;glucose;heartRate;cigsPerDay;prevalentHyp;education
4,90,0,0,10,BMI;sysBP;age;totChol;diaBP;glucose;heartRate;cigsPerDay;prevalentHyp;education
4,91,0,0,10,BMI;sysBP;age;totChol;diaBP;glucose;heartRate;cigsPerDay;prevalentHyp;education
4,92,1,1,10,BMI;sysBP;age;totChol;diaBP;glucose;heartRate;cigsPerDay;prevalentHyp;education
4,93,0,1,10,BMI;sysBP;age;totChol;diaBP;glucose;heartRate;cigsPerDay;prevalentHyp;education
4,94,1,1,10,BMI;sysBP;age;totChol;diaBP;glucose;heartRate;cigsPerDay;prevalentHyp;education
4,95,0,1,10,BMI;sysBP;age;totChol;diaBP;glucose;heartRate;cigsPerDay;prevalentHyp;education
4,96,0,1,10,BMI;sysBP;age;totChol;diaBP;glucose;heartRate;cigsPerDay;prevalentHyp;education
4,97,0,1,10,BMI;sysBP;age;totChol;diaBP;glucose;heartRate;cigsPerDay;prevalentHyp;education
4,98,0,0,10,BMI;sysBP;age;totChol;diaBP;glucose;heartRate;cigsPerDay;prevalentHyp;education
4,99,1,1,10,BMI;sysBP;age;totChol;diaBP;glucose;heartRate;cigsPerDay;prevalentHyp;education
4,100,0,0,10,BMI;sysBP;age;totChol;diaBP;glucose;heartRate;cigsPerDay;prevalentHyp;education
4,101,1,0,10,BMI;sysBP;age;totChol;diaBP;glucose;heartRate;cigsPerDay;prevalentHyp;education
4,102,1,0,10,BMI;sysBP;age;totChol;diaBP;glucose;heartRate;cigsPerDay;prevalentHyp;education
4,103,1,1,10,BMI;sysBP;age;totChol;diaBP;glucose;heartRate;cigsPerDay;prevalentHyp;education
4,104,1,1,10,BMI;sysBP;age;totChol;diaBP;glucose;heartRate;cigsPerDay;prevalentHyp;education
4,105,1,1,10,BMI;sysBP;age;totChol;diaBP;glucose;heartRate;cigsPerDay;prevalentHyp;education
4,106,1,1,10,BMI;sysBP;age;totChol;diaBP;glucose;heartRate;cigsPerDay;prevalentHyp;education
4,107,1,0,10,BMI;sysBP;age;totChol;diaBP;glucose;heartRate;cigsPerDay;prevalentHyp;education
4,108,0,0,10,BMI;sysBP;age;totChol;diaBP;glucose;heartRate;cigsPerDay;prevalentHyp;education
4,109,0,1,10,BMI;sysBP;age;totChol;diaBP;glucose;heartRate;cigsPerDay;prevalentHyp;education
4,110,1,1,10,BMI;sysBP;age;totChol;diaBP;glucose;heartRate;cigsPerDay;prevalentHyp;education
4,111,0,1,10,BMI;sysBP;age;totChol;diaBP;glucose;heartRate;cigsPerDay;prevalentHyp;education
4,112,0,0,10,BMI;sysBP;age;totChol;diaBP;glucose;heartRate;cigsPerDay;prevalentHyp;education
4,113,0,1,10,BMI;sysBP;age;totChol;diaBP;glucose;heartRate;cigsPerDay;prevalentHyp;education
4,114,0,0,10,BMI;sysBP;age;totChol;diaBP;glucose;heartRate;cigsPerDay;prevalentHyp;education
4,115,1,1,10,BMI;sysBP;age;totChol;diaBP;glucose;heartRate;cigsPerDay;prevalentHyp;education
4,116,1,1,10,BMI;sysBP;age;totChol;diaBP;glucose;heartRate;cigsPerDay;prevalentHyp;education
4,117,0,0,10,BMI;sysBP;age;totChol;diaBP;glucose;heartRate;cigsPerDay;prevalentHyp;education
4,118,0,1,10,BMI;sysBP;age;totChol;diaBP;glucose;heartRate;cigsPerDay;prevalentHyp;education
4,119,0,0,10,BMI;sysBP;age;totChol;diaBP;glucose;heartRate;cigsPerDay;prevalentHyp;education
4,120,1,1,10,BMI;sysBP;age;totChol;diaBP;glucose;heartRate;cigsPerDay;prevalentHyp;education
4,121,1,1,10,BMI;sysBP;age;totChol;diaBP;glucose;heartRate;cigsPerDay;prevalentHyp;education
4,122,1,1,10,BMI;sysBP;age;totChol;diaBP;glucose;heartRate;cigsPerDay;prevalentHyp;education
4,123,0,0,10,BMI;sysBP;age;totChol;diaBP;glucose;heartRate;cigsPerDay;prevalentHyp;education
4,124,1,0,10,BMI;sysBP;age;totChol;diaBP;glucose;heartRate;cigsPerDay;prevalentHyp;education
4,125,1,1,10,BMI;sysBP;age;totChol;diaBP;glucose;heartRate;cigsPerDay;prevalentHyp;education
4,126,0,1,10,BMI;sysBP;age;totChol;diaBP;glucose;heartRate;cigsPerDay;prevalentHyp;education
4,127,0,1,10,BMI;sysBP;age;totChol;diaBP;glucose;heartRate;cigsPerDay;prevalentHyp;education
4,128,1,0,10,BMI;sysBP;age;totChol;diaBP;glucose;heartRate;cigsPerDay;prevalentHyp;education
4,129,0,1,10,BMI;sysBP;age;totChol;diaBP;glucose;heartRate;cigsPerDay;prevalentHyp;education
4,130,0,1,10,BMI;sysBP;age;totChol;diaBP;glucose;heartRate;cigsPerDay;prevalentHyp;education
4,131,1,1,10,BMI;sysBP;age;totChol;diaBP;glucose;heartRate;cigsPerDay;prevalentHyp;education
4,132,0,0,10,BMI;sysBP;age;totChol;diaBP;glucose;heartRate;cigsPerDay;prevalentHyp;education
4,133,1,1,10,BMI;sysBP;age;totChol;diaBP;glucose;heartRate;cigsPerDay;prevalentHyp;education
4,134,1,0,10,BMI;sysBP;age;totChol;diaBP;glucose;heartRate;cigsPerDay;prevalentHyp;education
4,135,1,1,10,BMI;sysBP;age;totChol;diaBP;glucose;heartRate;cigsPerDay;prevalentHyp;education
4,136,0,1,10,BMI;sysBP;age;totChol;diaBP;glucose;heartRate;cigsPerDay;prevalentHyp;education
4,137,0,1,10,BMI;sysBP;age;totChol;diaBP;glucose;heartRate;cigsPerDay;prevalentHyp;education
4,138,0,0,10,BMI;sysBP;age;totChol;diaBP;glucose;heartRate;cigsPerDay;prevalentHyp;education
4,139,0,0,10,BMI;sysBP;age;totChol;diaBP;glucose;heartRate;cigsPerDay;prevalentHyp;education
4,140,1,1,10,BMI;sysBP;age;totChol;diaBP;glucose;heartRate;cigsPerDay;prevalentHyp;education
4,141,1,1,10,BMI;sysBP;age;totChol;diaBP;glucose;heartRate;cigsPerDay;prevalentHyp;education
4,142,0,1,10,BMI;sysBP;age;totChol;diaBP;glucose;heartRate;cigsPerDay;prevalentHyp;education
4,143,1,1,10,BMI;sysBP;age;totChol;diaBP;glucose;heartRate;cigsPerDay;prevalentHyp;education
4,144,1,1,10,BMI;sysBP;age;totChol;diaBP;glucose;heartRate;cigsPerDay;prevalentHyp;education
4,145,0,0,10,BMI;sysBP;age;totChol;diaBP;glucose;heartRate;cigsPerDay;prevalentHyp;education
4,146,1,1,10,BMI;sysBP;age;totChol;diaBP;glucose;heartRate;cigsPerDay;prevalentHyp;education
4,147,1,1,10,BMI;sysBP;age;totChol;diaBP;glucose;heartRate;cigsPerDay;prevalentHyp;education
4,148,1,1,10,BMI;sysBP;age;totChol;diaBP;glucose;heartRate;cigsPerDay;prevalentHyp;education
4,149,0,0,10,BMI;sysBP;age;totChol;diaBP;glucose;heartRate;cigsPerDay;prevalentHyp;education
4,150,1,1,10,BMI;sysBP;age;totChol;diaBP;glucose;heartRate;cigsPerDay;prevalentHyp;education
4,151,0,0,10,BMI;sysBP;age;totChol;diaBP;glucose;heartRate;cigsPerDay;prevalentHyp;education
4,152,0,0,10,BMI;sysBP;age;totChol;diaBP;glucose;heartRate;cigsPerDay;prevalentHyp;education
4,153,1,1,10,BMI;sysBP;age;totChol;diaBP;glucose;heartRate;cigsPerDay;prevalentHyp;education
4,154,1,1,10,BMI;sysBP;age;totChol;diaBP;glucose;heartRate;cigsPerDay;prevalentHyp;education
4,155,1,0,10,BMI;sysBP;age;totChol;diaBP;glucose;heartRate;cigsPerDay;prevalentHyp;education
4,156,1,0,10,BMI;sysBP;age;totChol;diaBP;glucose;heartRate;cigsPerDay;prevalentHyp;education
4,157,1,1,10,BMI;sysBP;age;totChol;diaBP;glucose;heartRate;cigsPerDay;prevalentHyp;education
4,158,0,1,10,BMI;sysBP;age;totChol;diaBP;glucose;heartRate;cigsPerDay;prevalentHyp;education
4,159,0,0,10,BMI;sysBP;age;totChol;diaBP;glucose;heartRate;cigsPerDay;prevalentHyp;education
4,160,0,1,10,BMI;sysBP;age;totChol;diaBP;glucose;heartRate;cigsPerDay;prevalentHyp;education
4,161,0,0,10,BMI;sysBP;age;totChol;diaBP;glucose;heartRate;cigsPerDay;prevalentHyp;education
4,162,0,0,10,BMI;sysBP;age;totChol;diaBP;glucose;heartRate;cigsPerDay;prevalentHyp;education
4,163,1,1,10,BMI;sysBP;age;totChol;diaBP;glucose;heartRate;cigsPerDay;prevalentHyp;education
4,164,0,1,10,BMI;sysBP;age;totChol;diaBP;glucose;heartRate;cigsPerDay;prevalentHyp;education
4,165,1,1,10,BMI;sysBP;age;totChol;diaBP;glucose;heartRate;cigsPerDay;prevalentHyp;education
4,166,0,1,10,BMI;sysBP;age;totChol;diaBP;glucose;heartRate;cigsPerDay;prevalentHyp;education
4,167,1,0,10,BMI;sysBP;age;totChol;diaBP;glucose;heartRate;cigsPerDay;prevalentHyp;education
4,168,1,0,10,BMI;sysBP;age;totChol;diaBP;glucose;heartRate;cigsPerDay;prevalentHyp;education
4,169,0,0,10,BMI;sysBP;age;totChol;diaBP;glucose;heartRate;cigsPerDay;prevalentHyp;education
4,170,1,0,10,BMI;sysBP;age;totChol;diaBP;glucose;heartRate;cigsPerDay;prevalentHyp;education
4,171,1,1,10,BMI;sysBP;age;totChol;diaBP;glucose;heartRate;cigsPerDay;prevalentHyp;education
4,172,1,0,10,BMI;sysBP;age;totChol;diaBP;glucose;heartRate;cigsPerDay;prevalentHyp;education
4,173,1,0,10,BMI;sysBP;age;totChol;diaBP;glucose;heartRate;cigsPerDay;prevalentHyp;education
4,174,1,1,10,BMI;sysBP;age;totChol;diaBP;glucose;heartRate;cigsPerDay;prevalentHyp;education
4,175,0,1,10,BMI;sysBP;age;totChol;diaBP;glucose;heartRate;cigsPerDay;prevalentHyp;education
4,176,1,1,10,BMI;sysBP;age;totChol;diaBP;glucose;heartRate;cigsPerDay;prevalentHyp;education
4,177,0,1,10,BMI;sysBP;age;totChol;diaBP;glucose;heartRate;cigsPerDay;prevalentHyp;education
4,178,1,0,10,BMI;sysBP;age;totChol;diaBP;glucose;heartRate;cigsPerDay;prevalentHyp;education
4,179,1,1,10,BMI;sysBP;age;totChol;diaBP;glucose;heartRate;cigsPerDay;prevalentHyp;education
4,180,1,1,10,BMI;sysBP;age;totChol;diaBP;glucose;heartRate;cigsPerDay;prevalentHyp;education
4,181,1,1,10,BMI;sysBP;age;totChol;diaBP;glucose;heartRate;cigsPerDay;prevalentHyp;education
4,182,1,0,10,BMI;sysBP;age;totChol;diaBP;glucose;heartRate;cigsPerDay;prevalentHyp;education
4,183,1,0,10,BMI;sysBP;age;totChol;diaBP;glucose;heartRate;cigsPerDay;prevalentHyp;education
4,184,1,1,10,BMI;sysBP;age;totChol;diaBP;glucose;heartRate;cigsPerDay;prevalentHyp;education
4,185,1,1,10,BMI;sysBP;age;totChol;diaBP;glucose;heartRate;cigsPerDay;prevalentHyp;education
4,186,0,0,10,BMI;sysBP;age;totChol;diaBP;glucose;heartRate;cigsPerDay;prevalentHyp;education
4,187,0,1,10,BMI;sysBP;age;totChol;diaBP;glucose;heartRate;cigsPerDay;prevalentHyp;education
4,188,0,1,10,BMI;sysBP;age;totChol;diaBP;glucose;heartRate;cigsPerDay;prevalentHyp;education
4,189,1,0,10,BMI;sysBP;age;totChol;diaBP;glucose;heartRate;cigsPerDay;prevalentHyp;education
4,190,1,0,10,BMI;sysBP;age;totChol;diaBP;glucose;heartRate;cigsPerDay;prevalentHyp;education
4,191,1,1,10,BMI;sysBP;age;totChol;diaBP;glucose;heartRate;cigsPerDay;prevalentHyp;education
4,192,0,1,10,BMI;sysBP;age;totChol;diaBP;glucose;heartRate;cigsPerDay;prevalentHyp;education
4,193,1,1,10,BMI;sysBP;age;totChol;diaBP;glucose;heartRate;cigsPerDay;prevalentHyp;education
4,194,0,1,10,BMI;sysBP;age;totChol;diaBP;glucose;heartRate;cigsPerDay;prevalentHyp;education
4,195,0,1,10,BMI;sysBP;age;totChol;diaBP;glucose;heartRate;cigsPerDay;prevalentHyp;education
4,196,0,1,10,BMI;sysBP;age;totChol;diaBP;glucose;heartRate;cigsPerDay;prevalentHyp;education
4,197,0,0,10,BMI;sysBP;age;totChol;diaBP;glucose;heartRate;cigsPerDay;prevalentHyp;education
4,198,0,1,10,BMI;sysBP;age;totChol;diaBP;glucose;heartRate;cigsPerDay;prevalentHyp;education
4,199,0,1,10,BMI;sysBP;age;totChol;diaBP;glucose;heartRate;cigsPerDay;prevalentHyp;education
4,200,1,1,10,BMI;sysBP;age;totChol;diaBP;glucose;heartRate;cigsPerDay;prevalentHyp;education
4,201,0,1,10,BMI;sysBP;age;totChol;diaBP;glucose;heartRate;cigsPerDay;prevalentHyp;education
4,202,0,1,10,BMI;sysBP;age;totChol;diaBP;glucose;heartRate;cigsPerDay;prevalentHyp;education
4,203,0,0,10,BMI;sysBP;age;totChol;diaBP;glucose;heartRate;cigsPerDay;prevalentHyp;education
4,204,0,0,10,BMI;sysBP;age;totChol;diaBP;glucose;heartRate;cigsPerDay;prevalentHyp;education
4,205,1,1,10,BMI;sysBP;age;totChol;diaBP;glucose;heartRate;cigsPerDay;prevalentHyp;education
4,206,1,0,10,BMI;sysBP;age;totChol;diaBP;glucose;heartRate;cigsPerDay;prevalentHyp;education
4,207,1,1,10,BMI;sysBP;age;totChol;diaBP;glucose;heartRate;cigsPerDay;prevalentHyp;education
4,208,0,0,10,BMI;sysBP;age;totChol;diaBP;glucose;heartRate;cigsPerDay;prevalentHyp;education
4,209,1,1,10,BMI;sysBP;age;totChol;diaBP;glucose;heartRate;cigsPerDay;prevalentHyp;education
4,210,0,0,10,BMI;sysBP;age;totChol;diaBP;glucose;heartRate;cigsPerDay;prevalentHyp;education
4,211,1,0,10,BMI;sysBP;age;totChol;diaBP;glucose;heartRate;cigsPerDay;prevalentHyp;education
4,212,1,1,10,BMI;sysBP;age;totChol;diaBP;glucose;heartRate;cigsPerDay;prevalentHyp;education
4,213,0,1,10,BMI;sysBP;age;totChol;diaBP;glucose;heartRate;cigsPerDay;prevalentHyp;education
4,214,0,1,10,BMI;sysBP;age;totChol;diaBP;glucose;heartRate;cigsPerDay;prevalentHyp;education
4,215,1,0,10,BMI;sysBP;age;totChol;diaBP;glucose;heartRate;cigsPerDay;prevalentHyp;education
4,216,0,1,10,BMI;sysBP;age;totChol;diaBP;glucose;heartRate;cigsPerDay;prevalentHyp;education
4,217,0,0,10,BMI;sysBP;age;totChol;diaBP;glucose;heartRate;cigsPerDay;prevalentHyp;education
4,218,0,1,10,BMI;sysBP;age;totChol;diaBP;glucose;heartRate;cigsPerDay;prevalentHyp;education
4,219,0,1,10,BMI;sysBP;age;totChol;diaBP;glucose;heartRate;cigsPerDay;prevalentHyp;education
4,220,0,1,10,BMI;sysBP;age;totChol;diaBP;glucose;heartRate;cigsPerDay;prevalentHyp;education
4,221,1,1,10,BMI;sysBP;age;totChol;diaBP;glucose;heartRate;cigsPerDay;prevalentHyp;education
4,222,0,0,10,BMI;sysBP;age;totChol;diaBP;glucose;heartRate;cigsPerDay;prevalentHyp;education
4,223,1,1,10,BMI;sysBP;age;totChol;diaBP;glucose;heartRate;cigsPerDay;prevalentHyp;education
4,224,1,0,10,BMI;sysBP;age;totChol;diaBP;glucose;heartRate;cigsPerDay;prevalentHyp;education
4,225,1,1,10,BMI;sysBP;age;totChol;diaBP;glucose;heartRate;cigsPerDay;prevalentHyp;education
4,226,1,1,10,BMI;sysBP;age;totChol;diaBP;glucose;heartRate;cigsPerDay;prevalentHyp;education
4,227,0,1,10,BMI;sysBP;age;totChol;diaBP;glucose;heartRate;cigsPerDay;prevalentHyp;education
4,228,1,1,10,BMI;sysBP;age;totChol;diaBP;glucose;heartRate;cigsPerDay;prevalentHyp;education
4,229,0,0,10,BMI;sysBP;age;totChol;diaBP;glucose;heartRate;cigsPerDay;prevalentHyp;education
4,230,1,1,10,BMI;sysBP;age;totChol;diaBP;glucose;heartRate;cigsPerDay;prevalentHyp;education
4,231,0,0,10,BMI;sysBP;age;totChol;diaBP;glucose;heartRate;cigsPerDay;prevalentHyp;education
4,232,0,0,10,BMI;sysBP;age;totChol;diaBP;glucose;heartRate;cigsPerDay;prevalentHyp;education
4,233,1,1,10,BMI;sysBP;age;totChol;diaBP;glucose;heartRate;cigsPerDay;prevalentHyp;education
4,234,1,0,10,BMI;sysBP;age;totChol;diaBP;glucose;heartRate;cigsPerDay;prevalentHyp;education
4,235,0,1,10,BMI;sysBP;age;totChol;diaBP;glucose;heartRate;cigsPerDay;prevalentHyp;education
4,236,0,0,10,BMI;sysBP;age;totChol;diaBP;glucose;heartRate;cigsPerDay;prevalentHyp;education
4,237,0,1,10,BMI;sysBP;age;totChol;diaBP;glucose;heartRate;cigsPerDay;prevalentHyp;education
4,238,0,0,10,BMI;sysBP;age;totChol;diaBP;glucose;heartRate;cigsPerDay;prevalentHyp;education
4,239,0,1,10,BMI;sysBP;age;totChol;diaBP;glucose;heartRate;cigsPerDay;prevalentHyp;education
4,240,0,1,10,BMI;sysBP;age;totChol;diaBP;glucose;heartRate;cigsPerDay;prevalentHyp;education
4,241,1,1,10,BMI;sysBP;age;totChol;diaBP;glucose;heartRate;cigsPerDay;prevalentHyp;education
4,242,1,0,10,BMI;sysBP;age;totChol;diaBP;glucose;heartRate;cigsPerDay;prevalentHyp;education
4,243,0,1,10,BMI;sysBP;age;totChol;diaBP;glucose;heartRate;cigsPerDay;prevalentHyp;education
4,244,1,1,10,BMI;sysBP;age;totChol;diaBP;glucose;heartRate;cigsPerDay;prevalentHyp;education
4,245,1,1,10,BMI;sysBP;age;totChol;diaBP;glucose;heartRate;cigsPerDay;prevalentHyp;education
4,246,0,0,10,BMI;sysBP;age;totChol;diaBP;glucose;heartRate;cigsPerDay;prevalentHyp;education
4,247,1,1,10,BMI;sysBP;age;totChol;diaBP;glucose;heartRate;cigsPerDay;prevalentHyp;education
4,248,0,1,10,BMI;sysBP;age;totChol;diaBP;glucose;heartRate;cigsPerDay;prevalentHyp;education
4,249,0,0,10,BMI;sysBP;age;totChol;diaBP;glucose;heartRate;cigsPerDay;prevalentHyp;education
4,250,1,1,10,BMI;sysBP;age;totChol;diaBP;glucose;heartRate;cigsPerDay;prevalentHyp;education
4,251,0,0,10,BMI;sysBP;age;totChol;diaBP;glucose;heartRate;cigsPerDay;prevalentHyp;education
4,252,1,0,10,BMI;sysBP;age;totChol;diaBP;glucose;heartRate;cigsPerDay;prevalentHyp;education
4,253,0,0,10,BMI;sysBP;age;totChol;diaBP;glucose;heartRate;cigsPerDay;prevalentHyp;education
4,254,1,1,10,BMI;sysBP;age;totChol;diaBP;glucose;heartRate;cigsPerDay;prevalentHyp;education
4,255,0,1,10,BMI;sysBP;age;totChol;diaBP;glucose;heartRate;cigsPerDay;prevalentHyp;education
4,256,1,0,10,BMI;sysBP;age;totChol;diaBP;glucose;heartRate;cigsPerDay;prevalentHyp;education
4,257,1,1,10,BMI;sysBP;age;totChol;diaBP;glucose;heartRate;cigsPerDay;prevalentHyp;education
4,258,0,1,10,BMI;sysBP;age;totChol;diaBP;glucose;heartRate;cigsPerDay;prevalentHyp;education
4,259,1,1,10,BMI;sysBP;age;totChol;diaBP;glucose;heartRate;cigsPerDay;prevalentHyp;education
4,260,1,0,10,BMI;sysBP;age;totChol;diaBP;glucose;heartRate;cigsPerDay;prevalentHyp;education
4,261,1,1,10,BMI;sysBP;age;totChol;diaBP;glucose;heartRate;cigsPerDay;prevalentHyp;education
4,262,1,1,10,BMI;sysBP;age;totChol;diaBP;glucose;heartRate;cigsPerDay;prevalentHyp;education
4,263,1,1,10,BMI;sysBP;age;totChol;diaBP;glucose;heartRate;cigsPerDay;prevalentHyp;education
4,264,1,1,10,BMI;sysBP;age;totChol;diaBP;glucose;heartRate;cigsPerDay;prevalentHyp;education
4,265,1,0,10,BMI;sysBP;age;totChol;diaBP;glucose;heartRate;cigsPerDay;prevalentHyp;education
4,266,0,0,10,BMI;sysBP;age;totChol;diaBP;glucose;heartRate;cigsPerDay;prevalentHyp;education
4,267,0,0,10,BMI;sysBP;age;totChol;diaBP;glucose;heartRate;cigsPerDay;prevalentHyp;education
4,268,0,1,10,BMI;sysBP;age;totChol;diaBP;glucose;heartRate;cigsPerDay;prevalentHyp;education
4,269,1,1,10,BMI;sysBP;age;totChol;diaBP;glucose;heartRate;cigsPerDay;prevalentHyp;education
4,270,1,1,10,BMI;sysBP;age;totChol;diaBP;glucose;heartRate;cigsPerDay;prevalentHyp;education
4,271,0,0,10,BMI;sysBP;age;totChol;diaBP;glucose;heartRate;cigsPerDay;prevalentHyp;education
4,272,0,1,10,BMI;sysBP;age;totChol;diaBP;glucose;heartRate;cigsPerDay;prevalentHyp;education
4,273,0,1,10,BMI;sysBP;age;totChol;diaBP;glucose;heartRate;cigsPerDay;prevalentHyp;education
4,274,1,1,10,BMI;sysBP;age;totChol;diaBP;glucose;heartRate;cigsPerDay;prevalentHyp;education
4,275,1,1,10,BMI;sysBP;age;totChol;diaBP;glucose;heartRate;cigsPerDay;prevalentHyp;education
4,276,0,1,10,BMI;sysBP;age;totChol;diaBP;glucose;heartRate;cigsPerDay;prevalentHyp;education
4,277,0,1,10,BMI;sysBP;age;totChol;diaBP;glucose;heartRate;cigsPerDay;prevalentHyp;education
4,278,0,0,10,BMI;sysBP;age;totChol;diaBP;glucose;heartRate;cigsPerDay;prevalentHyp;education
4,279,0,1,10,BMI;sysBP;age;totChol;diaBP;glucose;heartRate;cigsPerDay;prevalentHyp;education
4,280,1,1,10,BMI;sysBP;age;totChol;diaBP;glucose;heartRate;cigsPerDay;prevalentHyp;education
4,281,0,1,10,BMI;sysBP;age;totChol;diaBP;glucose;heartRate;cigsPerDay;prevalentHyp;education
4,282,0,1,10,BMI;sysBP;age;totChol;diaBP;glucose;heartRate;cigsPerDay;prevalentHyp;education
4,283,1,1,10,BMI;sysBP;age;totChol;diaBP;glucose;heartRate;cigsPerDay;prevalentHyp;education
4,284,0,0,10,BMI;sysBP;age;totChol;diaBP;glucose;heartRate;cigsPerDay;prevalentHyp;education
4,285,0,0,10,BMI;sysBP;age;totChol;diaBP;glucose;heartRate;cigsPerDay;prevalentHyp;education
4,286,0,1,10,BMI;sysBP;age;totChol;diaBP;glucose;heartRate;cigsPerDay;prevalentHyp;education
4,287,1,1,10,BMI;sysBP;age;totChol;diaBP;glucose;heartRate;cigsPerDay;prevalentHyp;education
4,288,1,0,10,BMI;sysBP;age;totChol;diaBP;glucose;heartRate;cigsPerDay;prevalentHyp;education
4,289,0,0,10,BMI;sysBP;age;totChol;diaBP;glucose;heartRate;cigsPerDay;prevalentHyp;education
4,290,1,1,10,BMI;sysBP;age;totChol;diaBP;glucose;heartRate;cigsPerDay;prevalentHyp;education
4,291,1,1,10,BMI;sysBP;age;totChol;diaBP;glucose;heartRate;cigsPerDay;prevalentHyp;education
4,292,1,1,10,BMI;sysBP;age;totChol;diaBP;glucose;heartRate;cigsPerDay;prevalentHyp;education
4,293,0,1,10,BMI;sysBP;age;totChol;diaBP;glucose;heartRate;cigsPerDay;prevalentHyp;education
4,294,0,0,10,BMI;sysBP;age;totChol;diaBP;glucose;heartRate;cigsPerDay;prevalentHyp;education
4,295,0,1,10,BMI;sysBP;age;totChol;diaBP;glucose;heartRate;cigsPerDay;prevalentHyp;education
4,296,1,1,10,BMI;sysBP;age;totChol;diaBP;glucose;heartRate;cigsPerDay;prevalentHyp;education
4,297,0,0,10,BMI;sysBP;age;totChol;diaBP;glucose;heartRate;cigsPerDay;prevalentHyp;education
4,298,0,0,10,BMI;sysBP;age;totChol;diaBP;glucose;heartRate;cigsPerDay;prevalentHyp;education
4,299,0,1,10,BMI;sysBP;age;totChol;diaBP;glucose;heartRate;cigsPerDay;prevalentHyp;education
4,300,0,0,10,BMI;sysBP;age;totChol;diaBP;glucose;heartRate;cigsPerDay;prevalentHyp;education
4,301,1,1,10,BMI;sysBP;age;totChol;diaBP;glucose;heartRate;cigsPerDay;prevalentHyp;education
4,302,0,0,10,BMI;sysBP;age;totChol;diaBP;glucose;heartRate;cigsPerDay;prevalentHyp;education
4,303,1,0,10,BMI;sysBP;age;totChol;diaBP;glucose;heartRate;cigsPerDay;prevalentHyp;education
4,304,1,1,10,BMI;sysBP;age;totChol;diaBP;glucose;heartRate;cigsPerDay;prevalentHyp;education
4,305,1,1,10,BMI;sysBP;age;totChol;diaBP;glucose;heartRate;cigsPerDay;prevalentHyp;education
4,306,1,1,10,BMI;sysBP;age;totChol;diaBP;glucose;heartRate;cigsPerDay;prevalentHyp;education
4,307,1,0,10,BMI;sysBP;age;totChol;diaBP;glucose;heartRate;cigsPerDay;prevalentHyp;education
4,308,1,1,10,BMI;sysBP;age;totChol;diaBP;glucose;heartRate;cigsPerDay;prevalentHyp;education
4,309,0,1,10,BMI;sysBP;age;totChol;diaBP;glucose;heartRate;cigsPerDay;prevalentHyp;education
4,310,1,0,10,BMI;sysBP;age;totChol;diaBP;glucose;heartRate;cigsPerDay;prevalentHyp;education
4,311,1,1,10,BMI;sysBP;age;totChol;diaBP;glucose;heartRate;cigsPerDay;prevalentHyp;education
4,312,1,0,10,BMI;sysBP;age;totChol;diaBP;glucose;heartRate;cigsPerDay;prevalentHyp;education
4,313,0,1,10,BMI;sysBP;age;totChol;diaBP;glucose;heartRate;cigsPerDay;prevalentHyp;education
4,314,0,1,10,BMI;sysBP;age;totChol;diaBP;glucose;heartRate;cigsPerDay;prevalentHyp;education
4,315,0,0,10,BMI;sysBP;age;totChol;diaBP;glucose;heartRate;cigsPerDay;prevalentHyp;education
4,316,0,1,10,BMI;sysBP;age;totChol;diaBP;glucose;heartRate;cigsPerDay;prevalentHyp;education
4,317,0,0,10,BMI;sysBP;age;totChol;diaBP;glucose;heartRate;cigsPerDay;prevalentHyp;education
4,318,0,0,10,BMI;sysBP;age;totChol;diaBP;glucose;heartRate;cigsPerDay;prevalentHyp;education
4,319,0,1,10,BMI;sysBP;age;totChol;diaBP;glucose;heartRate;cigsPerDay;prevalentHyp;education
4,320,0,1,10,BMI;sysBP;age;totChol;diaBP;glucose;heartRate;cigsPerDay;prevalentHyp;education
4,321,0,1,10,BMI;sysBP;age;totChol;diaBP;glucose;heartRate;cigsPerDay;prevalentHyp;education
4,322,0,1,10,BMI;sysBP;age;totChol;diaBP;glucose;heartRate;cigsPerDay;prevalentHyp;education
4,323,0,1,10,BMI;sysBP;age;totChol;diaBP;glucose;heartRate;cigsPerDay;prevalentHyp;education
4,324,0,0,10,BMI;sysBP;age;totChol;diaBP;glucose;heartRate;cigsPerDay;prevalentHyp;education
4,325,0,1,10,BMI;sysBP;age;totChol;diaBP;glucose;heartRate;cigsPerDay;prevalentHyp;education
4,326,0,0,10,BMI;sysBP;age;totChol;diaBP;glucose;heartRate;cigsPerDay;prevalentHyp;education
4,327,0,1,10,BMI;sysBP;age;totChol;diaBP;glucose;heartRate;cigsPerDay;prevalentHyp;education
4,328,0,0,10,BMI;sysBP;age;totChol;diaBP;glucose;heartRate;cigsPerDay;prevalentHyp;education
4,329,1,1,10,BMI;sysBP;age;totChol;diaBP;glucose;heartRate;cigsPerDay;prevalentHyp;education
4,330,1,0,10,BMI;sysBP;age;totChol;diaBP;glucose;heartRate;cigsPerDay;prevalentHyp;education
4,331,0,1,10,BMI;sysBP;age;totChol;diaBP;glucose;heartRate;cigsPerDay;prevalentHyp;education
4,332,1,1,10,BMI;sysBP;age;totChol;diaBP;glucose;heartRate;cigsPerDay;prevalentHyp;education
4,333,0,0,10,BMI;sysBP;age;totChol;diaBP;glucose;heartRate;cigsPerDay;prevalentHyp;education
4,334,0,1,10,BMI;sysBP;age;totChol;diaBP;glucose;heartRate;cigsPerDay;prevalentHyp;education
4,335,1,0,10,BMI;sysBP;age;totChol;diaBP;glucose;heartRate;cigsPerDay;prevalentHyp;education
4,336,1,1,10,BMI;sysBP;age;totChol;diaBP;glucose;heartRate;cigsPerDay;prevalentHyp;education
4,337,1,1,10,BMI;sysBP;age;totChol;diaBP;glucose;heartRate;cigsPerDay;prevalentHyp;education
4,338,1,0,10,BMI;sysBP;age;totChol;diaBP;glucose;heartRate;cigsPerDay;prevalentHyp;education
4,339,1,1,10,BMI;sysBP;age;totChol;diaBP;glucose;heartRate;cigsPerDay;prevalentHyp;education
4,340,0,1,10,BMI;sysBP;age;totChol;diaBP;glucose;heartRate;cigsPerDay;prevalentHyp;education
4,341,1,1,10,BMI;sysBP;age;totChol;diaBP;glucose;heartRate;cigsPerDay;prevalentHyp;education
4,342,0,1,10,BMI;sysBP;age;totChol;diaBP;glucose;heartRate;cigsPerDay;prevalentHyp;education
4,343,1,1,10,BMI;sysBP;age;totChol;diaBP;glucose;heartRate;cigsPerDay;prevalentHyp;education
4,344,0,1,10,BMI;sysBP;age;totChol;diaBP;glucose;heartRate;cigsPerDay;prevalentHyp;education
4,345,1,0,10,BMI;sysBP;age;totChol;diaBP;glucose;heartRate;cigsPerDay;prevalentHyp;education
4,346,0,0,10,BMI;sysBP;age;totChol;diaBP;glucose;heartRate;cigsPerDay;prevalentHyp;education
4,347,0,0,10,BMI;sysBP;age;totChol;diaBP;glucose;heartRate;cigsPerDay;prevalentHyp;education
4,348,0,0,10,BMI;sysBP;age;totChol;diaBP;glucose;heartRate;cigsPerDay;prevalentHyp;education
4,349,1,1,10,BMI;sysBP;age;totChol;diaBP;glucose;heartRate;cigsPerDay;prevalentHyp;education
4,350,0,0,10,BMI;sysBP;age;totChol;diaBP;glucose;heartRate;cigsPerDay;prevalentHyp;education
4,351,1,0,10,BMI;sysBP;age;totChol;diaBP;glucose;heartRate;cigsPerDay;prevalentHyp;education
4,352,0,1,10,BMI;sysBP;age;totChol;diaBP;glucose;heartRate;cigsPerDay;prevalentHyp;education
4,353,1,1,10,BMI;sysBP;age;totChol;diaBP;glucose;heartRate;cigsPerDay;prevalentHyp;education
4,354,0,0,10,BMI;sysBP;age;totChol;diaBP;glucose;heartRate;cigsPerDay;prevalentHyp;education
4,355,0,1,10,BMI;sysBP;age;totChol;diaBP;glucose;heartRate;cigsPerDay;prevalentHyp;education
4,356,1,1,10,BMI;sysBP;age;totChol;diaBP;glucose;heartRate;cigsPerDay;prevalentHyp;education
4,357,0,0,10,BMI;sysBP;age;totChol;diaBP;glucose;heartRate;cigsPerDay;prevalentHyp;education
4,358,0,1,10,BMI;sysBP;age;totChol;diaBP;glucose;heartRate;cigsPerDay;prevalentHyp;education
4,359,0,0,10,BMI;sysBP;age;totChol;diaBP;glucose;heartRate;cigsPerDay;prevalentHyp;education
4,360,0,0,10,BMI;sysBP;age;totChol;diaBP;glucose;heartRate;cigsPerDay;prevalentHyp;education
4,361,1,1,10,BMI;sysBP;age;totChol;diaBP;glucose;heartRate;cigsPerDay;prevalentHyp;education
4,362,1,1,10,BMI;sysBP;age;totChol;diaBP;glucose;heartRate;cigsPerDay;prevalentHyp;education
4,363,1,1,10,BMI;sysBP;age;totChol;diaBP;glucose;heartRate;cigsPerDay;prevalentHyp;education
4,364,1,1,10,BMI;sysBP;age;totChol;diaBP;glucose;heartRate;cigsPerDay;prevalentHyp;education
4,365,0,1,10,BMI;sysBP;age;totChol;diaBP;glucose;heartRate;cigsPerDay;prevalentHyp;education
4,366,1,0,10,BMI;sysBP;age;totChol;diaBP;glucose;heartRate;cigsPerDay;prevalentHyp;education
4,367,1,1,10,BMI;sysBP;age;totChol;diaBP;glucose;heartRate;cigsPerDay;prevalentHyp;education
4,368,1,1,10,BMI;sysBP;age;totChol;diaBP;glucose;heartRate;cigsPerDay;prevalentHyp;education
4,369,1,1,10,BMI;sysBP;age;totChol;diaBP;glucose;heartRate;cigsPerDay;prevalentHyp;education
4,370,0,1,10,BMI;sysBP;age;totChol;diaBP;glucose;heartRate;cigsPerDay;prevalentHyp;education
4,371,0,0,10,BMI;sysBP;age;totChol;diaBP;glucose;heartRate;cigsPerDay;prevalentHyp;education
4,372,0,0,10,BMI;sysBP;age;totChol;diaBP;glucose;heartRate;cigsPerDay;prevalentHyp;education
4,373,1,1,10,BMI;sysBP;age;totChol;diaBP;glucose;heartRate;cigsPerDay;prevalentHyp;education
4,374,0,1,10,BMI;sysBP;age;totChol;diaBP;glucose;heartRate;cigsPerDay;prevalentHyp;education
4,375,1,1,10,BMI;sysBP;age;totChol;diaBP;glucose;heartRate;cigsPerDay;prevalentHyp;education
4,376,0,0,10,BMI;sysBP;age;totChol;diaBP;glucose;heartRate;cigsPerDay;prevalentHyp;education
4,377,1,1,10,BMI;sysBP;age;totChol;diaBP;glucose;heartRate;cigsPerDay;prevalentHyp;education
4,378,0,1,10,BMI;sysBP;age;totChol;diaBP;glucose;heartRate;cigsPerDay;prevalentHyp;education
4,379,0,0,10,BMI;sysBP;age;totChol;diaBP;glucose;heartRate;cigsPerDay;prevalentHyp;education
4,380,0,1,10,BMI;sysBP;age;totChol;diaBP;glucose;heartRate;cigsPerDay;prevalentHyp;education
4,381,0,1,10,BMI;sysBP;age;totChol;diaBP;glucose;heartRate;cigsPerDay;prevalentHyp;education
4,382,1,1,10,BMI;sysBP;age;totChol;diaBP;glucose;heartRate;cigsPerDay;prevalentHyp;education
4,383,1,1,10,BMI;sysBP;age;totChol;diaBP;glucose;heartRate;cigsPerDay;prevalentHyp;education
4,384,1,1,10,BMI;sysBP;age;totChol;diaBP;glucose;heartRate;cigsPerDay;prevalentHyp;education
4,385,0,1,10,BMI;sysBP;age;totChol;diaBP;glucose;heartRate;cigsPerDay;prevalentHyp;education
4,386,1,1,10,BMI;sysBP;age;totChol;diaBP;glucose;heartRate;cigsPerDay;prevalentHyp;education
4,387,0,1,10,BMI;sysBP;age;totChol;diaBP;glucose;heartRate;cigsPerDay;prevalentHyp;education
4,388,1,1,10,BMI;sysBP;age;totChol;diaBP;glucose;heartRate;cigsPerDay;prevalentHyp;education
4,389,0,0,10,BMI;sysBP;age;totChol;diaBP;glucose;heartRate;cigsPerDay;prevalentHyp;education
4,390,0,1,10,BMI;sysBP;age;totChol;diaBP;glucose;heartRate;cigsPerDay;prevalentHyp;education
4,391,1,1,10,BMI;sysBP;age;totChol;diaBP;glucose;heartRate;cigsPerDay;prevalentHyp;education
4,392,0,1,10,BMI;sysBP;age;totChol;diaBP;glucose;heartRate;cigsPerDay;prevalentHyp;education
4,393,1,1,10,BMI;sysBP;age;totChol;diaBP;glucose;heartRate;cigsPerDay;prevalentHyp;education
4,394,1,1,10,BMI;sysBP;age;totChol;diaBP;glucose;heartRate;cigsPerDay;prevalentHyp;education
4,395,1,1,10,BMI;sysBP;age;totChol;diaBP;glucose;heartRate;cigsPerDay;prevalentHyp;education
4,396,1,1,10,BMI;sysBP;age;totChol;diaBP;glucose;heartRate;cigsPerDay;prevalentHyp;education
4,397,0,1,10,BMI;sysBP;age;totChol;diaBP;glucose;heartRate;cigsPerDay;prevalentHyp;education
4,398,0,0,10,BMI;sysBP;age;totChol;diaBP;glucose;heartRate;cigsPerDay;prevalentHyp;education
4,399,1,1,10,BMI;sysBP;age;totChol;diaBP;glucose;heartRate;cigsPerDay;prevalentHyp;education
5,0,0,1,10,BMI;sysBP;age;totChol;diaBP;glucose;heartRate;cigsPerDay;prevalentHyp;education
5,1,0,0,10,BMI;sysBP;age;totChol;diaBP;glucose;heartRate;cigsPerDay;prevalentHyp;education
5,2,1,1,10,BMI;sysBP;age;totChol;diaBP;glucose;heartRate;cigsPerDay;prevalentHyp;education
5,3,0,0,10,BMI;sysBP;age;totChol;diaBP;glucose;heartRate;cigsPerDay;prevalentHyp;education
5,4,1,1,10,BMI;sysBP;age;totChol;diaBP;glucose;heartRate;cigsPerDay;prevalentHyp;education
5,5,1,1,10,BMI;sysBP;age;totChol;diaBP;glucose;heartRate;cigsPerDay;prevalentHyp;education
5,6,0,0,10,BMI;sysBP;age;totChol;diaBP;glucose;heartRate;cigsPerDay;prevalentHyp;education
5,7,1,1,10,BMI;sysBP;age;totChol;diaBP;glucose;heartRate;cigsPerDay;prevalentHyp;education
5,8,0,1,10,BMI;sysBP;age;totChol;diaBP;glucose;heartRate;cigsPerDay;prevalentHyp;education
5,9,1,0,10,BMI;sysBP;age;totChol;diaBP;glucose;heartRate;cigsPerDay;prevalentHyp;education
5,10,1,1,10,BMI;sysBP;age;totChol;diaBP;glucose;heartRate;cigsPerDay;prevalentHyp;education
5,11,0,1,10,BMI;sysBP;age;totChol;diaBP;glucose;heartRate;cigsPerDay;prevalentHyp;education
5,12,1,1,10,BMI;sysBP;age;totChol;diaBP;glucose;heartRate;cigsPerDay;prevalentHyp;education
5,13,1,1,10,BMI;sysBP;age;totChol;diaBP;glucose;heartRate;cigsPerDay;prevalentHyp;education
5,14,1,0,10,BMI;sysBP;age;totChol;diaBP;glucose;heartRate;cigsPerDay;prevalentHyp;education
5,15,1,1,10,BMI;sysBP;age;totChol;diaBP;glucose;heartRate;cigsPerDay;prevalentHyp;education
5,16,0,1,10,BMI;sysBP;age;totChol;diaBP;glucose;heartRate;cigsPerDay;prevalentHyp;education
5,17,0,1,10,BMI;sysBP;age;totChol;diaBP;glucose;heartRate;cigsPerDay;prevalentHyp;education
5,18,0,1,10,BMI;sysBP;age;totChol;diaBP;glucose;heartRate;cigsPerDay;prevalentHyp;education
5,19,0,0,10,BMI;sysBP;age;totChol;diaBP;glucose;heartRate;cigsPerDay;prevalentHyp;education
5,20,1,1,10,BMI;sysBP;age;totChol;diaBP;glucose;heartRate;cigsPerDay;prevalentHyp;education
5,21,1,1,10,BMI;sysBP;age;totChol;diaBP;glucose;heartRate;cigsPerDay;prevalentHyp;education
5,22,0,0,10,BMI;sysBP;age;totChol;diaBP;glucose;heartRate;cigsPerDay;prevalentHyp;education
5,23,0,1,10,BMI;sysBP;age;totChol;diaBP;glucose;heartRate;cigsPerDay;prevalentHyp;education
5,24,1,0,10,BMI;sysBP;age;totChol;diaBP;glucose;heartRate;cigsPerDay;prevalentHyp;education
5,25,0,0,10,BMI;sysBP;age;totChol;diaBP;glucose;heartRate;cigsPerDay;prevalentHyp;education
5,26,1,0,10,BMI;sysBP;age;totChol;diaBP;glucose;heartRate;cigsPerDay;prevalentHyp;education
5,27,0,1,10,BMI;sysBP;age;totChol;diaBP;glucose;heartRate;cigsPerDay;prevalentHyp;education
5,28,0,1,10,BMI;sysBP;age;totChol;diaBP;glucose;heartRate;cigsPerDay;prevalentHyp;education
5,29,1,1,10,BMI;sysBP;age;totChol;diaBP;glucose;heartRate;cigsPerDay;prevalentHyp;education
5,30,0,0,10,BMI;sysBP;age;totChol;diaBP;glucose;heartRate;cigsPerDay;prevalentHyp;education
5,31,1,1,10,BMI;sysBP;age;totChol;diaBP;glucose;heartRate;cigsPerDay;prevalentHyp;education
5,32,0,1,10,BMI;sysBP;age;totChol;diaBP;glucose;heartRate;cigsPerDay;prevalentHyp;education
5,33,1,1,10,BMI;sysBP;age;totChol;diaBP;glucose;heartRate;cigsPerDay;prevalentHyp;education
5,34,0,1,10,BMI;sysBP;age;totChol;diaBP;glucose;heartRate;cigsPerDay;prevalentHyp;education
5,35,1,1,10,BMI;sysBP;age;totChol;diaBP;glucose;heartRate;cigsPerDay;prevalentHyp;education
5,36,1,1,10,BMI;sysBP;age;totChol;diaBP;glucose;heartRate;cigsPerDay;prevalentHyp;education
5,37,0,1,10,BMI;sysBP;age;totChol;diaBP;glucose;heartRate;cigsPerDay;prevalentHyp;education
5,38,1,1,10,BMI;sysBP;age;totChol;diaBP;glucose;heartRate;cigsPerDay;prevalentHyp;education
5,39,1,1,10,BMI;sysBP;age;totChol;diaBP;glucose;heartRate;cigsPerDay;prevalentHyp;education
5,40,0,1,10,BMI;sysBP;age;totChol;diaBP;glucose;heartRate;cigsPerDay;prevalentHyp;education
5,41,1,1,10,BMI;sysBP;age;totChol;diaBP;glucose;heartRate;cigsPerDay;prevalentHyp;education
5,42,1,1,10,BMI;sysBP;age;totChol;diaBP;glucose;heartRate;cigsPerDay;prevalentHyp;education
5,43,1,1,10,BMI;sysBP;age;totChol;diaBP;glucose;heartRate;cigsPerDay;prevalentHyp;education
5,44,1,1,10,BMI;sysBP;age;totChol;diaBP;glucose;heartRate;cigsPerDay;prevalentHyp;education
5,45,0,1,10,BMI;sysBP;age;totChol;diaBP;glucose;heartRate;cigsPerDay;prevalentHyp;education
5,46,1,1,10,BMI;sysBP;age;totChol;diaBP;glucose;heartRate;cigsPerDay;prevalentHyp;education
5,47,1,1,10,BMI;sysBP;age;totChol;diaBP;glucose;heartRate;cigsPerDay;prevalentHyp;education
5,48,1,1,10,BMI;sysBP;age;totChol;diaBP;glucose;heartRate;cigsPerDay;prevalentHyp;education
5,49,1,0,10,BMI;sysBP;age;totChol;diaBP;glucose;heartRate;cigsPerDay;prevalentHyp;education
5,50,1,0,10,BMI;sysBP;age;totChol;diaBP;glucose;heartRate;cigsPerDay;prevalentHyp;education
5,51,0,1,10,BMI;sysBP;age;totChol;diaBP;glucose;heartRate;cigsPerDay;prevalentHyp;education
5,52,0,1,10,BMI;sysBP;age;totChol;diaBP;glucose;heartRate;cigsPerDay;prevalentHyp;education
5,53,1,1,10,BMI;sysBP;age;totChol;diaBP;glucose;heartRate;cigsPerDay;prevalentHyp;education
5,54,0,0,10,BMI;sysBP;age;totChol;diaBP;glucose;heartRate;cigsPerDay;prevalentHyp;education
5,55,1,1,10,BMI;sysBP;age;totChol;diaBP;glucose;heartRate;cigsPerDay;prevalentHyp;education
5,56,0,0,10,BMI;sysBP;age;totChol;diaBP;glucose;heartRate;cigsPerDay;prevalentHyp;education
5,57,1,1,10,BMI;sysBP;age;totChol;diaBP;glucose;heartRate;cigsPerDay;prevalentHyp;education
5,58,1,1,10,BMI;sysBP;age;totChol;diaBP;glucose;heartRate;cigsPerDay;prevalentHyp;education
5,59,1,1,10,BMI;sysBP;age;totChol;diaBP;glucose;heartRate;cigsPerDay;prevalentHyp;education
5,60,1,1,10,BMI;sysBP;age;totChol;diaBP;glucose;heartRate;cigsPerDay;prevalentHyp;education
5,61,0,1,10,BMI;sysBP;age;totChol;diaBP;glucose;heartRate;cigsPerDay;prevalentHyp;education
5,62,0,1,10,BMI;sysBP;age;totChol;diaBP;glucose;heartRate;cigsPerDay;prevalentHyp;education
5,63,1,0,10,BMI;sysBP;age;totChol;diaBP;glucose;heartRate;cigsPerDay;prevalentHyp;education
5,64,1,1,10,BMI;sysBP;age;totChol;diaBP;glucose;heartRate;cigsPerDay;prevalentHyp;education
5,65,1,1,10,BMI;sysBP;age;totChol;diaBP;glucose;heartRate;cigsPerDay;prevalentHyp;education
5,66,0,1,10,BMI;sysBP;age;totChol;diaBP;glucose;heartRate;cigsPerDay;prevalentHyp;education
5,67,0,0,10,BMI;sysBP;age;totChol;diaBP;glucose;heartRate;cigsPerDay;prevalentHyp;education
5,68,0,1,10,BMI;sysBP;age;totChol;diaBP;glucose;heartRate;cigsPerDay;prevalentHyp;education
5,69,1,1,10,BMI;sysBP;age;totChol;diaBP;glucose;heartRate;cigsPerDay;prevalentHyp;education
5,70,0,0,10,BMI;sysBP;age;totChol;diaBP;glucose;heartRate;cigsPerDay;prevalentHyp;education
5,71,1,1,10,BMI;sysBP;age;totChol;diaBP;glucose;heartRate;cigsPerDay;prevalentHyp;education
5,72,1,1,10,BMI;sysBP;age;totChol;diaBP;glucose;heartRate;cigsPerDay;prevalentHyp;education
5,73,1,1,10,BMI;sysBP;age;totChol;diaBP;glucose;heartRate;cigsPerDay;prevalentHyp;education
5,74,0,1,10,BMI;sysBP;age;totChol;diaBP;glucose;heartRate;cigsPerDay;prevalentHyp;education
5,75,0,1,10,BMI;sysBP;age;totChol;diaBP;glucose;heartRate;cigsPerDay;prevalentHyp;education
5,76,0,1,10,BMI;sysBP;age;totChol;diaBP;glucose;heartRate;cigsPerDay;prevalentHyp;education
5,77,0,1,10,BMI;sysBP;age;totChol;diaBP;glucose;heartRate;cigsPerDay;prevalentHyp;education
5,78,1,1,10,BMI;sysBP;age;totChol;diaBP;glucose;heartRate;cigsPerDay;prevalentHyp;education
5,79,0,1,10,BMI;sysBP;age;totChol;diaBP;glucose;heartRate;cigsPerDay;prevalentHyp;education
5,80,1,0,10,BMI;sysBP;age;totChol;diaBP;glucose;heartRate;cigsPerDay;prevalentHyp;education
5,81,1,1,10,BMI;sysBP;age;totChol;diaBP;glucose;heartRate;cigsPerDay;prevalentHyp;education
5,82,0,0,10,BMI;sysBP;age;totChol;diaBP;glucose;heartRate;cigsPerDay;prevalentHyp;education
5,83,0,1,10,BMI;sysBP;age;totChol;diaBP;glucose;heartRate;cigsPerDay;prevalentHyp;education
5,84,0,1,10,BMI;sysBP;age;totChol;diaBP;glucose;heartRate;cigsPerDay;prevalentHyp;education
5,85,1,1,10,BMI;sysBP;age;totChol;diaBP;glucose;heartRate;cigsPerDay;prevalentHyp;education
5,86,0,0,10,BMI;sysBP;age;totChol;diaBP;glucose;heartRate;cigsPerDay;prevalentHyp;education
5,87,0,1,10,BMI;sysBP;age;totChol;diaBP;glucose;heartRate;cigsPerDay;prevalentHyp;education
5,88,1,1,10,BMI;sysBP;age;totChol;diaBP;glucose;heartRate;cigsPerDay;prevalentHyp;education
5,89,1,1,10,BMI;sysBP;age;totChol;diaBP;glucose;heartRate;cigsPerDay;prevalentHyp;education
5,90,0,0,10,BMI;sysBP;age;totChol;diaBP;glucose;heartRate;cigsPerDay;prevalentHyp;education
5,91,0,0,10,BMI;sysBP;age;totChol;diaBP;glucose;heartRate;cigsPerDay;prevalentHyp;education
5,92,1,1,10,BMI;sysBP;age;totChol;diaBP;glucose;heartRate;cigsPerDay;prevalentHyp;education
5,93,0,1,10,BMI;sysBP;age;totChol;diaBP;glucose;heartRate;cigsPerDay;prevalentHyp;education
5,94,1,1,10,BMI;sysBP;age;totChol;diaBP;glucose;heartRate;cigsPerDay;prevalentHyp;education
5,95,0,1,10,BMI;sysBP;age;totChol;diaBP;glucose;heartRate;cigsPerDay;prevalentHyp;education
5,96,0,1,10,BMI;sysBP;age;totChol;diaBP;glucose;heartRate;cigsPerDay;prevalentHyp;education
5,97,0,1,10,BMI;sysBP;age;totChol;diaBP;glucose;heartRate;cigsPerDay;prevalentHyp;education
5,98,0,0,10,BMI;sysBP;age;totChol;diaBP;glucose;heartRate;cigsPerDay;prevalentHyp;education
5,99,1,1,10,BMI;sysBP;age;totChol;diaBP;glucose;heartRate;cigsPerDay;prevalentHyp;education
5,100,0,1,10,BMI;sysBP;age;totChol;diaBP;glucose;heartRate;cigsPerDay;prevalentHyp;education
5,101,1,0,10,BMI;sysBP;age;totChol;diaBP;glucose;heartRate;cigsPerDay;prevalentHyp;education
5,102,1,1,10,BMI;sysBP;age;totChol;diaBP;glucose;heartRate;cigsPerDay;prevalentHyp;education
5,103,1,1,10,BMI;sysBP;age;totChol;diaBP;glucose;heartRate;cigsPerDay;prevalentHyp;education
5,104,1,1,10,BMI;sysBP;age;totChol;diaBP;glucose;heartRate;cigsPerDay;prevalentHyp;education
5,105,1,1,10,BMI;sysBP;age;totChol;diaBP;glucose;heartRate;cigsPerDay;prevalentHyp;education
5,106,1,1,10,BMI;sysBP;age;totChol;diaBP;glucose;heartRate;cigsPerDay;prevalentHyp;education
5,107,1,1,10,BMI;sysBP;age;totChol;diaBP;glucose;heartRate;cigsPerDay;prevalentHyp;education
5,108,0,0,10,BMI;sysBP;age;totChol;diaBP;glucose;heartRate;cigsPerDay;prevalentHyp;education
5,109,0,1,10,BMI;sysBP;age;totChol;diaBP;glucose;heartRate;cigsPerDay;prevalentHyp;education
5,110,1,1,10,BMI;sysBP;age;totChol;diaBP;glucose;heartRate;cigsPerDay;prevalentHyp;education
5,111,0,1,10,BMI;sysBP;age;totChol;diaBP;glucose;heartRate;cigsPerDay;prevalentHyp;education
5,112,0,0,10,BMI;sysBP;age;totChol;diaBP;glucose;heartRate;cigsPerDay;prevalentHyp;education
5,113,0,1,10,BMI;sysBP;age;totChol;diaBP;glucose;heartRate;cigsPerDay;prevalentHyp;education
5,114,0,0,10,BMI;sysBP;age;totChol;diaBP;glucose;heartRate;cigsPerDay;prevalentHyp;education
5,115,1,1,10,BMI;sysBP;age;totChol;diaBP;glucose;heartRate;cigsPerDay;prevalentHyp;education
5,116,1,1,10,BMI;sysBP;age;totChol;diaBP;glucose;heartRate;cigsPerDay;prevalentHyp;education
5,117,0,1,10,BMI;sysBP;age;totChol;diaBP;glucose;heartRate;cigsPerDay;prevalentHyp;education
5,118,0,1,10,BMI;sysBP;age;totChol;diaBP;glucose;heartRate;cigsPerDay;prevalentHyp;education
5,119,0,0,10,BMI;sysBP;age;totChol;diaBP;glucose;heartRate;cigsPerDay;prevalentHyp;education
5,120,1,1,10,BMI;sysBP;age;totChol;diaBP;glucose;heartRate;cigsPerDay;prevalentHyp;education
5,121,1,1,10,BMI;sysBP;age;totChol;diaBP;glucose;heartRate;cigsPerDay;prevalentHyp;education
5,122,1,1,10,BMI;sysBP;age;totChol;diaBP;glucose;heartRate;cigsPerDay;prevalentHyp;education
5,123,0,0,10,BMI;sysBP;age;totChol;diaBP;glucose;heartRate;cigsPerDay;prevalentHyp;education
5,124,1,0,10,BMI;sysBP;age;totChol;diaBP;glucose;heartRate;cigsPerDay;prevalentHyp;education
5,125,1,1,10,BMI;sysBP;age;totChol;diaBP;glucose;heartRate;cigsPerDay;prevalentHyp;education
5,126,0,0,10,BMI;sysBP;age;totChol;diaBP;glucose;heartRate;cigsPerDay;prevalentHyp;education
5,127,0,1,10,BMI;sysBP;age;totChol;diaBP;glucose;heartRate;cigsPerDay;prevalentHyp;education
5,128,1,1,10,BMI;sysBP;age;totChol;diaBP;glucose;heartRate;cigsPerDay;prevalentHyp;education
5,129,0,0,10,BMI;sysBP;age;totChol;diaBP;glucose;heartRate;cigsPerDay;prevalentHyp;education
5,130,0,1,10,BMI;sysBP;age;totChol;diaBP;glucose;heartRate;cigsPerDay;prevalentHyp;education
5,131,1,1,10,BMI;sysBP;age;totChol;diaBP;glucose;heartRate;cigsPerDay;prevalentHyp;education
5,132,0,0,10,BMI;sysBP;age;totChol;diaBP;glucose;heartRate;cigsPerDay;prevalentHyp;education
5,133,1,1,10,BMI;sysBP;age;totChol;diaBP;glucose;heartRate;cigsPerDay;prevalentHyp;education
5,134,1,0,10,BMI;sysBP;age;totChol;diaBP;glucose;heartRate;cigsPerDay;prevalentHyp;education
5,135,1,1,10,BMI;sysBP;age;totChol;diaBP;glucose;heartRate;cigsPerDay;prevalentHyp;education
5,136,0,1,10,BMI;sysBP;age;totChol;diaBP;glucose;heartRate;cigsPerDay;prevalentHyp;education
5,137,0,1,10,BMI;sysBP;age;totChol;diaBP;glucose;heartRate;cigsPerDay;prevalentHyp;education
5,138,0,0,10,BMI;sysBP;age;totChol;diaBP;glucose;heartRate;cigsPerDay;prevalentHyp;education
5,139,0,0,10,BMI;sysBP;age;totChol;diaBP;glucose;heartRate;cigsPerDay;prevalentHyp;education
5,140,1,1,10,BMI;sysBP;age;totChol;diaBP;glucose;heartRate;cigsPerDay;prevalentHyp;education
5,141,1,1,10,BMI;sysBP;age;totChol;diaBP;glucose;heartRate;cigsPerDay;prevalentHyp;education
5,142,0,1,10,BMI;sysBP;age;totChol;diaBP;glucose;heartRate;cigsPerDay;prevalentHyp;education
5,143,1,1,10,BMI;sysBP;age;totChol;diaBP;glucose;heartRate;cigsPerDay;prevalentHyp;education
5,144,1,1,10,BMI;sysBP;age;totChol;diaBP;glucose;heartRate;cigsPerDay;prevalentHyp;education
5,145,0,0,10,BMI;sysBP;age;totChol;diaBP;glucose;heartRate;cigsPerDay;prevalentHyp;education
5,146,1,1,10,BMI;sysBP;age;totChol;diaBP;glucose;heartRate;cigsPerDay;prevalentHyp;education
5,147,1,0,10,BMI;sysBP;age;totChol;diaBP;glucose;heartRate;cigsPerDay;prevalentHyp;education
5,148,1,1,10,BMI;sysBP;age;totChol;diaBP;glucose;heartRate;cigsPerDay;prevalentHyp;education
5,149,0,0,10,BMI;sysBP;age;totChol;diaBP;glucose;heartRate;cigsPerDay;prevalentHyp;education
5,150,1,1,10,BMI;sysBP;age;totChol;diaBP;glucose;heartRate;cigsPerDay;prevalentHyp;education
5,151,0,0,10,BMI;sysBP;age;totChol;diaBP;glucose;heartRate;cigsPerDay;prevalentHyp;education
5,152,0,1,10,BMI;sysBP;age;totChol;diaBP;glucose;heartRate;cigsPerDay;prevalentHyp;education
5,153,1,1,10,BMI;sysBP;age;totChol;diaBP;glucose;heartRate;cigsPerDay;prevalentHyp;education
5,154,1,1,10,BMI;sysBP;age;totChol;diaBP;glucose;heartRate;cigsPerDay;prevalentHyp;education
5,155,1,1,10,BMI;sysBP;age;totChol;diaBP;glucose;heartRate;cigsPerDay;prevalentHyp;education
5,156,1,1,10,BMI;sysBP;age;totChol;diaBP;glucose;heartRate;cigsPerDay;prevalentHyp;education
5,157,1,1,10,BMI;sysBP;age;totChol;diaBP;glucose;heartRate;cigsPerDay;prevalentHyp;education
5,158,0,1,10,BMI;sysBP;age;totChol;diaBP;glucose;heartRate;cigsPerDay;prevalentHyp;education
5,159,0,0,10,BMI;sysBP;age;totChol;diaBP;glucose;heartRate;cigsPerDay;prevalentHyp;education
5,160,0,1,10,BMI;sysBP;age;totChol;diaBP;glucose;heartRate;cigsPerDay;prevalentHyp;education
5,161,0,0,10,BMI;sysBP;age;totChol;diaBP;glucose;heartRate;cigsPerDay;prevalentHyp;education
5,162,0,0,10,BMI;sysBP;age;totChol;diaBP;glucose;heartRate;cigsPerDay;prevalentHyp;education
5,163,1,1,10,BMI;sysBP;age;totChol;diaBP;glucose;heartRate;cigsPerDay;prevalentHyp;education
5,164,0,1,10,BMI;sysBP;age;totChol;diaBP;glucose;heartRate;cigsPerDay;prevalentHyp;education
5,165,1,1,10,BMI;sysBP;age;totChol;diaBP;glucose;heartRate;cigsPerDay;prevalentHyp;education
5,166,0,1,10,BMI;sysBP;age;totChol;diaBP;glucose;heartRate;cigsPerDay;prevalentHyp;education
5,167,1,0,10,BMI;sysBP;age;totChol;diaBP;glucose;heartRate;cigsPerDay;prevalentHyp;education
5,168,1,0,10,BMI;sysBP;age;totChol;diaBP;glucose;heartRate;cigsPerDay;prevalentHyp;education
5,169,0,0,10,BMI;sysBP;age;totChol;diaBP;glucose;heartRate;cigsPerDay;prevalentHyp;education
5,170,1,0,10,BMI;sysBP;age;totChol;diaBP;glucose;heartRate;cigsPerDay;prevalentHyp;education
5,171,1,0,10,BMI;sysBP;age;totChol;diaBP;glucose;heartRate;cigsPerDay;prevalentHyp;education
5,172,1,1,10,BMI;sysBP;age;totChol;diaBP;glucose;heartRate;cigsPerDay;prevalentHyp;education
5,173,1,0,10,BMI;sysBP;age;totChol;diaBP;glucose;heartRate;cigsPerDay;prevalentHyp;education
5,174,1,1,10,BMI;sysBP;age;totChol;diaBP;glucose;heartRate;cigsPerDay;prevalentHyp;education
5,175,0,1,10,BMI;sysBP;age;totChol;diaBP;glucose;heartRate;cigsPerDay;prevalentHyp;education
5,176,1,1,10,BMI;sysBP;age;totChol;diaBP;glucose;heartRate;cigsPerDay;prevalentHyp;education
5,177,0,1,10,BMI;sysBP;age;totChol;diaBP;glucose;heartRate;cigsPerDay;prevalentHyp;education
5,178,1,0,10,BMI;sysBP;age;totChol;diaBP;glucose;heartRate;cigsPerDay;prevalentHyp;education
5,179,1,1,10,BMI;sysBP;age;totChol;diaBP;glucose;heartRate;cigsPerDay;prevalentHyp;education
5,180,1,1,10,BMI;sysBP;age;totChol;diaBP;glucose;heartRate;cigsPerDay;prevalentHyp;education
5,181,1,1,10,BMI;sysBP;age;totChol;diaBP;glucose;heartRate;cigsPerDay;prevalentHyp;education
5,182,1,0,10,BMI;sysBP;age;totChol;diaBP;glucose;heartRate;cigsPerDay;prevalentHyp;education
5,183,1,1,10,BMI;sysBP;age;totChol;diaBP;glucose;heartRate;cigsPerDay;prevalentHyp;education
5,184,1,1,10,BMI;sysBP;age;totChol;diaBP;glucose;heartRate;cigsPerDay;prevalentHyp;education
5,185,1,1,10,BMI;sysBP;age;totChol;diaBP;glucose;heartRate;cigsPerDay;prevalentHyp;education
5,186,0,0,10,BMI;sysBP;age;totChol;diaBP;glucose;heartRate;cigsPerDay;prevalentHyp;education
5,187,0,1,10,BMI;sysBP;age;totChol;diaBP;glucose;heartRate;cigsPerDay;prevalentHyp;education
5,188,0,1,10,BMI;sysBP;age;totChol;diaBP;glucose;heartRate;cigsPerDay;prevalentHyp;education
5,189,1,0,10,BMI;sysBP;age;totChol;diaBP;glucose;heartRate;cigsPerDay;prevalentHyp;education
5,190,1,0,10,BMI;sysBP;age;totChol;diaBP;glucose;heartRate;cigsPerDay;prevalentHyp;education
5,191,1,1,10,BMI;sysBP;age;totChol;diaBP;glucose;heartRate;cigsPerDay;prevalentHyp;education
5,192,0,1,10,BMI;sysBP;age;totChol;diaBP;glucose;heartRate;cigsPerDay;prevalentHyp;education
5,193,1,1,10,BMI;sysBP;age;totChol;diaBP;glucose;heartRate;cigsPerDay;prevalentHyp;education
5,194,0,0,10,BMI;sysBP;age;totChol;diaBP;glucose;heartRate;cigsPerDay;prevalentHyp;education
5,195,0,1,10,BMI;sysBP;age;totChol;diaBP;glucose;heartRate;cigsPerDay;prevalentHyp;education
5,196,0,1,10,BMI;sysBP;age;totChol;diaBP;glucose;heartRate;cigsPerDay;prevalentHyp;education
5,197,0,1,10,BMI;sysBP;age;totChol;diaBP;glucose;heartRate;cigsPerDay;prevalentHyp;education
5,198,0,1,10,BMI;sysBP;age;totChol;diaBP;glucose;heartRate;cigsPerDay;prevalentHyp;education
5,199,0,1,10,BMI;sysBP;age;totChol;diaBP;glucose;heartRate;cigsPerDay;prevalentHyp;education
5,200,1,1,10,BMI;sysBP;age;totChol;diaBP;glucose;heartRate;cigsPerDay;prevalentHyp;education
5,201,0,1,10,BMI;sysBP;age;totChol;diaBP;glucose;heartRate;cigsPerDay;prevalentHyp;education
5,202,0,1,10,BMI;sysBP;age;totChol;diaBP;glucose;heartRate;cigsPerDay;prevalentHyp;education
5,203,0,0,10,BMI;sysBP;age;totChol;diaBP;glucose;heartRate;cigsPerDay;prevalentHyp;education
5,204,0,0,10,BMI;sysBP;age;totChol;diaBP;glucose;heartRate;cigsPerDay;prevalentHyp;education
5,205,1,1,10,BMI;sysBP;age;totChol;diaBP;glucose;heartRate;cigsPerDay;prevalentHyp;education
5,206,1,1,10,BMI;sysBP;age;totChol;diaBP;glucose;heartRate;cigsPerDay;prevalentHyp;education
5,207,1,1,10,BMI;sysBP;age;totChol;diaBP;glucose;heartRate;cigsPerDay;prevalentHyp;education
5,208,0,1,10,BMI;sysBP;age;totChol;diaBP;glucose;heartRate;cigsPerDay;prevalentHyp;education
5,209,1,1,10,BMI;sysBP;age;totChol;diaBP;glucose;heartRate;cigsPerDay;prevalentHyp;education
5,210,0,0,10,BMI;sysBP;age;totChol;diaBP;glucose;heartRate;cigsPerDay;prevalentHyp;education
5,211,1,0,10,BMI;sysBP;age;totChol;diaBP;glucose;heartRate;cigsPerDay;prevalentHyp;education
5,212,1,1,10,BMI;sysBP;age;totChol;diaBP;glucose;heartRate;cigsPerDay;prevalentHyp;education
5,213,0,1,10,BMI;sysBP;age;totChol;diaBP;glucose;heartRate;cigsPerDay;prevalentHyp;education
5,214,0,1,10,BMI;sysBP;age;totChol;diaBP;glucose;heartRate;cigsPerDay;prevalentHyp;education
5,215,1,0,10,BMI;sysBP;age;totChol;diaBP;glucose;heartRate;cigsPerDay;prevalentHyp;education
5,216,0,1,10,BMI;sysBP;age;totChol;diaBP;glucose;heartRate;cigsPerDay;prevalentHyp;education
5,217,0,0,10,BMI;sysBP;age;totChol;diaBP;glucose;heartRate;cigsPerDay;prevalentHyp;education
5,218,0,1,10,BMI;sysBP;age;totChol;diaBP;glucose;heartRate;cigsPerDay;prevalentHyp;education
5,219,0,1,10,BMI;sysBP;age;totChol;diaBP;glucose;heartRate;cigsPerDay;prevalentHyp;education
5,220,0,1,10,BMI;sysBP;age;totChol;diaBP;glucose;heartRate;cigsPerDay;prevalentHyp;education
5,221,1,1,10,BMI;sysBP;age;totChol;diaBP;glucose;heartRate;cigsPerDay;prevalentHyp;education
5,222,0,1,10,BMI;sysBP;age;totChol;diaBP;glucose;heartRate;cigsPerDay;prevalentHyp;education
5,223,1,1,10,BMI;sysBP;age;totChol;diaBP;glucose;heartRate;cigsPerDay;prevalentHyp;education
5,224,1,0,10,BMI;sysBP;age;totChol;diaBP;glucose;heartRate;cigsPerDay;prevalentHyp;education
5,225,1,1,10,BMI;sysBP;age;totChol;diaBP;glucose;heartRate;cigsPerDay;prevalentHyp;education
5,226,1,1,10,BMI;sysBP;age;totChol;diaBP;glucose;heartRate;cigsPerDay;prevalentHyp;education
5,227,0,1,10,BMI;sysBP;age;totChol;diaBP;glucose;heartRate;cigsPerDay;prevalentHyp;education
5,228,1,1,10,BMI;sysBP;age;totChol;diaBP;glucose;heartRate;cigsPerDay;prevalentHyp;education
5,229,0,1,10,BMI;sysBP;age;totChol;diaBP;glucose;heartRate;cigsPerDay;prevalentHyp;education
5,230,1,1,10,BMI;sysBP;age;totChol;diaBP;glucose;heartRate;cigsPerDay;prevalentHyp;education
5,231,0,0,10,BMI;sysBP;age;totChol;diaBP;glucose;heartRate;cigsPerDay;prevalentHyp;education
5,232,0,0,10,BMI;sysBP;age;totChol;diaBP;glucose;heartRate;cigsPerDay;prevalentHyp;education
5,233,1,1,10,BMI;sysBP;age;totChol;diaBP;glucose;heartRate;cigsPerDay;prevalentHyp;education
5,234,1,1,10,BMI;sysBP;age;totChol;diaBP;glucose;heartRate;cigsPerDay;prevalentHyp;education
5,235,0,1,10,BMI;sysBP;age;totChol;diaBP;glucose;heartRate;cigsPerDay;prevalentHyp;education
5,236,0,0,10,BMI;sysBP;age;totChol;diaBP;glucose;heartRate;cigsPerDay;prevalentHyp;education
5,237,0,1,10,BMI;sysBP;age;totChol;diaBP;glucose;heartRate;cigsPerDay;prevalentHyp;education
5,238,0,0,10,BMI;sysBP;age;totChol;diaBP;glucose;heartRate;cigsPerDay;prevalentHyp;education
5,239,0,1,10,BMI;sysBP;age;totChol;diaBP;glucose;heartRate;cigsPerDay;prevalentHyp;education
5,240,0,1,10,BMI;sysBP;age;totChol;diaBP;glucose;heartRate;cigsPerDay;prevalentHyp;education
5,241,1,1,10,BMI;sysBP;age;totChol;diaBP;glucose;heartRate;cigsPerDay;prevalentHyp;education
5,242,1,0,10,BMI;sysBP;age;totChol;diaBP;glucose;heartRate;cigsPerDay;prevalentHyp;education
5,243,0,1,10,BMI;sysBP;age;totChol;diaBP;glucose;heartRate;cigsPerDay;prevalentHyp;education
5,244,1,1,10,BMI;sysBP;age;totChol;diaBP;glucose;heartRate;cigsPerDay;prevalentHyp;education
5,245,1,1,10,BMI;sysBP;age;totChol;diaBP;glucose;heartRate;cigsPerDay;prevalentHyp;education
5,246,0,1,10,BMI;sysBP;age;totChol;diaBP;glucose;heartRate;cigsPerDay;prevalentHyp;education
5,247,1,1,10,BMI;sysBP;age;totChol;diaBP;glucose;heartRate;cigsPerDay;prevalentHyp;education
5,248,0,1,10,BMI;sysBP;age;totChol;diaBP;glucose;heartRate;cigsPerDay;prevalentHyp;education
5,249,0,0,10,BMI;sysBP;age;totChol;diaBP;glucose;heartRate;cigsPerDay;prevalentHyp;education
5,250,1,1,10,BMI;sysBP;age;totChol;diaBP;glucose;heartRate;cigsPerDay;prevalentHyp;education
5,251,0,1,10,BMI;sysBP;age;totChol;diaBP;glucose;heartRate;cigsPerDay;prevalentHyp;education
5,252,1,1,10,BMI;sysBP;age;totChol;diaBP;glucose;heartRate;cigsPerDay;prevalentHyp;education
5,253,0,0,10,BMI;sysBP;age;totChol;diaBP;glucose;heartRate;cigsPerDay;prevalentHyp;education
5,254,1,1,10,BMI;sysBP;age;totChol;diaBP;glucose;heartRate;cigsPerDay;prevalentHyp;education
5,255,0,0,10,BMI;sysBP;age;totChol;diaBP;glucose;heartRate;cigsPerDay;prevalentHyp;education
5,256,1,1,10,BMI;sysBP;age;totChol;diaBP;glucose;heartRate;cigsPerDay;prevalentHyp;education
5,257,1,1,10,BMI;sysBP;age;totChol;diaBP;glucose;heartRate;cigsPerDay;prevalentHyp;education
5,258,0,1,10,BMI;sysBP;age;totChol;diaBP;glucose;heartRate;cigsPerDay;prevalentHyp;education
5,259,1,1,10,BMI;sysBP;age;totChol;diaBP;glucose;heartRate;cigsPerDay;prevalentHyp;education
5,260,1,0,10,BMI;sysBP;age;totChol;diaBP;glucose;heartRate;cigsPerDay;prevalentHyp;education
5,261,1,1,10,BMI;sysBP;age;totChol;diaBP;glucose;heartRate;cigsPerDay;prevalentHyp;education
5,262,1,1,10,BMI;sysBP;age;totChol;diaBP;glucose;heartRate;cigsPerDay;prevalentHyp;education
5,263,1,1,10,BMI;sysBP;age;totChol;diaBP;glucose;heartRate;cigsPerDay;prevalentHyp;education
5,264,1,1,10,BMI;sysBP;age;totChol;diaBP;glucose;heartRate;cigsPerDay;prevalentHyp;education
5,265,1,0,10,BMI;sysBP;age;totChol;diaBP;glucose;heartRate;cigsPerDay;prevalentHyp;education
5,266,0,1,10,BMI;sysBP;age;totChol;diaBP;glucose;heartRate;cigsPerDay;prevalentHyp;education
5,267,0,1,10,BMI;sysBP;age;totChol;diaBP;glucose;heartRate;cigsPerDay;prevalentHyp;education
5,268,0,1,10,BMI;sysBP;age;totChol;diaBP;glucose;heartRate;cigsPerDay;prevalentHyp;education
5,269,1,1,10,BMI;sysBP;age;totChol;diaBP;glucose;heartRate;cigsPerDay;prevalentHyp;education
5,270,1,1,10,BMI;sysBP;age;totChol;diaBP;glucose;heartRate;cigsPerDay;prevalentHyp;education
5,271,0,0,10,BMI;sysBP;age;totChol;diaBP;glucose;heartRate;cigsPerDay;prevalentHyp;education
5,272,0,1,10,BMI;sysBP;age;totChol;diaBP;glucose;heartRate;cigsPerDay;prevalentHyp;education
5,273,0,1,10,BMI;sysBP;age;totChol;diaBP;glucose;heartRate;cigsPerDay;prevalentHyp;education
5,274,1,1,10,BMI;sysBP;age;totChol;diaBP;glucose;heartRate;cigsPerDay;prevalentHyp;education
5,275,1,1,10,BMI;sysBP;age;totChol;diaBP;glucose;heartRate;cigsPerDay;prevalentHyp;education
5,276,0,1,10,BMI;sysBP;age;totChol;diaBP;glucose;heartRate;cigsPerDay;prevalentHyp;education
5,277,0,1,10,BMI;sysBP;age;totChol;diaBP;glucose;heartRate;cigsPerDay;prevalentHyp;education
5,278,0,0,10,BMI;sysBP;age;totChol;diaBP;glucose;heartRate;cigsPerDay;prevalentHyp;education
5,279,0,1,10,BMI;sysBP;age;totChol;diaBP;glucose;heartRate;cigsPerDay;prevalentHyp;education
5,280,1,1,10,BMI;sysBP;age;totChol;diaBP;glucose;heartRate;cigsPerDay;prevalentHyp;education
5,281,0,1,10,BMI;sysBP;age;totChol;diaBP;glucose;heartRate;cigsPerDay;prevalentHyp;education
5,282,0,1,10,BMI;sysBP;age;totChol;diaBP;glucose;heartRate;cigsPerDay;prevalentHyp;education
5,283,1,1,10,BMI;sysBP;age;totChol;diaBP;glucose;heartRate;cigsPerDay;prevalentHyp;education
5,284,0,0,10,BMI;sysBP;age;totChol;diaBP;glucose;heartRate;cigsPerDay;prevalentHyp;education
5,285,0,0,10,BMI;sysBP;age;totChol;diaBP;glucose;heartRate;cigsPerDay;prevalentHyp;education
5,286,0,1,10,BMI;sysBP;age;totChol;diaBP;glucose;heartRate;cigsPerDay;prevalentHyp;education
5,287,1,1,10,BMI;sysBP;age;totChol;diaBP;glucose;heartRate;cigsPerDay;prevalentHyp;education
5,288,1,1,10,BMI;sysBP;age;totChol;diaBP;glucose;heartRate;cigsPerDay;prevalentHyp;education
5,289,0,1,10,BMI;sysBP;age;totChol;diaBP;glucose;heartRate;cigsPerDay;prevalentHyp;education
5,290,1,1,10,BMI;sysBP;age;totChol;diaBP;glucose;heartRate;cigsPerDay;prevalentHyp;education
5,291,1,1,10,BMI;sysBP;age;totChol;diaBP;glucose;heartRate;cigsPerDay;prevalentHyp;education
5,292,1,1,10,BMI;sysBP;age;totChol;diaBP;glucose;heartRate;cigsPerDay;prevalentHyp;education
5,293,0,1,10,BMI;sysBP;age;totChol;diaBP;glucose;heartRate;cigsPerDay;prevalentHyp;education
5,294,0,0,10,BMI;sysBP;age;totChol;diaBP;glucose;heartRate;cigsPerDay;prevalentHyp;education
5,295,0,1,10,BMI;sysBP;age;totChol;diaBP;glucose;heartRate;cigsPerDay;prevalentHyp;education
5,296,1,0,10,BMI;sysBP;age;totChol;diaBP;glucose;heartRate;cigsPerDay;prevalentHyp;education
5,297,0,1,10,BMI;sysBP;age;totChol;diaBP;glucose;heartRate;cigsPerDay;prevalentHyp;education
5,298,0,0,10,BMI;sysBP;age;totChol;diaBP;glucose;heartRate;cigsPerDay;prevalentHyp;education
5,299,0,0,10,BMI;sysBP;age;totChol;diaBP;glucose;heartRate;cigsPerDay;prevalentHyp;education
5,300,0,1,10,BMI;sysBP;age;totChol;diaBP;glucose;heartRate;cigsPerDay;prevalentHyp;education
5,301,1,1,10,BMI;sysBP;age;totChol;diaBP;glucose;heartRate;cigsPerDay;prevalentHyp;education
5,302,0,0,10,BMI;sysBP;age;totChol;diaBP;glucose;heartRate;cigsPerDay;prevalentHyp;education
5,303,1,0,10,BMI;sysBP;age;totChol;diaBP;glucose;heartRate;cigsPerDay;prevalentHyp;education
5,304,1,1,10,BMI;sysBP;age;totChol;diaBP;glucose;heartRate;cigsPerDay;prevalentHyp;education
5,305,1,1,10,BMI;sysBP;age;totChol;diaBP;glucose;heartRate;cigsPerDay;prevalentHyp;education
5,306,1,1,10,BMI;sysBP;age;totChol;diaBP;glucose;heartRate;cigsPerDay;prevalentHyp;education
5,307,1,0,10,BMI;sysBP;age;totChol;diaBP;glucose;heartRate;cigsPerDay;prevalentHyp;education
5,308,1,1,10,BMI;sysBP;age;totChol;diaBP;glucose;heartRate;cigsPerDay;prevalentHyp;education
5,309,0,1,10,BMI;sysBP;age;totChol;diaBP;glucose;heartRate;cigsPerDay;prevalentHyp;education
5,310,1,1,10,BMI;sysBP;age;totChol;diaBP;glucose;heartRate;cigsPerDay;prevalentHyp;education
5,311,1,1,10,BMI;sysBP;age;totChol;diaBP;glucose;heartRate;cigsPerDay;prevalentHyp;education
5,312,1,0,10,BMI;sysBP;age;totChol;diaBP;glucose;heartRate;cigsPerDay;prevalentHyp;education
5,313,0,1,10,BMI;sysBP;age;totChol;diaBP;glucose;heartRate;cigsPerDay;prevalentHyp;education
5,314,0,1,10,BMI;sysBP;age;totChol;diaBP;glucose;heartRate;cigsPerDay;prevalentHyp;education
5,315,0,1,10,BMI;sysBP;age;totChol;diaBP;glucose;heartRate;cigsPerDay;prevalentHyp;education
5,316,0,1,10,BMI;sysBP;age;totChol;diaBP;glucose;heartRate;cigsPerDay;prevalentHyp;education
5,317,0,1,10,BMI;sysBP;age;totChol;diaBP;glucose;heartRate;cigsPerDay;prevalentHyp;education
5,318,0,0,10,BMI;sysBP;age;totChol;diaBP;glucose;heartRate;cigsPerDay;prevalentHyp;education
5,319,0,1,10,BMI;sysBP;age;totChol;diaBP;glucose;heartRate;cigsPerDay;prevalentHyp;education
5,320,0,1,10,BMI;sysBP;age;totChol;diaBP;glucose;heartRate;cigsPerDay;prevalentHyp;education
5,321,0,1,10,BMI;sysBP;age;totChol;diaBP;glucose;heartRate;cigsPerDay;prevalentHyp;education
5,322,0,1,10,BMI;sysBP;age;totChol;diaBP;glucose;heartRate;cigsPerDay;prevalentHyp;education
5,323,0,1,10,BMI;sysBP;age;totChol;diaBP;glucose;heartRate;cigsPerDay;prevalentHyp;education
5,324,0,0,10,BMI;sysBP;age;totChol;diaBP;glucose;heartRate;cigsPerDay;prevalentHyp;education
5,325,0,1,10,BMI;sysBP;age;totChol;diaBP;glucose;heartRate;cigsPerDay;prevalentHyp;education
5,326,0,0,10,BMI;sysBP;age;totChol;diaBP;glucose;heartRate;cigsPerDay;prevalentHyp;education
5,327,0,1,10,BMI;sysBP;age;totChol;diaBP;glucose;heartRate;cigsPerDay;prevalentHyp;education
5,328,0,0,10,BMI;sysBP;age;totChol;diaBP;glucose;heartRate;cigsPerDay;prevalentHyp;education
5,329,1,1,10,BMI;sysBP;age;totChol;diaBP;glucose;heartRate;cigsPerDay;prevalentHyp;education
5,330,1,0,10,BMI;sysBP;age;totChol;diaBP;glucose;heartRate;cigsPerDay;prevalentHyp;education
5,331,0,1,10,BMI;sysBP;age;totChol;diaBP;glucose;heartRate;cigsPerDay;prevalentHyp;education
5,332,1,1,10,BMI;sysBP;age;totChol;diaBP;glucose;heartRate;cigsPerDay;prevalentHyp;education
5,333,0,0,10,BMI;sysBP;age;totChol;diaBP;glucose;heartRate;cigsPerDay;prevalentHyp;education
5,334,0,1,10,BMI;sysBP;age;totChol;diaBP;glucose;heartRate;cigsPerDay;prevalentHyp;education
5,335,1,0,10,BMI;sysBP;age;totChol;diaBP;glucose;heartRate;cigsPerDay;prevalentHyp;education
5,336,1,1,10,BMI;sysBP;age;totChol;diaBP;glucose;heartRate;cigsPerDay;prevalentHyp;education
5,337,1,1,10,BMI;sysBP;age;totChol;diaBP;glucose;heartRate;cigsPerDay;prevalentHyp;education
5,338,1,1,10,BMI;sysBP;age;totChol;diaBP;glucose;heartRate;cigsPerDay;prevalentHyp;education
5,339,1,1,10,BMI;sysBP;age;totChol;diaBP;glucose;heartRate;cigsPerDay;prevalentHyp;education
5,340,0,1,10,BMI;sysBP;age;totChol;diaBP;glucose;heartRate;cigsPerDay;prevalentHyp;education
5,341,1,1,10,BMI;sysBP;age;totChol;diaBP;glucose;heartRate;cigsPerDay;prevalentHyp;education
5,342,0,1,10,BMI;sysBP;age;totChol;diaBP;glucose;heartRate;cigsPerDay;prevalentHyp;education
5,343,1,0,10,BMI;sysBP;age;totChol;diaBP;glucose;heartRate;cigsPerDay;prevalentHyp;education
5,344,0,1,10,BMI;sysBP;age;totChol;diaBP;glucose;heartRate;cigsPerDay;prevalentHyp;education
5,345,1,0,10,BMI;sysBP;age;totChol;diaBP;glucose;heartRate;cigsPerDay;prevalentHyp;education
5,346,0,0,10,BMI;sysBP;age;totChol;diaBP;glucose;heartRate;cigsPerDay;prevalentHyp;education
5,347,0,0,10,BMI;sysBP;age;totChol;diaBP;glucose;heartRate;cigsPerDay;prevalentHyp;education
5,348,0,1,10,BMI;sysBP;age;totChol;diaBP;glucose;heartRate;cigsPerDay;prevalentHyp;education
5,349,1,1,10,BMI;sysBP;age;totChol;diaBP;glucose;heartRate;cigsPerDay;prevalentHyp;education
5,350,0,0,10,BMI;sysBP;age;totChol;diaBP;glucose;heartRate;cigsPerDay;prevalentHyp;education
5,351,1,1,10,BMI;sysBP;age;totChol;diaBP;glucose;heartRate;cigsPerDay;prevalentHyp;education
5,352,0,1,10,BMI;sysBP;age;totChol;diaBP;glucose;heartRate;cigsPerDay;prevalentHyp;education
5,353,1,1,10,BMI;sysBP;age;totChol;diaBP;glucose;heartRate;cigsPerDay;prevalentHyp;education
5,354,0,0,10,BMI;sysBP;age;totChol;diaBP;glucose;heartRate;cigsPerDay;prevalentHyp;education
5,355,0,1,10,BMI;sysBP;age;totChol;diaBP;glucose;heartRate;cigsPerDay;prevalentHyp;education
5,356,1,1,10,BMI;sysBP;age;totChol;diaBP;glucose;heartRate;cigsPerDay;prevalentHyp;education
5,357,0,0,10,BMI;sysBP;age;totChol;diaBP;glucose;heartRate;cigsPerDay;prevalentHyp;education
5,358,0,1,10,BMI;sysBP;age;totChol;diaBP;glucose;heartRate;cigsPerDay;prevalentHyp;education
5,359,0,0,10,BMI;sysBP;age;totChol;diaBP;glucose;heartRate;cigsPerDay;prevalentHyp;education
5,360,0,0,10,BMI;sysBP;age;totChol;diaBP;glucose;heartRate;cigsPerDay;prevalentHyp;education
5,361,1,1,10,BMI;sysBP;age;totChol;diaBP;glucose;heartRate;cigsPerDay;prevalentHyp;education
5,362,1,1,10,BMI;sysBP;age;totChol;diaBP;glucose;heartRate;cigsPerDay;prevalentHyp;education
5,363,1,1,10,BMI;sysBP;age;totChol;diaBP;glucose;heartRate;cigsPerDay;prevalentHyp;education
5,364,1,1,10,BMI;sysBP;age;totChol;diaBP;glucose;heartRate;cigsPerDay;prevalentHyp;education
5,365,0,1,10,BMI;sysBP;age;totChol;diaBP;glucose;heartRate;cigsPerDay;prevalentHyp;education
5,366,1,0,10,BMI;sysBP;age;totChol;diaBP;glucose;heartRate;cigsPerDay;prevalentHyp;education
5,367,1,1,10,BMI;sysBP;age;totChol;diaBP;glucose;heartRate;cigsPerDay;prevalentHyp;education
5,368,1,1,10,BMI;sysBP;age;totChol;diaBP;glucose;heartRate;cigsPerDay;prevalentHyp;education
5,369,1,1,10,BMI;sysBP;age;totChol;diaBP;glucose;heartRate;cigsPerDay;prevalentHyp;education
5,370,0,1,10,BMI;sysBP;age;totChol;diaBP;glucose;heartRate;cigsPerDay;prevalentHyp;education
5,371,0,1,10,BMI;sysBP;age;totChol;diaBP;glucose;heartRate;cigsPerDay;prevalentHyp;education
5,372,0,0,10,BMI;sysBP;age;totChol;diaBP;glucose;heartRate;cigsPerDay;prevalentHyp;education
5,373,1,1,10,BMI;sysBP;age;totChol;diaBP;glucose;heartRate;cigsPerDay;prevalentHyp;education
5,374,0,0,10,BMI;sysBP;age;totChol;diaBP;glucose;heartRate;cigsPerDay;prevalentHyp;education
5,375,1,1,10,BMI;sysBP;age;totChol;diaBP;glucose;heartRate;cigsPerDay;prevalentHyp;education
5,376,0,0,10,BMI;sysBP;age;totChol;diaBP;glucose;heartRate;cigsPerDay;prevalentHyp;education
5,377,1,1,10,BMI;sysBP;age;totChol;diaBP;glucose;heartRate;cigsPerDay;prevalentHyp;education
5,378,0,1,10,BMI;sysBP;age;totChol;diaBP;glucose;heartRate;cigsPerDay;prevalentHyp;education
5,379,0,0,10,BMI;sysBP;age;totChol;diaBP;glucose;heartRate;cigsPerDay;prevalentHyp;education
5,380,0,1,10,BMI;sysBP;age;totChol;diaBP;glucose;heartRate;cigsPerDay;prevalentHyp;education
5,381,0,1,10,BMI;sysBP;age;totChol;diaBP;glucose;heartRate;cigsPerDay;prevalentHyp;education
5,382,1,1,10,BMI;sysBP;age;totChol;diaBP;glucose;heartRate;cigsPerDay;prevalentHyp;education
5,383,1,1,10,BMI;sysBP;age;totChol;diaBP;glucose;heartRate;cigsPerDay;prevalentHyp;education
5,384,1,1,10,BMI;sysBP;age;totChol;diaBP;glucose;heartRate;cigsPerDay;prevalentHyp;education
5,385,0,1,10,BMI;sysBP;age;totChol;diaBP;glucose;heartRate;cigsPerDay;prevalentHyp;education
5,386,1,1,10,BMI;sysBP;age;totChol;diaBP;glucose;heartRate;cigsPerDay;prevalentHyp;education
5,387,0,1,10,BMI;sysBP;age;totChol;diaBP;glucose;heartRate;cigsPerDay;prevalentHyp;education
5,388,1,1,10,BMI;sysBP;age;totChol;diaBP;glucose;heartRate;cigsPerDay;prevalentHyp;education
5,389,0,0,10,BMI;sysBP;age;totChol;diaBP;glucose;heartRate;cigsPerDay;prevalentHyp;education
5,390,0,1,10,BMI;sysBP;age;totChol;diaBP;glucose;heartRate;cigsPerDay;prevalentHyp;education
5,391,1,1,10,BMI;sysBP;age;totChol;diaBP;glucose;heartRate;cigsPerDay;prevalentHyp;education
5,392,0,1,10,BMI;sysBP;age;totChol;diaBP;glucose;heartRate;cigsPerDay;prevalentHyp;education
5,393,1,1,10,BMI;sysBP;age;totChol;diaBP;glucose;heartRate;cigsPerDay;prevalentHyp;education
5,394,1,1,10,BMI;sysBP;age;totChol;diaBP;glucose;heartRate;cigsPerDay;prevalentHyp;education
5,395,1,1,10,BMI;sysBP;age;totChol;diaBP;glucose;heartRate;cigsPerDay;prevalentHyp;education
5,396,1,1,10,BMI;sysBP;age;totChol;diaBP;glucose;heartRate;cigsPerDay;prevalentHyp;education
5,397,0,1,10,BMI;sysBP;age;totChol;diaBP;glucose;heartRate;cigsPerDay;prevalentHyp;education
5,398,0,0,10,BMI;sysBP;age;totChol;diaBP;glucose;heartRate;cigsPerDay;prevalentHyp;education
5,399,1,1,10,BMI;sysBP;age;totChol;diaBP;glucose;heartRate;cigsPerDay;prevalentHyp;education
6,0,0,1,10,BMI;sysBP;age;totChol;diaBP;glucose;heartRate;cigsPerDay;prevalentHyp;education
6,1,0,0,10,BMI;sysBP;age;totChol;diaBP;glucose;heartRate;cigsPerDay;prevalentHyp;education
6,2,1,1,10,BMI;sysBP;age;totChol;diaBP;glucose;heartRate;cigsPerDay;prevalentHyp;education
6,3,0,0,10,BMI;sysBP;age;totChol;diaBP;glucose;heartRate;cigsPerDay;prevalentHyp;education
6,4,1,1,10,BMI;sysBP;age;totChol;diaBP;glucose;heartRate;cigsPerDay;prevalentHyp;education
6,5,1,1,10,BMI;sysBP;age;totChol;diaBP;glucose;heartRate;cigsPerDay;prevalentHyp;education
6,6,0,0,10,BMI;sysBP;age;totChol;diaBP;glucose;heartRate;cigsPerDay;prevalentHyp;education
6,7,1,1,8,sysBP;age;diaBP;glucose;heartRate;cigsPerDay;prevalentHyp;education
6,8,0,1,10,BMI;sysBP;age;totChol;diaBP;glucose;heartRate;cigsPerDay;prevalentHyp;education
6,9,1,0,10,BMI;sysBP;age;totChol;diaBP;glucose;heartRate;cigsPerDay;prevalentHyp;education
6,10,1,1,10,BMI;sysBP;age;totChol;diaBP;glucose;heartRate;cigsPerDay;prevalentHyp;education
6,11,0,1,10,BMI;sysBP;age;totChol;diaBP;glucose;heartRate;cigsPerDay;prevalentHyp;education
6,12,1,1,10,BMI;sysBP;age;totChol;diaBP;glucose;heartRate;cigsPerDay;prevalentHyp;education
6,13,1,1,10,BMI;sysBP;age;totChol;diaBP;glucose;heartRate;cigsPerDay;prevalentHyp;education
6,14,1,0,10,BMI;sysBP;age;totChol;diaBP;glucose;heartRate;cigsPerDay;prevalentHyp;education
6,15,1,1,10,BMI;sysBP;age;totChol;diaBP;glucose;heartRate;cigsPerDay;prevalentHyp;education
6,16,0,0,10,BMI;sysBP;age;totChol;diaBP;glucose;heartRate;cigsPerDay;prevalentHyp;education
6,17,0,1,10,BMI;sysBP;age;totChol;diaBP;glucose;heartRate;cigsPerDay;prevalentHyp;education
6,18,0,1,10,BMI;sysBP;age;totChol;diaBP;glucose;heartRate;cigsPerDay;prevalentHyp;education
6,19,0,0,10,BMI;sysBP;age;totChol;diaBP;glucose;heartRate;cigsPerDay;prevalentHyp;education
6,20,1,1,10,BMI;sysBP;age;totChol;diaBP;glucose;heartRate;cigsPerDay;prevalentHyp;education
6,21,1,1,10,BMI;sysBP;age;totChol;diaBP;glucose;heartRate;cigsPerDay;prevalentHyp;education
6,22,0,0,10,BMI;sysBP;age;totChol;diaBP;glucose;heartRate;cigsPerDay;prevalentHyp;education
6,23,0,1,10,BMI;sysBP;age;totChol;diaBP;glucose;heartRate;cigsPerDay;prevalentHyp;education
6,24,1,0,10,BMI;sysBP;age;totChol;diaBP;glucose;heartRate;cigsPerDay;prevalentHyp;education
6,25,0,0,10,BMI;sysBP;age;totChol;diaBP;glucose;heartRate;cigsPerDay;prevalentHyp;education
6,26,1,0,10,BMI;sysBP;age;totChol;diaBP;glucose;heartRate;cigsPerDay;prevalentHyp;education
6,27,0,1,6,BMI;sysBP;age;glucose;heartRate;prevalentHyp
6,28,0,0,8,BMI;sysBP;diaBP;glucose;heartRate;cigsPerDay;prevalentHyp;education
6,29,1,1,10,BMI;sysBP;age;totChol;diaBP;glucose;heartRate;cigsPerDay;prevalentHyp;education
6,30,0,0,10,BMI;sysBP;age;totChol;diaBP;glucose;heartRate;cigsPerDay;prevalentHyp;education
6,31,1,1,7,age;totChol;glucose;heartRate;cigsPerDay;prevalentHyp;education
6,32,0,0,10,BMI;sysBP;age;totChol;diaBP;glucose;heartRate;cigsPerDay;prevalentHyp;education
6,33,1,0,6,BMI;sysBP;age;glucose;heartRate;prevalentHyp
6,34,0,1,10,BMI;sysBP;age;totChol;diaBP;glucose;heartRate;cigsPerDay;prevalentHyp;education
6,35,1,1,10,BMI;sysBP;age;totChol;diaBP;glucose;heartRate;cigsPerDay;prevalentHyp;education
6,36,1,1,10,BMI;sysBP;age;totChol;diaBP;glucose;heartRate;cigsPerDay;prevalentHyp;education
6,37,0,1,10,BMI;sysBP;age;totChol;diaBP;glucose;heartRate;cigsPerDay;prevalentHyp;education
6,38,1,1,10,BMI;sysBP;age;totChol;diaBP;glucose;heartRate;cigsPerDay;prevalentHyp;education
6,39,1,1,10,BMI;sysBP;age;totChol;diaBP;glucose;heartRate;cigsPerDay;prevalentHyp;education
6,40,0,1,10,BMI;sysBP;age;totChol;diaBP;glucose;heartRate;cigsPerDay;prevalentHyp;education
6,41,1,1,10,BMI;sysBP;age;totChol;diaBP;glucose;heartRate;cigsPerDay;prevalentHyp;education
6,42,1,0,10,BMI;sysBP;age;totChol;diaBP;glucose;heartRate;cigsPerDay;prevalentHyp;education
6,43,1,1,10,BMI;sysBP;age;totChol;diaBP;glucose;heartRate;cigsPerDay;prevalentHyp;education
6,44,1,1,10,BMI;sysBP;age;totChol;diaBP;glucose;heartRate;cigsPerDay;prevalentHyp;education
6,45,0,0,6,BMI;glucose;heartRate;cigsPerDay;prevalentHyp;education
6,46,1,1,10,BMI;sysBP;age;totChol;diaBP;glucose;heartRate;cigsPerDay;prevalentHyp;education
6,47,1,1,10,BMI;sysBP;age;totChol;diaBP;glucose;heartRate;cigsPerDay;prevalentHyp;education
6,48,1,1,8,BMI;sysBP;age;glucose;heartRate;cigsPerDay;prevalentHyp;education
6,49,1,0,10,BMI;sysBP;age;totChol;diaBP;glucose;heartRate;cigsPerDay;prevalentHyp;education
6,50,1,0,10,BMI;sysBP;age;totChol;diaBP;glucose;heartRate;cigsPerDay;prevalentHyp;education
6,51,0,1,10,BMI;sysBP;age;totChol;diaBP;glucose;heartRate;cigsPerDay;prevalentHyp;education
6,52,0,1,5,diaBP;glucose;heartRate;cigsPerDay;prevalentHyp
6,53,1,1,10,BMI;sysBP;age;totChol;diaBP;glucose;heartRate;cigsPerDay;prevalentHyp;education
6,54,0,0,10,BMI;sysBP;age;totChol;diaBP;glucose;heartRate;cigsPerDay;prevalentHyp;education
6,55,1,1,10,BMI;sysBP;age;totChol;diaBP;glucose;heartRate;cigsPerDay;prevalentHyp;education
6,56,0,0,10,BMI;sysBP;age;totChol;diaBP;glucose;heartRate;cigsPerDay;prevalentHyp;education
6,57,1,1,10,BMI;sysBP;age;totChol;diaBP;glucose;heartRate;cigsPerDay;prevalentHyp;education
6,58,1,1,7,BMI;sysBP;diaBP;glucose;heartRate;cigsPerDay;prevalentHyp
6,59,1,1,10,BMI;sysBP;age;totChol;diaBP;glucose;heartRate;cigsPerDay;prevalentHyp;education
6,60,1,1,10,BMI;sysBP;age;totChol;diaBP;glucose;heartRate;cigsPerDay;prevalentHyp;education
6,61,0,0,5,sysBP;diaBP;glucose;heartRate;prevalentHyp
6,62,0,1,10,BMI;sysBP;age;totChol;diaBP;glucose;heartRate;cigsPerDay;prevalentHyp;education
6,63,1,0,10,BMI;sysBP;age;totChol;diaBP;glucose;heartRate;cigsPerDay;prevalentHyp;education
6,64,1,1,10,BMI;sysBP;age;totChol;diaBP;glucose;heartRate;cigsPerDay;prevalentHyp;education
6,65,1,1,10,BMI;sysBP;age;totChol;diaBP;glucose;heartRate;cigsPerDay;prevalentHyp;education
6,66,0,1,7,BMI;diaBP;glucose;heartRate;cigsPerDay;prevalentHyp;education
6,67,0,0,9,BMI;sysBP;totChol;diaBP;glucose;heartRate;cigsPerDay;prevalentHyp;education
6,68,0,1,10,BMI;sysBP;age;totChol;diaBP;glucose;heartRate;cigsPerDay;prevalentHyp;education
6,69,1,1,10,BMI;sysBP;age;totChol;diaBP;glucose;heartRate;cigsPerDay;prevalentHyp;education
6,70,0,0,10,BMI;sysBP;age;totChol;diaBP;glucose;heartRate;cigsPerDay;prevalentHyp;education
6,71,1,1,10,BMI;sysBP;age;totChol;diaBP;glucose;heartRate;cigsPerDay;prevalentHyp;education
6,72,1,1,10,BMI;sysBP;age;totChol;diaBP;glucose;heartRate;cigsPerDay;prevalentHyp;education
6,73,1,1,10,BMI;sysBP;age;totChol;diaBP;glucose;heartRate;cigsPerDay;prevalentHyp;education
6,74,0,1,10,BMI;sysBP;age;totChol;diaBP;glucose;heartRate;cigsPerDay;prevalentHyp;education
6,75,0,1,10,BMI;sysBP;age;totChol;diaBP;glucose;heartRate;cigsPerDay;prevalentHyp;education
6,76,0,1,10,BMI;sysBP;age;totChol;diaBP;glucose;heartRate;cigsPerDay;prevalentHyp;education
6,77,0,0,10,BMI;sysBP;age;totChol;diaBP;glucose;heartRate;cigsPerDay;prevalentHyp;education
6,78,1,0,7,sysBP;age;totChol;diaBP;glucose;heartRate;prevalentHyp
6,79,0,1,10,BMI;sysBP;age;totChol;diaBP;glucose;heartRate;cigsPerDay;prevalentHyp;education
6,80,1,0,10,BMI;sysBP;age;totChol;diaBP;glucose;heartRate;cigsPerDay;prevalentHyp;education
6,81,1,0,7,BMI;sysBP;diaBP;glucose;heartRate;prevalentHyp;education
6,82,0,0,10,BMI;sysBP;age;totChol;diaBP;glucose;heartRate;cigsPerDay;prevalentHyp;education
6,83,0,1,10,BMI;sysBP;age;totChol;diaBP;glucose;heartRate;cigsPerDay;prevalentHyp;education
6,84,0,0,10,BMI;sysBP;age;totChol;diaBP;glucose;heartRate;cigsPerDay;prevalentHyp;education
6,85,1,0,10,BMI;sysBP;age;totChol;diaBP;glucose;heartRate;cigsPerDay;prevalentHyp;education
6,86,0,0,10,BMI;sysBP;age;totChol;diaBP;glucose;heartRate;cigsPerDay;prevalentHyp;education
6,87,0,1,10,BMI;sysBP;age;totChol;diaBP;glucose;heartRate;cigsPerDay;prevalentHyp;education
6,88,1,1,7,BMI;sysBP;age;diaBP;heartRate;prevalentHyp;education
6,89,1,1,10,BMI;sysBP;age;totChol;diaBP;glucose;heartRate;cigsPerDay;prevalentHyp;education
6,90,0,0,10,BMI;sysBP;age;totChol;diaBP;glucose;heartRate;cigsPerDay;prevalentHyp;education
6,91,0,0,10,BMI;sysBP;age;totChol;diaBP;glucose;heartRate;cigsPerDay;prevalentHyp;education
6,92,1,1,10,BMI;sysBP;age;totChol;diaBP;glucose;heartRate;cigsPerDay;prevalentHyp;education
6,93,0,1,10,BMI;sysBP;age;totChol;diaBP;glucose;heartRate;cigsPerDay;prevalentHyp;education
6,94,1,1,10,BMI;sysBP;age;totChol;diaBP;glucose;heartRate;cigsPerDay;prevalentHyp;education
6,95,0,1,10,BMI;sysBP;age;totChol;diaBP;glucose;heartRate;cigsPerDay;prevalentHyp;education
6,96,0,1,10,BMI;sysBP;age;totChol;diaBP;glucose;heartRate;cigsPerDay;prevalentHyp;education
6,97,0,1,10,BMI;sysBP;age;totChol;diaBP;glucose;heartRate;cigsPerDay;prevalentHyp;education
6,98,0,0,10,BMI;sysBP;age;totChol;diaBP;glucose;heartRate;cigsPerDay;prevalentHyp;education
6,99,1,0,10,BMI;sysBP;age;totChol;diaBP;glucose;heartRate;cigsPerDay;prevalentHyp;education
6,100,0,0,10,BMI;sysBP;age;totChol;diaBP;glucose;heartRate;cigsPerDay;prevalentHyp;education
6,101,1,0,8,sysBP;totChol;diaBP;glucose;heartRate;cigsPerDay;prevalentHyp;education
6,102,1,0,10,BMI;sysBP;age;totChol;diaBP;glucose;heartRate;cigsPerDay;prevalentHyp;education
6,103,1,1,10,BMI;sysBP;age;totChol;diaBP;glucose;heartRate;cigsPerDay;prevalentHyp;education
6,104,1,1,10,BMI;sysBP;age;totChol;diaBP;glucose;heartRate;cigsPerDay;prevalentHyp;education
6,105,1,1,10,BMI;sysBP;age;totChol;diaBP;glucose;heartRate;cigsPerDay;prevalentHyp;education
6,106,1,1,7,sysBP;age;glucose;heartRate;cigsPerDay;prevalentHyp;education
6,107,1,1,10,BMI;sysBP;age;totChol;diaBP;glucose;heartRate;cigsPerDay;prevalentHyp;education
6,108,0,0,7,sysBP;totChol;glucose;heartRate;cigsPerDay;prevalentHyp;education
6,109,0,1,10,BMI;sysBP;age;totChol;diaBP;glucose;heartRate;cigsPerDay;prevalentHyp;education
6,110,1,1,9,sysBP;age;totChol;diaBP;glucose;heartRate;cigsPerDay;prevalentHyp;education
6,111,0,1,10,BMI;sysBP;age;totChol;diaBP;glucose;heartRate;cigsPerDay;prevalentHyp;education
6,112,0,0,10,BMI;sysBP;age;totChol;diaBP;glucose;heartRate;cigsPerDay;prevalentHyp;education
6,113,0,1,10,BMI;sysBP;age;totChol;diaBP;glucose;heartRate;cigsPerDay;prevalentHyp;education
6,114,0,0,10,BMI;sysBP;age;totChol;diaBP;glucose;heartRate;cigsPerDay;prevalentHyp;education
6,115,1,1,10,BMI;sysBP;age;totChol;diaBP;glucose;heartRate;cigsPerDay;prevalentHyp;education
6,116,1,1,9,BMI;sysBP;age;diaBP;glucose;heartRate;cigsPerDay;prevalentHyp;education
6,117,0,0,10,BMI;sysBP;age;totChol;diaBP;glucose;heartRate;cigsPerDay;prevalentHyp;education
6,118,0,1,10,BMI;sysBP;age;totChol;diaBP;glucose;heartRate;cigsPerDay;prevalentHyp;education
6,119,0,0,10,BMI;sysBP;age;totChol;diaBP;glucose;heartRate;cigsPerDay;prevalentHyp;education
6,120,1,1,10,BMI;sysBP;age;totChol;diaBP;glucose;heartRate;cigsPerDay;prevalentHyp;education
6,121,1,1,10,BMI;sysBP;age;totChol;diaBP;glucose;heartRate;cigsPerDay;prevalentHyp;education
6,122,1,1,10,BMI;sysBP;age;totChol;diaBP;glucose;heartRate;cigsPerDay;prevalentHyp;education
6,123,0,0,10,BMI;sysBP;age;totChol;diaBP;glucose;heartRate;cigsPerDay;prevalentHyp;education
6,124,1,0,6,BMI;totChol;diaBP;glucose;heartRate;prevalentHyp
6,125,1,0,10,BMI;sysBP;age;totChol;diaBP;glucose;heartRate;cigsPerDay;prevalentHyp;education
6,126,0,1,10,BMI;sysBP;age;totChol;diaBP;glucose;heartRate;cigsPerDay;prevalentHyp;education
6,127,0,1,10,BMI;sysBP;age;totChol;diaBP;glucose;heartRate;cigsPerDay;prevalentHyp;education
6,128,1,0,10,BMI;sysBP;age;totChol;diaBP;glucose;heartRate;cigsPerDay;prevalentHyp;education
6,129,0,0,10,BMI;sysBP;age;totChol;diaBP;glucose;heartRate;cigsPerDay;prevalentHyp;education
6,130,0,1,10,BMI;sysBP;age;totChol;diaBP;glucose;heartRate;cigsPerDay;prevalentHyp;education
6,131,1,1,10,BMI;sysBP;age;totChol;diaBP;glucose;heartRate;cigsPerDay;prevalentHyp;education
6,132,0,0,10,BMI;sysBP;age;totChol;diaBP;glucose;heartRate;cigsPerDay;prevalentHyp;education
6,133,1,1,8,BMI;sysBP;age;diaBP;heartRate;cigsPerDay;prevalentHyp;education
6,134,1,0,6,BMI;age;diaBP;glucose;heartRate;prevalentHyp
6,135,1,1,10,BMI;sysBP;age;totChol;diaBP;glucose;heartRate;cigsPerDay;prevalentHyp;education
6,136,0,1,8,BMI;sysBP;age;diaBP;heartRate;cigsPerDay;prevalentHyp;education
6,137,0,1,10,BMI;sysBP;age;totChol;diaBP;glucose;heartRate;cigsPerDay;prevalentHyp;education
6,138,0,0,10,BMI;sysBP;age;totChol;diaBP;glucose;heartRate;cigsPerDay;prevalentHyp;education
6,139,0,0,10,BMI;sysBP;age;totChol;diaBP;glucose;heartRate;cigsPerDay;prevalentHyp;education
6,140,1,1,10,BMI;sysBP;age;totChol;diaBP;glucose;heartRate;cigsPerDay;prevalentHyp;education
6,141,1,1,10,BMI;sysBP;age;totChol;diaBP;glucose;heartRate;cigsPerDay;prevalentHyp;education
6,142,0,1,10,BMI;sysBP;age;totChol;diaBP;glucose;heartRate;cigsPerDay;prevalentHyp;education
6,143,1,1,10,BMI;sysBP;age;totChol;diaBP;glucose;heartRate;cigsPerDay;prevalentHyp;education
6,144,1,1,10,BMI;sysBP;age;totChol;diaBP;glucose;heartRate;cigsPerDay;prevalentHyp;education
6,145,0,0,10,BMI;sysBP;age;totChol;diaBP;glucose;heartRate;cigsPerDay;prevalentHyp;education
6,146,1,1,10,BMI;sysBP;age;totChol;diaBP;glucose;heartRate;cigsPerDay;prevalentHyp;education
6,147,1,0,10,BMI;sysBP;age;totChol;diaBP;glucose;heartRate;cigsPerDay;prevalentHyp;education
6,148,1,1,10,BMI;sysBP;age;totChol;diaBP;glucose;heartRate;cigsPerDay;prevalentHyp;education
6,149,0,0,10,BMI;sysBP;age;totChol;diaBP;glucose;heartRate;cigsPerDay;prevalentHyp;education
6,150,1,1,10,BMI;sysBP;age;totChol;diaBP;glucose;heartRate;cigsPerDay;prevalentHyp;education
6,151,0,0,10,BMI;sysBP;age;totChol;diaBP;glucose;heartRate;cigsPerDay;prevalentHyp;education
6,152,0,0,10,BMI;sysBP;age;totChol;diaBP;glucose;heartRate;cigsPerDay;prevalentHyp;education
6,153,1,1,10,BMI;sysBP;age;totChol;diaBP;glucose;heartRate;cigsPerDay;prevalentHyp;education
6,154,1,1,10,BMI;sysBP;age;totChol;diaBP;glucose;heartRate;cigsPerDay;prevalentHyp;education
6,155,1,0,10,BMI;sysBP;age;totChol;diaBP;glucose;heartRate;cigsPerDay;prevalentHyp;education
6,156,1,0,10,BMI;sysBP;age;totChol;diaBP;glucose;heartRate;cigsPerDay;prevalentHyp;education
6,157,1,1,10,BMI;sysBP;age;totChol;diaBP;glucose;heartRate;cigsPerDay;prevalentHyp;education
6,158,0,1,10,BMI;sysBP;age;totChol;diaBP;glucose;heartRate;cigsPerDay;prevalentHyp;education
6,159,0,0,8,BMI;sysBP;age;totChol;glucose;heartRate;prevalentHyp;education
6,160,0,1,10,BMI;sysBP;age;totChol;diaBP;glucose;heartRate;cigsPerDay;prevalentHyp;education
6,161,0,0,10,BMI;sysBP;age;totChol;diaBP;glucose;heartRate;cigsPerDay;prevalentHyp;education
6,162,0,0,10,BMI;sysBP;age;totChol;diaBP;glucose;heartRate;cigsPerDay;prevalentHyp;education
6,163,1,1,6,sysBP;totChol;diaBP;heartRate;prevalentHyp;education
6,164,0,1,10,BMI;sysBP;age;totChol;diaBP;glucose;heartRate;cigsPerDay;prevalentHyp;education
6,165,1,1,10,BMI;sysBP;age;totChol;diaBP;glucose;heartRate;cigsPerDay;prevalentHyp;education
6,166,0,1,8,sysBP;totChol;diaBP;glucose;heartRate;cigsPerDay;prevalentHyp;education
6,167,1,0,10,BMI;sysBP;age;totChol;diaBP;glucose;heartRate;cigsPerDay;prevalentHyp;education
6,168,1,0,10,BMI;sysBP;age;totChol;diaBP;glucose;heartRate;cigsPerDay;prevalentHyp;education
6,169,0,0,10,BMI;sysBP;age;totChol;diaBP;glucose;heartRate;cigsPerDay;prevalentHyp;education
6,170,1,0,10,BMI;sysBP;age;totChol;diaBP;glucose;heartRate;cigsPerDay;prevalentHyp;education
6,171,1,0,10,BMI;sysBP;age;totChol;diaBP;glucose;heartRate;cigsPerDay;prevalentHyp;education
6,172,1,0,10,BMI;sysBP;age;totChol;diaBP;glucose;heartRate;cigsPerDay;prevalentHyp;education
6,173,1,0,8,BMI;sysBP;age;totChol;diaBP;glucose;heartRate;prevalentHyp
6,174,1,1,10,BMI;sysBP;age;totChol;diaBP;glucose;heartRate;cigsPerDay;prevalentHyp;education
6,175,0,1,10,BMI;sysBP;age;totChol;diaBP;glucose;heartRate;cigsPerDay;prevalentHyp;education
6,176,1,1,10,BMI;sysBP;age;totChol;diaBP;glucose;heartRate;cigsPerDay;prevalentHyp;education
6,177,0,1,10,BMI;sysBP;age;totChol;diaBP;glucose;heartRate;cigsPerDay;prevalentHyp;education
6,178,1,0,10,BMI;sysBP;age;totChol;diaBP;glucose;heartRate;cigsPerDay;prevalentHyp;education
6,179,1,1,10,BMI;sysBP;age;totChol;diaBP;glucose;heartRate;cigsPerDay;prevalentHyp;education
6,180,1,1,10,BMI;sysBP;age;totChol;diaBP;glucose;heartRate;cigsPerDay;prevalentHyp;education
6,181,1,1,10,BMI;sysBP;age;totChol;diaBP;glucose;heartRate;cigsPerDay;prevalentHyp;education
6,182,1,0,10,BMI;sysBP;age;totChol;diaBP;glucose;heartRate;cigsPerDay;prevalentHyp;education
6,183,1,0,9,BMI;sysBP;age;totChol;diaBP;heartRate;cigsPerDay;prevalentHyp;education
6,184,1,1,10,BMI;sysBP;age;totChol;diaBP;glucose;heartRate;cigsPerDay;prevalentHyp;education
6,185,1,1,10,BMI;sysBP;age;totChol;diaBP;glucose;heartRate;cigsPerDay;prevalentHyp;education
6,186,0,0,10,BMI;sysBP;age;totChol;diaBP;glucose;heartRate;cigsPerDay;prevalentHyp;education
6,187,0,1,10,BMI;sysBP;age;totChol;diaBP;glucose;heartRate;cigsPerDay;prevalentHyp;education
6,188,0,1,10,BMI;sysBP;age;totChol;diaBP;glucose;heartRate;cigsPerDay;prevalentHyp;education
6,189,1,0,5,BMI;sysBP;age;heartRate;prevalentHyp
6,190,1,0,6,sysBP;totChol;diaBP;glucose;heartRate;prevalentHyp
6,191,1,1,10,BMI;sysBP;age;totChol;diaBP;glucose;heartRate;cigsPerDay;prevalentHyp;education
6,192,0,1,7,BMI;sysBP;totChol;diaBP;glucose;heartRate;prevalentHyp
6,193,1,1,7,BMI;sysBP;age;heartRate;cigsPerDay;prevalentHyp;education
6,194,0,0,10,BMI;sysBP;age;totChol;diaBP;glucose;heartRate;cigsPerDay;prevalentHyp;education
6,195,0,1,10,BMI;sysBP;age;totChol;diaBP;glucose;heartRate;cigsPerDay;prevalentHyp;education
6,196,0,1,10,BMI;sysBP;age;totChol;diaBP;glucose;heartRate;cigsPerDay;prevalentHyp;education
6,197,0,0,10,BMI;sysBP;age;totChol;diaBP;glucose;heartRate;cigsPerDay;prevalentHyp;education
6,198,0,1,10,BMI;sysBP;age;totChol;diaBP;glucose;heartRate;cigsPerDay;prevalentHyp;education
6,199,0,1,10,BMI;sysBP;age;totChol;diaBP;glucose;heartRate;cigsPerDay;prevalentHyp;education
6,200,1,1,10,BMI;sysBP;age;totChol;diaBP;glucose;heartRate;cigsPerDay;prevalentHyp;education
6,201,0,1,10,BMI;sysBP;age;totChol;diaBP;glucose;heartRate;cigsPerDay;prevalentHyp;education
6,202,0,0,10,BMI;sysBP;age;totChol;diaBP;glucose;heartRate;cigsPerDay;prevalentHyp;education
6,203,0,0,10,BMI;sysBP;age;totChol;diaBP;glucose;heartRate;cigsPerDay;prevalentHyp;education
6,204,0,0,10,BMI;sysBP;age;totChol;diaBP;glucose;heartRate;cigsPerDay;prevalentHyp;education
6,205,1,1,7,sysBP;age;diaBP;heartRate;cigsPerDay;prevalentHyp;education
6,206,1,0,10,BMI;sysBP;age;totChol;diaBP;glucose;heartRate;cigsPerDay;prevalentHyp;education
6,207,1,0,10,BMI;sysBP;age;totChol;diaBP;glucose;heartRate;cigsPerDay;prevalentHyp;education
6,208,0,0,10,BMI;sysBP;age;totChol;diaBP;glucose;heartRate;cigsPerDay;prevalentHyp;education
6,209,1,1,10,BMI;sysBP;age;totChol;diaBP;glucose;heartRate;cigsPerDay;prevalentHyp;education
6,210,0,0,10,BMI;sysBP;age;totChol;diaBP;glucose;heartRate;cigsPerDay;prevalentHyp;education
6,211,1,0,10,BMI;sysBP;age;totChol;diaBP;glucose;heartRate;cigsPerDay;prevalentHyp;education
6,212,1,1,10,BMI;sysBP;age;totChol;diaBP;glucose;heartRate;cigsPerDay;prevalentHyp;education
6,213,0,1,10,BMI;sysBP;age;totChol;diaBP;glucose;heartRate;cigsPerDay;prevalentHyp;education
6,214,0,1,10,BMI;sysBP;age;totChol;diaBP;glucose;heartRate;cigsPerDay;prevalentHyp;education
6,215,1,0,10,BMI;sysBP;age;totChol;diaBP;glucose;heartRate;cigsPerDay;prevalentHyp;education
6,216,0,1,10,BMI;sysBP;age;totChol;diaBP;glucose;heartRate;cigsPerDay;prevalentHyp;education
6,217,0,0,10,BMI;sysBP;age;totChol;diaBP;glucose;heartRate;cigsPerDay;prevalentHyp;education
6,218,0,1,10,BMI;sysBP;age;totChol;diaBP;glucose;heartRate;cigsPerDay;prevalentHyp;education
6,219,0,1,10,BMI;sysBP;age;totChol;diaBP;glucose;heartRate;cigsPerDay;prevalentHyp;education
6,220,0,0,9,BMI;age;totChol;diaBP;glucose;heartRate;cigsPerDay;prevalentHyp;education
6,221,1,1,10,BMI;sysBP;age;totChol;diaBP;glucose;heartRate;cigsPerDay;prevalentHyp;education
6,222,0,0,10,BMI;sysBP;age;totChol;diaBP;glucose;heartRate;cigsPerDay;prevalentHyp;education
6,223,1,1,10,BMI;sysBP;age;totChol;diaBP;glucose;heartRate;cigsPerDay;prevalentHyp;education
6,224,1,0,10,BMI;sysBP;age;totChol;diaBP;glucose;heartRate;cigsPerDay;prevalentHyp;education
6,225,1,1,10,BMI;sysBP;age;totChol;diaBP;glucose;heartRate;cigsPerDay;prevalentHyp;education
6,226,1,1,10,BMI;sysBP;age;totChol;diaBP;glucose;heartRate;cigsPerDay;prevalentHyp;education
6,227,0,1,10,BMI;sysBP;age;totChol;diaBP;glucose;heartRate;cigsPerDay;prevalentHyp;education
6,228,1,1,10,BMI;sysBP;age;totChol;diaBP;glucose;heartRate;cigsPerDay;prevalentHyp;education
6,229,0,0,10,BMI;sysBP;age;totChol;diaBP;glucose;heartRate;cigsPerDay;prevalentHyp;education
6,230,1,1,10,BMI;sysBP;age;totChol;diaBP;glucose;heartRate;cigsPerDay;prevalentHyp;education
6,231,0,0,10,BMI;sysBP;age;totChol;diaBP;glucose;heartRate;cigsPerDay;prevalentHyp;education
6,232,0,0,10,BMI;sysBP;age;totChol;diaBP;glucose;heartRate;cigsPerDay;prevalentHyp;education
6,233,1,1,10,BMI;sysBP;age;totChol;diaBP;glucose;heartRate;cigsPerDay;prevalentHyp;education
6,234,1,0,10,BMI;sysBP;age;totChol;diaBP;glucose;heartRate;cigsPerDay;prevalentHyp;education
6,235,0,1,10,BMI;sysBP;age;totChol;diaBP;glucose;heartRate;cigsPerDay;prevalentHyp;education
6,236,0,0,10,BMI;sysBP;age;totChol;diaBP;glucose;heartRate;cigsPerDay;prevalentHyp;education
6,237,0,1,10,BMI;sysBP;age;totChol;diaBP;glucose;heartRate;cigsPerDay;prevalentHyp;education
6,238,0,0,10,BMI;sysBP;age;totChol;diaBP;glucose;heartRate;cigsPerDay;prevalentHyp;education
6,239,0,1,10,BMI;sysBP;age;totChol;diaBP;glucose;heartRate;cigsPerDay;prevalentHyp;education
6,240,0,1,10,BMI;sysBP;age;totChol;diaBP;glucose;heartRate;cigsPerDay;prevalentHyp;education
6,241,1,1,10,BMI;sysBP;age;totChol;diaBP;glucose;heartRate;cigsPerDay;prevalentHyp;education
6,242,1,0,10,BMI;sysBP;age;totChol;diaBP;glucose;heartRate;cigsPerDay;prevalentHyp;education
6,243,0,1,10,BMI;sysBP;age;totChol;diaBP;glucose;heartRate;cigsPerDay;prevalentHyp;education
6,244,1,1,10,BMI;sysBP;age;totChol;diaBP;glucose;heartRate;cigsPerDay;prevalentHyp;education
6,245,1,1,10,BMI;sysBP;age;totChol;diaBP;glucose;heartRate;cigsPerDay;prevalentHyp;education
6,246,0,0,10,BMI;sysBP;age;totChol;diaBP;glucose;heartRate;cigsPerDay;prevalentHyp;education
6,247,1,0,10,BMI;sysBP;age;totChol;diaBP;glucose;heartRate;cigsPerDay;prevalentHyp;education
6,248,0,1,10,BMI;sysBP;age;totChol;diaBP;glucose;heartRate;cigsPerDay;prevalentHyp;education
6,249,0,0,10,BMI;sysBP;age;totChol;diaBP;glucose;heartRate;cigsPerDay;prevalentHyp;education
6,250,1,1,10,BMI;sysBP;age;totChol;diaBP;glucose;heartRate;cigsPerDay;prevalentHyp;education
6,251,0,0,9,BMI;sysBP;age;totChol;diaBP;glucose;heartRate;prevalentHyp;education
6,252,1,0,10,BMI;sysBP;age;totChol;diaBP;glucose;heartRate;cigsPerDay;prevalentHyp;education
6,253,0,0,10,BMI;sysBP;age;totChol;diaBP;glucose;heartRate;cigsPerDay;prevalentHyp;education
6,254,1,1,10,BMI;sysBP;age;totChol;diaBP;glucose;heartRate;cigsPerDay;prevalentHyp;education
6,255,0,0,10,BMI;sysBP;age;totChol;diaBP;glucose;heartRate;cigsPerDay;prevalentHyp;education
6,256,1,0,10,BMI;sysBP;age;totChol;diaBP;glucose;heartRate;cigsPerDay;prevalentHyp;education
6,257,1,1,10,BMI;sysBP;age;totChol;diaBP;glucose;heartRate;cigsPerDay;prevalentHyp;education
6,258,0,1,10,BMI;sysBP;age;totChol;diaBP;glucose;heartRate;cigsPerDay;prevalentHyp;education
6,259,1,1,10,BMI;sysBP;age;totChol;diaBP;glucose;heartRate;cigsPerDay;prevalentHyp;education
6,260,1,0,10,BMI;sysBP;age;totChol;diaBP;glucose;heartRate;cigsPerDay;prevalentHyp;education
6,261,1,1,10,BMI;sysBP;age;totChol;diaBP;glucose;heartRate;cigsPerDay;prevalentHyp;education
6,262,1,1,10,BMI;sysBP;age;totChol;diaBP;glucose;heartRate;cigsPerDay;prevalentHyp;education
6,263,1,1,10,BMI;sysBP;age;totChol;diaBP;glucose;heartRate;cigsPerDay;prevalentHyp;education
6,264,1,1,10,BMI;sysBP;age;totChol;diaBP;glucose;heartRate;cigsPerDay;prevalentHyp;education
6,265,1,0,10,BMI;sysBP;age;totChol;diaBP;glucose;heartRate;cigsPerDay;prevalentHyp;education
6,266,0,0,10,BMI;sysBP;age;totChol;diaBP;glucose;heartRate;cigsPerDay;prevalentHyp;education
6,267,0,0,10,BMI;sysBP;age;totChol;diaBP;glucose;heartRate;cigsPerDay;prevalentHyp;education
6,268,0,1,10,BMI;sysBP;age;totChol;diaBP;glucose;heartRate;cigsPerDay;prevalentHyp;education
6,269,1,0,10,BMI;sysBP;age;totChol;diaBP;glucose;heartRate;cigsPerDay;prevalentHyp;education
6,270,1,1,10,BMI;sysBP;age;totChol;diaBP;glucose;heartRate;cigsPerDay;prevalentHyp;education
6,271,0,0,10,BMI;sysBP;age;totChol;diaBP;glucose;heartRate;cigsPerDay;prevalentHyp;education
6,272,0,0,10,BMI;sysBP;age;totChol;diaBP;glucose;heartRate;cigsPerDay;prevalentHyp;education
6,273,0,1,10,BMI;sysBP;age;totChol;diaBP;glucose;heartRate;cigsPerDay;prevalentHyp;education
6,274,1,1,10,BMI;sysBP;age;totChol;diaBP;glucose;heartRate;cigsPerDay;prevalentHyp;education
6,275,1,1,7,BMI;sysBP;age;diaBP;glucose;heartRate;prevalentHyp
6,276,0,1,10,BMI;sysBP;age;totChol;diaBP;glucose;heartRate;cigsPerDay;prevalentHyp;education
6,277,0,1,10,BMI;sysBP;age;totChol;diaBP;glucose;heartRate;cigsPerDay;prevalentHyp;education
6,278,0,0,10,BMI;sysBP;age;totChol;diaBP;glucose;heartRate;cigsPerDay;prevalentHyp;education
6,279,0,1,10,BMI;sysBP;age;totChol;diaBP;glucose;heartRate;cigsPerDay;prevalentHyp;education
6,280,1,1,10,BMI;sysBP;age;totChol;diaBP;glucose;heartRate;cigsPerDay;prevalentHyp;education
6,281,0,1,10,BMI;sysBP;age;totChol;diaBP;glucose;heartRate;cigsPerDay;prevalentHyp;education
6,282,0,1,10,BMI;sysBP;age;totChol;diaBP;glucose;heartRate;cigsPerDay;prevalentHyp;education
6,283,1,1,10,BMI;sysBP;age;totChol;diaBP;glucose;heartRate;cigsPerDay;prevalentHyp;education
6,284,0,0,10,BMI;sysBP;age;totChol;diaBP;glucose;heartRate;cigsPerDay;prevalentHyp;education
6,285,0,0,10,BMI;sysBP;age;totChol;diaBP;glucose;heartRate;cigsPerDay;prevalentHyp;education
6,286,0,1,10,BMI;sysBP;age;totChol;diaBP;glucose;heartRate;cigsPerDay;prevalentHyp;education
6,287,1,1,10,BMI;sysBP;age;totChol;diaBP;glucose;heartRate;cigsPerDay;prevalentHyp;education
6,288,1,0,10,BMI;sysBP;age;totChol;diaBP;glucose;heartRate;cigsPerDay;prevalentHyp;education
6,289,0,0,10,BMI;sysBP;age;totChol;diaBP;glucose;heartRate;cigsPerDay;prevalentHyp;education
6,290,1,1,10,BMI;sysBP;age;totChol;diaBP;glucose;heartRate;cigsPerDay;prevalentHyp;education
6,291,1,1,10,BMI;sysBP;age;totChol;diaBP;glucose;heartRate;cigsPerDay;prevalentHyp;education
6,292,1,1,10,BMI;sysBP;age;totChol;diaBP;glucose;heartRate;cigsPerDay;prevalentHyp;education
6,293,0,1,10,BMI;sysBP;age;totChol;diaBP;glucose;heartRate;cigsPerDay;prevalentHyp;education
6,294,0,0,10,BMI;sysBP;age;totChol;diaBP;glucose;heartRate;cigsPerDay;prevalentHyp;education
6,295,0,1,10,BMI;sysBP;age;totChol;diaBP;glucose;heartRate;cigsPerDay;prevalentHyp;education
6,296,1,0,10,BMI;sysBP;age;totChol;diaBP;glucose;heartRate;cigsPerDay;prevalentHyp;education
6,297,0,0,10,BMI;sysBP;age;totChol;diaBP;glucose;heartRate;cigsPerDay;prevalentHyp;education
6,298,0,0,10,BMI;sysBP;age;totChol;diaBP;glucose;heartRate;cigsPerDay;prevalentHyp;education
6,299,0,0,5,BMI;sysBP;glucose;heartRate;prevalentHyp
6,300,0,1,10,BMI;sysBP;age;totChol;diaBP;glucose;heartRate;cigsPerDay;prevalentHyp;education
6,301,1,1,10,BMI;sysBP;age;totChol;diaBP;glucose;heartRate;cigsPerDay;prevalentHyp;education
6,302,0,0,10,BMI;sysBP;age;totChol;diaBP;glucose;heartRate;cigsPerDay;prevalentHyp;education
6,303,1,0,10,BMI;sysBP;age;totChol;diaBP;glucose;heartRate;cigsPerDay;prevalentHyp;education
6,304,1,1,10,BMI;sysBP;age;totChol;diaBP;glucose;heartRate;cigsPerDay;prevalentHyp;education
6,305,1,1,10,BMI;sysBP;age;totChol;diaBP;glucose;heartRate;cigsPerDay;prevalentHyp;education
6,306,1,1,10,BMI;sysBP;age;totChol;diaBP;glucose;heartRate;cigsPerDay;prevalentHyp;education
6,307,1,0,10,BMI;sysBP;age;totChol;diaBP;glucose;heartRate;cigsPerDay;prevalentHyp;education
6,308,1,1,9,BMI;sysBP;age;diaBP;glucose;heartRate;cigsPerDay;prevalentHyp;education
6,309,0,0,10,BMI;sysBP;age;totChol;diaBP;glucose;heartRate;cigsPerDay;prevalentHyp;education
6,310,1,0,10,BMI;sysBP;age;totChol;diaBP;glucose;heartRate;cigsPerDay;prevalentHyp;education
6,311,1,1,10,BMI;sysBP;age;totChol;diaBP;glucose;heartRate;cigsPerDay;prevalentHyp;education
6,312,1,0,10,BMI;sysBP;age;totChol;diaBP;glucose;heartRate;cigsPerDay;prevalentHyp;education
6,313,0,0,10,BMI;sysBP;age;totChol;diaBP;glucose;heartRate;cigsPerDay;prevalentHyp;education
6,314,0,1,10,BMI;sysBP;age;totChol;diaBP;glucose;heartRate;cigsPerDay;prevalentHyp;education
6,315,0,1,10,BMI;sysBP;age;totChol;diaBP;glucose;heartRate;cigsPerDay;prevalentHyp;education
6,316,0,1,10,BMI;sysBP;age;totChol;diaBP;glucose;heartRate;cigsPerDay;prevalentHyp;education
6,317,0,0,10,BMI;sysBP;age;totChol;diaBP;glucose;heartRate;cigsPerDay;prevalentHyp;education
6,318,0,0,10,BMI;sysBP;age;totChol;diaBP;glucose;heartRate;cigsPerDay;prevalentHyp;education
6,319,0,1,10,BMI;sysBP;age;totChol;diaBP;glucose;heartRate;cigsPerDay;prevalentHyp;education
6,320,0,1,8,BMI;sysBP;age;totChol;diaBP;heartRate;cigsPerDay;prevalentHyp
6,321,0,1,10,BMI;sysBP;age;totChol;diaBP;glucose;heartRate;cigsPerDay;prevalentHyp;education
6,322,0,1,10,BMI;sysBP;age;totChol;diaBP;glucose;heartRate;cigsPerDay;prevalentHyp;education
6,323,0,1,10,BMI;sysBP;age;totChol;diaBP;glucose;heartRate;cigsPerDay;prevalentHyp;education
6,324,0,0,10,BMI;sysBP;age;totChol;diaBP;glucose;heartRate;cigsPerDay;prevalentHyp;education
6,325,0,1,10,BMI;sysBP;age;totChol;diaBP;glucose;heartRate;cigsPerDay;prevalentHyp;education
6,326,0,0,10,BMI;sysBP;age;totChol;diaBP;glucose;heartRate;cigsPerDay;prevalentHyp;education
6,327,0,1,10,BMI;sysBP;age;totChol;diaBP;glucose;heartRate;cigsPerDay;prevalentHyp;education
6,328,0,0,10,BMI;sysBP;age;totChol;diaBP;glucose;heartRate;cigsPerDay;prevalentHyp;education
6,329,1,1,10,BMI;sysBP;age;totChol;diaBP;glucose;heartRate;cigsPerDay;prevalentHyp;education
6,330,1,1,9,sysBP;age;totChol;diaBP;glucose;heartRate;cigsPerDay;prevalentHyp;education
6,331,0,1,10,BMI;sysBP;age;totChol;diaBP;glucose;heartRate;cigsPerDay;prevalentHyp;education
6,332,1,1,10,BMI;sysBP;age;totChol;diaBP;glucose;heartRate;cigsPerDay;prevalentHyp;education
6,333,0,0,10,BMI;sysBP;age;totChol;diaBP;glucose;heartRate;cigsPerDay;prevalentHyp;education
6,334,0,1,10,BMI;sysBP;age;totChol;diaBP;glucose;heartRate;cigsPerDay;prevalentHyp;education
6,335,1,0,10,BMI;sysBP;age;totChol;diaBP;glucose;heartRate;cigsPerDay;prevalentHyp;education
6,336,1,1,10,BMI;sysBP;age;totChol;diaBP;glucose;heartRate;cigsPerDay;prevalentHyp;education
6,337,1,1,10,BMI;sysBP;age;totChol;diaBP;glucose;heartRate;cigsPerDay;prevalentHyp;education
6,338,1,0,10,BMI;sysBP;age;totChol;diaBP;glucose;heartRate;cigsPerDay;prevalentHyp;education
6,339,1,1,6,sysBP;age;diaBP;cigsPerDay;prevalentHyp;education
6,340,0,1,10,BMI;sysBP;age;totChol;diaBP;glucose;heartRate;cigsPerDay;prevalentHyp;education
6,341,1,1,10,BMI;sysBP;age;totChol;diaBP;glucose;heartRate;cigsPerDay;prevalentHyp;education
6,342,0,1,10,BMI;sysBP;age;totChol;diaBP;glucose;heartRate;cigsPerDay;prevalentHyp;education
6,343,1,0,10,BMI;sysBP;age;totChol;diaBP;glucose;heartRate;cigsPerDay;prevalentHyp;education
6,344,0,1,10,BMI;sysBP;age;totChol;diaBP;glucose;heartRate;cigsPerDay;prevalentHyp;education
6,345,1,0,10,BMI;sysBP;age;totChol;diaBP;glucose;heartRate;cigsPerDay;prevalentHyp;education
6,346,0,0,10,BMI;sysBP;age;totChol;diaBP;glucose;heartRate;cigsPerDay;prevalentHyp;education
6,347,0,0,10,BMI;sysBP;age;totChol;diaBP;glucose;heartRate;cigsPerDay;prevalentHyp;education
6,348,0,0,8,sysBP;totChol;diaBP;glucose;heartRate;cigsPerDay;prevalentHyp;education
6,349,1,1,10,BMI;sysBP;age;totChol;diaBP;glucose;heartRate;cigsPerDay;prevalentHyp;education
6,350,0,0,10,BMI;sysBP;age;totChol;diaBP;glucose;heartRate;cigsPerDay;prevalentHyp;education
6,351,1,0,10,BMI;sysBP;age;totChol;diaBP;glucose;heartRate;cigsPerDay;prevalentHyp;education
6,352,0,1,10,BMI;sysBP;age;totChol;diaBP;glucose;heartRate;cigsPerDay;prevalentHyp;education
6,353,1,1,10,BMI;sysBP;age;totChol;diaBP;glucose;heartRate;cigsPerDay;prevalentHyp;education
6,354,0,0,10,BMI;sysBP;age;totChol;diaBP;glucose;heartRate;cigsPerDay;prevalentHyp;education
6,355,0,1,10,BMI;sysBP;age;totChol;diaBP;glucose;heartRate;cigsPerDay;prevalentHyp;education
6,356,1,1,10,BMI;sysBP;age;totChol;diaBP;glucose;heartRate;cigsPerDay;prevalentHyp;education
6,357,0,0,10,BMI;sysBP;age;totChol;diaBP;glucose;heartRate;cigsPerDay;prevalentHyp;education
6,358,0,1,10,BMI;sysBP;age;totChol;diaBP;glucose;heartRate;cigsPerDay;prevalentHyp;education
6,359,0,0,10,BMI;sysBP;age;totChol;diaBP;glucose;heartRate;cigsPerDay;prevalentHyp;education
6,360,0,0,7,BMI;age;totChol;diaBP;glucose;heartRate;prevalentHyp
6,361,1,1,10,BMI;sysBP;age;totChol;diaBP;glucose;heartRate;cigsPerDay;prevalentHyp;education
6,362,1,1,10,BMI;sysBP;age;totChol;diaBP;glucose;heartRate;cigsPerDay;prevalentHyp;education
6,363,1,1,8,sysBP;age;totChol;diaBP;glucose;cigsPerDay;prevalentHyp;education
6,364,1,1,10,BMI;sysBP;age;totChol;diaBP;glucose;heartRate;cigsPerDay;prevalentHyp;education
6,365,0,1,10,BMI;sysBP;age;totChol;diaBP;glucose;heartRate;cigsPerDay;prevalentHyp;education
6,366,1,0,10,BMI;sysBP;age;totChol;diaBP;glucose;heartRate;cigsPerDay;prevalentHyp;education
6,367,1,1,6,sysBP;totChol;diaBP;glucose;heartRate;prevalentHyp
6,368,1,1,10,BMI;sysBP;age;totChol;diaBP;glucose;heartRate;cigsPerDay;prevalentHyp;education
6,369,1,0,7,sysBP;totChol;glucose;heartRate;cigsPerDay;prevalentHyp;education
6,370,0,1,10,BMI;sysBP;age;totChol;diaBP;glucose;heartRate;cigsPerDay;prevalentHyp;education
6,371,0,0,10,BMI;sysBP;age;totChol;diaBP;glucose;heartRate;cigsPerDay;prevalentHyp;education
6,372,0,0,10,BMI;sysBP;age;totChol;diaBP;glucose;heartRate;cigsPerDay;prevalentHyp;education
6,373,1,1,10,BMI;sysBP;age;totChol;diaBP;glucose;heartRate;cigsPerDay;prevalentHyp;education
6,374,0,0,5,sysBP;diaBP;glucose;heartRate;prevalentHyp
6,375,1,0,10,BMI;sysBP;age;totChol;diaBP;glucose;heartRate;cigsPerDay;prevalentHyp;education
6,376,0,0,10,BMI;sysBP;age;totChol;diaBP;glucose;heartRate;cigsPerDay;prevalentHyp;education
6,377,1,1,10,BMI;sysBP;age;totChol;diaBP;glucose;heartRate;cigsPerDay;prevalentHyp;education
6,378,0,1,10,BMI;sysBP;age;totChol;diaBP;glucose;heartRate;cigsPerDay;prevalentHyp;education
6,379,0,0,10,BMI;sysBP;age;totChol;diaBP;glucose;heartRate;cigsPerDay;prevalentHyp;education
6,380,0,1,10,BMI;sysBP;age;totChol;diaBP;glucose;heartRate;cigsPerDay;prevalentHyp;education
6,381,0,1,10,BMI;sysBP;age;totChol;diaBP;glucose;heartRate;cigsPerDay;prevalentHyp;education
6,382,1,1,10,BMI;sysBP;age;totChol;diaBP;glucose;heartRate;cigsPerDay;prevalentHyp;education
6,383,1,1,10,BMI;sysBP;age;totChol;diaBP;glucose;heartRate;cigsPerDay;prevalentHyp;education
6,384,1,1,10,BMI;sysBP;age;totChol;diaBP;glucose;heartRate;cigsPerDay;prevalentHyp;education
6,385,0,1,10,BMI;sysBP;age;totChol;diaBP;glucose;heartRate;cigsPerDay;prevalentHyp;education
6,386,1,1,10,BMI;sysBP;age;totChol;diaBP;glucose;heartRate;cigsPerDay;prevalentHyp;education
6,387,0,1,6,sysBP;totChol;diaBP;glucose;heartRate;prevalentHyp
6,388,1,1,10,BMI;sysBP;age;totChol;diaBP;glucose;heartRate;cigsPerDay;prevalentHyp;education
6,389,0,0,10,BMI;sysBP;age;totChol;diaBP;glucose;heartRate;cigsPerDay;prevalentHyp;education
6,390,0,1,10,BMI;sysBP;age;totChol;diaBP;glucose;heartRate;cigsPerDay;prevalentHyp;education
6,391,1,1,10,BMI;sysBP;age;totChol;diaBP;glucose;heartRate;cigsPerDay;prevalentHyp;education
6,392,0,1,10,BMI;sysBP;age;totChol;diaBP;glucose;heartRate;cigsPerDay;prevalentHyp;education
6,393,1,1,10,BMI;sysBP;age;totChol;diaBP;glucose;heartRate;cigsPerDay;prevalentHyp;education
6,394,1,0,10,BMI;sysBP;age;totChol;diaBP;glucose;heartRate;cigsPerDay;prevalentHyp;education
6,395,1,1,10,BMI;sysBP;age;totChol;diaBP;glucose;heartRate;cigsPerDay;prevalentHyp;education
6,396,1,1,10,BMI;sysBP;age;totChol;diaBP;glucose;heartRate;cigsPerDay;prevalentHyp;education
6,397,0,1,10,BMI;sysBP;age;totChol;diaBP;glucose;heartRate;cigsPerDay;prevalentHyp;education
6,398,0,0,10,BMI;sysBP;age;totChol;diaBP;glucose;heartRate;cigsPerDay;prevalentHyp;education
6,399,1,1,10,BMI;sysBP;age;totChol;diaBP;glucose;heartRate;cigsPerDay;prevalentHyp;education
7,0,0,1,10,BMI;sysBP;age;totChol;diaBP;glucose;heartRate;cigsPerDay;prevalentHyp;education
7,1,0,0,10,BMI;sysBP;age;totChol;diaBP;glucose;heartRate;cigsPerDay;prevalentHyp;education
7,2,1,1,10,BMI;sysBP;age;totChol;diaBP;glucose;heartRate;cigsPerDay;prevalentHyp;education
7,3,0,1,10,BMI;sysBP;age;totChol;diaBP;glucose;heartRate;cigsPerDay;prevalentHyp;education
7,4,1,1,10,BMI;sysBP;age;totChol;diaBP;glucose;heartRate;cigsPerDay;prevalentHyp;education
7,5,1,1,10,BMI;sysBP;age;totChol;diaBP;glucose;heartRate;cigsPerDay;prevalentHyp;education
7,6,0,0,10,BMI;sysBP;age;totChol;diaBP;glucose;heartRate;cigsPerDay;prevalentHyp;education
7,7,1,1,10,BMI;sysBP;age;totChol;diaBP;glucose;heartRate;cigsPerDay;prevalentHyp;education
7,8,0,1,10,BMI;sysBP;age;totChol;diaBP;glucose;heartRate;cigsPerDay;prevalentHyp;education
7,9,1,0,10,BMI;sysBP;age;totChol;diaBP;glucose;heartRate;cigsPerDay;prevalentHyp;education
7,10,1,1,10,BMI;sysBP;age;totChol;diaBP;glucose;heartRate;cigsPerDay;prevalentHyp;education
7,11,0,1,10,BMI;sysBP;age;totChol;diaBP;glucose;heartRate;cigsPerDay;prevalentHyp;education
7,12,1,1,10,BMI;sysBP;age;totChol;diaBP;glucose;heartRate;cigsPerDay;prevalentHyp;education
7,13,1,1,10,BMI;sysBP;age;totChol;diaBP;glucose;heartRate;cigsPerDay;prevalentHyp;education
7,14,1,1,10,BMI;sysBP;age;totChol;diaBP;glucose;heartRate;cigsPerDay;prevalentHyp;education
7,15,1,1,10,BMI;sysBP;age;totChol;diaBP;glucose;heartRate;cigsPerDay;prevalentHyp;education
7,16,0,0,10,BMI;sysBP;age;totChol;diaBP;glucose;heartRate;cigsPerDay;prevalentHyp;education
7,17,0,1,10,BMI;sysBP;age;totChol;diaBP;glucose;heartRate;cigsPerDay;prevalentHyp;education
7,18,0,1,10,BMI;sysBP;age;totChol;diaBP;glucose;heartRate;cigsPerDay;prevalentHyp;education
7,19,0,0,10,BMI;sysBP;age;totChol;diaBP;glucose;heartRate;cigsPerDay;prevalentHyp;education
7,20,1,1,10,BMI;sysBP;age;totChol;diaBP;glucose;heartRate;cigsPerDay;prevalentHyp;education
7,21,1,1,10,BMI;sysBP;age;totChol;diaBP;glucose;heartRate;cigsPerDay;prevalentHyp;education
7,22,0,0,10,BMI;sysBP;age;totChol;diaBP;glucose;heartRate;cigsPerDay;prevalentHyp;education
7,23,0,1,10,BMI;sysBP;age;totChol;diaBP;glucose;heartRate;cigsPerDay;prevalentHyp;education
7,24,1,0,10,BMI;sysBP;age;totChol;diaBP;glucose;heartRate;cigsPerDay;prevalentHyp;education
7,25,0,0,10,BMI;sysBP;age;totChol;diaBP;glucose;heartRate;cigsPerDay;prevalentHyp;education
7,26,1,0,10,BMI;sysBP;age;totChol;diaBP;glucose;heartRate;cigsPerDay;prevalentHyp;education
7,27,0,1,10,BMI;sysBP;age;totChol;diaBP;glucose;heartRate;cigsPerDay;prevalentHyp;education
7,28,0,1,10,BMI;sysBP;age;totChol;diaBP;glucose;heartRate;cigsPerDay;prevalentHyp;education
7,29,1,1,10,BMI;sysBP;age;totChol;diaBP;glucose;heartRate;cigsPerDay;prevalentHyp;education
7,30,0,0,10,BMI;sysBP;age;totChol;diaBP;glucose;heartRate;cigsPerDay;prevalentHyp;education
7,31,1,1,10,BMI;sysBP;age;totChol;diaBP;glucose;heartRate;cigsPerDay;prevalentHyp;education
7,32,0,1,10,BMI;sysBP;age;totChol;diaBP;glucose;heartRate;cigsPerDay;prevalentHyp;education
7,33,1,1,10,BMI;sysBP;age;totChol;diaBP;glucose;heartRate;cigsPerDay;prevalentHyp;education
7,34,0,1,10,BMI;sysBP;age;totChol;diaBP;glucose;heartRate;cigsPerDay;prevalentHyp;education
7,35,1,1,10,BMI;sysBP;age;totChol;diaBP;glucose;heartRate;cigsPerDay;prevalentHyp;education
7,36,1,0,10,BMI;sysBP;age;totChol;diaBP;glucose;heartRate;cigsPerDay;prevalentHyp;education
7,37,0,0,10,BMI;sysBP;age;totChol;diaBP;glucose;heartRate;cigsPerDay;prevalentHyp;education
7,38,1,1,10,BMI;sysBP;age;totChol;diaBP;glucose;heartRate;cigsPerDay;prevalentHyp;education
7,39,1,0,10,BMI;sysBP;age;totChol;diaBP;glucose;heartRate;cigsPerDay;prevalentHyp;education
7,40,0,1,10,BMI;sysBP;age;totChol;diaBP;glucose;heartRate;cigsPerDay;prevalentHyp;education
7,41,1,1,10,BMI;sysBP;age;totChol;diaBP;glucose;heartRate;cigsPerDay;prevalentHyp;education
7,42,1,1,10,BMI;sysBP;age;totChol;diaBP;glucose;heartRate;cigsPerDay;prevalentHyp;education
7,43,1,1,10,BMI;sysBP;age;totChol;diaBP;glucose;heartRate;cigsPerDay;prevalentHyp;education
7,44,1,1,10,BMI;sysBP;age;totChol;diaBP;glucose;heartRate;cigsPerDay;prevalentHyp;education
7,45,0,0,10,BMI;sysBP;age;totChol;diaBP;glucose;heartRate;cigsPerDay;prevalentHyp;education
7,46,1,1,10,BMI;sysBP;age;totChol;diaBP;glucose;heartRate;cigsPerDay;prevalentHyp;education
7,47,1,1,10,BMI;sysBP;age;totChol;diaBP;glucose;heartRate;cigsPerDay;prevalentHyp;education
7,48,1,1,10,BMI;sysBP;age;totChol;diaBP;glucose;heartRate;cigsPerDay;prevalentHyp;education
7,49,1,0,10,BMI;sysBP;age;totChol;diaBP;glucose;heartRate;cigsPerDay;prevalentHyp;education
7,50,1,0,10,BMI;sysBP;age;totChol;diaBP;glucose;heartRate;cigsPerDay;prevalentHyp;education
7,51,0,1,10,BMI;sysBP;age;totChol;diaBP;glucose;heartRate;cigsPerDay;prevalentHyp;education
7,52,0,1,10,BMI;sysBP;age;totChol;diaBP;glucose;heartRate;cigsPerDay;prevalentHyp;education
7,53,1,1,10,BMI;sysBP;age;totChol;diaBP;glucose;heartRate;cigsPerDay;prevalentHyp;education
7,54,0,0,10,BMI;sysBP;age;totChol;diaBP;glucose;heartRate;cigsPerDay;prevalentHyp;education
7,55,1,1,10,BMI;sysBP;age;totChol;diaBP;glucose;heartRate;cigsPerDay;prevalentHyp;education
7,56,0,0,10,BMI;sysBP;age;totChol;diaBP;glucose;heartRate;cigsPerDay;prevalentHyp;education
7,57,1,1,10,BMI;sysBP;age;totChol;diaBP;glucose;heartRate;cigsPerDay;prevalentHyp;education
7,58,1,1,10,BMI;sysBP;age;totChol;diaBP;glucose;heartRate;cigsPerDay;prevalentHyp;education
7,59,1,1,10,BMI;sysBP;age;totChol;diaBP;glucose;heartRate;cigsPerDay;prevalentHyp;education
7,60,1,1,10,BMI;sysBP;age;totChol;diaBP;glucose;heartRate;cigsPerDay;prevalentHyp;education
7,61,0,1,10,BMI;sysBP;age;totChol;diaBP;glucose;heartRate;cigsPerDay;prevalentHyp;education
7,62,0,1,10,BMI;sysBP;age;totChol;diaBP;glucose;heartRate;cigsPerDay;prevalentHyp;education
7,63,1,0,10,BMI;sysBP;age;totChol;diaBP;glucose;heartRate;cigsPerDay;prevalentHyp;education
7,64,1,1,10,BMI;sysBP;age;totChol;diaBP;glucose;heartRate;cigsPerDay;prevalentHyp;education
7,65,1,1,10,BMI;sysBP;age;totChol;diaBP;glucose;heartRate;cigsPerDay;prevalentHyp;education
7,66,0,1,10,BMI;sysBP;age;totChol;diaBP;glucose;heartRate;cigsPerDay;prevalentHyp;education
7,67,0,0,10,BMI;sysBP;age;totChol;diaBP;glucose;heartRate;cigsPerDay;prevalentHyp;education
7,68,0,1,10,BMI;sysBP;age;totChol;diaBP;glucose;heartRate;cigsPerDay;prevalentHyp;education
7,69,1,1,10,BMI;sysBP;age;totChol;diaBP;glucose;heartRate;cigsPerDay;prevalentHyp;education
7,70,0,0,10,BMI;sysBP;age;totChol;diaBP;glucose;heartRate;cigsPerDay;prevalentHyp;education
7,71,1,1,10,BMI;sysBP;age;totChol;diaBP;glucose;heartRate;cigsPerDay;prevalentHyp;education
7,72,1,1,10,BMI;sysBP;age;totChol;diaBP;glucose;heartRate;cigsPerDay;prevalentHyp;education
7,73,1,1,10,BMI;sysBP;age;totChol;diaBP;glucose;heartRate;cigsPerDay;prevalentHyp;education
7,74,0,1,10,BMI;sysBP;age;totChol;diaBP;glucose;heartRate;cigsPerDay;prevalentHyp;education
7,75,0,1,10,BMI;sysBP;age;totChol;diaBP;glucose;heartRate;cigsPerDay;prevalentHyp;education
7,76,0,1,10,BMI;sysBP;age;totChol;diaBP;glucose;heartRate;cigsPerDay;prevalentHyp;education
7,77,0,1,10,BMI;sysBP;age;totChol;diaBP;glucose;heartRate;cigsPerDay;prevalentHyp;education
7,78,1,0,10,BMI;sysBP;age;totChol;diaBP;glucose;heartRate;cigsPerDay;prevalentHyp;education
7,79,0,1,10,BMI;sysBP;age;totChol;diaBP;glucose;heartRate;cigsPerDay;prevalentHyp;education
7,80,1,0,10,BMI;sysBP;age;totChol;diaBP;glucose;heartRate;cigsPerDay;prevalentHyp;education
7,81,1,1,10,BMI;sysBP;age;totChol;diaBP;glucose;heartRate;cigsPerDay;prevalentHyp;education
7,82,0,1,10,BMI;sysBP;age;totChol;diaBP;glucose;heartRate;cigsPerDay;prevalentHyp;education
7,83,0,0,10,BMI;sysBP;age;totChol;diaBP;glucose;heartRate;cigsPerDay;prevalentHyp;education
7,84,0,0,10,BMI;sysBP;age;totChol;diaBP;glucose;heartRate;cigsPerDay;prevalentHyp;education
7,85,1,1,10,BMI;sysBP;age;totChol;diaBP;glucose;heartRate;cigsPerDay;prevalentHyp;education
7,86,0,0,10,BMI;sysBP;age;totChol;diaBP;glucose;heartRate;cigsPerDay;prevalentHyp;education
7,87,0,1,10,BMI;sysBP;age;totChol;diaBP;glucose;heartRate;cigsPerDay;prevalentHyp;education
7,88,1,1,10,BMI;sysBP;age;totChol;diaBP;glucose;heartRate;cigsPerDay;prevalentHyp;education
7,89,1,1,10,BMI;sysBP;age;totChol;diaBP;glucose;heartRate;cigsPerDay;prevalentHyp;education
7,90,0,0,10,BMI;sysBP;age;totChol;diaBP;glucose;heartRate;cigsPerDay;prevalentHyp;education
7,91,0,0,10,BMI;sysBP;age;totChol;diaBP;glucose;heartRate;cigsPerDay;prevalentHyp;education
7,92,1,1,10,BMI;sysBP;age;totChol;diaBP;glucose;heartRate;cigsPerDay;prevalentHyp;education
7,93,0,1,10,BMI;sysBP;age;totChol;diaBP;glucose;heartRate;cigsPerDay;prevalentHyp;education
7,94,1,1,10,BMI;sysBP;age;totChol;diaBP;glucose;heartRate;cigsPerDay;prevalentHyp;education
7,95,0,1,10,BMI;sysBP;age;totChol;diaBP;glucose;heartRate;cigsPerDay;prevalentHyp;education
7,96,0,1,10,BMI;sysBP;age;totChol;diaBP;glucose;heartRate;cigsPerDay;prevalentHyp;education
7,97,0,1,10,BMI;sysBP;age;totChol;diaBP;glucose;heartRate;cigsPerDay;prevalentHyp;education
7,98,0,0,10,BMI;sysBP;age;totChol;diaBP;glucose;heartRate;cigsPerDay;prevalentHyp;education
7,99,1,1,10,BMI;sysBP;age;totChol;diaBP;glucose;heartRate;cigsPerDay;prevalentHyp;education
7,100,0,0,10,BMI;sysBP;age;totChol;diaBP;glucose;heartRate;cigsPerDay;prevalentHyp;education
7,101,1,0,10,BMI;sysBP;age;totChol;diaBP;glucose;heartRate;cigsPerDay;prevalentHyp;education
7,102,1,0,10,BMI;sysBP;age;totChol;diaBP;glucose;heartRate;cigsPerDay;prevalentHyp;education
7,103,1,1,10,BMI;sysBP;age;totChol;diaBP;glucose;heartRate;cigsPerDay;prevalentHyp;education
7,104,1,1,10,BMI;sysBP;age;totChol;diaBP;glucose;heartRate;cigsPerDay;prevalentHyp;education
7,105,1,1,10,BMI;sysBP;age;totChol;diaBP;glucose;heartRate;cigsPerDay;prevalentHyp;education
7,106,1,1,10,BMI;sysBP;age;totChol;diaBP;glucose;heartRate;cigsPerDay;prevalentHyp;education
7,107,1,0,10,BMI;sysBP;age;totChol;diaBP;glucose;heartRate;cigsPerDay;prevalentHyp;education
7,108,0,0,10,BMI;sysBP;age;totChol;diaBP;glucose;heartRate;cigsPerDay;prevalentHyp;education
7,109,0,1,10,BMI;sysBP;age;totChol;diaBP;glucose;heartRate;cigsPerDay;prevalentHyp;education
7,110,1,1,10,BMI;sysBP;age;totChol;diaBP;glucose;heartRate;cigsPerDay;prevalentHyp;education
7,111,0,1,10,BMI;sysBP;age;totChol;diaBP;glucose;heartRate;cigsPerDay;prevalentHyp;education
7,112,0,0,10,BMI;sysBP;age;totChol;diaBP;glucose;heartRate;cigsPerDay;prevalentHyp;education
7,113,0,1,10,BMI;sysBP;age;totChol;diaBP;glucose;heartRate;cigsPerDay;prevalentHyp;education
7,114,0,0,10,BMI;sysBP;age;totChol;diaBP;glucose;heartRate;cigsPerDay;prevalentHyp;education
7,115,1,1,10,BMI;sysBP;age;totChol;diaBP;glucose;heartRate;cigsPerDay;prevalentHyp;education
7,116,1,1,10,BMI;sysBP;age;totChol;diaBP;glucose;heartRate;cigsPerDay;prevalentHyp;education
7,117,0,0,10,BMI;sysBP;age;totChol;diaBP;glucose;heartRate;cigsPerDay;prevalentHyp;education
7,118,0,1,10,BMI;sysBP;age;totChol;diaBP;glucose;heartRate;cigsPerDay;prevalentHyp;education
7,119,0,0,10,BMI;sysBP;age;totChol;diaBP;glucose;heartRate;cigsPerDay;prevalentHyp;education
7,120,1,1,10,BMI;sysBP;age;totChol;diaBP;glucose;heartRate;cigsPerDay;prevalentHyp;education
7,121,1,1,10,BMI;sysBP;age;totChol;diaBP;glucose;heartRate;cigsPerDay;prevalentHyp;education
7,122,1,1,10,BMI;sysBP;age;totChol;diaBP;glucose;heartRate;cigsPerDay;prevalentHyp;education
7,123,0,0,10,BMI;sysBP;age;totChol;diaBP;glucose;heartRate;cigsPerDay;prevalentHyp;education
7,124,1,0,10,BMI;sysBP;age;totChol;diaBP;glucose;heartRate;cigsPerDay;prevalentHyp;education
7,125,1,1,10,BMI;sysBP;age;totChol;diaBP;glucose;heartRate;cigsPerDay;prevalentHyp;education
7,126,0,0,10,BMI;sysBP;age;totChol;diaBP;glucose;heartRate;cigsPerDay;prevalentHyp;education
7,127,0,1,10,BMI;sysBP;age;totChol;diaBP;glucose;heartRate;cigsPerDay;prevalentHyp;education
7,128,1,0,10,BMI;sysBP;age;totChol;diaBP;glucose;heartRate;cigsPerDay;prevalentHyp;education
7,129,0,0,10,BMI;sysBP;age;totChol;diaBP;glucose;heartRate;cigsPerDay;prevalentHyp;education
7,130,0,1,10,BMI;sysBP;age;totChol;diaBP;glucose;heartRate;cigsPerDay;prevalentHyp;education
7,131,1,1,10,BMI;sysBP;age;totChol;diaBP;glucose;heartRate;cigsPerDay;prevalentHyp;education
7,132,0,0,10,BMI;sysBP;age;totChol;diaBP;glucose;heartRate;cigsPerDay;prevalentHyp;education
7,133,1,1,10,BMI;sysBP;age;totChol;diaBP;glucose;heartRate;cigsPerDay;prevalentHyp;education
7,134,1,0,10,BMI;sysBP;age;totChol;diaBP;glucose;heartRate;cigsPerDay;prevalentHyp;education
7,135,1,1,10,BMI;sysBP;age;totChol;diaBP;glucose;heartRate;cigsPerDay;prevalentHyp;education
7,136,0,1,10,BMI;sysBP;age;totChol;diaBP;glucose;heartRate;cigsPerDay;prevalentHyp;education
7,137,0,1,10,BMI;sysBP;age;totChol;diaBP;glucose;heartRate;cigsPerDay;prevalentHyp;education
7,138,0,0,10,BMI;sysBP;age;totChol;diaBP;glucose;heartRate;cigsPerDay;prevalentHyp;education
7,139,0,0,10,BMI;sysBP;age;totChol;diaBP;glucose;heartRate;cigsPerDay;prevalentHyp;education
7,140,1,1,10,BMI;sysBP;age;totChol;diaBP;glucose;heartRate;cigsPerDay;prevalentHyp;education
7,141,1,1,10,BMI;sysBP;age;totChol;diaBP;glucose;heartRate;cigsPerDay;prevalentHyp;education
7,142,0,1,10,BMI;sysBP;age;totChol;diaBP;glucose;heartRate;cigsPerDay;prevalentHyp;education
7,143,1,1,10,BMI;sysBP;age;totChol;diaBP;glucose;heartRate;cigsPerDay;prevalentHyp;education
7,144,1,1,10,BMI;sysBP;age;totChol;diaBP;glucose;heartRate;cigsPerDay;prevalentHyp;education
7,145,0,0,10,BMI;sysBP;age;totChol;diaBP;glucose;heartRate;cigsPerDay;prevalentHyp;education
7,146,1,1,10,BMI;sysBP;age;totChol;diaBP;glucose;heartRate;cigsPerDay;prevalentHyp;education
7,147,1,0,10,BMI;sysBP;age;totChol;diaBP;glucose;heartRate;cigsPerDay;prevalentHyp;education
7,148,1,1,10,BMI;sysBP;age;totChol;diaBP;glucose;heartRate;cigsPerDay;prevalentHyp;education
7,149,0,0,10,BMI;sysBP;age;totChol;diaBP;glucose;heartRate;cigsPerDay;prevalentHyp;education
7,150,1,1,10,BMI;sysBP;age;totChol;diaBP;glucose;heartRate;cigsPerDay;prevalentHyp;education
7,151,0,0,10,BMI;sysBP;age;totChol;diaBP;glucose;heartRate;cigsPerDay;prevalentHyp;education
7,152,0,0,10,BMI;sysBP;age;totChol;diaBP;glucose;heartRate;cigsPerDay;prevalentHyp;education
7,153,1,1,10,BMI;sysBP;age;totChol;diaBP;glucose;heartRate;cigsPerDay;prevalentHyp;education
7,154,1,1,10,BMI;sysBP;age;totChol;diaBP;glucose;heartRate;cigsPerDay;prevalentHyp;education
7,155,1,0,10,BMI;sysBP;age;totChol;diaBP;glucose;heartRate;cigsPerDay;prevalentHyp;education
7,156,1,1,10,BMI;sysBP;age;totChol;diaBP;glucose;heartRate;cigsPerDay;prevalentHyp;education
7,157,1,1,10,BMI;sysBP;age;totChol;diaBP;glucose;heartRate;cigsPerDay;prevalentHyp;education
7,158,0,1,10,BMI;sysBP;age;totChol;diaBP;glucose;heartRate;cigsPerDay;prevalentHyp;education
7,159,0,0,10,BMI;sysBP;age;totChol;diaBP;glucose;heartRate;cigsPerDay;prevalentHyp;education
7,160,0,1,10,BMI;sysBP;age;totChol;diaBP;glucose;heartRate;cigsPerDay;prevalentHyp;education
7,161,0,0,10,BMI;sysBP;age;totChol;diaBP;glucose;heartRate;cigsPerDay;prevalentHyp;education
7,162,0,0,10,BMI;sysBP;age;totChol;diaBP;glucose;heartRate;cigsPerDay;prevalentHyp;education
7,163,1,1,10,BMI;sysBP;age;totChol;diaBP;glucose;heartRate;cigsPerDay;prevalentHyp;education
7,164,0,1,10,BMI;sysBP;age;totChol;diaBP;glucose;heartRate;cigsPerDay;prevalentHyp;education
7,165,1,1,10,BMI;sysBP;age;totChol;diaBP;glucose;heartRate;cigsPerDay;prevalentHyp;education
7,166,0,1,10,BMI;sysBP;age;totChol;diaBP;glucose;heartRate;cigsPerDay;prevalentHyp;education
7,167,1,0,10,BMI;sysBP;age;totChol;diaBP;glucose;heartRate;cigsPerDay;prevalentHyp;education
7,168,1,0,10,BMI;sysBP;age;totChol;diaBP;glucose;heartRate;cigsPerDay;prevalentHyp;education
7,169,0,0,10,BMI;sysBP;age;totChol;diaBP;glucose;heartRate;cigsPerDay;prevalentHyp;education
7,170,1,0,10,BMI;sysBP;age;totChol;diaBP;glucose;heartRate;cigsPerDay;prevalentHyp;education
7,171,1,0,10,BMI;sysBP;age;totChol;diaBP;glucose;heartRate;cigsPerDay;prevalentHyp;education
7,172,1,0,10,BMI;sysBP;age;totChol;diaBP;glucose;heartRate;cigsPerDay;prevalentHyp;education
7,173,1,1,10,BMI;sysBP;age;totChol;diaBP;glucose;heartRate;cigsPerDay;prevalentHyp;education
7,174,1,0,10,BMI;sysBP;age;totChol;diaBP;glucose;heartRate;cigsPerDay;prevalentHyp;education
7,175,0,1,10,BMI;sysBP;age;totChol;diaBP;glucose;heartRate;cigsPerDay;prevalentHyp;education
7,176,1,1,10,BMI;sysBP;age;totChol;diaBP;glucose;heartRate;cigsPerDay;prevalentHyp;education
7,177,0,1,10,BMI;sysBP;age;totChol;diaBP;glucose;heartRate;cigsPerDay;prevalentHyp;education
7,178,1,0,10,BMI;sysBP;age;totChol;diaBP;glucose;heartRate;cigsPerDay;prevalentHyp;education
7,179,1,1,10,BMI;sysBP;age;totChol;diaBP;glucose;heartRate;cigsPerDay;prevalentHyp;education
7,180,1,1,10,BMI;sysBP;age;totChol;diaBP;glucose;heartRate;cigsPerDay;prevalentHyp;education
7,181,1,1,10,BMI;sysBP;age;totChol;diaBP;glucose;heartRate;cigsPerDay;prevalentHyp;education
7,182,1,0,10,BMI;sysBP;age;totChol;diaBP;glucose;heartRate;cigsPerDay;prevalentHyp;education
7,183,1,0,10,BMI;sysBP;age;totChol;diaBP;glucose;heartRate;cigsPerDay;prevalentHyp;education
7,184,1,1,10,BMI;sysBP;age;totChol;diaBP;glucose;heartRate;cigsPerDay;prevalentHyp;education
7,185,1,1,10,BMI;sysBP;age;totChol;diaBP;glucose;heartRate;cigsPerDay;prevalentHyp;education
7,186,0,0,10,BMI;sysBP;age;totChol;diaBP;glucose;heartRate;cigsPerDay;prevalentHyp;education
7,187,0,1,10,BMI;sysBP;age;totChol;diaBP;glucose;heartRate;cigsPerDay;prevalentHyp;education
7,188,0,1,10,BMI;sysBP;age;totChol;diaBP;glucose;heartRate;cigsPerDay;prevalentHyp;education
7,189,1,0,10,BMI;sysBP;age;totChol;diaBP;glucose;heartRate;cigsPerDay;prevalentHyp;education
7,190,1,0,10,BMI;sysBP;age;totChol;diaBP;glucose;heartRate;cigsPerDay;prevalentHyp;education
7,191,1,1,10,BMI;sysBP;age;totChol;diaBP;glucose;heartRate;cigsPerDay;prevalentHyp;education
7,192,0,1,10,BMI;sysBP;age;totChol;diaBP;glucose;heartRate;cigsPerDay;prevalentHyp;education
7,193,1,1,10,BMI;sysBP;age;totChol;diaBP;glucose;heartRate;cigsPerDay;prevalentHyp;education
7,194,0,0,10,BMI;sysBP;age;totChol;diaBP;glucose;heartRate;cigsPerDay;prevalentHyp;education
7,195,0,1,10,BMI;sysBP;age;totChol;diaBP;glucose;heartRate;cigsPerDay;prevalentHyp;education
7,196,0,1,10,BMI;sysBP;age;totChol;diaBP;glucose;heartRate;cigsPerDay;prevalentHyp;education
7,197,0,0,10,BMI;sysBP;age;totChol;diaBP;glucose;heartRate;cigsPerDay;prevalentHyp;education
7,198,0,1,10,BMI;sysBP;age;totChol;diaBP;glucose;heartRate;cigsPerDay;prevalentHyp;education
7,199,0,1,10,BMI;sysBP;age;totChol;diaBP;glucose;heartRate;cigsPerDay;prevalentHyp;education
7,200,1,1,10,BMI;sysBP;age;totChol;diaBP;glucose;heartRate;cigsPerDay;prevalentHyp;education
7,201,0,1,10,BMI;sysBP;age;totChol;diaBP;glucose;heartRate;cigsPerDay;prevalentHyp;education
7,202,0,1,10,BMI;sysBP;age;totChol;diaBP;glucose;heartRate;cigsPerDay;prevalentHyp;education
7,203,0,0,10,BMI;sysBP;age;totChol;diaBP;glucose;heartRate;cigsPerDay;prevalentHyp;education
7,204,0,0,10,BMI;sysBP;age;totChol;diaBP;glucose;heartRate;cigsPerDay;prevalentHyp;education
7,205,1,1,10,BMI;sysBP;age;totChol;diaBP;glucose;heartRate;cigsPerDay;prevalentHyp;education
7,206,1,0,10,BMI;sysBP;age;totChol;diaBP;glucose;heartRate;cigsPerDay;prevalentHyp;education
7,207,1,1,10,BMI;sysBP;age;totChol;diaBP;glucose;heartRate;cigsPerDay;prevalentHyp;education
7,208,0,0,10,BMI;sysBP;age;totChol;diaBP;glucose;heartRate;cigsPerDay;prevalentHyp;education
7,209,1,1,10,BMI;sysBP;age;totChol;diaBP;glucose;heartRate;cigsPerDay;prevalentHyp;education
7,210,0,0,10,BMI;sysBP;age;totChol;diaBP;glucose;heartRate;cigsPerDay;prevalentHyp;education
7,211,1,0,10,BMI;sysBP;age;totChol;diaBP;glucose;heartRate;cigsPerDay;prevalentHyp;education
7,212,1,1,10,BMI;sysBP;age;totChol;diaBP;glucose;heartRate;cigsPerDay;prevalentHyp;education
7,213,0,1,10,BMI;sysBP;age;totChol;diaBP;glucose;heartRate;cigsPerDay;prevalentHyp;education
7,214,0,1,10,BMI;sysBP;age;totChol;diaBP;glucose;heartRate;cigsPerDay;prevalentHyp;education
7,215,1,0,10,BMI;sysBP;age;totChol;diaBP;glucose;heartRate;cigsPerDay;prevalentHyp;education
7,216,0,1,10,BMI;sysBP;age;totChol;diaBP;glucose;heartRate;cigsPerDay;prevalentHyp;education
7,217,0,0,10,BMI;sysBP;age;totChol;diaBP;glucose;heartRate;cigsPerDay;prevalentHyp;education
7,218,0,1,10,BMI;sysBP;age;totChol;diaBP;glucose;heartRate;cigsPerDay;prevalentHyp;education
7,219,0,1,10,BMI;sysBP;age;totChol;diaBP;glucose;heartRate;cigsPerDay;prevalentHyp;education
7,220,0,1,10,BMI;sysBP;age;totChol;diaBP;glucose;heartRate;cigsPerDay;prevalentHyp;education
7,221,1,1,10,BMI;sysBP;age;totChol;diaBP;glucose;heartRate;cigsPerDay;prevalentHyp;education
7,222,0,0,10,BMI;sysBP;age;totChol;diaBP;glucose;heartRate;cigsPerDay;prevalentHyp;education
7,223,1,1,10,BMI;sysBP;age;totChol;diaBP;glucose;heartRate;cigsPerDay;prevalentHyp;education
7,224,1,0,10,BMI;sysBP;age;totChol;diaBP;glucose;heartRate;cigsPerDay;prevalentHyp;education
7,225,1,1,10,BMI;sysBP;age;totChol;diaBP;glucose;heartRate;cigsPerDay;prevalentHyp;education
7,226,1,1,10,BMI;sysBP;age;totChol;diaBP;glucose;heartRate;cigsPerDay;prevalentHyp;education
7,227,0,1,10,BMI;sysBP;age;totChol;diaBP;glucose;heartRate;cigsPerDay;prevalentHyp;education
7,228,1,1,10,BMI;sysBP;age;totChol;diaBP;glucose;heartRate;cigsPerDay;prevalentHyp;education
7,229,0,0,10,BMI;sysBP;age;totChol;diaBP;glucose;heartRate;cigsPerDay;prevalentHyp;education
7,230,1,1,10,BMI;sysBP;age;totChol;diaBP;glucose;heartRate;cigsPerDay;prevalentHyp;education
7,231,0,0,10,BMI;sysBP;age;totChol;diaBP;glucose;heartRate;cigsPerDay;prevalentHyp;education
7,232,0,0,10,BMI;sysBP;age;totChol;diaBP;glucose;heartRate;cigsPerDay;prevalentHyp;education
7,233,1,1,10,BMI;sysBP;age;totChol;diaBP;glucose;heartRate;cigsPerDay;prevalentHyp;education
7,234,1,0,10,BMI;sysBP;age;totChol;diaBP;glucose;heartRate;cigsPerDay;prevalentHyp;education
7,235,0,1,10,BMI;sysBP;age;totChol;diaBP;glucose;heartRate;cigsPerDay;prevalentHyp;education
7,236,0,0,10,BMI;sysBP;age;totChol;diaBP;glucose;heartRate;cigsPerDay;prevalentHyp;education
7,237,0,1,10,BMI;sysBP;age;totChol;diaBP;glucose;heartRate;cigsPerDay;prevalentHyp;education
7,238,0,0,10,BMI;sysBP;age;totChol;diaBP;glucose;heartRate;cigsPerDay;prevalentHyp;education
7,239,0,1,10,BMI;sysBP;age;totChol;diaBP;glucose;heartRate;cigsPerDay;prevalentHyp;education
7,240,0,1,10,BMI;sysBP;age;totChol;diaBP;glucose;heartRate;cigsPerDay;prevalentHyp;education
7,241,1,1,10,BMI;sysBP;age;totChol;diaBP;glucose;heartRate;cigsPerDay;prevalentHyp;education
7,242,1,0,10,BMI;sysBP;age;totChol;diaBP;glucose;heartRate;cigsPerDay;prevalentHyp;education
7,243,0,1,10,BMI;sysBP;age;totChol;diaBP;glucose;heartRate;cigsPerDay;prevalentHyp;education
7,244,1,1,10,BMI;sysBP;age;totChol;diaBP;glucose;heartRate;cigsPerDay;prevalentHyp;education
7,245,1,1,10,BMI;sysBP;age;totChol;diaBP;glucose;heartRate;cigsPerDay;prevalentHyp;education
7,246,0,0,10,BMI;sysBP;age;totChol;diaBP;glucose;heartRate;cigsPerDay;prevalentHyp;education
7,247,1,1,10,BMI;sysBP;age;totChol;diaBP;glucose;heartRate;cigsPerDay;prevalentHyp;education
7,248,0,1,10,BMI;sysBP;age;totChol;diaBP;glucose;heartRate;cigsPerDay;prevalentHyp;education
7,249,0,0,10,BMI;sysBP;age;totChol;diaBP;glucose;heartRate;cigsPerDay;prevalentHyp;education
7,250,1,1,10,BMI;sysBP;age;totChol;diaBP;glucose;heartRate;cigsPerDay;prevalentHyp;education
7,251,0,0,10,BMI;sysBP;age;totChol;diaBP;glucose;heartRate;cigsPerDay;prevalentHyp;education
7,252,1,0,10,BMI;sysBP;age;totChol;diaBP;glucose;heartRate;cigsPerDay;prevalentHyp;education
7,253,0,0,10,BMI;sysBP;age;totChol;diaBP;glucose;heartRate;cigsPerDay;prevalentHyp;education
7,254,1,1,10,BMI;sysBP;age;totChol;diaBP;glucose;heartRate;cigsPerDay;prevalentHyp;education
7,255,0,1,10,BMI;sysBP;age;totChol;diaBP;glucose;heartRate;cigsPerDay;prevalentHyp;education
7,256,1,1,10,BMI;sysBP;age;totChol;diaBP;glucose;heartRate;cigsPerDay;prevalentHyp;education
7,257,1,1,10,BMI;sysBP;age;totChol;diaBP;glucose;heartRate;cigsPerDay;prevalentHyp;education
7,258,0,1,10,BMI;sysBP;age;totChol;diaBP;glucose;heartRate;cigsPerDay;prevalentHyp;education
7,259,1,0,10,BMI;sysBP;age;totChol;diaBP;glucose;heartRate;cigsPerDay;prevalentHyp;education
7,260,1,0,10,BMI;sysBP;age;totChol;diaBP;glucose;heartRate;cigsPerDay;prevalentHyp;education
7,261,1,1,10,BMI;sysBP;age;totChol;diaBP;glucose;heartRate;cigsPerDay;prevalentHyp;education
7,262,1,1,10,BMI;sysBP;age;totChol;diaBP;glucose;heartRate;cigsPerDay;prevalentHyp;education
7,263,1,1,10,BMI;sysBP;age;totChol;diaBP;glucose;heartRate;cigsPerDay;prevalentHyp;education
7,264,1,1,10,BMI;sysBP;age;totChol;diaBP;glucose;heartRate;cigsPerDay;prevalentHyp;education
7,265,1,0,10,BMI;sysBP;age;totChol;diaBP;glucose;heartRate;cigsPerDay;prevalentHyp;education
7,266,0,0,10,BMI;sysBP;age;totChol;diaBP;glucose;heartRate;cigsPerDay;prevalentHyp;education
7,267,0,0,10,BMI;sysBP;age;totChol;diaBP;glucose;heartRate;cigsPerDay;prevalentHyp;education
7,268,0,1,10,BMI;sysBP;age;totChol;diaBP;glucose;heartRate;cigsPerDay;prevalentHyp;education
7,269,1,1,10,BMI;sysBP;age;totChol;diaBP;glucose;heartRate;cigsPerDay;prevalentHyp;education
7,270,1,1,10,BMI;sysBP;age;totChol;diaBP;glucose;heartRate;cigsPerDay;prevalentHyp;education
7,271,0,0,10,BMI;sysBP;age;totChol;diaBP;glucose;heartRate;cigsPerDay;prevalentHyp;education
7,272,0,1,10,BMI;sysBP;age;totChol;diaBP;glucose;heartRate;cigsPerDay;prevalentHyp;education
7,273,0,1,10,BMI;sysBP;age;totChol;diaBP;glucose;heartRate;cigsPerDay;prevalentHyp;education
7,274,1,1,10,BMI;sysBP;age;totChol;diaBP;glucose;heartRate;cigsPerDay;prevalentHyp;education
7,275,1,1,10,BMI;sysBP;age;totChol;diaBP;glucose;heartRate;cigsPerDay;prevalentHyp;education
7,276,0,1,10,BMI;sysBP;age;totChol;diaBP;glucose;heartRate;cigsPerDay;prevalentHyp;education
7,277,0,1,10,BMI;sysBP;age;totChol;diaBP;glucose;heartRate;cigsPerDay;prevalentHyp;education
7,278,0,0,10,BMI;sysBP;age;totChol;diaBP;glucose;heartRate;cigsPerDay;prevalentHyp;education
7,279,0,1,10,BMI;sysBP;age;totChol;diaBP;glucose;heartRate;cigsPerDay;prevalentHyp;education
7,280,1,1,10,BMI;sysBP;age;totChol;diaBP;glucose;heartRate;cigsPerDay;prevalentHyp;education
7,281,0,0,10,BMI;sysBP;age;totChol;diaBP;glucose;heartRate;cigsPerDay;prevalentHyp;education
7,282,0,1,10,BMI;sysBP;age;totChol;diaBP;glucose;heartRate;cigsPerDay;prevalentHyp;education
7,283,1,1,10,BMI;sysBP;age;totChol;diaBP;glucose;heartRate;cigsPerDay;prevalentHyp;education
7,284,0,0,10,BMI;sysBP;age;totChol;diaBP;glucose;heartRate;cigsPerDay;prevalentHyp;education
7,285,0,0,10,BMI;sysBP;age;totChol;diaBP;glucose;heartRate;cigsPerDay;prevalentHyp;education
7,286,0,1,10,BMI;sysBP;age;totChol;diaBP;glucose;heartRate;cigsPerDay;prevalentHyp;education
7,287,1,1,10,BMI;sysBP;age;totChol;diaBP;glucose;heartRate;cigsPerDay;prevalentHyp;education
7,288,1,0,10,BMI;sysBP;age;totChol;diaBP;glucose;heartRate;cigsPerDay;prevalentHyp;education
7,289,0,1,10,BMI;sysBP;age;totChol;diaBP;glucose;heartRate;cigsPerDay;prevalentHyp;education
7,290,1,1,10,BMI;sysBP;age;totChol;diaBP;glucose;heartRate;cigsPerDay;prevalentHyp;education
7,291,1,1,10,BMI;sysBP;age;totChol;diaBP;glucose;heartRate;cigsPerDay;prevalentHyp;education
7,292,1,1,10,BMI;sysBP;age;totChol;diaBP;glucose;heartRate;cigsPerDay;prevalentHyp;education
7,293,0,1,10,BMI;sysBP;age;totChol;diaBP;glucose;heartRate;cigsPerDay;prevalentHyp;education
7,294,0,0,10,BMI;sysBP;age;totChol;diaBP;glucose;heartRate;cigsPerDay;prevalentHyp;education
7,295,0,1,10,BMI;sysBP;age;totChol;diaBP;glucose;heartRate;cigsPerDay;prevalentHyp;education
7,296,1,1,10,BMI;sysBP;age;totChol;diaBP;glucose;heartRate;cigsPerDay;prevalentHyp;education
7,297,0,0,10,BMI;sysBP;age;totChol;diaBP;glucose;heartRate;cigsPerDay;prevalentHyp;education
7,298,0,0,10,BMI;sysBP;age;totChol;diaBP;glucose;heartRate;cigsPerDay;prevalentHyp;education
7,299,0,1,10,BMI;sysBP;age;totChol;diaBP;glucose;heartRate;cigsPerDay;prevalentHyp;education
7,300,0,0,10,BMI;sysBP;age;totChol;diaBP;glucose;heartRate;cigsPerDay;prevalentHyp;education
7,301,1,1,10,BMI;sysBP;age;totChol;diaBP;glucose;heartRate;cigsPerDay;prevalentHyp;education
7,302,0,0,10,BMI;sysBP;age;totChol;diaBP;glucose;heartRate;cigsPerDay;prevalentHyp;education
7,303,1,1,10,BMI;sysBP;age;totChol;diaBP;glucose;heartRate;cigsPerDay;prevalentHyp;education
7,304,1,1,10,BMI;sysBP;age;totChol;diaBP;glucose;heartRate;cigsPerDay;prevalentHyp;education
7,305,1,1,10,BMI;sysBP;age;totChol;diaBP;glucose;heartRate;cigsPerDay;prevalentHyp;education
7,306,1,1,10,BMI;sysBP;age;totChol;diaBP;glucose;heartRate;cigsPerDay;prevalentHyp;education
7,307,1,0,10,BMI;sysBP;age;totChol;diaBP;glucose;heartRate;cigsPerDay;prevalentHyp;education
7,308,1,1,10,BMI;sysBP;age;totChol;diaBP;glucose;heartRate;cigsPerDay;prevalentHyp;education
7,309,0,0,10,BMI;sysBP;age;totChol;diaBP;glucose;heartRate;cigsPerDay;prevalentHyp;education
7,310,1,0,10,BMI;sysBP;age;totChol;diaBP;glucose;heartRate;cigsPerDay;prevalentHyp;education
7,311,1,1,10,BMI;sysBP;age;totChol;diaBP;glucose;heartRate;cigsPerDay;prevalentHyp;education
7,312,1,0,10,BMI;sysBP;age;totChol;diaBP;glucose;heartRate;cigsPerDay;prevalentHyp;education
7,313,0,1,10,BMI;sysBP;age;totChol;diaBP;glucose;heartRate;cigsPerDay;prevalentHyp;education
7,314,0,1,10,BMI;sysBP;age;totChol;diaBP;glucose;heartRate;cigsPerDay;prevalentHyp;education
7,315,0,1,10,BMI;sysBP;age;totChol;diaBP;glucose;heartRate;cigsPerDay;prevalentHyp;education
7,316,0,1,10,BMI;sysBP;age;totChol;diaBP;glucose;heartRate;cigsPerDay;prevalentHyp;education
7,317,0,0,10,BMI;sysBP;age;totChol;diaBP;glucose;heartRate;cigsPerDay;prevalentHyp;education
7,318,0,0,10,BMI;sysBP;age;totChol;diaBP;glucose;heartRate;cigsPerDay;prevalentHyp;education
7,319,0,1,10,BMI;sysBP;age;totChol;diaBP;glucose;heartRate;cigsPerDay;prevalentHyp;education
7,320,0,1,10,BMI;sysBP;age;totChol;diaBP;glucose;heartRate;cigsPerDay;prevalentHyp;education
7,321,0,1,10,BMI;sysBP;age;totChol;diaBP;glucose;heartRate;cigsPerDay;prevalentHyp;education
7,322,0,1,10,BMI;sysBP;age;totChol;diaBP;glucose;heartRate;cigsPerDay;prevalentHyp;education
7,323,0,1,10,BMI;sysBP;age;totChol;diaBP;glucose;heartRate;cigsPerDay;prevalentHyp;education
7,324,0,0,10,BMI;sysBP;age;totChol;diaBP;glucose;heartRate;cigsPerDay;prevalentHyp;education
7,325,0,1,10,BMI;sysBP;age;totChol;diaBP;glucose;heartRate;cigsPerDay;prevalentHyp;education
7,326,0,1,10,BMI;sysBP;age;totChol;diaBP;glucose;heartRate;cigsPerDay;prevalentHyp;education
7,327,0,0,10,BMI;sysBP;age;totChol;diaBP;glucose;heartRate;cigsPerDay;prevalentHyp;education
7,328,0,0,10,BMI;sysBP;age;totChol;diaBP;glucose;heartRate;cigsPerDay;prevalentHyp;education
7,329,1,1,10,BMI;sysBP;age;totChol;diaBP;glucose;heartRate;cigsPerDay;prevalentHyp;education
7,330,1,0,10,BMI;sysBP;age;totChol;diaBP;glucose;heartRate;cigsPerDay;prevalentHyp;education
7,331,0,1,10,BMI;sysBP;age;totChol;diaBP;glucose;heartRate;cigsPerDay;prevalentHyp;education
7,332,1,1,10,BMI;sysBP;age;totChol;diaBP;glucose;heartRate;cigsPerDay;prevalentHyp;education
7,333,0,0,10,BMI;sysBP;age;totChol;diaBP;glucose;heartRate;cigsPerDay;prevalentHyp;education
7,334,0,1,10,BMI;sysBP;age;totChol;diaBP;glucose;heartRate;cigsPerDay;prevalentHyp;education
7,335,1,0,10,BMI;sysBP;age;totChol;diaBP;glucose;heartRate;cigsPerDay;prevalentHyp;education
7,336,1,1,10,BMI;sysBP;age;totChol;diaBP;glucose;heartRate;cigsPerDay;prevalentHyp;education
7,337,1,1,10,BMI;sysBP;age;totChol;diaBP;glucose;heartRate;cigsPerDay;prevalentHyp;education
7,338,1,0,10,BMI;sysBP;age;totChol;diaBP;glucose;heartRate;cigsPerDay;prevalentHyp;education
7,339,1,1,10,BMI;sysBP;age;totChol;diaBP;glucose;heartRate;cigsPerDay;prevalentHyp;education
7,340,0,1,10,BMI;sysBP;age;totChol;diaBP;glucose;heartRate;cigsPerDay;prevalentHyp;education
7,341,1,1,10,BMI;sysBP;age;totChol;diaBP;glucose;heartRate;cigsPerDay;prevalentHyp;education
7,342,0,1,10,BMI;sysBP;age;totChol;diaBP;glucose;heartRate;cigsPerDay;prevalentHyp;education
7,343,1,0,10,BMI;sysBP;age;totChol;diaBP;glucose;heartRate;cigsPerDay;prevalentHyp;education
7,344,0,1,10,BMI;sysBP;age;totChol;diaBP;glucose;heartRate;cigsPerDay;prevalentHyp;education
7,345,1,0,10,BMI;sysBP;age;totChol;diaBP;glucose;heartRate;cigsPerDay;prevalentHyp;education
7,346,0,0,10,BMI;sysBP;age;totChol;diaBP;glucose;heartRate;cigsPerDay;prevalentHyp;education
7,347,0,0,10,BMI;sysBP;age;totChol;diaBP;glucose;heartRate;cigsPerDay;prevalentHyp;education
7,348,0,0,10,BMI;sysBP;age;totChol;diaBP;glucose;heartRate;cigsPerDay;prevalentHyp;education
7,349,1,1,10,BMI;sysBP;age;totChol;diaBP;glucose;heartRate;cigsPerDay;prevalentHyp;education
7,350,0,0,10,BMI;sysBP;age;totChol;diaBP;glucose;heartRate;cigsPerDay;prevalentHyp;education
7,351,1,0,10,BMI;sysBP;age;totChol;diaBP;glucose;heartRate;cigsPerDay;prevalentHyp;education
7,352,0,1,10,BMI;sysBP;age;totChol;diaBP;glucose;heartRate;cigsPerDay;prevalentHyp;education
7,353,1,1,10,BMI;sysBP;age;totChol;diaBP;glucose;heartRate;cigsPerDay;prevalentHyp;education
7,354,0,1,10,BMI;sysBP;age;totChol;diaBP;glucose;heartRate;cigsPerDay;prevalentHyp;education
7,355,0,1,10,BMI;sysBP;age;totChol;diaBP;glucose;heartRate;cigsPerDay;prevalentHyp;education
7,356,1,1,10,BMI;sysBP;age;totChol;diaBP;glucose;heartRate;cigsPerDay;prevalentHyp;education
7,357,0,0,10,BMI;sysBP;age;totChol;diaBP;glucose;heartRate;cigsPerDay;prevalentHyp;education
7,358,0,1,10,BMI;sysBP;age;totChol;diaBP;glucose;heartRate;cigsPerDay;prevalentHyp;education
7,359,0,0,10,BMI;sysBP;age;totChol;diaBP;glucose;heartRate;cigsPerDay;prevalentHyp;education
7,360,0,0,10,BMI;sysBP;age;totChol;diaBP;glucose;heartRate;cigsPerDay;prevalentHyp;education
7,361,1,1,10,BMI;sysBP;age;totChol;diaBP;glucose;heartRate;cigsPerDay;prevalentHyp;education
7,362,1,1,10,BMI;sysBP;age;totChol;diaBP;glucose;heartRate;cigsPerDay;prevalentHyp;education
7,363,1,1,10,BMI;sysBP;age;totChol;diaBP;glucose;heartRate;cigsPerDay;prevalentHyp;education
7,364,1,1,10,BMI;sysBP;age;totChol;diaBP;glucose;heartRate;cigsPerDay;prevalentHyp;education
7,365,0,1,10,BMI;sysBP;age;totChol;diaBP;glucose;heartRate;cigsPerDay;prevalentHyp;education
7,366,1,0,10,BMI;sysBP;age;totChol;diaBP;glucose;heartRate;cigsPerDay;prevalentHyp;education
7,367,1,1,10,BMI;sysBP;age;totChol;diaBP;glucose;heartRate;cigsPerDay;prevalentHyp;education
7,368,1,1,10,BMI;sysBP;age;totChol;diaBP;glucose;heartRate;cigsPerDay;prevalentHyp;education
7,369,1,0,10,BMI;sysBP;age;totChol;diaBP;glucose;heartRate;cigsPerDay;prevalentHyp;education
7,370,0,1,10,BMI;sysBP;age;totChol;diaBP;glucose;heartRate;cigsPerDay;prevalentHyp;education
7,371,0,0,10,BMI;sysBP;age;totChol;diaBP;glucose;heartRate;cigsPerDay;prevalentHyp;education
7,372,0,0,10,BMI;sysBP;age;totChol;diaBP;glucose;heartRate;cigsPerDay;prevalentHyp;education
7,373,1,1,10,BMI;sysBP;age;totChol;diaBP;glucose;heartRate;cigsPerDay;prevalentHyp;education
7,374,0,1,10,BMI;sysBP;age;totChol;diaBP;glucose;heartRate;cigsPerDay;prevalentHyp;education
7,375,1,1,10,BMI;sysBP;age;totChol;diaBP;glucose;heartRate;cigsPerDay;prevalentHyp;education
7,376,0,0,10,BMI;sysBP;age;totChol;diaBP;glucose;heartRate;cigsPerDay;prevalentHyp;education
7,377,1,1,10,BMI;sysBP;age;totChol;diaBP;glucose;heartRate;cigsPerDay;prevalentHyp;education
7,378,0,1,10,BMI;sysBP;age;totChol;diaBP;glucose;heartRate;cigsPerDay;prevalentHyp;education
7,379,0,0,10,BMI;sysBP;age;totChol;diaBP;glucose;heartRate;cigsPerDay;prevalentHyp;education
7,380,0,1,10,BMI;sysBP;age;totChol;diaBP;glucose;heartRate;cigsPerDay;prevalentHyp;education
7,381,0,1,10,BMI;sysBP;age;totChol;diaBP;glucose;heartRate;cigsPerDay;prevalentHyp;education
7,382,1,1,10,BMI;sysBP;age;totChol;diaBP;glucose;heartRate;cigsPerDay;prevalentHyp;education
7,383,1,1,10,BMI;sysBP;age;totChol;diaBP;glucose;heartRate;cigsPerDay;prevalentHyp;education
7,384,1,1,10,BMI;sysBP;age;totChol;diaBP;glucose;heartRate;cigsPerDay;prevalentHyp;education
7,385,0,1,10,BMI;sysBP;age;totChol;diaBP;glucose;heartRate;cigsPerDay;prevalentHyp;education
7,386,1,1,10,BMI;sysBP;age;totChol;diaBP;glucose;heartRate;cigsPerDay;prevalentHyp;education
7,387,0,1,10,BMI;sysBP;age;totChol;diaBP;glucose;heartRate;cigsPerDay;prevalentHyp;education
7,388,1,1,10,BMI;sysBP;age;totChol;diaBP;glucose;heartRate;cigsPerDay;prevalentHyp;education
7,389,0,0,10,BMI;sysBP;age;totChol;diaBP;glucose;heartRate;cigsPerDay;prevalentHyp;education
7,390,0,1,10,BMI;sysBP;age;totChol;diaBP;glucose;heartRate;cigsPerDay;prevalentHyp;education
7,391,1,1,10,BMI;sysBP;age;totChol;diaBP;glucose;heartRate;cigsPerDay;prevalentHyp;education
7,392,0,1,10,BMI;sysBP;age;totChol;diaBP;glucose;heartRate;cigsPerDay;prevalentHyp;education
7,393,1,1,10,BMI;sysBP;age;totChol;diaBP;glucose;heartRate;cigsPerDay;prevalentHyp;education
7,394,1,0,10,BMI;sysBP;age;totChol;diaBP;glucose;heartRate;cigsPerDay;prevalentHyp;education
7,395,1,1,10,BMI;sysBP;age;totChol;diaBP;glucose;heartRate;cigsPerDay;prevalentHyp;education
7,396,1,1,10,BMI;sysBP;age;totChol;diaBP;glucose;heartRate;cigsPerDay;prevalentHyp;education
7,397,0,1,10,BMI;sysBP;age;totChol;diaBP;glucose;heartRate;cigsPerDay;prevalentHyp;education
7,398,0,0,10,BMI;sysBP;age;totChol;diaBP;glucose;heartRate;cigsPerDay;prevalentHyp;education
7,399,1,1,10,BMI;sysBP;age;totChol;diaBP;glucose;heartRate;cigsPerDay;prevalentHyp;education
8,0,0,1,10,BMI;sysBP;age;totChol;diaBP;glucose;heartRate;cigsPerDay;prevalentHyp;education
8,1,0,1,10,BMI;sysBP;age;totChol;diaBP;glucose;heartRate;cigsPerDay;prevalentHyp;education
8,2,1,1,10,BMI;sysBP;age;totChol;diaBP;glucose;heartRate;cigsPerDay;prevalentHyp;education
8,3,0,1,9,BMI;sysBP;totChol;diaBP;glucose;heartRate;cigsPerDay;prevalentHyp;education
8,4,1,1,10,BMI;sysBP;age;totChol;diaBP;glucose;heartRate;cigsPerDay;prevalentHyp;education
8,5,1,1,10,BMI;sysBP;age;totChol;diaBP;glucose;heartRate;cigsPerDay;prevalentHyp;education
8,6,0,1,10,BMI;sysBP;age;totChol;diaBP;glucose;heartRate;cigsPerDay;prevalentHyp;education
8,7,1,1,10,BMI;sysBP;age;totChol;diaBP;glucose;heartRate;cigsPerDay;prevalentHyp;education
8,8,0,1,10,BMI;sysBP;age;totChol;diaBP;glucose;heartRate;cigsPerDay;prevalentHyp;education
8,9,1,1,10,BMI;sysBP;age;totChol;diaBP;glucose;heartRate;cigsPerDay;prevalentHyp;education
8,10,1,1,10,BMI;sysBP;age;totChol;diaBP;glucose;heartRate;cigsPerDay;prevalentHyp;education
8,11,0,1,10,BMI;sysBP;age;totChol;diaBP;glucose;heartRate;cigsPerDay;prevalentHyp;education
8,12,1,1,10,BMI;sysBP;age;totChol;diaBP;glucose;heartRate;cigsPerDay;prevalentHyp;education
8,13,1,1,10,BMI;sysBP;age;totChol;diaBP;glucose;heartRate;cigsPerDay;prevalentHyp;education
8,14,1,1,10,BMI;sysBP;age;totChol;diaBP;glucose;heartRate;cigsPerDay;prevalentHyp;education
8,15,1,1,10,BMI;sysBP;age;totChol;diaBP;glucose;heartRate;cigsPerDay;prevalentHyp;education
8,16,0,1,10,BMI;sysBP;age;totChol;diaBP;glucose;heartRate;cigsPerDay;prevalentHyp;education
8,17,0,1,10,BMI;sysBP;age;totChol;diaBP;glucose;heartRate;cigsPerDay;prevalentHyp;education
8,18,0,1,10,BMI;sysBP;age;totChol;diaBP;glucose;heartRate;cigsPerDay;prevalentHyp;education
8,19,0,1,8,BMI;totChol;diaBP;glucose;heartRate;cigsPerDay;prevalentHyp;education
8,20,1,1,10,BMI;sysBP;age;totChol;diaBP;glucose;heartRate;cigsPerDay;prevalentHyp;education
8,21,1,1,10,BMI;sysBP;age;totChol;diaBP;glucose;heartRate;cigsPerDay;prevalentHyp;education
8,22,0,1,8,sysBP;totChol;diaBP;glucose;heartRate;cigsPerDay;prevalentHyp;education
8,23,0,1,10,BMI;sysBP;age;totChol;diaBP;glucose;heartRate;cigsPerDay;prevalentHyp;education
8,24,1,1,10,BMI;sysBP;age;totChol;diaBP;glucose;heartRate;cigsPerDay;prevalentHyp;education
8,25,0,1,10,BMI;sysBP;age;totChol;diaBP;glucose;heartRate;cigsPerDay;prevalentHyp;education
8,26,1,1,10,BMI;sysBP;age;totChol;diaBP;glucose;heartRate;cigsPerDay;prevalentHyp;education
8,27,0,1,10,BMI;sysBP;age;totChol;diaBP;glucose;heartRate;cigsPerDay;prevalentHyp;education
8,28,0,1,10,BMI;sysBP;age;totChol;diaBP;glucose;heartRate;cigsPerDay;prevalentHyp;education
8,29,1,1,10,BMI;sysBP;age;totChol;diaBP;glucose;heartRate;cigsPerDay;prevalentHyp;education
8,30,0,1,10,BMI;sysBP;age;totChol;diaBP;glucose;heartRate;cigsPerDay;prevalentHyp;education
8,31,1,1,10,BMI;sysBP;age;totChol;diaBP;glucose;heartRate;cigsPerDay;prevalentHyp;education
8,32,0,1,10,BMI;sysBP;age;totChol;diaBP;glucose;heartRate;cigsPerDay;prevalentHyp;education
8,33,1,1,7,sysBP;age;diaBP;glucose;heartRate;prevalentHyp;education
8,34,0,1,10,BMI;sysBP;age;totChol;diaBP;glucose;heartRate;cigsPerDay;prevalentHyp;education
8,35,1,1,10,BMI;sysBP;age;totChol;diaBP;glucose;heartRate;cigsPerDay;prevalentHyp;education
8,36,1,1,10,BMI;sysBP;age;totChol;diaBP;glucose;heartRate;cigsPerDay;prevalentHyp;education
8,37,0,1,9,sysBP;age;totChol;diaBP;glucose;heartRate;cigsPerDay;prevalentHyp;education
8,38,1,1,10,BMI;sysBP;age;totChol;diaBP;glucose;heartRate;cigsPerDay;prevalentHyp;education
8,39,1,1,10,BMI;sysBP;age;totChol;diaBP;glucose;heartRate;cigsPerDay;prevalentHyp;education
8,40,0,1,10,BMI;sysBP;age;totChol;diaBP;glucose;heartRate;cigsPerDay;prevalentHyp;education
8,41,1,1,10,BMI;sysBP;age;totChol;diaBP;glucose;heartRate;cigsPerDay;prevalentHyp;education
8,42,1,1,10,BMI;sysBP;age;totChol;diaBP;glucose;heartRate;cigsPerDay;prevalentHyp;education
8,43,1,1,10,BMI;sysBP;age;totChol;diaBP;glucose;heartRate;cigsPerDay;prevalentHyp;education
8,44,1,1,10,BMI;sysBP;age;totChol;diaBP;glucose;heartRate;cigsPerDay;prevalentHyp;education
8,45,0,1,6,sysBP;totChol;diaBP;glucose;heartRate;education
8,46,1,1,10,BMI;sysBP;age;totChol;diaBP;glucose;heartRate;cigsPerDay;prevalentHyp;education
8,47,1,1,10,BMI;sysBP;age;totChol;diaBP;glucose;heartRate;cigsPerDay;prevalentHyp;education
8,48,1,1,10,BMI;sysBP;age;totChol;diaBP;glucose;heartRate;cigsPerDay;prevalentHyp;education
8,49,1,1,10,BMI;sysBP;age;totChol;diaBP;glucose;heartRate;cigsPerDay;prevalentHyp;education
8,50,1,1,10,BMI;sysBP;age;totChol;diaBP;glucose;heartRate;cigsPerDay;prevalentHyp;education
8,51,0,1,10,BMI;sysBP;age;totChol;diaBP;glucose;heartRate;cigsPerDay;prevalentHyp;education
8,52,0,1,10,BMI;sysBP;age;totChol;diaBP;glucose;heartRate;cigsPerDay;prevalentHyp;education
8,53,1,1,10,BMI;sysBP;age;totChol;diaBP;glucose;heartRate;cigsPerDay;prevalentHyp;education
8,54,0,1,8,BMI;totChol;diaBP;glucose;heartRate;cigsPerDay;prevalentHyp;education
8,55,1,1,10,BMI;sysBP;age;totChol;diaBP;glucose;heartRate;cigsPerDay;prevalentHyp;education
8,56,0,1,10,BMI;sysBP;age;totChol;diaBP;glucose;heartRate;cigsPerDay;prevalentHyp;education
8,57,1,1,10,BMI;sysBP;age;totChol;diaBP;glucose;heartRate;cigsPerDay;prevalentHyp;education
8,58,1,1,10,BMI;sysBP;age;totChol;diaBP;glucose;heartRate;cigsPerDay;prevalentHyp;education
8,59,1,1,10,BMI;sysBP;age;totChol;diaBP;glucose;heartRate;cigsPerDay;prevalentHyp;education
8,60,1,1,10,BMI;sysBP;age;totChol;diaBP;glucose;heartRate;cigsPerDay;prevalentHyp;education
8,61,0,1,10,BMI;sysBP;age;totChol;diaBP;glucose;heartRate;cigsPerDay;prevalentHyp;education
8,62,0,1,10,BMI;sysBP;age;totChol;diaBP;glucose;heartRate;cigsPerDay;prevalentHyp;education
8,63,1,1,10,BMI;sysBP;age;totChol;diaBP;glucose;heartRate;cigsPerDay;prevalentHyp;education
8,64,1,1,10,BMI;sysBP;age;totChol;diaBP;glucose;heartRate;cigsPerDay;prevalentHyp;education
8,65,1,1,10,BMI;sysBP;age;totChol;diaBP;glucose;heartRate;cigsPerDay;prevalentHyp;education
8,66,0,1,10,BMI;sysBP;age;totChol;diaBP;glucose;heartRate;cigsPerDay;prevalentHyp;education
8,67,0,1,10,BMI;sysBP;age;totChol;diaBP;glucose;heartRate;cigsPerDay;prevalentHyp;education
8,68,0,1,10,BMI;sysBP;age;totChol;diaBP;glucose;heartRate;cigsPerDay;prevalentHyp;education
8,69,1,1,10,BMI;sysBP;age;totChol;diaBP;glucose;heartRate;cigsPerDay;prevalentHyp;education
8,70,0,1,10,BMI;sysBP;age;totChol;diaBP;glucose;heartRate;cigsPerDay;prevalentHyp;education
8,71,1,1,10,BMI;sysBP;age;totChol;diaBP;glucose;heartRate;cigsPerDay;prevalentHyp;education
8,72,1,1,10,BMI;sysBP;age;totChol;diaBP;glucose;heartRate;cigsPerDay;prevalentHyp;education
8,73,1,0,10,BMI;sysBP;age;totChol;diaBP;glucose;heartRate;cigsPerDay;prevalentHyp;education
8,74,0,1,10,BMI;sysBP;age;totChol;diaBP;glucose;heartRate;cigsPerDay;prevalentHyp;education
8,75,0,1,10,BMI;sysBP;age;totChol;diaBP;glucose;heartRate;cigsPerDay;prevalentHyp;education
8,76,0,1,10,BMI;sysBP;age;totChol;diaBP;glucose;heartRate;cigsPerDay;prevalentHyp;education
8,77,0,1,10,BMI;sysBP;age;totChol;diaBP;glucose;heartRate;cigsPerDay;prevalentHyp;education
8,78,1,1,10,BMI;sysBP;age;totChol;diaBP;glucose;heartRate;cigsPerDay;prevalentHyp;education
8,79,0,1,10,BMI;sysBP;age;totChol;diaBP;glucose;heartRate;cigsPerDay;prevalentHyp;education
8,80,1,1,8,BMI;sysBP;age;totChol;diaBP;glucose;cigsPerDay;prevalentHyp
8,81,1,1,10,BMI;sysBP;age;totChol;diaBP;glucose;heartRate;cigsPerDay;prevalentHyp;education
8,82,0,1,10,BMI;sysBP;age;totChol;diaBP;glucose;heartRate;cigsPerDay;prevalentHyp;education
8,83,0,1,10,BMI;sysBP;age;totChol;diaBP;glucose;heartRate;cigsPerDay;prevalentHyp;education
8,84,0,1,10,BMI;sysBP;age;totChol;diaBP;glucose;heartRate;cigsPerDay;prevalentHyp;education
8,85,1,1,10,BMI;sysBP;age;totChol;diaBP;glucose;heartRate;cigsPerDay;prevalentHyp;education
8,86,0,1,10,BMI;sysBP;age;totChol;diaBP;glucose;heartRate;cigsPerDay;prevalentHyp;education
8,87,0,1,10,BMI;sysBP;age;totChol;diaBP;glucose;heartRate;cigsPerDay;prevalentHyp;education
8,88,1,1,10,BMI;sysBP;age;totChol;diaBP;glucose;heartRate;cigsPerDay;prevalentHyp;education
8,89,1,1,10,BMI;sysBP;age;totChol;diaBP;glucose;heartRate;cigsPerDay;prevalentHyp;education
8,90,0,1,10,BMI;sysBP;age;totChol;diaBP;glucose;heartRate;cigsPerDay;prevalentHyp;education
8,91,0,1,9,BMI;sysBP;totChol;diaBP;glucose;heartRate;cigsPerDay;prevalentHyp;education
8,92,1,1,10,BMI;sysBP;age;totChol;diaBP;glucose;heartRate;cigsPerDay;prevalentHyp;education
8,93,0,1,10,BMI;sysBP;age;totChol;diaBP;glucose;heartRate;cigsPerDay;prevalentHyp;education
8,94,1,1,10,BMI;sysBP;age;totChol;diaBP;glucose;heartRate;cigsPerDay;prevalentHyp;education
8,95,0,1,10,BMI;sysBP;age;totChol;diaBP;glucose;heartRate;cigsPerDay;prevalentHyp;education
8,96,0,1,10,BMI;sysBP;age;totChol;diaBP;glucose;heartRate;cigsPerDay;prevalentHyp;education
8,97,0,1,10,BMI;sysBP;age;totChol;diaBP;glucose;heartRate;cigsPerDay;prevalentHyp;education
8,98,0,1,8,sysBP;age;totChol;diaBP;glucose;heartRate;cigsPerDay;prevalentHyp
8,99,1,1,10,BMI;sysBP;age;totChol;diaBP;glucose;heartRate;cigsPerDay;prevalentHyp;education
8,100,0,1,10,BMI;sysBP;age;totChol;diaBP;glucose;heartRate;cigsPerDay;prevalentHyp;education
8,101,1,1,9,BMI;sysBP;totChol;diaBP;glucose;heartRate;cigsPerDay;prevalentHyp;education
8,102,1,1,10,BMI;sysBP;age;totChol;diaBP;glucose;heartRate;cigsPerDay;prevalentHyp;education
8,103,1,1,10,BMI;sysBP;age;totChol;diaBP;glucose;heartRate;cigsPerDay;prevalentHyp;education
8,104,1,1,10,BMI;sysBP;age;totChol;diaBP;glucose;heartRate;cigsPerDay;prevalentHyp;education
8,105,1,1,10,BMI;sysBP;age;totChol;diaBP;glucose;heartRate;cigsPerDay;prevalentHyp;education
8,106,1,1,10,BMI;sysBP;age;totChol;diaBP;glucose;heartRate;cigsPerDay;prevalentHyp;education
8,107,1,1,10,BMI;sysBP;age;totChol;diaBP;glucose;heartRate;cigsPerDay;prevalentHyp;education
8,108,0,1,10,BMI;sysBP;age;totChol;diaBP;glucose;heartRate;cigsPerDay;prevalentHyp;education
8,109,0,1,10,BMI;sysBP;age;totChol;diaBP;glucose;heartRate;cigsPerDay;prevalentHyp;education
8,110,1,1,10,BMI;sysBP;age;totChol;diaBP;glucose;heartRate;cigsPerDay;prevalentHyp;education
8,111,0,1,10,BMI;sysBP;age;totChol;diaBP;glucose;heartRate;cigsPerDay;prevalentHyp;education
8,112,0,1,8,sysBP;totChol;diaBP;glucose;heartRate;cigsPerDay;prevalentHyp;education
8,113,0,1,10,BMI;sysBP;age;totChol;diaBP;glucose;heartRate;cigsPerDay;prevalentHyp;education
8,114,0,1,10,BMI;sysBP;age;totChol;diaBP;glucose;heartRate;cigsPerDay;prevalentHyp;education
8,115,1,1,10,BMI;sysBP;age;totChol;diaBP;glucose;heartRate;cigsPerDay;prevalentHyp;education
8,116,1,1,10,BMI;sysBP;age;totChol;diaBP;glucose;heartRate;cigsPerDay;prevalentHyp;education
8,117,0,1,9,sysBP;age;totChol;diaBP;glucose;heartRate;cigsPerDay;prevalentHyp;education
8,118,0,1,10,BMI;sysBP;age;totChol;diaBP;glucose;heartRate;cigsPerDay;prevalentHyp;education
8,119,0,1,10,BMI;sysBP;age;totChol;diaBP;glucose;heartRate;cigsPerDay;prevalentHyp;education
8,120,1,1,10,BMI;sysBP;age;totChol;diaBP;glucose;heartRate;cigsPerDay;prevalentHyp;education
8,121,1,1,10,BMI;sysBP;age;totChol;diaBP;glucose;heartRate;cigsPerDay;prevalentHyp;education
8,122,1,0,10,BMI;sysBP;age;totChol;diaBP;glucose;heartRate;cigsPerDay;prevalentHyp;education
8,123,0,1,10,BMI;sysBP;age;totChol;diaBP;glucose;heartRate;cigsPerDay;prevalentHyp;education
8,124,1,1,8,sysBP;totChol;diaBP;glucose;heartRate;cigsPerDay;prevalentHyp;education
8,125,1,1,10,BMI;sysBP;age;totChol;diaBP;glucose;heartRate;cigsPerDay;prevalentHyp;education
8,126,0,1,10,BMI;sysBP;age;totChol;diaBP;glucose;heartRate;cigsPerDay;prevalentHyp;education
8,127,0,1,10,BMI;sysBP;age;totChol;diaBP;glucose;heartRate;cigsPerDay;prevalentHyp;education
8,128,1,1,10,BMI;sysBP;age;totChol;diaBP;glucose;heartRate;cigsPerDay;prevalentHyp;education
8,129,0,1,10,BMI;sysBP;age;totChol;diaBP;glucose;heartRate;cigsPerDay;prevalentHyp;education
8,130,0,1,10,BMI;sysBP;age;totChol;diaBP;glucose;heartRate;cigsPerDay;prevalentHyp;education
8,131,1,1,10,BMI;sysBP;age;totChol;diaBP;glucose;heartRate;cigsPerDay;prevalentHyp;education
8,132,0,1,10,BMI;sysBP;age;totChol;diaBP;glucose;heartRate;cigsPerDay;prevalentHyp;education
8,133,1,1,9,BMI;sysBP;totChol;diaBP;glucose;heartRate;cigsPerDay;prevalentHyp;education
8,134,1,1,10,BMI;sysBP;age;totChol;diaBP;glucose;heartRate;cigsPerDay;prevalentHyp;education
8,135,1,1,10,BMI;sysBP;age;totChol;diaBP;glucose;heartRate;cigsPerDay;prevalentHyp;education
8,136,0,1,10,BMI;sysBP;age;totChol;diaBP;glucose;heartRate;cigsPerDay;prevalentHyp;education
8,137,0,1,10,BMI;sysBP;age;totChol;diaBP;glucose;heartRate;cigsPerDay;prevalentHyp;education
8,138,0,1,8,sysBP;totChol;diaBP;glucose;heartRate;cigsPerDay;prevalentHyp;education
8,139,0,1,10,BMI;sysBP;age;totChol;diaBP;glucose;heartRate;cigsPerDay;prevalentHyp;education
8,140,1,1,10,BMI;sysBP;age;totChol;diaBP;glucose;heartRate;cigsPerDay;prevalentHyp;education
8,141,1,1,10,BMI;sysBP;age;totChol;diaBP;glucose;heartRate;cigsPerDay;prevalentHyp;education
8,142,0,1,10,BMI;sysBP;age;totChol;diaBP;glucose;heartRate;cigsPerDay;prevalentHyp;education
8,143,1,1,10,BMI;sysBP;age;totChol;diaBP;glucose;heartRate;cigsPerDay;prevalentHyp;education
8,144,1,1,10,BMI;sysBP;age;totChol;diaBP;glucose;heartRate;cigsPerDay;prevalentHyp;education
8,145,0,1,10,BMI;sysBP;age;totChol;diaBP;glucose;heartRate;cigsPerDay;prevalentHyp;education
8,146,1,1,10,BMI;sysBP;age;totChol;diaBP;glucose;heartRate;cigsPerDay;prevalentHyp;education
8,147,1,1,8,sysBP;totChol;diaBP;glucose;heartRate;cigsPerDay;prevalentHyp;education
8,148,1,1,10,BMI;sysBP;age;totChol;diaBP;glucose;heartRate;cigsPerDay;prevalentHyp;education
8,149,0,1,10,BMI;sysBP;age;totChol;diaBP;glucose;heartRate;cigsPerDay;prevalentHyp;education
8,150,1,1,10,BMI;sysBP;age;totChol;diaBP;glucose;heartRate;cigsPerDay;prevalentHyp;education
8,151,0,1,8,BMI;totChol;diaBP;glucose;heartRate;cigsPerDay;prevalentHyp;education
8,152,0,1,10,BMI;sysBP;age;totChol;diaBP;glucose;heartRate;cigsPerDay;prevalentHyp;education
8,153,1,1,10,BMI;sysBP;age;totChol;diaBP;glucose;heartRate;cigsPerDay;prevalentHyp;education
8,154,1,1,10,BMI;sysBP;age;totChol;diaBP;glucose;heartRate;cigsPerDay;prevalentHyp;education
8,155,1,1,10,BMI;sysBP;age;totChol;diaBP;glucose;heartRate;cigsPerDay;prevalentHyp;education
8,156,1,1,6,BMI;sysBP;totChol;diaBP;heartRate;education
8,157,1,1,10,BMI;sysBP;age;totChol;diaBP;glucose;heartRate;cigsPerDay;prevalentHyp;education
8,158,0,1,10,BMI;sysBP;age;totChol;diaBP;glucose;heartRate;cigsPerDay;prevalentHyp;education
8,159,0,1,8,sysBP;totChol;diaBP;glucose;heartRate;cigsPerDay;prevalentHyp;education
8,160,0,1,10,BMI;sysBP;age;totChol;diaBP;glucose;heartRate;cigsPerDay;prevalentHyp;education
8,161,0,1,10,BMI;sysBP;age;totChol;diaBP;glucose;heartRate;cigsPerDay;prevalentHyp;education
8,162,0,1,10,BMI;sysBP;age;totChol;diaBP;glucose;heartRate;cigsPerDay;prevalentHyp;education
8,163,1,1,10,BMI;sysBP;age;totChol;diaBP;glucose;heartRate;cigsPerDay;prevalentHyp;education
8,164,0,1,10,BMI;sysBP;age;totChol;diaBP;glucose;heartRate;cigsPerDay;prevalentHyp;education
8,165,1,1,10,BMI;sysBP;age;totChol;diaBP;glucose;heartRate;cigsPerDay;prevalentHyp;education
8,166,0,1,10,BMI;sysBP;age;totChol;diaBP;glucose;heartRate;cigsPerDay;prevalentHyp;education
8,167,1,1,8,sysBP;totChol;diaBP;glucose;heartRate;cigsPerDay;prevalentHyp;education
8,168,1,1,8,age;totChol;diaBP;glucose;heartRate;cigsPerDay;prevalentHyp;education
8,169,0,1,10,BMI;sysBP;age;totChol;diaBP;glucose;heartRate;cigsPerDay;prevalentHyp;education
8,170,1,1,10,BMI;sysBP;age;totChol;diaBP;glucose;heartRate;cigsPerDay;prevalentHyp;education
8,171,1,1,10,BMI;sysBP;age;totChol;diaBP;glucose;heartRate;cigsPerDay;prevalentHyp;education
8,172,1,1,10,BMI;sysBP;age;totChol;diaBP;glucose;heartRate;cigsPerDay;prevalentHyp;education
8,173,1,1,10,BMI;sysBP;age;totChol;diaBP;glucose;heartRate;cigsPerDay;prevalentHyp;education
8,174,1,1,10,BMI;sysBP;age;totChol;diaBP;glucose;heartRate;cigsPerDay;prevalentHyp;education
8,175,0,1,10,BMI;sysBP;age;totChol;diaBP;glucose;heartRate;cigsPerDay;prevalentHyp;education
8,176,1,1,10,BMI;sysBP;age;totChol;diaBP;glucose;heartRate;cigsPerDay;prevalentHyp;education
8,177,0,1,10,BMI;sysBP;age;totChol;diaBP;glucose;heartRate;cigsPerDay;prevalentHyp;education
8,178,1,1,8,sysBP;totChol;diaBP;glucose;heartRate;cigsPerDay;prevalentHyp;education
8,179,1,1,10,BMI;sysBP;age;totChol;diaBP;glucose;heartRate;cigsPerDay;prevalentHyp;education
8,180,1,1,10,BMI;sysBP;age;totChol;diaBP;glucose;heartRate;cigsPerDay;prevalentHyp;education
8,181,1,1,10,BMI;sysBP;age;totChol;diaBP;glucose;heartRate;cigsPerDay;prevalentHyp;education
8,182,1,1,10,BMI;sysBP;age;totChol;diaBP;glucose;heartRate;cigsPerDay;prevalentHyp;education
8,183,1,1,10,BMI;sysBP;age;totChol;diaBP;glucose;heartRate;cigsPerDay;prevalentHyp;education
8,184,1,1,10,BMI;sysBP;age;totChol;diaBP;glucose;heartRate;cigsPerDay;prevalentHyp;education
8,185,1,1,10,BMI;sysBP;age;totChol;diaBP;glucose;heartRate;cigsPerDay;prevalentHyp;education
8,186,0,1,8,sysBP;totChol;diaBP;glucose;heartRate;cigsPerDay;prevalentHyp;education
8,187,0,1,10,BMI;sysBP;age;totChol;diaBP;glucose;heartRate;cigsPerDay;prevalentHyp;education
8,188,0,1,10,BMI;sysBP;age;totChol;diaBP;glucose;heartRate;cigsPerDay;prevalentHyp;education
8,189,1,1,7,sysBP;age;totChol;glucose;heartRate;cigsPerDay;prevalentHyp
8,190,1,1,10,BMI;sysBP;age;totChol;diaBP;glucose;heartRate;cigsPerDay;prevalentHyp;education
8,191,1,1,10,BMI;sysBP;age;totChol;diaBP;glucose;heartRate;cigsPerDay;prevalentHyp;education
8,192,0,1,10,BMI;sysBP;age;totChol;diaBP;glucose;heartRate;cigsPerDay;prevalentHyp;education
8,193,1,1,10,BMI;sysBP;age;totChol;diaBP;glucose;heartRate;cigsPerDay;prevalentHyp;education
8,194,0,1,10,BMI;sysBP;age;totChol;diaBP;glucose;heartRate;cigsPerDay;prevalentHyp;education
8,195,0,1,10,BMI;sysBP;age;totChol;diaBP;glucose;heartRate;cigsPerDay;prevalentHyp;education
8,196,0,1,10,BMI;sysBP;age;totChol;diaBP;glucose;heartRate;cigsPerDay;prevalentHyp;education
8,197,0,1,10,BMI;sysBP;age;totChol;diaBP;glucose;heartRate;cigsPerDay;prevalentHyp;education
8,198,0,1,10,BMI;sysBP;age;totChol;diaBP;glucose;heartRate;cigsPerDay;prevalentHyp;education
8,199,0,1,10,BMI;sysBP;age;totChol;diaBP;glucose;heartRate;cigsPerDay;prevalentHyp;education
8,200,1,1,10,BMI;sysBP;age;totChol;diaBP;glucose;heartRate;cigsPerDay;prevalentHyp;education
8,201,0,1,10,BMI;sysBP;age;totChol;diaBP;glucose;heartRate;cigsPerDay;prevalentHyp;education
8,202,0,1,10,BMI;sysBP;age;totChol;diaBP;glucose;heartRate;cigsPerDay;prevalentHyp;education
8,203,0,1,10,BMI;sysBP;age;totChol;diaBP;glucose;heartRate;cigsPerDay;prevalentHyp;education
8,204,0,1,8,sysBP;totChol;diaBP;glucose;heartRate;cigsPerDay;prevalentHyp;education
8,205,1,1,10,BMI;sysBP;age;totChol;diaBP;glucose;heartRate;cigsPerDay;prevalentHyp;education
8,206,1,1,10,BMI;sysBP;age;totChol;diaBP;glucose;heartRate;cigsPerDay;prevalentHyp;education
8,207,1,1,10,BMI;sysBP;age;totChol;diaBP;glucose;heartRate;cigsPerDay;prevalentHyp;education
8,208,0,1,10,BMI;sysBP;age;totChol;diaBP;glucose;heartRate;cigsPerDay;prevalentHyp;education
8,209,1,1,10,BMI;sysBP;age;totChol;diaBP;glucose;heartRate;cigsPerDay;prevalentHyp;education
8,210,0,1,9,BMI;sysBP;totChol;diaBP;glucose;heartRate;cigsPerDay;prevalentHyp;education
8,211,1,1,8,sysBP;totChol;diaBP;glucose;heartRate;cigsPerDay;prevalentHyp;education
8,212,1,1,10,BMI;sysBP;age;totChol;diaBP;glucose;heartRate;cigsPerDay;prevalentHyp;education
8,213,0,1,10,BMI;sysBP;age;totChol;diaBP;glucose;heartRate;cigsPerDay;prevalentHyp;education
8,214,0,1,10,BMI;sysBP;age;totChol;diaBP;glucose;heartRate;cigsPerDay;prevalentHyp;education
8,215,1,1,9,BMI;sysBP;age;totChol;diaBP;glucose;heartRate;cigsPerDay;prevalentHyp
8,216,0,1,9,sysBP;age;totChol;diaBP;glucose;heartRate;cigsPerDay;prevalentHyp;education
8,217,0,1,10,BMI;sysBP;age;totChol;diaBP;glucose;heartRate;cigsPerDay;prevalentHyp;education
8,218,0,1,10,BMI;sysBP;age;totChol;diaBP;glucose;heartRate;cigsPerDay;prevalentHyp;education
8,219,0,1,10,BMI;sysBP;age;totChol;diaBP;glucose;heartRate;cigsPerDay;prevalentHyp;education
8,220,0,1,10,BMI;sysBP;age;totChol;diaBP;glucose;heartRate;cigsPerDay;prevalentHyp;education
8,221,1,1,10,BMI;sysBP;age;totChol;diaBP;glucose;heartRate;cigsPerDay;prevalentHyp;education
8,222,0,1,6,BMI;sysBP;age;diaBP;glucose;heartRate
8,223,1,1,10,BMI;sysBP;age;totChol;diaBP;glucose;heartRate;cigsPerDay;prevalentHyp;education
8,224,1,1,8,sysBP;totChol;diaBP;glucose;heartRate;cigsPerDay;prevalentHyp;education
8,225,1,1,10,BMI;sysBP;age;totChol;diaBP;glucose;heartRate;cigsPerDay;prevalentHyp;education
8,226,1,1,10,BMI;sysBP;age;totChol;diaBP;glucose;heartRate;cigsPerDay;prevalentHyp;education
8,227,0,1,10,BMI;sysBP;age;totChol;diaBP;glucose;heartRate;cigsPerDay;prevalentHyp;education
8,228,1,1,10,BMI;sysBP;age;totChol;diaBP;glucose;heartRate;cigsPerDay;prevalentHyp;education
8,229,0,1,10,BMI;sysBP;age;totChol;diaBP;glucose;heartRate;cigsPerDay;prevalentHyp;education
8,230,1,1,10,BMI;sysBP;age;totChol;diaBP;glucose;heartRate;cigsPerDay;prevalentHyp;education
8,231,0,1,8,BMI;totChol;diaBP;glucose;heartRate;cigsPerDay;prevalentHyp;education
8,232,0,1,10,BMI;sysBP;age;totChol;diaBP;glucose;heartRate;cigsPerDay;prevalentHyp;education
8,233,1,1,10,BMI;sysBP;age;totChol;diaBP;glucose;heartRate;cigsPerDay;prevalentHyp;education
8,234,1,1,7,sysBP;age;totChol;diaBP;glucose;heartRate;education
8,235,0,1,10,BMI;sysBP;age;totChol;diaBP;glucose;heartRate;cigsPerDay;prevalentHyp;education
8,236,0,1,10,BMI;sysBP;age;totChol;diaBP;glucose;heartRate;cigsPerDay;prevalentHyp;education
8,237,0,1,10,BMI;sysBP;age;totChol;diaBP;glucose;heartRate;cigsPerDay;prevalentHyp;education
8,238,0,1,10,BMI;sysBP;age;totChol;diaBP;glucose;heartRate;cigsPerDay;prevalentHyp;education
8,239,0,1,10,BMI;sysBP;age;totChol;diaBP;glucose;heartRate;cigsPerDay;prevalentHyp;education
8,240,0,1,10,BMI;sysBP;age;totChol;diaBP;glucose;heartRate;cigsPerDay;prevalentHyp;education
8,241,1,1,10,BMI;sysBP;age;totChol;diaBP;glucose;heartRate;cigsPerDay;prevalentHyp;education
8,242,1,1,10,BMI;sysBP;age;totChol;diaBP;glucose;heartRate;cigsPerDay;prevalentHyp;education
8,243,0,1,10,BMI;sysBP;age;totChol;diaBP;glucose;heartRate;cigsPerDay;prevalentHyp;education
8,244,1,1,10,BMI;sysBP;age;totChol;diaBP;glucose;heartRate;cigsPerDay;prevalentHyp;education
8,245,1,1,10,BMI;sysBP;age;totChol;diaBP;glucose;heartRate;cigsPerDay;prevalentHyp;education
8,246,0,1,10,BMI;sysBP;age;totChol;diaBP;glucose;heartRate;cigsPerDay;prevalentHyp;education
8,247,1,1,10,BMI;sysBP;age;totChol;diaBP;glucose;heartRate;cigsPerDay;prevalentHyp;education
8,248,0,1,10,BMI;sysBP;age;totChol;diaBP;glucose;heartRate;cigsPerDay;prevalentHyp;education
8,249,0,1,7,BMI;age;totChol;diaBP;glucose;heartRate;cigsPerDay
8,250,1,1,10,BMI;sysBP;age;totChol;diaBP;glucose;heartRate;cigsPerDay;prevalentHyp;education
8,251,0,1,10,BMI;sysBP;age;totChol;diaBP;glucose;heartRate;cigsPerDay;prevalentHyp;education
8,252,1,1,10,BMI;sysBP;age;totChol;diaBP;glucose;heartRate;cigsPerDay;prevalentHyp;education
8,253,0,1,10,BMI;sysBP;age;totChol;diaBP;glucose;heartRate;cigsPerDay;prevalentHyp;education
8,254,1,1,10,BMI;sysBP;age;totChol;diaBP;glucose;heartRate;cigsPerDay;prevalentHyp;education
8,255,0,1,8,sysBP;totChol;diaBP;glucose;heartRate;cigsPerDay;prevalentHyp;education
8,256,1,1,10,BMI;sysBP;age;totChol;diaBP;glucose;heartRate;cigsPerDay;prevalentHyp;education
8,257,1,1,10,BMI;sysBP;age;totChol;diaBP;glucose;heartRate;cigsPerDay;prevalentHyp;education
8,258,0,1,10,BMI;sysBP;age;totChol;diaBP;glucose;heartRate;cigsPerDay;prevalentHyp;education
8,259,1,1,10,BMI;sysBP;age;totChol;diaBP;glucose;heartRate;cigsPerDay;prevalentHyp;education
8,260,1,1,6,BMI;sysBP;diaBP;heartRate;cigsPerDay;education
8,261,1,1,10,BMI;sysBP;age;totChol;diaBP;glucose;heartRate;cigsPerDay;prevalentHyp;education
8,262,1,1,10,BMI;sysBP;age;totChol;diaBP;glucose;heartRate;cigsPerDay;prevalentHyp;education
8,263,1,1,10,BMI;sysBP;age;totChol;diaBP;glucose;heartRate;cigsPerDay;prevalentHyp;education
8,264,1,1,10,BMI;sysBP;age;totChol;diaBP;glucose;heartRate;cigsPerDay;prevalentHyp;education
8,265,1,1,10,BMI;sysBP;age;totChol;diaBP;glucose;heartRate;cigsPerDay;prevalentHyp;education
8,266,0,1,10,BMI;sysBP;age;totChol;diaBP;glucose;heartRate;cigsPerDay;prevalentHyp;education
8,267,0,1,7,sysBP;age;diaBP;glucose;heartRate;cigsPerDay;prevalentHyp
8,268,0,1,10,BMI;sysBP;age;totChol;diaBP;glucose;heartRate;cigsPerDay;prevalentHyp;education
8,269,1,1,9,sysBP;age;totChol;diaBP;glucose;heartRate;cigsPerDay;prevalentHyp;education
8,270,1,1,10,BMI;sysBP;age;totChol;diaBP;glucose;heartRate;cigsPerDay;prevalentHyp;education
8,271,0,1,10,BMI;sysBP;age;totChol;diaBP;glucose;heartRate;cigsPerDay;prevalentHyp;education
8,272,0,1,10,BMI;sysBP;age;totChol;diaBP;glucose;heartRate;cigsPerDay;prevalentHyp;education
8,273,0,1,10,BMI;sysBP;age;totChol;diaBP;glucose;heartRate;cigsPerDay;prevalentHyp;education
8,274,1,1,10,BMI;sysBP;age;totChol;diaBP;glucose;heartRate;cigsPerDay;prevalentHyp;education
8,275,1,1,10,BMI;sysBP;age;totChol;diaBP;glucose;heartRate;cigsPerDay;prevalentHyp;education
8,276,0,1,10,BMI;sysBP;age;totChol;diaBP;glucose;heartRate;cigsPerDay;prevalentHyp;education
8,277,0,1,10,BMI;sysBP;age;totChol;diaBP;glucose;heartRate;cigsPerDay;prevalentHyp;education
8,278,0,1,10,BMI;sysBP;age;totChol;diaBP;glucose;heartRate;cigsPerDay;prevalentHyp;education
8,279,0,1,10,BMI;sysBP;age;totChol;diaBP;glucose;heartRate;cigsPerDay;prevalentHyp;education
8,280,1,1,10,BMI;sysBP;age;totChol;diaBP;glucose;heartRate;cigsPerDay;prevalentHyp;education
8,281,0,1,10,BMI;sysBP;age;totChol;diaBP;glucose;heartRate;cigsPerDay;prevalentHyp;education
8,282,0,1,10,BMI;sysBP;age;totChol;diaBP;glucose;heartRate;cigsPerDay;prevalentHyp;education
8,283,1,1,10,BMI;sysBP;age;totChol;diaBP;glucose;heartRate;cigsPerDay;prevalentHyp;education
8,284,0,1,10,BMI;sysBP;age;totChol;diaBP;glucose;heartRate;cigsPerDay;prevalentHyp;education
8,285,0,1,10,BMI;sysBP;age;totChol;diaBP;glucose;heartRate;cigsPerDay;prevalentHyp;education
8,286,0,1,10,BMI;sysBP;age;totChol;diaBP;glucose;heartRate;cigsPerDay;prevalentHyp;education
8,287,1,1,10,BMI;sysBP;age;totChol;diaBP;glucose;heartRate;cigsPerDay;prevalentHyp;education
8,288,1,1,10,BMI;sysBP;age;totChol;diaBP;glucose;heartRate;cigsPerDay;prevalentHyp;education
8,289,0,1,8,sysBP;age;totChol;diaBP;glucose;heartRate;cigsPerDay;education
8,290,1,1,10,BMI;sysBP;age;totChol;diaBP;glucose;heartRate;cigsPerDay;prevalentHyp;education
8,291,1,1,7,sysBP;age;diaBP;glucose;cigsPerDay;prevalentHyp;education
8,292,1,1,10,BMI;sysBP;age;totChol;diaBP;glucose;heartRate;cigsPerDay;prevalentHyp;education
8,293,0,1,10,BMI;sysBP;age;totChol;diaBP;glucose;heartRate;cigsPerDay;prevalentHyp;education
8,294,0,1,10,BMI;sysBP;age;totChol;diaBP;glucose;heartRate;cigsPerDay;prevalentHyp;education
8,295,0,1,10,BMI;sysBP;age;totChol;diaBP;glucose;heartRate;cigsPerDay;prevalentHyp;education
8,296,1,1,9,BMI;sysBP;totChol;diaBP;glucose;heartRate;cigsPerDay;prevalentHyp;education
8,297,0,1,10,BMI;sysBP;age;totChol;diaBP;glucose;heartRate;cigsPerDay;prevalentHyp;education
8,298,0,1,10,BMI;sysBP;age;totChol;diaBP;glucose;heartRate;cigsPerDay;prevalentHyp;education
8,299,0,1,10,BMI;sysBP;age;totChol;diaBP;glucose;heartRate;cigsPerDay;prevalentHyp;education
8,300,0,1,10,BMI;sysBP;age;totChol;diaBP;glucose;heartRate;cigsPerDay;prevalentHyp;education
8,301,1,1,10,BMI;sysBP;age;totChol;diaBP;glucose;heartRate;cigsPerDay;prevalentHyp;education
8,302,0,1,10,BMI;sysBP;age;totChol;diaBP;glucose;heartRate;cigsPerDay;prevalentHyp;education
8,303,1,1,9,BMI;sysBP;age;totChol;diaBP;glucose;cigsPerDay;prevalentHyp;education
8,304,1,1,10,BMI;sysBP;age;totChol;diaBP;glucose;heartRate;cigsPerDay;prevalentHyp;education
8,305,1,1,10,BMI;sysBP;age;totChol;diaBP;glucose;heartRate;cigsPerDay;prevalentHyp;education
8,306,1,1,10,BMI;sysBP;age;totChol;diaBP;glucose;heartRate;cigsPerDay;prevalentHyp;education
8,307,1,1,7,sysBP;age;totChol;diaBP;glucose;heartRate;cigsPerDay
8,308,1,1,10,BMI;sysBP;age;totChol;diaBP;glucose;heartRate;cigsPerDay;prevalentHyp;education
8,309,0,1,10,BMI;sysBP;age;totChol;diaBP;glucose;heartRate;cigsPerDay;prevalentHyp;education
8,310,1,1,10,BMI;sysBP;age;totChol;diaBP;glucose;heartRate;cigsPerDay;prevalentHyp;education
8,311,1,1,10,BMI;sysBP;age;totChol;diaBP;glucose;heartRate;cigsPerDay;prevalentHyp;education
8,312,1,1,10,BMI;sysBP;age;totChol;diaBP;glucose;heartRate;cigsPerDay;prevalentHyp;education
8,313,0,1,10,BMI;sysBP;age;totChol;diaBP;glucose;heartRate;cigsPerDay;prevalentHyp;education
8,314,0,1,10,BMI;sysBP;age;totChol;diaBP;glucose;heartRate;cigsPerDay;prevalentHyp;education
8,315,0,1,10,BMI;sysBP;age;totChol;diaBP;glucose;heartRate;cigsPerDay;prevalentHyp;education
8,316,0,1,10,BMI;sysBP;age;totChol;diaBP;glucose;heartRate;cigsPerDay;prevalentHyp;education
8,317,0,1,10,BMI;sysBP;age;totChol;diaBP;glucose;heartRate;cigsPerDay;prevalentHyp;education
8,318,0,1,10,BMI;sysBP;age;totChol;diaBP;glucose;heartRate;cigsPerDay;prevalentHyp;education
8,319,0,1,10,BMI;sysBP;age;totChol;diaBP;glucose;heartRate;cigsPerDay;prevalentHyp;education
8,320,0,1,10,BMI;sysBP;age;totChol;diaBP;glucose;heartRate;cigsPerDay;prevalentHyp;education
8,321,0,1,10,BMI;sysBP;age;totChol;diaBP;glucose;heartRate;cigsPerDay;prevalentHyp;education
8,322,0,1,10,BMI;sysBP;age;totChol;diaBP;glucose;heartRate;cigsPerDay;prevalentHyp;education
8,323,0,1,10,BMI;sysBP;age;totChol;diaBP;glucose;heartRate;cigsPerDay;prevalentHyp;education
8,324,0,1,9,BMI;sysBP;totChol;diaBP;glucose;heartRate;cigsPerDay;prevalentHyp;education
8,325,0,1,10,BMI;sysBP;age;totChol;diaBP;glucose;heartRate;cigsPerDay;prevalentHyp;education
8,326,0,1,10,BMI;sysBP;age;totChol;diaBP;glucose;heartRate;cigsPerDay;prevalentHyp;education
8,327,0,1,10,BMI;sysBP;age;totChol;diaBP;glucose;heartRate;cigsPerDay;prevalentHyp;education
8,328,0,1,8,sysBP;totChol;diaBP;glucose;heartRate;cigsPerDay;prevalentHyp;education
8,329,1,1,10,BMI;sysBP;age;totChol;diaBP;glucose;heartRate;cigsPerDay;prevalentHyp;education
8,330,1,1,7,sysBP;age;diaBP;glucose;heartRate;cigsPerDay;prevalentHyp
8,331,0,1,10,BMI;sysBP;age;totChol;diaBP;glucose;heartRate;cigsPerDay;prevalentHyp;education
8,332,1,1,10,BMI;sysBP;age;totChol;diaBP;glucose;heartRate;cigsPerDay;prevalentHyp;education
8,333,0,1,8,sysBP;totChol;diaBP;glucose;heartRate;cigsPerDay;prevalentHyp;education
8,334,0,1,10,BMI;sysBP;age;totChol;diaBP;glucose;heartRate;cigsPerDay;prevalentHyp;education
8,335,1,1,8,sysBP;totChol;diaBP;glucose;heartRate;cigsPerDay;prevalentHyp;education
8,336,1,1,10,BMI;sysBP;age;totChol;diaBP;glucose;heartRate;cigsPerDay;prevalentHyp;education
8,337,1,1,10,BMI;sysBP;age;totChol;diaBP;glucose;heartRate;cigsPerDay;prevalentHyp;education
8,338,1,1,10,BMI;sysBP;age;totChol;diaBP;glucose;heartRate;cigsPerDay;prevalentHyp;education
8,339,1,1,10,BMI;sysBP;age;totChol;diaBP;glucose;heartRate;cigsPerDay;prevalentHyp;education
8,340,0,1,10,BMI;sysBP;age;totChol;diaBP;glucose;heartRate;cigsPerDay;prevalentHyp;education
8,341,1,1,10,BMI;sysBP;age;totChol;diaBP;glucose;heartRate;cigsPerDay;prevalentHyp;education
8,342,0,1,10,BMI;sysBP;age;totChol;diaBP;glucose;heartRate;cigsPerDay;prevalentHyp;education
8,343,1,1,10,BMI;sysBP;age;totChol;diaBP;glucose;heartRate;cigsPerDay;prevalentHyp;education
8,344,0,1,10,BMI;sysBP;age;totChol;diaBP;glucose;heartRate;cigsPerDay;prevalentHyp;education
8,345,1,1,8,sysBP;totChol;diaBP;glucose;heartRate;cigsPerDay;prevalentHyp;education
8,346,0,1,10,BMI;sysBP;age;totChol;diaBP;glucose;heartRate;cigsPerDay;prevalentHyp;education
8,347,0,1,9,BMI;sysBP;totChol;diaBP;glucose;heartRate;cigsPerDay;prevalentHyp;education
8,348,0,1,10,BMI;sysBP;age;totChol;diaBP;glucose;heartRate;cigsPerDay;prevalentHyp;education
8,349,1,1,10,BMI;sysBP;age;totChol;diaBP;glucose;heartRate;cigsPerDay;prevalentHyp;education
8,350,0,1,10,BMI;sysBP;age;totChol;diaBP;glucose;heartRate;cigsPerDay;prevalentHyp;education
8,351,1,1,10,BMI;sysBP;age;totChol;diaBP;glucose;heartRate;cigsPerDay;prevalentHyp;education
8,352,0,1,10,BMI;sysBP;age;totChol;diaBP;glucose;heartRate;cigsPerDay;prevalentHyp;education
8,353,1,1,10,BMI;sysBP;age;totChol;diaBP;glucose;heartRate;cigsPerDay;prevalentHyp;education
8,354,0,1,10,BMI;sysBP;age;totChol;diaBP;glucose;heartRate;cigsPerDay;prevalentHyp;education
8,355,0,1,10,BMI;sysBP;age;totChol;diaBP;glucose;heartRate;cigsPerDay;prevalentHyp;education
8,356,1,1,10,BMI;sysBP;age;totChol;diaBP;glucose;heartRate;cigsPerDay;prevalentHyp;education
8,357,0,1,10,BMI;sysBP;age;totChol;diaBP;glucose;heartRate;cigsPerDay;prevalentHyp;education
8,358,0,1,10,BMI;sysBP;age;totChol;diaBP;glucose;heartRate;cigsPerDay;prevalentHyp;education
8,359,0,1,8,sysBP;totChol;diaBP;glucose;heartRate;cigsPerDay;prevalentHyp;education
8,360,0,1,10,BMI;sysBP;age;totChol;diaBP;glucose;heartRate;cigsPerDay;prevalentHyp;education
8,361,1,1,10,BMI;sysBP;age;totChol;diaBP;glucose;heartRate;cigsPerDay;prevalentHyp;education
8,362,1,1,10,BMI;sysBP;age;totChol;diaBP;glucose;heartRate;cigsPerDay;prevalentHyp;education
8,363,1,1,10,BMI;sysBP;age;totChol;diaBP;glucose;heartRate;cigsPerDay;prevalentHyp;education
8,364,1,1,10,BMI;sysBP;age;totChol;diaBP;glucose;heartRate;cigsPerDay;prevalentHyp;education
8,365,0,1,10,BMI;sysBP;age;totChol;diaBP;glucose;heartRate;cigsPerDay;prevalentHyp;education
8,366,1,1,10,BMI;sysBP;age;totChol;diaBP;glucose;heartRate;cigsPerDay;prevalentHyp;education
8,367,1,1,10,BMI;sysBP;age;totChol;diaBP;glucose;heartRate;cigsPerDay;prevalentHyp;education
8,368,1,1,10,BMI;sysBP;age;totChol;diaBP;glucose;heartRate;cigsPerDay;prevalentHyp;education
8,369,1,1,10,BMI;sysBP;age;totChol;diaBP;glucose;heartRate;cigsPerDay;prevalentHyp;education
8,370,0,1,10,BMI;sysBP;age;totChol;diaBP;glucose;heartRate;cigsPerDay;prevalentHyp;education
8,371,0,1,10,BMI;sysBP;age;totChol;diaBP;glucose;heartRate;cigsPerDay;prevalentHyp;education
8,372,0,1,10,BMI;sysBP;age;totChol;diaBP;glucose;heartRate;cigsPerDay;prevalentHyp;education
8,373,1,1,10,BMI;sysBP;age;totChol;diaBP;glucose;heartRate;cigsPerDay;prevalentHyp;education
8,374,0,1,10,BMI;sysBP;age;totChol;diaBP;glucose;heartRate;cigsPerDay;prevalentHyp;education
8,375,1,1,10,BMI;sysBP;age;totChol;diaBP;glucose;heartRate;cigsPerDay;prevalentHyp;education
8,376,0,1,10,BMI;sysBP;age;totChol;diaBP;glucose;heartRate;cigsPerDay;prevalentHyp;education
8,377,1,1,10,BMI;sysBP;age;totChol;diaBP;glucose;heartRate;cigsPerDay;prevalentHyp;education
8,378,0,1,10,BMI;sysBP;age;totChol;diaBP;glucose;heartRate;cigsPerDay;prevalentHyp;education
8,379,0,1,10,BMI;sysBP;age;totChol;diaBP;glucose;heartRate;cigsPerDay;prevalentHyp;education
8,380,0,1,10,BMI;sysBP;age;totChol;diaBP;glucose;heartRate;cigsPerDay;prevalentHyp;education
8,381,0,1,10,BMI;sysBP;age;totChol;diaBP;glucose;heartRate;cigsPerDay;prevalentHyp;education
8,382,1,1,10,BMI;sysBP;age;totChol;diaBP;glucose;heartRate;cigsPerDay;prevalentHyp;education
8,383,1,1,10,BMI;sysBP;age;totChol;diaBP;glucose;heartRate;cigsPerDay;prevalentHyp;education
8,384,1,1,10,BMI;sysBP;age;totChol;diaBP;glucose;heartRate;cigsPerDay;prevalentHyp;education
8,385,0,1,10,BMI;sysBP;age;totChol;diaBP;glucose;heartRate;cigsPerDay;prevalentHyp;education
8,386,1,1,10,BMI;sysBP;age;totChol;diaBP;glucose;heartRate;cigsPerDay;prevalentHyp;education
8,387,0,0,7,BMI;sysBP;age;diaBP;glucose;cigsPerDay;prevalentHyp
8,388,1,0,10,BMI;sysBP;age;totChol;diaBP;glucose;heartRate;cigsPerDay;prevalentHyp;education
8,389,0,1,10,BMI;sysBP;age;totChol;diaBP;glucose;heartRate;cigsPerDay;prevalentHyp;education
8,390,0,1,10,BMI;sysBP;age;totChol;diaBP;glucose;heartRate;cigsPerDay;prevalentHyp;education
8,391,1,1,10,BMI;sysBP;age;totChol;diaBP;glucose;heartRate;cigsPerDay;prevalentHyp;education
8,392,0,1,10,BMI;sysBP;age;totChol;diaBP;glucose;heartRate;cigsPerDay;prevalentHyp;education
8,393,1,1,10,BMI;sysBP;age;totChol;diaBP;glucose;heartRate;cigsPerDay;prevalentHyp;education
8,394,1,1,10,BMI;sysBP;age;totChol;diaBP;glucose;heartRate;cigsPerDay;prevalentHyp;education
8,395,1,1,10,BMI;sysBP;age;totChol;diaBP;glucose;heartRate;cigsPerDay;prevalentHyp;education
8,396,1,1,10,BMI;sysBP;age;totChol;diaBP;glucose;heartRate;cigsPerDay;prevalentHyp;education
8,397,0,1,10,BMI;sysBP;age;totChol;diaBP;glucose;heartRate;cigsPerDay;prevalentHyp;education
8,398,0,1,10,BMI;sysBP;age;totChol;diaBP;glucose;heartRate;cigsPerDay;prevalentHyp;education
8,399,1,1,10,BMI;sysBP;age;totChol;diaBP;glucose;heartRate;cigsPerDay;prevalentHyp;education
9,0,0,1,10,BMI;sysBP;age;totChol;diaBP;glucose;heartRate;cigsPerDay;prevalentHyp;education
9,1,0,0,10,BMI;sysBP;age;totChol;diaBP;glucose;heartRate;cigsPerDay;prevalentHyp;education
9,2,1,1,10,BMI;sysBP;age;totChol;diaBP;glucose;heartRate;cigsPerDay;prevalentHyp;education
9,3,0,1,10,BMI;sysBP;age;totChol;diaBP;glucose;heartRate;cigsPerDay;prevalentHyp;education
9,4,1,1,10,BMI;sysBP;age;totChol;diaBP;glucose;heartRate;cigsPerDay;prevalentHyp;education
9,5,1,1,10,BMI;sysBP;age;totChol;diaBP;glucose;heartRate;cigsPerDay;prevalentHyp;education
9,6,0,0,10,BMI;sysBP;age;totChol;diaBP;glucose;heartRate;cigsPerDay;prevalentHyp;education
9,7,1,1,10,BMI;sysBP;age;totChol;diaBP;glucose;heartRate;cigsPerDay;prevalentHyp;education
9,8,0,1,10,BMI;sysBP;age;totChol;diaBP;glucose;heartRate;cigsPerDay;prevalentHyp;education
9,9,1,0,10,BMI;sysBP;age;totChol;diaBP;glucose;heartRate;cigsPerDay;prevalentHyp;education
9,10,1,1,10,BMI;sysBP;age;totChol;diaBP;glucose;heartRate;cigsPerDay;prevalentHyp;education
9,11,0,1,10,BMI;sysBP;age;totChol;diaBP;glucose;heartRate;cigsPerDay;prevalentHyp;education
9,12,1,1,10,BMI;sysBP;age;totChol;diaBP;glucose;heartRate;cigsPerDay;prevalentHyp;education
9,13,1,1,10,BMI;sysBP;age;totChol;diaBP;glucose;heartRate;cigsPerDay;prevalentHyp;education
9,14,1,1,10,BMI;sysBP;age;totChol;diaBP;glucose;heartRate;cigsPerDay;prevalentHyp;education
9,15,1,1,10,BMI;sysBP;age;totChol;diaBP;glucose;heartRate;cigsPerDay;prevalentHyp;education
9,16,0,0,10,BMI;sysBP;age;totChol;diaBP;glucose;heartRate;cigsPerDay;prevalentHyp;education
9,17,0,1,10,BMI;sysBP;age;totChol;diaBP;glucose;heartRate;cigsPerDay;prevalentHyp;education
9,18,0,1,10,BMI;sysBP;age;totChol;diaBP;glucose;heartRate;cigsPerDay;prevalentHyp;education
9,19,0,0,10,BMI;sysBP;age;totChol;diaBP;glucose;heartRate;cigsPerDay;prevalentHyp;education
9,20,1,1,10,BMI;sysBP;age;totChol;diaBP;glucose;heartRate;cigsPerDay;prevalentHyp;education
9,21,1,1,10,BMI;sysBP;age;totChol;diaBP;glucose;heartRate;cigsPerDay;prevalentHyp;education
9,22,0,0,10,BMI;sysBP;age;totChol;diaBP;glucose;heartRate;cigsPerDay;prevalentHyp;education
9,23,0,1,10,BMI;sysBP;age;totChol;diaBP;glucose;heartRate;cigsPerDay;prevalentHyp;education
9,24,1,0,10,BMI;sysBP;age;totChol;diaBP;glucose;heartRate;cigsPerDay;prevalentHyp;education
9,25,0,0,10,BMI;sysBP;age;totChol;diaBP;glucose;heartRate;cigsPerDay;prevalentHyp;education
9,26,1,0,10,BMI;sysBP;age;totChol;diaBP;glucose;heartRate;cigsPerDay;prevalentHyp;education
9,27,0,1,10,BMI;sysBP;age;totChol;diaBP;glucose;heartRate;cigsPerDay;prevalentHyp;education
9,28,0,1,10,BMI;sysBP;age;totChol;diaBP;glucose;heartRate;cigsPerDay;prevalentHyp;education
9,29,1,1,10,BMI;sysBP;age;totChol;diaBP;glucose;heartRate;cigsPerDay;prevalentHyp;education
9,30,0,0,10,BMI;sysBP;age;totChol;diaBP;glucose;heartRate;cigsPerDay;prevalentHyp;education
9,31,1,1,10,BMI;sysBP;age;totChol;diaBP;glucose;heartRate;cigsPerDay;prevalentHyp;education
9,32,0,1,10,BMI;sysBP;age;totChol;diaBP;glucose;heartRate;cigsPerDay;prevalentHyp;education
9,33,1,1,10,BMI;sysBP;age;totChol;diaBP;glucose;heartRate;cigsPerDay;prevalentHyp;education
9,34,0,1,10,BMI;sysBP;age;totChol;diaBP;glucose;heartRate;cigsPerDay;prevalentHyp;education
9,35,1,1,10,BMI;sysBP;age;totChol;diaBP;glucose;heartRate;cigsPerDay;prevalentHyp;education
9,36,1,1,10,BMI;sysBP;age;totChol;diaBP;glucose;heartRate;cigsPerDay;prevalentHyp;education
9,37,0,0,10,BMI;sysBP;age;totChol;diaBP;glucose;heartRate;cigsPerDay;prevalentHyp;education
9,38,1,1,10,BMI;sysBP;age;totChol;diaBP;glucose;heartRate;cigsPerDay;prevalentHyp;education
9,39,1,1,10,BMI;sysBP;age;totChol;diaBP;glucose;heartRate;cigsPerDay;prevalentHyp;education
9,40,0,1,10,BMI;sysBP;age;totChol;diaBP;glucose;heartRate;cigsPerDay;prevalentHyp;education
9,41,1,1,10,BMI;sysBP;age;totChol;diaBP;glucose;heartRate;cigsPerDay;prevalentHyp;education
9,42,1,1,10,BMI;sysBP;age;totChol;diaBP;glucose;heartRate;cigsPerDay;prevalentHyp;education
9,43,1,1,10,BMI;sysBP;age;totChol;diaBP;glucose;heartRate;cigsPerDay;prevalentHyp;education
9,44,1,1,10,BMI;sysBP;age;totChol;diaBP;glucose;heartRate;cigsPerDay;prevalentHyp;education
9,45,0,0,10,BMI;sysBP;age;totChol;diaBP;glucose;heartRate;cigsPerDay;prevalentHyp;education
9,46,1,1,10,BMI;sysBP;age;totChol;diaBP;glucose;heartRate;cigsPerDay;prevalentHyp;education
9,47,1,1,10,BMI;sysBP;age;totChol;diaBP;glucose;heartRate;cigsPerDay;prevalentHyp;education
9,48,1,1,10,BMI;sysBP;age;totChol;diaBP;glucose;heartRate;cigsPerDay;prevalentHyp;education
9,49,1,0,10,BMI;sysBP;age;totChol;diaBP;glucose;heartRate;cigsPerDay;prevalentHyp;education
9,50,1,0,10,BMI;sysBP;age;totChol;diaBP;glucose;heartRate;cigsPerDay;prevalentHyp;education
9,51,0,1,10,BMI;sysBP;age;totChol;diaBP;glucose;heartRate;cigsPerDay;prevalentHyp;education
9,52,0,1,10,BMI;sysBP;age;totChol;diaBP;glucose;heartRate;cigsPerDay;prevalentHyp;education
9,53,1,1,10,BMI;sysBP;age;totChol;diaBP;glucose;heartRate;cigsPerDay;prevalentHyp;education
9,54,0,0,10,BMI;sysBP;age;totChol;diaBP;glucose;heartRate;cigsPerDay;prevalentHyp;education
9,55,1,1,10,BMI;sysBP;age;totChol;diaBP;glucose;heartRate;cigsPerDay;prevalentHyp;education
9,56,0,0,10,BMI;sysBP;age;totChol;diaBP;glucose;heartRate;cigsPerDay;prevalentHyp;education
9,57,1,1,10,BMI;sysBP;age;totChol;diaBP;glucose;heartRate;cigsPerDay;prevalentHyp;education
9,58,1,1,10,BMI;sysBP;age;totChol;diaBP;glucose;heartRate;cigsPerDay;prevalentHyp;education
9,59,1,1,10,BMI;sysBP;age;totChol;diaBP;glucose;heartRate;cigsPerDay;prevalentHyp;education
9,60,1,1,10,BMI;sysBP;age;totChol;diaBP;glucose;heartRate;cigsPerDay;prevalentHyp;education
9,61,0,1,10,BMI;sysBP;age;totChol;diaBP;glucose;heartRate;cigsPerDay;prevalentHyp;education
9,62,0,1,10,BMI;sysBP;age;totChol;diaBP;glucose;heartRate;cigsPerDay;prevalentHyp;education
9,63,1,0,10,BMI;sysBP;age;totChol;diaBP;glucose;heartRate;cigsPerDay;prevalentHyp;education
9,64,1,1,10,BMI;sysBP;age;totChol;diaBP;glucose;heartRate;cigsPerDay;prevalentHyp;education
9,65,1,1,10,BMI;sysBP;age;totChol;diaBP;glucose;heartRate;cigsPerDay;prevalentHyp;education
9,66,0,1,10,BMI;sysBP;age;totChol;diaBP;glucose;heartRate;cigsPerDay;prevalentHyp;education
9,67,0,0,10,BMI;sysBP;age;totChol;diaBP;glucose;heartRate;cigsPerDay;prevalentHyp;education
9,68,0,1,10,BMI;sysBP;age;totChol;diaBP;glucose;heartRate;cigsPerDay;prevalentHyp;education
9,69,1,1,10,BMI;sysBP;age;totChol;diaBP;glucose;heartRate;cigsPerDay;prevalentHyp;education
9,70,0,0,10,BMI;sysBP;age;totChol;diaBP;glucose;heartRate;cigsPerDay;prevalentHyp;education
9,71,1,1,10,BMI;sysBP;age;totChol;diaBP;glucose;heartRate;cigsPerDay;prevalentHyp;education
9,72,1,1,10,BMI;sysBP;age;totChol;diaBP;glucose;heartRate;cigsPerDay;prevalentHyp;education
9,73,1,1,10,BMI;sysBP;age;totChol;diaBP;glucose;heartRate;cigsPerDay;prevalentHyp;education
9,74,0,1,10,BMI;sysBP;age;totChol;diaBP;glucose;heartRate;cigsPerDay;prevalentHyp;education
9,75,0,1,10,BMI;sysBP;age;totChol;diaBP;glucose;heartRate;cigsPerDay;prevalentHyp;education
9,76,0,1,10,BMI;sysBP;age;totChol;diaBP;glucose;heartRate;cigsPerDay;prevalentHyp;education
9,77,0,1,10,BMI;sysBP;age;totChol;diaBP;glucose;heartRate;cigsPerDay;prevalentHyp;education
9,78,1,0,10,BMI;sysBP;age;totChol;diaBP;glucose;heartRate;cigsPerDay;prevalentHyp;education
9,79,0,1,10,BMI;sysBP;age;totChol;diaBP;glucose;heartRate;cigsPerDay;prevalentHyp;education
9,80,1,0,10,BMI;sysBP;age;totChol;diaBP;glucose;heartRate;cigsPerDay;prevalentHyp;education
9,81,1,1,10,BMI;sysBP;age;totChol;diaBP;glucose;heartRate;cigsPerDay;prevalentHyp;education
9,82,0,1,10,BMI;sysBP;age;totChol;diaBP;glucose;heartRate;cigsPerDay;prevalentHyp;education
9,83,0,1,10,BMI;sysBP;age;totChol;diaBP;glucose;heartRate;cigsPerDay;prevalentHyp;education
9,84,0,0,10,BMI;sysBP;age;totChol;diaBP;glucose;heartRate;cigsPerDay;prevalentHyp;education
9,85,1,1,10,BMI;sysBP;age;totChol;diaBP;glucose;heartRate;cigsPerDay;prevalentHyp;education
9,86,0,1,10,BMI;sysBP;age;totChol;diaBP;glucose;heartRate;cigsPerDay;prevalentHyp;education
9,87,0,1,10,BMI;sysBP;age;totChol;diaBP;glucose;heartRate;cigsPerDay;prevalentHyp;education
9,88,1,1,10,BMI;sysBP;age;totChol;diaBP;glucose;heartRate;cigsPerDay;prevalentHyp;education
9,89,1,1,10,BMI;sysBP;age;totChol;diaBP;glucose;heartRate;cigsPerDay;prevalentHyp;education
9,90,0,0,10,BMI;sysBP;age;totChol;diaBP;glucose;heartRate;cigsPerDay;prevalentHyp;education
9,91,0,0,10,BMI;sysBP;age;totChol;diaBP;glucose;heartRate;cigsPerDay;prevalentHyp;education
9,92,1,1,10,BMI;sysBP;age;totChol;diaBP;glucose;heartRate;cigsPerDay;prevalentHyp;education
9,93,0,1,10,BMI;sysBP;age;totChol;diaBP;glucose;heartRate;cigsPerDay;prevalentHyp;education
9,94,1,1,10,BMI;sysBP;age;totChol;diaBP;glucose;heartRate;cigsPerDay;prevalentHyp;education
9,95,0,1,10,BMI;sysBP;age;totChol;diaBP;glucose;heartRate;cigsPerDay;prevalentHyp;education
9,96,0,1,10,BMI;sysBP;age;totChol;diaBP;glucose;heartRate;cigsPerDay;prevalentHyp;education
9,97,0,1,10,BMI;sysBP;age;totChol;diaBP;glucose;heartRate;cigsPerDay;prevalentHyp;education
9,98,0,0,10,BMI;sysBP;age;totChol;diaBP;glucose;heartRate;cigsPerDay;prevalentHyp;education
9,99,1,1,10,BMI;sysBP;age;totChol;diaBP;glucose;heartRate;cigsPerDay;prevalentHyp;education
9,100,0,1,10,BMI;sysBP;age;totChol;diaBP;glucose;heartRate;cigsPerDay;prevalentHyp;education
9,101,1,0,10,BMI;sysBP;age;totChol;diaBP;glucose;heartRate;cigsPerDay;prevalentHyp;education
9,102,1,0,10,BMI;sysBP;age;totChol;diaBP;glucose;heartRate;cigsPerDay;prevalentHyp;education
9,103,1,1,10,BMI;sysBP;age;totChol;diaBP;glucose;heartRate;cigsPerDay;prevalentHyp;education
9,104,1,1,10,BMI;sysBP;age;totChol;diaBP;glucose;heartRate;cigsPerDay;prevalentHyp;education
9,105,1,1,10,BMI;sysBP;age;totChol;diaBP;glucose;heartRate;cigsPerDay;prevalentHyp;education
9,106,1,1,10,BMI;sysBP;age;totChol;diaBP;glucose;heartRate;cigsPerDay;prevalentHyp;education
9,107,1,1,10,BMI;sysBP;age;totChol;diaBP;glucose;heartRate;cigsPerDay;prevalentHyp;education
9,108,0,0,10,BMI;sysBP;age;totChol;diaBP;glucose;heartRate;cigsPerDay;prevalentHyp;education
9,109,0,1,10,BMI;sysBP;age;totChol;diaBP;glucose;heartRate;cigsPerDay;prevalentHyp;education
9,110,1,1,10,BMI;sysBP;age;totChol;diaBP;glucose;heartRate;cigsPerDay;prevalentHyp;education
9,111,0,1,10,BMI;sysBP;age;totChol;diaBP;glucose;heartRate;cigsPerDay;prevalentHyp;education
9,112,0,0,10,BMI;sysBP;age;totChol;diaBP;glucose;heartRate;cigsPerDay;prevalentHyp;education
9,113,0,1,10,BMI;sysBP;age;totChol;diaBP;glucose;heartRate;cigsPerDay;prevalentHyp;education
9,114,0,0,10,BMI;sysBP;age;totChol;diaBP;glucose;heartRate;cigsPerDay;prevalentHyp;education
9,115,1,1,10,BMI;sysBP;age;totChol;diaBP;glucose;heartRate;cigsPerDay;prevalentHyp;education
9,116,1,1,10,BMI;sysBP;age;totChol;diaBP;glucose;heartRate;cigsPerDay;prevalentHyp;education
9,117,0,0,10,BMI;sysBP;age;totChol;diaBP;glucose;heartRate;cigsPerDay;prevalentHyp;education
9,118,0,1,10,BMI;sysBP;age;totChol;diaBP;glucose;heartRate;cigsPerDay;prevalentHyp;education
9,119,0,1,10,BMI;sysBP;age;totChol;diaBP;glucose;heartRate;cigsPerDay;prevalentHyp;education
9,120,1,1,10,BMI;sysBP;age;totChol;diaBP;glucose;heartRate;cigsPerDay;prevalentHyp;education
9,121,1,1,10,BMI;sysBP;age;totChol;diaBP;glucose;heartRate;cigsPerDay;prevalentHyp;education
9,122,1,1,10,BMI;sysBP;age;totChol;diaBP;glucose;heartRate;cigsPerDay;prevalentHyp;education
9,123,0,0,10,BMI;sysBP;age;totChol;diaBP;glucose;heartRate;cigsPerDay;prevalentHyp;education
9,124,1,0,10,BMI;sysBP;age;totChol;diaBP;glucose;heartRate;cigsPerDay;prevalentHyp;education
9,125,1,1,10,BMI;sysBP;age;totChol;diaBP;glucose;heartRate;cigsPerDay;prevalentHyp;education
9,126,0,1,10,BMI;sysBP;age;totChol;diaBP;glucose;heartRate;cigsPerDay;prevalentHyp;education
9,127,0,1,10,BMI;sysBP;age;totChol;diaBP;glucose;heartRate;cigsPerDay;prevalentHyp;education
9,128,1,0,10,BMI;sysBP;age;totChol;diaBP;glucose;heartRate;cigsPerDay;prevalentHyp;education
9,129,0,1,10,BMI;sysBP;age;totChol;diaBP;glucose;heartRate;cigsPerDay;prevalentHyp;education
9,130,0,1,10,BMI;sysBP;age;totChol;diaBP;glucose;heartRate;cigsPerDay;prevalentHyp;education
9,131,1,1,10,BMI;sysBP;age;totChol;diaBP;glucose;heartRate;cigsPerDay;prevalentHyp;education
9,132,0,0,10,BMI;sysBP;age;totChol;diaBP;glucose;heartRate;cigsPerDay;prevalentHyp;education
9,133,1,1,10,BMI;sysBP;age;totChol;diaBP;glucose;heartRate;cigsPerDay;prevalentHyp;education
9,134,1,0,10,BMI;sysBP;age;totChol;diaBP;glucose;heartRate;cigsPerDay;prevalentHyp;education
9,135,1,1,10,BMI;sysBP;age;totChol;diaBP;glucose;heartRate;cigsPerDay;prevalentHyp;education
9,136,0,1,10,BMI;sysBP;age;totChol;diaBP;glucose;heartRate;cigsPerDay;prevalentHyp;education
9,137,0,1,10,BMI;sysBP;age;totChol;diaBP;glucose;heartRate;cigsPerDay;prevalentHyp;education
9,138,0,0,10,BMI;sysBP;age;totChol;diaBP;glucose;heartRate;cigsPerDay;prevalentHyp;education
9,139,0,0,10,BMI;sysBP;age;totChol;diaBP;glucose;heartRate;cigsPerDay;prevalentHyp;education
9,140,1,1,10,BMI;sysBP;age;totChol;diaBP;glucose;heartRate;cigsPerDay;prevalentHyp;education
9,141,1,1,10,BMI;sysBP;age;totChol;diaBP;glucose;heartRate;cigsPerDay;prevalentHyp;education
9,142,0,1,10,BMI;sysBP;age;totChol;diaBP;glucose;heartRate;cigsPerDay;prevalentHyp;education
9,143,1,1,10,BMI;sysBP;age;totChol;diaBP;glucose;heartRate;cigsPerDay;prevalentHyp;education
9,144,1,1,10,BMI;sysBP;age;totChol;diaBP;glucose;heartRate;cigsPerDay;prevalentHyp;education
9,145,0,0,10,BMI;sysBP;age;totChol;diaBP;glucose;heartRate;cigsPerDay;prevalentHyp;education
9,146,1,1,10,BMI;sysBP;age;totChol;diaBP;glucose;heartRate;cigsPerDay;prevalentHyp;education
9,147,1,0,10,BMI;sysBP;age;totChol;diaBP;glucose;heartRate;cigsPerDay;prevalentHyp;education
9,148,1,1,10,BMI;sysBP;age;totChol;diaBP;glucose;heartRate;cigsPerDay;prevalentHyp;education
9,149,0,0,10,BMI;sysBP;age;totChol;diaBP;glucose;heartRate;cigsPerDay;prevalentHyp;education
9,150,1,1,10,BMI;sysBP;age;totChol;diaBP;glucose;heartRate;cigsPerDay;prevalentHyp;education
9,151,0,0,10,BMI;sysBP;age;totChol;diaBP;glucose;heartRate;cigsPerDay;prevalentHyp;education
9,152,0,1,10,BMI;sysBP;age;totChol;diaBP;glucose;heartRate;cigsPerDay;prevalentHyp;education
9,153,1,1,10,BMI;sysBP;age;totChol;diaBP;glucose;heartRate;cigsPerDay;prevalentHyp;education
9,154,1,1,10,BMI;sysBP;age;totChol;diaBP;glucose;heartRate;cigsPerDay;prevalentHyp;education
9,155,1,0,10,BMI;sysBP;age;totChol;diaBP;glucose;heartRate;cigsPerDay;prevalentHyp;education
9,156,1,1,10,BMI;sysBP;age;totChol;diaBP;glucose;heartRate;cigsPerDay;prevalentHyp;education
9,157,1,1,10,BMI;sysBP;age;totChol;diaBP;glucose;heartRate;cigsPerDay;prevalentHyp;education
9,158,0,1,10,BMI;sysBP;age;totChol;diaBP;glucose;heartRate;cigsPerDay;prevalentHyp;education
9,159,0,0,10,BMI;sysBP;age;totChol;diaBP;glucose;heartRate;cigsPerDay;prevalentHyp;education
9,160,0,1,10,BMI;sysBP;age;totChol;diaBP;glucose;heartRate;cigsPerDay;prevalentHyp;education
9,161,0,0,10,BMI;sysBP;age;totChol;diaBP;glucose;heartRate;cigsPerDay;prevalentHyp;education
9,162,0,0,10,BMI;sysBP;age;totChol;diaBP;glucose;heartRate;cigsPerDay;prevalentHyp;education
9,163,1,1,10,BMI;sysBP;age;totChol;diaBP;glucose;heartRate;cigsPerDay;prevalentHyp;education
9,164,0,1,10,BMI;sysBP;age;totChol;diaBP;glucose;heartRate;cigsPerDay;prevalentHyp;education
9,165,1,1,10,BMI;sysBP;age;totChol;diaBP;glucose;heartRate;cigsPerDay;prevalentHyp;education
9,166,0,1,10,BMI;sysBP;age;totChol;diaBP;glucose;heartRate;cigsPerDay;prevalentHyp;education
9,167,1,0,10,BMI;sysBP;age;totChol;diaBP;glucose;heartRate;cigsPerDay;prevalentHyp;education
9,168,1,0,10,BMI;sysBP;age;totChol;diaBP;glucose;heartRate;cigsPerDay;prevalentHyp;education
9,169,0,0,10,BMI;sysBP;age;totChol;diaBP;glucose;heartRate;cigsPerDay;prevalentHyp;education
9,170,1,0,10,BMI;sysBP;age;totChol;diaBP;glucose;heartRate;cigsPerDay;prevalentHyp;education
9,171,1,0,10,BMI;sysBP;age;totChol;diaBP;glucose;heartRate;cigsPerDay;prevalentHyp;education
9,172,1,0,10,BMI;sysBP;age;totChol;diaBP;glucose;heartRate;cigsPerDay;prevalentHyp;education
9,173,1,1,10,BMI;sysBP;age;totChol;diaBP;glucose;heartRate;cigsPerDay;prevalentHyp;education
9,174,1,1,10,BMI;sysBP;age;totChol;diaBP;glucose;heartRate;cigsPerDay;prevalentHyp;education
9,175,0,1,10,BMI;sysBP;age;totChol;diaBP;glucose;heartRate;cigsPerDay;prevalentHyp;education
9,176,1,1,10,BMI;sysBP;age;totChol;diaBP;glucose;heartRate;cigsPerDay;prevalentHyp;education
9,177,0,1,10,BMI;sysBP;age;totChol;diaBP;glucose;heartRate;cigsPerDay;prevalentHyp;education
9,178,1,0,10,BMI;sysBP;age;totChol;diaBP;glucose;heartRate;cigsPerDay;prevalentHyp;education
9,179,1,1,10,BMI;sysBP;age;totChol;diaBP;glucose;heartRate;cigsPerDay;prevalentHyp;education
9,180,1,1,10,BMI;sysBP;age;totChol;diaBP;glucose;heartRate;cigsPerDay;prevalentHyp;education
9,181,1,1,10,BMI;sysBP;age;totChol;diaBP;glucose;heartRate;cigsPerDay;prevalentHyp;education
9,182,1,0,10,BMI;sysBP;age;totChol;diaBP;glucose;heartRate;cigsPerDay;prevalentHyp;education
9,183,1,0,10,BMI;sysBP;age;totChol;diaBP;glucose;heartRate;cigsPerDay;prevalentHyp;education
9,184,1,1,10,BMI;sysBP;age;totChol;diaBP;glucose;heartRate;cigsPerDay;prevalentHyp;education
9,185,1,1,10,BMI;sysBP;age;totChol;diaBP;glucose;heartRate;cigsPerDay;prevalentHyp;education
9,186,0,0,10,BMI;sysBP;age;totChol;diaBP;glucose;heartRate;cigsPerDay;prevalentHyp;education
9,187,0,1,10,BMI;sysBP;age;totChol;diaBP;glucose;heartRate;cigsPerDay;prevalentHyp;education
9,188,0,1,10,BMI;sysBP;age;totChol;diaBP;glucose;heartRate;cigsPerDay;prevalentHyp;education
9,189,1,0,10,BMI;sysBP;age;totChol;diaBP;glucose;heartRate;cigsPerDay;prevalentHyp;education
9,190,1,0,10,BMI;sysBP;age;totChol;diaBP;glucose;heartRate;cigsPerDay;prevalentHyp;education
9,191,1,1,10,BMI;sysBP;age;totChol;diaBP;glucose;heartRate;cigsPerDay;prevalentHyp;education
9,192,0,1,10,BMI;sysBP;age;totChol;diaBP;glucose;heartRate;cigsPerDay;prevalentHyp;education
9,193,1,1,10,BMI;sysBP;age;totChol;diaBP;glucose;heartRate;cigsPerDay;prevalentHyp;education
9,194,0,1,10,BMI;sysBP;age;totChol;diaBP;glucose;heartRate;cigsPerDay;prevalentHyp;education
9,195,0,1,10,BMI;sysBP;age;totChol;diaBP;glucose;heartRate;cigsPerDay;prevalentHyp;education
9,196,0,1,10,BMI;sysBP;age;totChol;diaBP;glucose;heartRate;cigsPerDay;prevalentHyp;education
9,197,0,0,10,BMI;sysBP;age;totChol;diaBP;glucose;heartRate;cigsPerDay;prevalentHyp;education
9,198,0,1,10,BMI;sysBP;age;totChol;diaBP;glucose;heartRate;cigsPerDay;prevalentHyp;education
9,199,0,1,10,BMI;sysBP;age;totChol;diaBP;glucose;heartRate;cigsPerDay;prevalentHyp;education
9,200,1,1,10,BMI;sysBP;age;totChol;diaBP;glucose;heartRate;cigsPerDay;prevalentHyp;education
9,201,0,1,10,BMI;sysBP;age;totChol;diaBP;glucose;heartRate;cigsPerDay;prevalentHyp;education
9,202,0,0,10,BMI;sysBP;age;totChol;diaBP;glucose;heartRate;cigsPerDay;prevalentHyp;education
9,203,0,0,10,BMI;sysBP;age;totChol;diaBP;glucose;heartRate;cigsPerDay;prevalentHyp;education
9,204,0,0,10,BMI;sysBP;age;totChol;diaBP;glucose;heartRate;cigsPerDay;prevalentHyp;education
9,205,1,1,10,BMI;sysBP;age;totChol;diaBP;glucose;heartRate;cigsPerDay;prevalentHyp;education
9,206,1,0,10,BMI;sysBP;age;totChol;diaBP;glucose;heartRate;cigsPerDay;prevalentHyp;education
9,207,1,1,10,BMI;sysBP;age;totChol;diaBP;glucose;heartRate;cigsPerDay;prevalentHyp;education
9,208,0,0,10,BMI;sysBP;age;totChol;diaBP;glucose;heartRate;cigsPerDay;prevalentHyp;education
9,209,1,1,10,BMI;sysBP;age;totChol;diaBP;glucose;heartRate;cigsPerDay;prevalentHyp;education
9,210,0,0,10,BMI;sysBP;age;totChol;diaBP;glucose;heartRate;cigsPerDay;prevalentHyp;education
9,211,1,0,10,BMI;sysBP;age;totChol;diaBP;glucose;heartRate;cigsPerDay;prevalentHyp;education
9,212,1,1,10,BMI;sysBP;age;totChol;diaBP;glucose;heartRate;cigsPerDay;prevalentHyp;education
9,213,0,1,10,BMI;sysBP;age;totChol;diaBP;glucose;heartRate;cigsPerDay;prevalentHyp;education
9,214,0,1,10,BMI;sysBP;age;totChol;diaBP;glucose;heartRate;cigsPerDay;prevalentHyp;education
9,215,1,0,10,BMI;sysBP;age;totChol;diaBP;glucose;heartRate;cigsPerDay;prevalentHyp;education
9,216,0,1,10,BMI;sysBP;age;totChol;diaBP;glucose;heartRate;cigsPerDay;prevalentHyp;education
9,217,0,0,10,BMI;sysBP;age;totChol;diaBP;glucose;heartRate;cigsPerDay;prevalentHyp;education
9,218,0,1,10,BMI;sysBP;age;totChol;diaBP;glucose;heartRate;cigsPerDay;prevalentHyp;education
9,219,0,1,10,BMI;sysBP;age;totChol;diaBP;glucose;heartRate;cigsPerDay;prevalentHyp;education
9,220,0,1,10,BMI;sysBP;age;totChol;diaBP;glucose;heartRate;cigsPerDay;prevalentHyp;education
9,221,1,1,10,BMI;sysBP;age;totChol;diaBP;glucose;heartRate;cigsPerDay;prevalentHyp;education
9,222,0,0,10,BMI;sysBP;age;totChol;diaBP;glucose;heartRate;cigsPerDay;prevalentHyp;education
9,223,1,1,10,BMI;sysBP;age;totChol;diaBP;glucose;heartRate;cigsPerDay;prevalentHyp;education
9,224,1,0,10,BMI;sysBP;age;totChol;diaBP;glucose;heartRate;cigsPerDay;prevalentHyp;education
9,225,1,1,10,BMI;sysBP;age;totChol;diaBP;glucose;heartRate;cigsPerDay;prevalentHyp;education
9,226,1,1,10,BMI;sysBP;age;totChol;diaBP;glucose;heartRate;cigsPerDay;prevalentHyp;education
9,227,0,1,10,BMI;sysBP;age;totChol;diaBP;glucose;heartRate;cigsPerDay;prevalentHyp;education
9,228,1,1,10,BMI;sysBP;age;totChol;diaBP;glucose;heartRate;cigsPerDay;prevalentHyp;education
9,229,0,0,10,BMI;sysBP;age;totChol;diaBP;glucose;heartRate;cigsPerDay;prevalentHyp;education
9,230,1,1,10,BMI;sysBP;age;totChol;diaBP;glucose;heartRate;cigsPerDay;prevalentHyp;education
9,231,0,0,10,BMI;sysBP;age;totChol;diaBP;glucose;heartRate;cigsPerDay;prevalentHyp;education
9,232,0,0,10,BMI;sysBP;age;totChol;diaBP;glucose;heartRate;cigsPerDay;prevalentHyp;education
9,233,1,1,10,BMI;sysBP;age;totChol;diaBP;glucose;heartRate;cigsPerDay;prevalentHyp;education
9,234,1,0,10,BMI;sysBP;age;totChol;diaBP;glucose;heartRate;cigsPerDay;prevalentHyp;education
9,235,0,1,10,BMI;sysBP;age;totChol;diaBP;glucose;heartRate;cigsPerDay;prevalentHyp;education
9,236,0,0,10,BMI;sysBP;age;totChol;diaBP;glucose;heartRate;cigsPerDay;prevalentHyp;education
9,237,0,1,10,BMI;sysBP;age;totChol;diaBP;glucose;heartRate;cigsPerDay;prevalentHyp;education
9,238,0,0,10,BMI;sysBP;age;totChol;diaBP;glucose;heartRate;cigsPerDay;prevalentHyp;education
9,239,0,1,10,BMI;sysBP;age;totChol;diaBP;glucose;heartRate;cigsPerDay;prevalentHyp;education
9,240,0,1,10,BMI;sysBP;age;totChol;diaBP;glucose;heartRate;cigsPerDay;prevalentHyp;education
9,241,1,1,10,BMI;sysBP;age;totChol;diaBP;glucose;heartRate;cigsPerDay;prevalentHyp;education
9,242,1,0,10,BMI;sysBP;age;totChol;diaBP;glucose;heartRate;cigsPerDay;prevalentHyp;education
9,243,0,1,10,BMI;sysBP;age;totChol;diaBP;glucose;heartRate;cigsPerDay;prevalentHyp;education
9,244,1,1,10,BMI;sysBP;age;totChol;diaBP;glucose;heartRate;cigsPerDay;prevalentHyp;education
9,245,1,1,10,BMI;sysBP;age;totChol;diaBP;glucose;heartRate;cigsPerDay;prevalentHyp;education
9,246,0,0,10,BMI;sysBP;age;totChol;diaBP;glucose;heartRate;cigsPerDay;prevalentHyp;education
9,247,1,0,10,BMI;sysBP;age;totChol;diaBP;glucose;heartRate;cigsPerDay;prevalentHyp;education
9,248,0,1,10,BMI;sysBP;age;totChol;diaBP;glucose;heartRate;cigsPerDay;prevalentHyp;education
9,249,0,0,10,BMI;sysBP;age;totChol;diaBP;glucose;heartRate;cigsPerDay;prevalentHyp;education
9,250,1,1,10,BMI;sysBP;age;totChol;diaBP;glucose;heartRate;cigsPerDay;prevalentHyp;education
9,251,0,0,10,BMI;sysBP;age;totChol;diaBP;glucose;heartRate;cigsPerDay;prevalentHyp;education
9,252,1,0,10,BMI;sysBP;age;totChol;diaBP;glucose;heartRate;cigsPerDay;prevalentHyp;education
9,253,0,0,10,BMI;sysBP;age;totChol;diaBP;glucose;heartRate;cigsPerDay;prevalentHyp;education
9,254,1,1,10,BMI;sysBP;age;totChol;diaBP;glucose;heartRate;cigsPerDay;prevalentHyp;education
9,255,0,1,10,BMI;sysBP;age;totChol;diaBP;glucose;heartRate;cigsPerDay;prevalentHyp;education
9,256,1,1,10,BMI;sysBP;age;totChol;diaBP;glucose;heartRate;cigsPerDay;prevalentHyp;education
9,257,1,1,10,BMI;sysBP;age;totChol;diaBP;glucose;heartRate;cigsPerDay;prevalentHyp;education
9,258,0,1,10,BMI;sysBP;age;totChol;diaBP;glucose;heartRate;cigsPerDay;prevalentHyp;education
9,259,1,1,10,BMI;sysBP;age;totChol;diaBP;glucose;heartRate;cigsPerDay;prevalentHyp;education
9,260,1,1,10,BMI;sysBP;age;totChol;diaBP;glucose;heartRate;cigsPerDay;prevalentHyp;education
9,261,1,1,10,BMI;sysBP;age;totChol;diaBP;glucose;heartRate;cigsPerDay;prevalentHyp;education
9,262,1,1,10,BMI;sysBP;age;totChol;diaBP;glucose;heartRate;cigsPerDay;prevalentHyp;education
9,263,1,1,10,BMI;sysBP;age;totChol;diaBP;glucose;heartRate;cigsPerDay;prevalentHyp;education
9,264,1,1,10,BMI;sysBP;age;totChol;diaBP;glucose;heartRate;cigsPerDay;prevalentHyp;education
9,265,1,0,10,BMI;sysBP;age;totChol;diaBP;glucose;heartRate;cigsPerDay;prevalentHyp;education
9,266,0,1,10,BMI;sysBP;age;totChol;diaBP;glucose;heartRate;cigsPerDay;prevalentHyp;education
9,267,0,0,10,BMI;sysBP;age;totChol;diaBP;glucose;heartRate;cigsPerDay;prevalentHyp;education
9,268,0,1,10,BMI;sysBP;age;totChol;diaBP;glucose;heartRate;cigsPerDay;prevalentHyp;education
9,269,1,1,10,BMI;sysBP;age;totChol;diaBP;glucose;heartRate;cigsPerDay;prevalentHyp;education
9,270,1,1,10,BMI;sysBP;age;totChol;diaBP;glucose;heartRate;cigsPerDay;prevalentHyp;education
9,271,0,0,10,BMI;sysBP;age;totChol;diaBP;glucose;heartRate;cigsPerDay;prevalentHyp;education
9,272,0,1,10,BMI;sysBP;age;totChol;diaBP;glucose;heartRate;cigsPerDay;prevalentHyp;education
9,273,0,1,10,BMI;sysBP;age;totChol;diaBP;glucose;heartRate;cigsPerDay;prevalentHyp;education
9,274,1,1,10,BMI;sysBP;age;totChol;diaBP;glucose;heartRate;cigsPerDay;prevalentHyp;education
9,275,1,1,10,BMI;sysBP;age;totChol;diaBP;glucose;heartRate;cigsPerDay;prevalentHyp;education
9,276,0,1,10,BMI;sysBP;age;totChol;diaBP;glucose;heartRate;cigsPerDay;prevalentHyp;education
9,277,0,1,10,BMI;sysBP;age;totChol;diaBP;glucose;heartRate;cigsPerDay;prevalentHyp;education
9,278,0,0,10,BMI;sysBP;age;totChol;diaBP;glucose;heartRate;cigsPerDay;prevalentHyp;education
9,279,0,1,10,BMI;sysBP;age;totChol;diaBP;glucose;heartRate;cigsPerDay;prevalentHyp;education
9,280,1,1,10,BMI;sysBP;age;totChol;diaBP;glucose;heartRate;cigsPerDay;prevalentHyp;education
9,281,0,1,10,BMI;sysBP;age;totChol;diaBP;glucose;heartRate;cigsPerDay;prevalentHyp;education
9,282,0,1,10,BMI;sysBP;age;totChol;diaBP;glucose;heartRate;cigsPerDay;prevalentHyp;education
9,283,1,1,10,BMI;sysBP;age;totChol;diaBP;glucose;heartRate;cigsPerDay;prevalentHyp;education
9,284,0,0,10,BMI;sysBP;age;totChol;diaBP;glucose;heartRate;cigsPerDay;prevalentHyp;education
9,285,0,0,10,BMI;sysBP;age;totChol;diaBP;glucose;heartRate;cigsPerDay;prevalentHyp;education
9,286,0,1,10,BMI;sysBP;age;totChol;diaBP;glucose;heartRate;cigsPerDay;prevalentHyp;education
9,287,1,1,10,BMI;sysBP;age;totChol;diaBP;glucose;heartRate;cigsPerDay;prevalentHyp;education
9,288,1,0,10,BMI;sysBP;age;totChol;diaBP;glucose;heartRate;cigsPerDay;prevalentHyp;education
9,289,0,0,10,BMI;sysBP;age;totChol;diaBP;glucose;heartRate;cigsPerDay;prevalentHyp;education
9,290,1,1,10,BMI;sysBP;age;totChol;diaBP;glucose;heartRate;cigsPerDay;prevalentHyp;education
9,291,1,1,10,BMI;sysBP;age;totChol;diaBP;glucose;heartRate;cigsPerDay;prevalentHyp;education
9,292,1,1,10,BMI;sysBP;age;totChol;diaBP;glucose;heartRate;cigsPerDay;prevalentHyp;education
9,293,0,1,10,BMI;sysBP;age;totChol;diaBP;glucose;heartRate;cigsPerDay;prevalentHyp;education
9,294,0,0,10,BMI;sysBP;age;totChol;diaBP;glucose;heartRate;cigsPerDay;prevalentHyp;education
9,295,0,1,10,BMI;sysBP;age;totChol;diaBP;glucose;heartRate;cigsPerDay;prevalentHyp;education
9,296,1,1,10,BMI;sysBP;age;totChol;diaBP;glucose;heartRate;cigsPerDay;prevalentHyp;education
9,297,0,0,10,BMI;sysBP;age;totChol;diaBP;glucose;heartRate;cigsPerDay;prevalentHyp;education
9,298,0,0,10,BMI;sysBP;age;totChol;diaBP;glucose;heartRate;cigsPerDay;prevalentHyp;education
9,299,0,1,10,BMI;sysBP;age;totChol;diaBP;glucose;heartRate;cigsPerDay;prevalentHyp;education
9,300,0,0,10,BMI;sysBP;age;totChol;diaBP;glucose;heartRate;cigsPerDay;prevalentHyp;education
9,301,1,1,10,BMI;sysBP;age;totChol;diaBP;glucose;heartRate;cigsPerDay;prevalentHyp;education
9,302,0,0,10,BMI;sysBP;age;totChol;diaBP;glucose;heartRate;cigsPerDay;prevalentHyp;education
9,303,1,0,10,BMI;sysBP;age;totChol;diaBP;glucose;heartRate;cigsPerDay;prevalentHyp;education
9,304,1,1,10,BMI;sysBP;age;totChol;diaBP;glucose;heartRate;cigsPerDay;prevalentHyp;education
9,305,1,1,10,BMI;sysBP;age;totChol;diaBP;glucose;heartRate;cigsPerDay;prevalentHyp;education
9,306,1,0,10,BMI;sysBP;age;totChol;diaBP;glucose;heartRate;cigsPerDay;prevalentHyp;education
9,307,1,0,10,BMI;sysBP;age;totChol;diaBP;glucose;heartRate;cigsPerDay;prevalentHyp;education
9,308,1,1,10,BMI;sysBP;age;totChol;diaBP;glucose;heartRate;cigsPerDay;prevalentHyp;education
9,309,0,1,10,BMI;sysBP;age;totChol;diaBP;glucose;heartRate;cigsPerDay;prevalentHyp;education
9,310,1,0,10,BMI;sysBP;age;totChol;diaBP;glucose;heartRate;cigsPerDay;prevalentHyp;education
9,311,1,1,10,BMI;sysBP;age;totChol;diaBP;glucose;heartRate;cigsPerDay;prevalentHyp;education
9,312,1,0,10,BMI;sysBP;age;totChol;diaBP;glucose;heartRate;cigsPerDay;prevalentHyp;education
9,313,0,1,10,BMI;sysBP;age;totChol;diaBP;glucose;heartRate;cigsPerDay;prevalentHyp;education
9,314,0,1,10,BMI;sysBP;age;totChol;diaBP;glucose;heartRate;cigsPerDay;prevalentHyp;education
9,315,0,1,10,BMI;sysBP;age;totChol;diaBP;glucose;heartRate;cigsPerDay;prevalentHyp;education
9,316,0,1,10,BMI;sysBP;age;totChol;diaBP;glucose;heartRate;cigsPerDay;prevalentHyp;education
9,317,0,0,10,BMI;sysBP;age;totChol;diaBP;glucose;heartRate;cigsPerDay;prevalentHyp;education
9,318,0,1,10,BMI;sysBP;age;totChol;diaBP;glucose;heartRate;cigsPerDay;prevalentHyp;education
9,319,0,1,10,BMI;sysBP;age;totChol;diaBP;glucose;heartRate;cigsPerDay;prevalentHyp;education
9,320,0,1,10,BMI;sysBP;age;totChol;diaBP;glucose;heartRate;cigsPerDay;prevalentHyp;education
9,321,0,1,10,BMI;sysBP;age;totChol;diaBP;glucose;heartRate;cigsPerDay;prevalentHyp;education
9,322,0,1,10,BMI;sysBP;age;totChol;diaBP;glucose;heartRate;cigsPerDay;prevalentHyp;education
9,323,0,1,10,BMI;sysBP;age;totChol;diaBP;glucose;heartRate;cigsPerDay;prevalentHyp;education
9,324,0,0,10,BMI;sysBP;age;totChol;diaBP;glucose;heartRate;cigsPerDay;prevalentHyp;education
9,325,0,1,10,BMI;sysBP;age;totChol;diaBP;glucose;heartRate;cigsPerDay;prevalentHyp;education
9,326,0,1,10,BMI;sysBP;age;totChol;diaBP;glucose;heartRate;cigsPerDay;prevalentHyp;education
9,327,0,1,10,BMI;sysBP;age;totChol;diaBP;glucose;heartRate;cigsPerDay;prevalentHyp;education
9,328,0,0,10,BMI;sysBP;age;totChol;diaBP;glucose;heartRate;cigsPerDay;prevalentHyp;education
9,329,1,1,10,BMI;sysBP;age;totChol;diaBP;glucose;heartRate;cigsPerDay;prevalentHyp;education
9,330,1,0,10,BMI;sysBP;age;totChol;diaBP;glucose;heartRate;cigsPerDay;prevalentHyp;education
9,331,0,1,10,BMI;sysBP;age;totChol;diaBP;glucose;heartRate;cigsPerDay;prevalentHyp;education
9,332,1,1,10,BMI;sysBP;age;totChol;diaBP;glucose;heartRate;cigsPerDay;prevalentHyp;education
9,333,0,0,10,BMI;sysBP;age;totChol;diaBP;glucose;heartRate;cigsPerDay;prevalentHyp;education
9,334,0,1,10,BMI;sysBP;age;totChol;diaBP;glucose;heartRate;cigsPerDay;prevalentHyp;education
9,335,1,0,10,BMI;sysBP;age;totChol;diaBP;glucose;heartRate;cigsPerDay;prevalentHyp;education
9,336,1,1,10,BMI;sysBP;age;totChol;diaBP;glucose;heartRate;cigsPerDay;prevalentHyp;education
9,337,1,1,10,BMI;sysBP;age;totChol;diaBP;glucose;heartRate;cigsPerDay;prevalentHyp;education
9,338,1,0,10,BMI;sysBP;age;totChol;diaBP;glucose;heartRate;cigsPerDay;prevalentHyp;education
9,339,1,1,10,BMI;sysBP;age;totChol;diaBP;glucose;heartRate;cigsPerDay;prevalentHyp;education
9,340,0,1,10,BMI;sysBP;age;totChol;diaBP;glucose;heartRate;cigsPerDay;prevalentHyp;education
9,341,1,1,10,BMI;sysBP;age;totChol;diaBP;glucose;heartRate;cigsPerDay;prevalentHyp;education
9,342,0,1,10,BMI;sysBP;age;totChol;diaBP;glucose;heartRate;cigsPerDay;prevalentHyp;education
9,343,1,1,10,BMI;sysBP;age;totChol;diaBP;glucose;heartRate;cigsPerDay;prevalentHyp;education
9,344,0,1,10,BMI;sysBP;age;totChol;diaBP;glucose;heartRate;cigsPerDay;prevalentHyp;education
9,345,1,0,10,BMI;sysBP;age;totChol;diaBP;glucose;heartRate;cigsPerDay;prevalentHyp;education
9,346,0,0,10,BMI;sysBP;age;totChol;diaBP;glucose;heartRate;cigsPerDay;prevalentHyp;education
9,347,0,0,10,BMI;sysBP;age;totChol;diaBP;glucose;heartRate;cigsPerDay;prevalentHyp;education
9,348,0,0,10,BMI;sysBP;age;totChol;diaBP;glucose;heartRate;cigsPerDay;prevalentHyp;education
9,349,1,1,10,BMI;sysBP;age;totChol;diaBP;glucose;heartRate;cigsPerDay;prevalentHyp;education
9,350,0,0,10,BMI;sysBP;age;totChol;diaBP;glucose;heartRate;cigsPerDay;prevalentHyp;education
9,351,1,1,10,BMI;sysBP;age;totChol;diaBP;glucose;heartRate;cigsPerDay;prevalentHyp;education
9,352,0,1,10,BMI;sysBP;age;totChol;diaBP;glucose;heartRate;cigsPerDay;prevalentHyp;education
9,353,1,1,10,BMI;sysBP;age;totChol;diaBP;glucose;heartRate;cigsPerDay;prevalentHyp;education
9,354,0,0,10,BMI;sysBP;age;totChol;diaBP;glucose;heartRate;cigsPerDay;prevalentHyp;education
9,355,0,1,10,BMI;sysBP;age;totChol;diaBP;glucose;heartRate;cigsPerDay;prevalentHyp;education
9,356,1,1,10,BMI;sysBP;age;totChol;diaBP;glucose;heartRate;cigsPerDay;prevalentHyp;education
9,357,0,1,10,BMI;sysBP;age;totChol;diaBP;glucose;heartRate;cigsPerDay;prevalentHyp;education
9,358,0,1,10,BMI;sysBP;age;totChol;diaBP;glucose;heartRate;cigsPerDay;prevalentHyp;education
9,359,0,0,10,BMI;sysBP;age;totChol;diaBP;glucose;heartRate;cigsPerDay;prevalentHyp;education
9,360,0,0,10,BMI;sysBP;age;totChol;diaBP;glucose;heartRate;cigsPerDay;prevalentHyp;education
9,361,1,1,10,BMI;sysBP;age;totChol;diaBP;glucose;heartRate;cigsPerDay;prevalentHyp;education
9,362,1,1,10,BMI;sysBP;age;totChol;diaBP;glucose;heartRate;cigsPerDay;prevalentHyp;education
9,363,1,1,10,BMI;sysBP;age;totChol;diaBP;glucose;heartRate;cigsPerDay;prevalentHyp;education
9,364,1,1,10,BMI;sysBP;age;totChol;diaBP;glucose;heartRate;cigsPerDay;prevalentHyp;education
9,365,0,1,10,BMI;sysBP;age;totChol;diaBP;glucose;heartRate;cigsPerDay;prevalentHyp;education
9,366,1,1,10,BMI;sysBP;age;totChol;diaBP;glucose;heartRate;cigsPerDay;prevalentHyp;education
9,367,1,1,10,BMI;sysBP;age;totChol;diaBP;glucose;heartRate;cigsPerDay;prevalentHyp;education
9,368,1,1,10,BMI;sysBP;age;totChol;diaBP;glucose;heartRate;cigsPerDay;prevalentHyp;education
9,369,1,0,10,BMI;sysBP;age;totChol;diaBP;glucose;heartRate;cigsPerDay;prevalentHyp;education
9,370,0,1,10,BMI;sysBP;age;totChol;diaBP;glucose;heartRate;cigsPerDay;prevalentHyp;education
9,371,0,1,10,BMI;sysBP;age;totChol;diaBP;glucose;heartRate;cigsPerDay;prevalentHyp;education
9,372,0,0,10,BMI;sysBP;age;totChol;diaBP;glucose;heartRate;cigsPerDay;prevalentHyp;education
9,373,1,1,10,BMI;sysBP;age;totChol;diaBP;glucose;heartRate;cigsPerDay;prevalentHyp;education
9,374,0,1,10,BMI;sysBP;age;totChol;diaBP;glucose;heartRate;cigsPerDay;prevalentHyp;education
9,375,1,1,10,BMI;sysBP;age;totChol;diaBP;glucose;heartRate;cigsPerDay;prevalentHyp;education
9,376,0,0,10,BMI;sysBP;age;totChol;diaBP;glucose;heartRate;cigsPerDay;prevalentHyp;education
9,377,1,1,10,BMI;sysBP;age;totChol;diaBP;glucose;heartRate;cigsPerDay;prevalentHyp;education
9,378,0,1,10,BMI;sysBP;age;totChol;diaBP;glucose;heartRate;cigsPerDay;prevalentHyp;education
9,379,0,0,10,BMI;sysBP;age;totChol;diaBP;glucose;heartRate;cigsPerDay;prevalentHyp;education
9,380,0,1,10,BMI;sysBP;age;totChol;diaBP;glucose;heartRate;cigsPerDay;prevalentHyp;education
9,381,0,1,10,BMI;sysBP;age;totChol;diaBP;glucose;heartRate;cigsPerDay;prevalentHyp;education
9,382,1,1,10,BMI;sysBP;age;totChol;diaBP;glucose;heartRate;cigsPerDay;prevalentHyp;education
9,383,1,1,10,BMI;sysBP;age;totChol;diaBP;glucose;heartRate;cigsPerDay;prevalentHyp;education
9,384,1,1,10,BMI;sysBP;age;totChol;diaBP;glucose;heartRate;cigsPerDay;prevalentHyp;education
9,385,0,1,10,BMI;sysBP;age;totChol;diaBP;glucose;heartRate;cigsPerDay;prevalentHyp;education
9,386,1,1,10,BMI;sysBP;age;totChol;diaBP;glucose;heartRate;cigsPerDay;prevalentHyp;education
9,387,0,1,10,BMI;sysBP;age;totChol;diaBP;glucose;heartRate;cigsPerDay;prevalentHyp;education
9,388,1,1,10,BMI;sysBP;age;totChol;diaBP;glucose;heartRate;cigsPerDay;prevalentHyp;education
9,389,0,0,10,BMI;sysBP;age;totChol;diaBP;glucose;heartRate;cigsPerDay;prevalentHyp;education
9,390,0,1,10,BMI;sysBP;age;totChol;diaBP;glucose;heartRate;cigsPerDay;prevalentHyp;education
9,391,1,1,10,BMI;sysBP;age;totChol;diaBP;glucose;heartRate;cigsPerDay;prevalentHyp;education
9,392,0,1,10,BMI;sysBP;age;totChol;diaBP;glucose;heartRate;cigsPerDay;prevalentHyp;education
9,393,1,1,10,BMI;sysBP;age;totChol;diaBP;glucose;heartRate;cigsPerDay;prevalentHyp;education
9,394,1,0,10,BMI;sysBP;age;totChol;diaBP;glucose;heartRate;cigsPerDay;prevalentHyp;education
9,395,1,1,10,BMI;sysBP;age;totChol;diaBP;glucose;heartRate;cigsPerDay;prevalentHyp;education
9,396,1,1,10,BMI;sysBP;age;totChol;diaBP;glucose;heartRate;cigsPerDay;prevalentHyp;education
9,397,0,1,10,BMI;sysBP;age;totChol;diaBP;glucose;heartRate;cigsPerDay;prevalentHyp;education
9,398,0,0,10,BMI;sysBP;age;totChol;diaBP;glucose;heartRate;cigsPerDay;prevalentHyp;education
9,399,1,1,10,BMI;sysBP;age;totChol;diaBP;glucose;heartRate;cigsPerDay;prevalentHyp;education
10,0,0,1,10,BMI;sysBP;age;totChol;diaBP;glucose;heartRate;cigsPerDay;prevalentHyp;education
10,1,0,0,10,BMI;sysBP;age;totChol;diaBP;glucose;heartRate;cigsPerDay;prevalentHyp;education
10,2,1,1,10,BMI;sysBP;age;totChol;diaBP;glucose;heartRate;cigsPerDay;prevalentHyp;education
10,3,0,1,10,BMI;sysBP;age;totChol;diaBP;glucose;heartRate;cigsPerDay;prevalentHyp;education
10,4,1,1,10,BMI;sysBP;age;totChol;diaBP;glucose;heartRate;cigsPerDay;prevalentHyp;education
10,5,1,1,10,BMI;sysBP;age;totChol;diaBP;glucose;heartRate;cigsPerDay;prevalentHyp;education
10,6,0,0,10,BMI;sysBP;age;totChol;diaBP;glucose;heartRate;cigsPerDay;prevalentHyp;education
10,7,1,1,10,BMI;sysBP;age;totChol;diaBP;glucose;heartRate;cigsPerDay;prevalentHyp;education
10,8,0,1,10,BMI;sysBP;age;totChol;diaBP;glucose;heartRate;cigsPerDay;prevalentHyp;education
10,9,1,1,10,BMI;sysBP;age;totChol;diaBP;glucose;heartRate;cigsPerDay;prevalentHyp;education
10,10,1,1,10,BMI;sysBP;age;totChol;diaBP;glucose;heartRate;cigsPerDay;prevalentHyp;education
10,11,0,1,10,BMI;sysBP;age;totChol;diaBP;glucose;heartRate;cigsPerDay;prevalentHyp;education
10,12,1,1,10,BMI;sysBP;age;totChol;diaBP;glucose;heartRate;cigsPerDay;prevalentHyp;education
10,13,1,1,10,BMI;sysBP;age;totChol;diaBP;glucose;heartRate;cigsPerDay;prevalentHyp;education
10,14,1,1,10,BMI;sysBP;age;totChol;diaBP;glucose;heartRate;cigsPerDay;prevalentHyp;education
10,15,1,1,10,BMI;sysBP;age;totChol;diaBP;glucose;heartRate;cigsPerDay;prevalentHyp;education
10,16,0,1,10,BMI;sysBP;age;totChol;diaBP;glucose;heartRate;cigsPerDay;prevalentHyp;education
10,17,0,1,10,BMI;sysBP;age;totChol;diaBP;glucose;heartRate;cigsPerDay;prevalentHyp;education
10,18,0,1,10,BMI;sysBP;age;totChol;diaBP;glucose;heartRate;cigsPerDay;prevalentHyp;education
10,19,0,0,10,BMI;sysBP;age;totChol;diaBP;glucose;heartRate;cigsPerDay;prevalentHyp;education
10,20,1,1,10,BMI;sysBP;age;totChol;diaBP;glucose;heartRate;cigsPerDay;prevalentHyp;education
10,21,1,1,10,BMI;sysBP;age;totChol;diaBP;glucose;heartRate;cigsPerDay;prevalentHyp;education
10,22,0,0,10,BMI;sysBP;age;totChol;diaBP;glucose;heartRate;cigsPerDay;prevalentHyp;education
10,23,0,1,10,BMI;sysBP;age;totChol;diaBP;glucose;heartRate;cigsPerDay;prevalentHyp;education
10,24,1,0,10,BMI;sysBP;age;totChol;diaBP;glucose;heartRate;cigsPerDay;prevalentHyp;education
10,25,0,0,10,BMI;sysBP;age;totChol;diaBP;glucose;heartRate;cigsPerDay;prevalentHyp;education
10,26,1,0,10,BMI;sysBP;age;totChol;diaBP;glucose;heartRate;cigsPerDay;prevalentHyp;education
10,27,0,1,10,BMI;sysBP;age;totChol;diaBP;glucose;heartRate;cigsPerDay;prevalentHyp;education
10,28,0,1,10,BMI;sysBP;age;totChol;diaBP;glucose;heartRate;cigsPerDay;prevalentHyp;education
10,29,1,1,10,BMI;sysBP;age;totChol;diaBP;glucose;heartRate;cigsPerDay;prevalentHyp;education
10,30,0,0,10,BMI;sysBP;age;totChol;diaBP;glucose;heartRate;cigsPerDay;prevalentHyp;education
10,31,1,1,10,BMI;sysBP;age;totChol;diaBP;glucose;heartRate;cigsPerDay;prevalentHyp;education
10,32,0,1,10,BMI;sysBP;age;totChol;diaBP;glucose;heartRate;cigsPerDay;prevalentHyp;education
10,33,1,1,10,BMI;sysBP;age;totChol;diaBP;glucose;heartRate;cigsPerDay;prevalentHyp;education
10,34,0,1,10,BMI;sysBP;age;totChol;diaBP;glucose;heartRate;cigsPerDay;prevalentHyp;education
10,35,1,1,10,BMI;sysBP;age;totChol;diaBP;glucose;heartRate;cigsPerDay;prevalentHyp;education
10,36,1,1,10,BMI;sysBP;age;totChol;diaBP;glucose;heartRate;cigsPerDay;prevalentHyp;education
10,37,0,1,10,BMI;sysBP;age;totChol;diaBP;glucose;heartRate;cigsPerDay;prevalentHyp;education
10,38,1,1,10,BMI;sysBP;age;totChol;diaBP;glucose;heartRate;cigsPerDay;prevalentHyp;education
10,39,1,1,10,BMI;sysBP;age;totChol;diaBP;glucose;heartRate;cigsPerDay;prevalentHyp;education
10,40,0,1,10,BMI;sysBP;age;totChol;diaBP;glucose;heartRate;cigsPerDay;prevalentHyp;education
10,41,1,1,10,BMI;sysBP;age;totChol;diaBP;glucose;heartRate;cigsPerDay;prevalentHyp;education
10,42,1,1,10,BMI;sysBP;age;totChol;diaBP;glucose;heartRate;cigsPerDay;prevalentHyp;education
10,43,1,1,10,BMI;sysBP;age;totChol;diaBP;glucose;heartRate;cigsPerDay;prevalentHyp;education
10,44,1,1,10,BMI;sysBP;age;totChol;diaBP;glucose;heartRate;cigsPerDay;prevalentHyp;education
10,45,0,1,10,BMI;sysBP;age;totChol;diaBP;glucose;heartRate;cigsPerDay;prevalentHyp;education
10,46,1,1,10,BMI;sysBP;age;totChol;diaBP;glucose;heartRate;cigsPerDay;prevalentHyp;education
10,47,1,1,10,BMI;sysBP;age;totChol;diaBP;glucose;heartRate;cigsPerDay;prevalentHyp;education
10,48,1,1,10,BMI;sysBP;age;totChol;diaBP;glucose;heartRate;cigsPerDay;prevalentHyp;education
10,49,1,0,10,BMI;sysBP;age;totChol;diaBP;glucose;heartRate;cigsPerDay;prevalentHyp;education
10,50,1,0,10,BMI;sysBP;age;totChol;diaBP;glucose;heartRate;cigsPerDay;prevalentHyp;education
10,51,0,1,10,BMI;sysBP;age;totChol;diaBP;glucose;heartRate;cigsPerDay;prevalentHyp;education
10,52,0,1,10,BMI;sysBP;age;totChol;diaBP;glucose;heartRate;cigsPerDay;prevalentHyp;education
10,53,1,1,10,BMI;sysBP;age;totChol;diaBP;glucose;heartRate;cigsPerDay;prevalentHyp;education
10,54,0,0,10,BMI;sysBP;age;totChol;diaBP;glucose;heartRate;cigsPerDay;prevalentHyp;education
10,55,1,1,10,BMI;sysBP;age;totChol;diaBP;glucose;heartRate;cigsPerDay;prevalentHyp;education
10,56,0,0,10,BMI;sysBP;age;totChol;diaBP;glucose;heartRate;cigsPerDay;prevalentHyp;education
10,57,1,1,10,BMI;sysBP;age;totChol;diaBP;glucose;heartRate;cigsPerDay;prevalentHyp;education
10,58,1,1,10,BMI;sysBP;age;totChol;diaBP;glucose;heartRate;cigsPerDay;prevalentHyp;education
10,59,1,1,10,BMI;sysBP;age;totChol;diaBP;glucose;heartRate;cigsPerDay;prevalentHyp;education
10,60,1,1,10,BMI;sysBP;age;totChol;diaBP;glucose;heartRate;cigsPerDay;prevalentHyp;education
10,61,0,1,10,BMI;sysBP;age;totChol;diaBP;glucose;heartRate;cigsPerDay;prevalentHyp;education
10,62,0,1,10,BMI;sysBP;age;totChol;diaBP;glucose;heartRate;cigsPerDay;prevalentHyp;education
10,63,1,1,10,BMI;sysBP;age;totChol;diaBP;glucose;heartRate;cigsPerDay;prevalentHyp;education
10,64,1,1,10,BMI;sysBP;age;totChol;diaBP;glucose;heartRate;cigsPerDay;prevalentHyp;education
10,65,1,1,10,BMI;sysBP;age;totChol;diaBP;glucose;heartRate;cigsPerDay;prevalentHyp;education
10,66,0,1,10,BMI;sysBP;age;totChol;diaBP;glucose;heartRate;cigsPerDay;prevalentHyp;education
10,67,0,0,10,BMI;sysBP;age;totChol;diaBP;glucose;heartRate;cigsPerDay;prevalentHyp;education
10,68,0,1,10,BMI;sysBP;age;totChol;diaBP;glucose;heartRate;cigsPerDay;prevalentHyp;education
10,69,1,1,10,BMI;sysBP;age;totChol;diaBP;glucose;heartRate;cigsPerDay;prevalentHyp;education
10,70,0,0,10,BMI;sysBP;age;totChol;diaBP;glucose;heartRate;cigsPerDay;prevalentHyp;education
10,71,1,1,10,BMI;sysBP;age;totChol;diaBP;glucose;heartRate;cigsPerDay;prevalentHyp;education
10,72,1,1,10,BMI;sysBP;age;totChol;diaBP;glucose;heartRate;cigsPerDay;prevalentHyp;education
10,73,1,1,10,BMI;sysBP;age;totChol;diaBP;glucose;heartRate;cigsPerDay;prevalentHyp;education
10,74,0,1,10,BMI;sysBP;age;totChol;diaBP;glucose;heartRate;cigsPerDay;prevalentHyp;education
10,75,0,1,10,BMI;sysBP;age;totChol;diaBP;glucose;heartRate;cigsPerDay;prevalentHyp;education
10,76,0,1,10,BMI;sysBP;age;totChol;diaBP;glucose;heartRate;cigsPerDay;prevalentHyp;education
10,77,0,1,10,BMI;sysBP;age;totChol;diaBP;glucose;heartRate;cigsPerDay;prevalentHyp;education
10,78,1,1,10,BMI;sysBP;age;totChol;diaBP;glucose;heartRate;cigsPerDay;prevalentHyp;education
10,79,0,1,10,BMI;sysBP;age;totChol;diaBP;glucose;heartRate;cigsPerDay;prevalentHyp;education
10,80,1,0,10,BMI;sysBP;age;totChol;diaBP;glucose;heartRate;cigsPerDay;prevalentHyp;education
10,81,1,1,10,BMI;sysBP;age;totChol;diaBP;glucose;heartRate;cigsPerDay;prevalentHyp;education
10,82,0,1,10,BMI;sysBP;age;totChol;diaBP;glucose;heartRate;cigsPerDay;prevalentHyp;education
10,83,0,1,10,BMI;sysBP;age;totChol;diaBP;glucose;heartRate;cigsPerDay;prevalentHyp;education
10,84,0,1,10,BMI;sysBP;age;totChol;diaBP;glucose;heartRate;cigsPerDay;prevalentHyp;education
10,85,1,0,10,BMI;sysBP;age;totChol;diaBP;glucose;heartRate;cigsPerDay;prevalentHyp;education
10,86,0,1,10,BMI;sysBP;age;totChol;diaBP;glucose;heartRate;cigsPerDay;prevalentHyp;education
10,87,0,1,10,BMI;sysBP;age;totChol;diaBP;glucose;heartRate;cigsPerDay;prevalentHyp;education
10,88,1,1,10,BMI;sysBP;age;totChol;diaBP;glucose;heartRate;cigsPerDay;prevalentHyp;education
10,89,1,1,10,BMI;sysBP;age;totChol;diaBP;glucose;heartRate;cigsPerDay;prevalentHyp;education
10,90,0,0,10,BMI;sysBP;age;totChol;diaBP;glucose;heartRate;cigsPerDay;prevalentHyp;education
10,91,0,0,10,BMI;sysBP;age;totChol;diaBP;glucose;heartRate;cigsPerDay;prevalentHyp;education
10,92,1,1,10,BMI;sysBP;age;totChol;diaBP;glucose;heartRate;cigsPerDay;prevalentHyp;education
10,93,0,1,10,BMI;sysBP;age;totChol;diaBP;glucose;heartRate;cigsPerDay;prevalentHyp;education
10,94,1,1,10,BMI;sysBP;age;totChol;diaBP;glucose;heartRate;cigsPerDay;prevalentHyp;education
10,95,0,1,10,BMI;sysBP;age;totChol;diaBP;glucose;heartRate;cigsPerDay;prevalentHyp;education
10,96,0,1,10,BMI;sysBP;age;totChol;diaBP;glucose;heartRate;cigsPerDay;prevalentHyp;education
10,97,0,1,10,BMI;sysBP;age;totChol;diaBP;glucose;heartRate;cigsPerDay;prevalentHyp;education
10,98,0,0,10,BMI;sysBP;age;totChol;diaBP;glucose;heartRate;cigsPerDay;prevalentHyp;education
10,99,1,1,10,BMI;sysBP;age;totChol;diaBP;glucose;heartRate;cigsPerDay;prevalentHyp;education
10,100,0,1,10,BMI;sysBP;age;totChol;diaBP;glucose;heartRate;cigsPerDay;prevalentHyp;education
10,101,1,0,10,BMI;sysBP;age;totChol;diaBP;glucose;heartRate;cigsPerDay;prevalentHyp;education
10,102,1,1,10,BMI;sysBP;age;totChol;diaBP;glucose;heartRate;cigsPerDay;prevalentHyp;education
10,103,1,1,10,BMI;sysBP;age;totChol;diaBP;glucose;heartRate;cigsPerDay;prevalentHyp;education
10,104,1,1,10,BMI;sysBP;age;totChol;diaBP;glucose;heartRate;cigsPerDay;prevalentHyp;education
10,105,1,1,10,BMI;sysBP;age;totChol;diaBP;glucose;heartRate;cigsPerDay;prevalentHyp;education
10,106,1,1,10,BMI;sysBP;age;totChol;diaBP;glucose;heartRate;cigsPerDay;prevalentHyp;education
10,107,1,1,10,BMI;sysBP;age;totChol;diaBP;glucose;heartRate;cigsPerDay;prevalentHyp;education
10,108,0,0,10,BMI;sysBP;age;totChol;diaBP;glucose;heartRate;cigsPerDay;prevalentHyp;education
10,109,0,1,10,BMI;sysBP;age;totChol;diaBP;glucose;heartRate;cigsPerDay;prevalentHyp;education
10,110,1,1,10,BMI;sysBP;age;totChol;diaBP;glucose;heartRate;cigsPerDay;prevalentHyp;education
10,111,0,1,10,BMI;sysBP;age;totChol;diaBP;glucose;heartRate;cigsPerDay;prevalentHyp;education
10,112,0,0,10,BMI;sysBP;age;totChol;diaBP;glucose;heartRate;cigsPerDay;prevalentHyp;education
10,113,0,1,10,BMI;sysBP;age;totChol;diaBP;glucose;heartRate;cigsPerDay;prevalentHyp;education
10,114,0,1,10,BMI;sysBP;age;totChol;diaBP;glucose;heartRate;cigsPerDay;prevalentHyp;education
10,115,1,1,10,BMI;sysBP;age;totChol;diaBP;glucose;heartRate;cigsPerDay;prevalentHyp;education
10,116,1,1,10,BMI;sysBP;age;totChol;diaBP;glucose;heartRate;cigsPerDay;prevalentHyp;education
10,117,0,1,10,BMI;sysBP;age;totChol;diaBP;glucose;heartRate;cigsPerDay;prevalentHyp;education
10,118,0,1,10,BMI;sysBP;age;totChol;diaBP;glucose;heartRate;cigsPerDay;prevalentHyp;education
10,119,0,0,10,BMI;sysBP;age;totChol;diaBP;glucose;heartRate;cigsPerDay;prevalentHyp;education
10,120,1,1,10,BMI;sysBP;age;totChol;diaBP;glucose;heartRate;cigsPerDay;prevalentHyp;education
10,121,1,1,10,BMI;sysBP;age;totChol;diaBP;glucose;heartRate;cigsPerDay;prevalentHyp;education
10,122,1,1,10,BMI;sysBP;age;totChol;diaBP;glucose;heartRate;cigsPerDay;prevalentHyp;education
10,123,0,0,10,BMI;sysBP;age;totChol;diaBP;glucose;heartRate;cigsPerDay;prevalentHyp;education
10,124,1,0,10,BMI;sysBP;age;totChol;diaBP;glucose;heartRate;cigsPerDay;prevalentHyp;education
10,125,1,1,10,BMI;sysBP;age;totChol;diaBP;glucose;heartRate;cigsPerDay;prevalentHyp;education
10,126,0,1,10,BMI;sysBP;age;totChol;diaBP;glucose;heartRate;cigsPerDay;prevalentHyp;education
10,127,0,1,10,BMI;sysBP;age;totChol;diaBP;glucose;heartRate;cigsPerDay;prevalentHyp;education
10,128,1,1,10,BMI;sysBP;age;totChol;diaBP;glucose;heartRate;cigsPerDay;prevalentHyp;education
10,129,0,1,10,BMI;sysBP;age;totChol;diaBP;glucose;heartRate;cigsPerDay;prevalentHyp;education
10,130,0,1,10,BMI;sysBP;age;totChol;diaBP;glucose;heartRate;cigsPerDay;prevalentHyp;education
10,131,1,1,10,BMI;sysBP;age;totChol;diaBP;glucose;heartRate;cigsPerDay;prevalentHyp;education
10,132,0,0,10,BMI;sysBP;age;totChol;diaBP;glucose;heartRate;cigsPerDay;prevalentHyp;education
10,133,1,1,10,BMI;sysBP;age;totChol;diaBP;glucose;heartRate;cigsPerDay;prevalentHyp;education
10,134,1,0,10,BMI;sysBP;age;totChol;diaBP;glucose;heartRate;cigsPerDay;prevalentHyp;education
10,135,1,1,10,BMI;sysBP;age;totChol;diaBP;glucose;heartRate;cigsPerDay;prevalentHyp;education
10,136,0,1,10,BMI;sysBP;age;totChol;diaBP;glucose;heartRate;cigsPerDay;prevalentHyp;education
10,137,0,1,10,BMI;sysBP;age;totChol;diaBP;glucose;heartRate;cigsPerDay;prevalentHyp;education
10,138,0,0,10,BMI;sysBP;age;totChol;diaBP;glucose;heartRate;cigsPerDay;prevalentHyp;education
10,139,0,0,10,BMI;sysBP;age;totChol;diaBP;glucose;heartRate;cigsPerDay;prevalentHyp;education
10,140,1,1,10,BMI;sysBP;age;totChol;diaBP;glucose;heartRate;cigsPerDay;prevalentHyp;education
10,141,1,1,10,BMI;sysBP;age;totChol;diaBP;glucose;heartRate;cigsPerDay;prevalentHyp;education
10,142,0,1,10,BMI;sysBP;age;totChol;diaBP;glucose;heartRate;cigsPerDay;prevalentHyp;education
10,143,1,1,10,BMI;sysBP;age;totChol;diaBP;glucose;heartRate;cigsPerDay;prevalentHyp;education
10,144,1,1,10,BMI;sysBP;age;totChol;diaBP;glucose;heartRate;cigsPerDay;prevalentHyp;education
10,145,0,0,10,BMI;sysBP;age;totChol;diaBP;glucose;heartRate;cigsPerDay;prevalentHyp;education
10,146,1,1,10,BMI;sysBP;age;totChol;diaBP;glucose;heartRate;cigsPerDay;prevalentHyp;education
10,147,1,0,10,BMI;sysBP;age;totChol;diaBP;glucose;heartRate;cigsPerDay;prevalentHyp;education
10,148,1,1,10,BMI;sysBP;age;totChol;diaBP;glucose;heartRate;cigsPerDay;prevalentHyp;education
10,149,0,0,10,BMI;sysBP;age;totChol;diaBP;glucose;heartRate;cigsPerDay;prevalentHyp;education
10,150,1,1,10,BMI;sysBP;age;totChol;diaBP;glucose;heartRate;cigsPerDay;prevalentHyp;education
10,151,0,0,10,BMI;sysBP;age;totChol;diaBP;glucose;heartRate;cigsPerDay;prevalentHyp;education
10,152,0,1,10,BMI;sysBP;age;totChol;diaBP;glucose;heartRate;cigsPerDay;prevalentHyp;education
10,153,1,1,10,BMI;sysBP;age;totChol;diaBP;glucose;heartRate;cigsPerDay;prevalentHyp;education
10,154,1,1,10,BMI;sysBP;age;totChol;diaBP;glucose;heartRate;cigsPerDay;prevalentHyp;education
10,155,1,1,10,BMI;sysBP;age;totChol;diaBP;glucose;heartRate;cigsPerDay;prevalentHyp;education
10,156,1,1,10,BMI;sysBP;age;totChol;diaBP;glucose;heartRate;cigsPerDay;prevalentHyp;education
10,157,1,1,10,BMI;sysBP;age;totChol;diaBP;glucose;heartRate;cigsPerDay;prevalentHyp;education
10,158,0,1,10,BMI;sysBP;age;totChol;diaBP;glucose;heartRate;cigsPerDay;prevalentHyp;education
10,159,0,0,10,BMI;sysBP;age;totChol;diaBP;glucose;heartRate;cigsPerDay;prevalentHyp;education
10,160,0,1,10,BMI;sysBP;age;totChol;diaBP;glucose;heartRate;cigsPerDay;prevalentHyp;education
10,161,0,0,10,BMI;sysBP;age;totChol;diaBP;glucose;heartRate;cigsPerDay;prevalentHyp;education
10,162,0,1,10,BMI;sysBP;age;totChol;diaBP;glucose;heartRate;cigsPerDay;prevalentHyp;education
10,163,1,1,10,BMI;sysBP;age;totChol;diaBP;glucose;heartRate;cigsPerDay;prevalentHyp;education
10,164,0,1,10,BMI;sysBP;age;totChol;diaBP;glucose;heartRate;cigsPerDay;prevalentHyp;education
10,165,1,1,10,BMI;sysBP;age;totChol;diaBP;glucose;heartRate;cigsPerDay;prevalentHyp;education
10,166,0,1,10,BMI;sysBP;age;totChol;diaBP;glucose;heartRate;cigsPerDay;prevalentHyp;education
10,167,1,0,10,BMI;sysBP;age;totChol;diaBP;glucose;heartRate;cigsPerDay;prevalentHyp;education
10,168,1,1,10,BMI;sysBP;age;totChol;diaBP;glucose;heartRate;cigsPerDay;prevalentHyp;education
10,169,0,0,10,BMI;sysBP;age;totChol;diaBP;glucose;heartRate;cigsPerDay;prevalentHyp;education
10,170,1,1,10,BMI;sysBP;age;totChol;diaBP;glucose;heartRate;cigsPerDay;prevalentHyp;education
10,171,1,0,10,BMI;sysBP;age;totChol;diaBP;glucose;heartRate;cigsPerDay;prevalentHyp;education
10,172,1,1,10,BMI;sysBP;age;totChol;diaBP;glucose;heartRate;cigsPerDay;prevalentHyp;education
10,173,1,1,10,BMI;sysBP;age;totChol;diaBP;glucose;heartRate;cigsPerDay;prevalentHyp;education
10,174,1,1,10,BMI;sysBP;age;totChol;diaBP;glucose;heartRate;cigsPerDay;prevalentHyp;education
10,175,0,1,10,BMI;sysBP;age;totChol;diaBP;glucose;heartRate;cigsPerDay;prevalentHyp;education
10,176,1,1,10,BMI;sysBP;age;totChol;diaBP;glucose;heartRate;cigsPerDay;prevalentHyp;education
10,177,0,1,10,BMI;sysBP;age;totChol;diaBP;glucose;heartRate;cigsPerDay;prevalentHyp;education
10,178,1,0,10,BMI;sysBP;age;totChol;diaBP;glucose;heartRate;cigsPerDay;prevalentHyp;education
10,179,1,1,10,BMI;sysBP;age;totChol;diaBP;glucose;heartRate;cigsPerDay;prevalentHyp;education
10,180,1,1,10,BMI;sysBP;age;totChol;diaBP;glucose;heartRate;cigsPerDay;prevalentHyp;education
10,181,1,1,10,BMI;sysBP;age;totChol;diaBP;glucose;heartRate;cigsPerDay;prevalentHyp;education
10,182,1,0,10,BMI;sysBP;age;totChol;diaBP;glucose;heartRate;cigsPerDay;prevalentHyp;education
10,183,1,1,10,BMI;sysBP;age;totChol;diaBP;glucose;heartRate;cigsPerDay;prevalentHyp;education
10,184,1,1,10,BMI;sysBP;age;totChol;diaBP;glucose;heartRate;cigsPerDay;prevalentHyp;education
10,185,1,1,10,BMI;sysBP;age;totChol;diaBP;glucose;heartRate;cigsPerDay;prevalentHyp;education
10,186,0,0,10,BMI;sysBP;age;totChol;diaBP;glucose;heartRate;cigsPerDay;prevalentHyp;education
10,187,0,1,10,BMI;sysBP;age;totChol;diaBP;glucose;heartRate;cigsPerDay;prevalentHyp;education
10,188,0,1,10,BMI;sysBP;age;totChol;diaBP;glucose;heartRate;cigsPerDay;prevalentHyp;education
10,189,1,1,10,BMI;sysBP;age;totChol;diaBP;glucose;heartRate;cigsPerDay;prevalentHyp;education
10,190,1,1,10,BMI;sysBP;age;totChol;diaBP;glucose;heartRate;cigsPerDay;prevalentHyp;education
10,191,1,1,10,BMI;sysBP;age;totChol;diaBP;glucose;heartRate;cigsPerDay;prevalentHyp;education
10,192,0,1,10,BMI;sysBP;age;totChol;diaBP;glucose;heartRate;cigsPerDay;prevalentHyp;education
10,193,1,1,10,BMI;sysBP;age;totChol;diaBP;glucose;heartRate;cigsPerDay;prevalentHyp;education
10,194,0,1,10,BMI;sysBP;age;totChol;diaBP;glucose;heartRate;cigsPerDay;prevalentHyp;education
10,195,0,1,10,BMI;sysBP;age;totChol;diaBP;glucose;heartRate;cigsPerDay;prevalentHyp;education
10,196,0,1,10,BMI;sysBP;age;totChol;diaBP;glucose;heartRate;cigsPerDay;prevalentHyp;education
10,197,0,1,10,BMI;sysBP;age;totChol;diaBP;glucose;heartRate;cigsPerDay;prevalentHyp;education
10,198,0,1,10,BMI;sysBP;age;totChol;diaBP;glucose;heartRate;cigsPerDay;prevalentHyp;education
10,199,0,1,10,BMI;sysBP;age;totChol;diaBP;glucose;heartRate;cigsPerDay;prevalentHyp;education
10,200,1,1,10,BMI;sysBP;age;totChol;diaBP;glucose;heartRate;cigsPerDay;prevalentHyp;education
10,201,0,1,10,BMI;sysBP;age;totChol;diaBP;glucose;heartRate;cigsPerDay;prevalentHyp;education
10,202,0,1,10,BMI;sysBP;age;totChol;diaBP;glucose;heartRate;cigsPerDay;prevalentHyp;education
10,203,0,0,10,BMI;sysBP;age;totChol;diaBP;glucose;heartRate;cigsPerDay;prevalentHyp;education
10,204,0,0,10,BMI;sysBP;age;totChol;diaBP;glucose;heartRate;cigsPerDay;prevalentHyp;education
10,205,1,1,10,BMI;sysBP;age;totChol;diaBP;glucose;heartRate;cigsPerDay;prevalentHyp;education
10,206,1,1,10,BMI;sysBP;age;totChol;diaBP;glucose;heartRate;cigsPerDay;prevalentHyp;education
10,207,1,1,10,BMI;sysBP;age;totChol;diaBP;glucose;heartRate;cigsPerDay;prevalentHyp;education
10,208,0,1,10,BMI;sysBP;age;totChol;diaBP;glucose;heartRate;cigsPerDay;prevalentHyp;education
10,209,1,1,10,BMI;sysBP;age;totChol;diaBP;glucose;heartRate;cigsPerDay;prevalentHyp;education
10,210,0,0,10,BMI;sysBP;age;totChol;diaBP;glucose;heartRate;cigsPerDay;prevalentHyp;education
10,211,1,0,10,BMI;sysBP;age;totChol;diaBP;glucose;heartRate;cigsPerDay;prevalentHyp;education
10,212,1,1,10,BMI;sysBP;age;totChol;diaBP;glucose;heartRate;cigsPerDay;prevalentHyp;education
10,213,0,1,10,BMI;sysBP;age;totChol;diaBP;glucose;heartRate;cigsPerDay;prevalentHyp;education
10,214,0,1,10,BMI;sysBP;age;totChol;diaBP;glucose;heartRate;cigsPerDay;prevalentHyp;education
10,215,1,1,10,BMI;sysBP;age;totChol;diaBP;glucose;heartRate;cigsPerDay;prevalentHyp;education
10,216,0,1,10,BMI;sysBP;age;totChol;diaBP;glucose;heartRate;cigsPerDay;prevalentHyp;education
10,217,0,0,10,BMI;sysBP;age;totChol;diaBP;glucose;heartRate;cigsPerDay;prevalentHyp;education
10,218,0,1,10,BMI;sysBP;age;totChol;diaBP;glucose;heartRate;cigsPerDay;prevalentHyp;education
10,219,0,1,10,BMI;sysBP;age;totChol;diaBP;glucose;heartRate;cigsPerDay;prevalentHyp;education
10,220,0,1,10,BMI;sysBP;age;totChol;diaBP;glucose;heartRate;cigsPerDay;prevalentHyp;education
10,221,1,1,10,BMI;sysBP;age;totChol;diaBP;glucose;heartRate;cigsPerDay;prevalentHyp;education
10,222,0,1,10,BMI;sysBP;age;totChol;diaBP;glucose;heartRate;cigsPerDay;prevalentHyp;education
10,223,1,1,10,BMI;sysBP;age;totChol;diaBP;glucose;heartRate;cigsPerDay;prevalentHyp;education
10,224,1,0,10,BMI;sysBP;age;totChol;diaBP;glucose;heartRate;cigsPerDay;prevalentHyp;education
10,225,1,1,10,BMI;sysBP;age;totChol;diaBP;glucose;heartRate;cigsPerDay;prevalentHyp;education
10,226,1,1,10,BMI;sysBP;age;totChol;diaBP;glucose;heartRate;cigsPerDay;prevalentHyp;education
10,227,0,1,10,BMI;sysBP;age;totChol;diaBP;glucose;heartRate;cigsPerDay;prevalentHyp;education
10,228,1,1,10,BMI;sysBP;age;totChol;diaBP;glucose;heartRate;cigsPerDay;prevalentHyp;education
10,229,0,0,10,BMI;sysBP;age;totChol;diaBP;glucose;heartRate;cigsPerDay;prevalentHyp;education
10,230,1,1,10,BMI;sysBP;age;totChol;diaBP;glucose;heartRate;cigsPerDay;prevalentHyp;education
10,231,0,0,10,BMI;sysBP;age;totChol;diaBP;glucose;heartRate;cigsPerDay;prevalentHyp;education
10,232,0,0,10,BMI;sysBP;age;totChol;diaBP;glucose;heartRate;cigsPerDay;prevalentHyp;education
10,233,1,1,10,BMI;sysBP;age;totChol;diaBP;glucose;heartRate;cigsPerDay;prevalentHyp;education
10,234,1,1,10,BMI;sysBP;age;totChol;diaBP;glucose;heartRate;cigsPerDay;prevalentHyp;education
10,235,0,1,10,BMI;sysBP;age;totChol;diaBP;glucose;heartRate;cigsPerDay;prevalentHyp;education
10,236,0,0,10,BMI;sysBP;age;totChol;diaBP;glucose;heartRate;cigsPerDay;prevalentHyp;education
10,237,0,1,10,BMI;sysBP;age;totChol;diaBP;glucose;heartRate;cigsPerDay;prevalentHyp;education
10,238,0,0,10,BMI;sysBP;age;totChol;diaBP;glucose;heartRate;cigsPerDay;prevalentHyp;education
10,239,0,1,10,BMI;sysBP;age;totChol;diaBP;glucose;heartRate;cigsPerDay;prevalentHyp;education
10,240,0,1,10,BMI;sysBP;age;totChol;diaBP;glucose;heartRate;cigsPerDay;prevalentHyp;education
10,241,1,1,10,BMI;sysBP;age;totChol;diaBP;glucose;heartRate;cigsPerDay;prevalentHyp;education
10,242,1,0,10,BMI;sysBP;age;totChol;diaBP;glucose;heartRate;cigsPerDay;prevalentHyp;education
10,243,0,1,10,BMI;sysBP;age;totChol;diaBP;glucose;heartRate;cigsPerDay;prevalentHyp;education
10,244,1,1,10,BMI;sysBP;age;totChol;diaBP;glucose;heartRate;cigsPerDay;prevalentHyp;education
10,245,1,1,10,BMI;sysBP;age;totChol;diaBP;glucose;heartRate;cigsPerDay;prevalentHyp;education
10,246,0,1,10,BMI;sysBP;age;totChol;diaBP;glucose;heartRate;cigsPerDay;prevalentHyp;education
10,247,1,1,10,BMI;sysBP;age;totChol;diaBP;glucose;heartRate;cigsPerDay;prevalentHyp;education
10,248,0,1,10,BMI;sysBP;age;totChol;diaBP;glucose;heartRate;cigsPerDay;prevalentHyp;education
10,249,0,1,10,BMI;sysBP;age;totChol;diaBP;glucose;heartRate;cigsPerDay;prevalentHyp;education
10,250,1,1,10,BMI;sysBP;age;totChol;diaBP;glucose;heartRate;cigsPerDay;prevalentHyp;education
10,251,0,1,10,BMI;sysBP;age;totChol;diaBP;glucose;heartRate;cigsPerDay;prevalentHyp;education
10,252,1,1,10,BMI;sysBP;age;totChol;diaBP;glucose;heartRate;cigsPerDay;prevalentHyp;education
10,253,0,0,10,BMI;sysBP;age;totChol;diaBP;glucose;heartRate;cigsPerDay;prevalentHyp;education
10,254,1,1,10,BMI;sysBP;age;totChol;diaBP;glucose;heartRate;cigsPerDay;prevalentHyp;education
10,255,0,1,10,BMI;sysBP;age;totChol;diaBP;glucose;heartRate;cigsPerDay;prevalentHyp;education
10,256,1,1,10,BMI;sysBP;age;totChol;diaBP;glucose;heartRate;cigsPerDay;prevalentHyp;education
10,257,1,1,10,BMI;sysBP;age;totChol;diaBP;glucose;heartRate;cigsPerDay;prevalentHyp;education
10,258,0,1,10,BMI;sysBP;age;totChol;diaBP;glucose;heartRate;cigsPerDay;prevalentHyp;education
10,259,1,1,10,BMI;sysBP;age;totChol;diaBP;glucose;heartRate;cigsPerDay;prevalentHyp;education
10,260,1,1,10,BMI;sysBP;age;totChol;diaBP;glucose;heartRate;cigsPerDay;prevalentHyp;education
10,261,1,1,10,BMI;sysBP;age;totChol;diaBP;glucose;heartRate;cigsPerDay;prevalentHyp;education
10,262,1,1,10,BMI;sysBP;age;totChol;diaBP;glucose;heartRate;cigsPerDay;prevalentHyp;education
10,263,1,1,10,BMI;sysBP;age;totChol;diaBP;glucose;heartRate;cigsPerDay;prevalentHyp;education
10,264,1,1,10,BMI;sysBP;age;totChol;diaBP;glucose;heartRate;cigsPerDay;prevalentHyp;education
10,265,1,0,10,BMI;sysBP;age;totChol;diaBP;glucose;heartRate;cigsPerDay;prevalentHyp;education
10,266,0,1,10,BMI;sysBP;age;totChol;diaBP;glucose;heartRate;cigsPerDay;prevalentHyp;education
10,267,0,1,10,BMI;sysBP;age;totChol;diaBP;glucose;heartRate;cigsPerDay;prevalentHyp;education
10,268,0,1,10,BMI;sysBP;age;totChol;diaBP;glucose;heartRate;cigsPerDay;prevalentHyp;education
10,269,1,1,10,BMI;sysBP;age;totChol;diaBP;glucose;heartRate;cigsPerDay;prevalentHyp;education
10,270,1,1,10,BMI;sysBP;age;totChol;diaBP;glucose;heartRate;cigsPerDay;prevalentHyp;education
10,271,0,1,10,BMI;sysBP;age;totChol;diaBP;glucose;heartRate;cigsPerDay;prevalentHyp;education
10,272,0,1,10,BMI;sysBP;age;totChol;diaBP;glucose;heartRate;cigsPerDay;prevalentHyp;education
10,273,0,1,10,BMI;sysBP;age;totChol;diaBP;glucose;heartRate;cigsPerDay;prevalentHyp;education
10,274,1,1,10,BMI;sysBP;age;totChol;diaBP;glucose;heartRate;cigsPerDay;prevalentHyp;education
10,275,1,1,10,BMI;sysBP;age;totChol;diaBP;glucose;heartRate;cigsPerDay;prevalentHyp;education
10,276,0,1,10,BMI;sysBP;age;totChol;diaBP;glucose;heartRate;cigsPerDay;prevalentHyp;education
10,277,0,1,10,BMI;sysBP;age;totChol;diaBP;glucose;heartRate;cigsPerDay;prevalentHyp;education
10,278,0,0,10,BMI;sysBP;age;totChol;diaBP;glucose;heartRate;cigsPerDay;prevalentHyp;education
10,279,0,1,10,BMI;sysBP;age;totChol;diaBP;glucose;heartRate;cigsPerDay;prevalentHyp;education
10,280,1,1,10,BMI;sysBP;age;totChol;diaBP;glucose;heartRate;cigsPerDay;prevalentHyp;education
10,281,0,1,10,BMI;sysBP;age;totChol;diaBP;glucose;heartRate;cigsPerDay;prevalentHyp;education
10,282,0,1,10,BMI;sysBP;age;totChol;diaBP;glucose;heartRate;cigsPerDay;prevalentHyp;education
10,283,1,1,10,BMI;sysBP;age;totChol;diaBP;glucose;heartRate;cigsPerDay;prevalentHyp;education
10,284,0,0,10,BMI;sysBP;age;totChol;diaBP;glucose;heartRate;cigsPerDay;prevalentHyp;education
10,285,0,0,10,BMI;sysBP;age;totChol;diaBP;glucose;heartRate;cigsPerDay;prevalentHyp;education
10,286,0,1,10,BMI;sysBP;age;totChol;diaBP;glucose;heartRate;cigsPerDay;prevalentHyp;education
10,287,1,1,10,BMI;sysBP;age;totChol;diaBP;glucose;heartRate;cigsPerDay;prevalentHyp;education
10,288,1,1,10,BMI;sysBP;age;totChol;diaBP;glucose;heartRate;cigsPerDay;prevalentHyp;education
10,289,0,1,10,BMI;sysBP;age;totChol;diaBP;glucose;heartRate;cigsPerDay;prevalentHyp;education
10,290,1,1,10,BMI;sysBP;age;totChol;diaBP;glucose;heartRate;cigsPerDay;prevalentHyp;education
10,291,1,1,10,BMI;sysBP;age;totChol;diaBP;glucose;heartRate;cigsPerDay;prevalentHyp;education
10,292,1,1,10,BMI;sysBP;age;totChol;diaBP;glucose;heartRate;cigsPerDay;prevalentHyp;education
10,293,0,1,10,BMI;sysBP;age;totChol;diaBP;glucose;heartRate;cigsPerDay;prevalentHyp;education
10,294,0,0,10,BMI;sysBP;age;totChol;diaBP;glucose;heartRate;cigsPerDay;prevalentHyp;education
10,295,0,1,10,BMI;sysBP;age;totChol;diaBP;glucose;heartRate;cigsPerDay;prevalentHyp;education
10,296,1,1,10,BMI;sysBP;age;totChol;diaBP;glucose;heartRate;cigsPerDay;prevalentHyp;education
10,297,0,1,10,BMI;sysBP;age;totChol;diaBP;glucose;heartRate;cigsPerDay;prevalentHyp;education
10,298,0,0,10,BMI;sysBP;age;totChol;diaBP;glucose;heartRate;cigsPerDay;prevalentHyp;education
10,299,0,1,10,BMI;sysBP;age;totChol;diaBP;glucose;heartRate;cigsPerDay;prevalentHyp;education
10,300,0,1,10,BMI;sysBP;age;totChol;diaBP;glucose;heartRate;cigsPerDay;prevalentHyp;education
10,301,1,1,10,BMI;sysBP;age;totChol;diaBP;glucose;heartRate;cigsPerDay;prevalentHyp;education
10,302,0,0,10,BMI;sysBP;age;totChol;diaBP;glucose;heartRate;cigsPerDay;prevalentHyp;education
10,303,1,1,10,BMI;sysBP;age;totChol;diaBP;glucose;heartRate;cigsPerDay;prevalentHyp;education
10,304,1,1,10,BMI;sysBP;age;totChol;diaBP;glucose;heartRate;cigsPerDay;prevalentHyp;education
10,305,1,1,10,BMI;sysBP;age;totChol;diaBP;glucose;heartRate;cigsPerDay;prevalentHyp;education
10,306,1,1,10,BMI;sysBP;age;totChol;diaBP;glucose;heartRate;cigsPerDay;prevalentHyp;education
10,307,1,1,10,BMI;sysBP;age;totChol;diaBP;glucose;heartRate;cigsPerDay;prevalentHyp;education
10,308,1,1,10,BMI;sysBP;age;totChol;diaBP;glucose;heartRate;cigsPerDay;prevalentHyp;education
10,309,0,1,10,BMI;sysBP;age;totChol;diaBP;glucose;heartRate;cigsPerDay;prevalentHyp;education
10,310,1,1,10,BMI;sysBP;age;totChol;diaBP;glucose;heartRate;cigsPerDay;prevalentHyp;education
10,311,1,1,10,BMI;sysBP;age;totChol;diaBP;glucose;heartRate;cigsPerDay;prevalentHyp;education
10,312,1,0,10,BMI;sysBP;age;totChol;diaBP;glucose;heartRate;cigsPerDay;prevalentHyp;education
10,313,0,1,10,BMI;sysBP;age;totChol;diaBP;glucose;heartRate;cigsPerDay;prevalentHyp;education
10,314,0,1,10,BMI;sysBP;age;totChol;diaBP;glucose;heartRate;cigsPerDay;prevalentHyp;education
10,315,0,1,10,BMI;sysBP;age;totChol;diaBP;glucose;heartRate;cigsPerDay;prevalentHyp;education
10,316,0,1,10,BMI;sysBP;age;totChol;diaBP;glucose;heartRate;cigsPerDay;prevalentHyp;education
10,317,0,1,10,BMI;sysBP;age;totChol;diaBP;glucose;heartRate;cigsPerDay;prevalentHyp;education
10,318,0,1,10,BMI;sysBP;age;totChol;diaBP;glucose;heartRate;cigsPerDay;prevalentHyp;education
10,319,0,1,10,BMI;sysBP;age;totChol;diaBP;glucose;heartRate;cigsPerDay;prevalentHyp;education
10,320,0,1,10,BMI;sysBP;age;totChol;diaBP;glucose;heartRate;cigsPerDay;prevalentHyp;education
10,321,0,1,10,BMI;sysBP;age;totChol;diaBP;glucose;heartRate;cigsPerDay;prevalentHyp;education
10,322,0,1,10,BMI;sysBP;age;totChol;diaBP;glucose;heartRate;cigsPerDay;prevalentHyp;education
10,323,0,1,10,BMI;sysBP;age;totChol;diaBP;glucose;heartRate;cigsPerDay;prevalentHyp;education
10,324,0,0,10,BMI;sysBP;age;totChol;diaBP;glucose;heartRate;cigsPerDay;prevalentHyp;education
10,325,0,1,10,BMI;sysBP;age;totChol;diaBP;glucose;heartRate;cigsPerDay;prevalentHyp;education
10,326,0,1,10,BMI;sysBP;age;totChol;diaBP;glucose;heartRate;cigsPerDay;prevalentHyp;education
10,327,0,1,10,BMI;sysBP;age;totChol;diaBP;glucose;heartRate;cigsPerDay;prevalentHyp;education
10,328,0,0,10,BMI;sysBP;age;totChol;diaBP;glucose;heartRate;cigsPerDay;prevalentHyp;education
10,329,1,1,10,BMI;sysBP;age;totChol;diaBP;glucose;heartRate;cigsPerDay;prevalentHyp;education
10,330,1,1,10,BMI;sysBP;age;totChol;diaBP;glucose;heartRate;cigsPerDay;prevalentHyp;education
10,331,0,1,10,BMI;sysBP;age;totChol;diaBP;glucose;heartRate;cigsPerDay;prevalentHyp;education
10,332,1,1,10,BMI;sysBP;age;totChol;diaBP;glucose;heartRate;cigsPerDay;prevalentHyp;education
10,333,0,0,10,BMI;sysBP;age;totChol;diaBP;glucose;heartRate;cigsPerDay;prevalentHyp;education
10,334,0,1,10,BMI;sysBP;age;totChol;diaBP;glucose;heartRate;cigsPerDay;prevalentHyp;education
10,335,1,0,10,BMI;sysBP;age;totChol;diaBP;glucose;heartRate;cigsPerDay;prevalentHyp;education
10,336,1,1,10,BMI;sysBP;age;totChol;diaBP;glucose;heartRate;cigsPerDay;prevalentHyp;education
10,337,1,1,10,BMI;sysBP;age;totChol;diaBP;glucose;heartRate;cigsPerDay;prevalentHyp;education
10,338,1,1,10,BMI;sysBP;age;totChol;diaBP;glucose;heartRate;cigsPerDay;prevalentHyp;education
10,339,1,1,10,BMI;sysBP;age;totChol;diaBP;glucose;heartRate;cigsPerDay;prevalentHyp;education
10,340,0,1,10,BMI;sysBP;age;totChol;diaBP;glucose;heartRate;cigsPerDay;prevalentHyp;education
10,341,1,1,10,BMI;sysBP;age;totChol;diaBP;glucose;heartRate;cigsPerDay;prevalentHyp;education
10,342,0,1,10,BMI;sysBP;age;totChol;diaBP;glucose;heartRate;cigsPerDay;prevalentHyp;education
10,343,1,1,10,BMI;sysBP;age;totChol;diaBP;glucose;heartRate;cigsPerDay;prevalentHyp;education
10,344,0,1,10,BMI;sysBP;age;totChol;diaBP;glucose;heartRate;cigsPerDay;prevalentHyp;education
10,345,1,0,10,BMI;sysBP;age;totChol;diaBP;glucose;heartRate;cigsPerDay;prevalentHyp;education
10,346,0,0,10,BMI;sysBP;age;totChol;diaBP;glucose;heartRate;cigsPerDay;prevalentHyp;education
10,347,0,0,10,BMI;sysBP;age;totChol;diaBP;glucose;heartRate;cigsPerDay;prevalentHyp;education
10,348,0,1,10,BMI;sysBP;age;totChol;diaBP;glucose;heartRate;cigsPerDay;prevalentHyp;education
10,349,1,1,10,BMI;sysBP;age;totChol;diaBP;glucose;heartRate;cigsPerDay;prevalentHyp;education
10,350,0,0,10,BMI;sysBP;age;totChol;diaBP;glucose;heartRate;cigsPerDay;prevalentHyp;education
10,351,1,1,10,BMI;sysBP;age;totChol;diaBP;glucose;heartRate;cigsPerDay;prevalentHyp;education
10,352,0,1,10,BMI;sysBP;age;totChol;diaBP;glucose;heartRate;cigsPerDay;prevalentHyp;education
10,353,1,1,10,BMI;sysBP;age;totChol;diaBP;glucose;heartRate;cigsPerDay;prevalentHyp;education
10,354,0,1,10,BMI;sysBP;age;totChol;diaBP;glucose;heartRate;cigsPerDay;prevalentHyp;education
10,355,0,1,10,BMI;sysBP;age;totChol;diaBP;glucose;heartRate;cigsPerDay;prevalentHyp;education
10,356,1,1,10,BMI;sysBP;age;totChol;diaBP;glucose;heartRate;cigsPerDay;prevalentHyp;education
10,357,0,0,10,BMI;sysBP;age;totChol;diaBP;glucose;heartRate;cigsPerDay;prevalentHyp;education
10,358,0,1,10,BMI;sysBP;age;totChol;diaBP;glucose;heartRate;cigsPerDay;prevalentHyp;education
10,359,0,1,10,BMI;sysBP;age;totChol;diaBP;glucose;heartRate;cigsPerDay;prevalentHyp;education
10,360,0,1,10,BMI;sysBP;age;totChol;diaBP;glucose;heartRate;cigsPerDay;prevalentHyp;education
10,361,1,1,10,BMI;sysBP;age;totChol;diaBP;glucose;heartRate;cigsPerDay;prevalentHyp;education
10,362,1,1,10,BMI;sysBP;age;totChol;diaBP;glucose;heartRate;cigsPerDay;prevalentHyp;education
10,363,1,1,10,BMI;sysBP;age;totChol;diaBP;glucose;heartRate;cigsPerDay;prevalentHyp;education
10,364,1,1,10,BMI;sysBP;age;totChol;diaBP;glucose;heartRate;cigsPerDay;prevalentHyp;education
10,365,0,1,10,BMI;sysBP;age;totChol;diaBP;glucose;heartRate;cigsPerDay;prevalentHyp;education
10,366,1,1,10,BMI;sysBP;age;totChol;diaBP;glucose;heartRate;cigsPerDay;prevalentHyp;education
10,367,1,1,10,BMI;sysBP;age;totChol;diaBP;glucose;heartRate;cigsPerDay;prevalentHyp;education
10,368,1,1,10,BMI;sysBP;age;totChol;diaBP;glucose;heartRate;cigsPerDay;prevalentHyp;education
10,369,1,1,10,BMI;sysBP;age;totChol;diaBP;glucose;heartRate;cigsPerDay;prevalentHyp;education
10,370,0,1,10,BMI;sysBP;age;totChol;diaBP;glucose;heartRate;cigsPerDay;prevalentHyp;education
10,371,0,1,10,BMI;sysBP;age;totChol;diaBP;glucose;heartRate;cigsPerDay;prevalentHyp;education
10,372,0,0,10,BMI;sysBP;age;totChol;diaBP;glucose;heartRate;cigsPerDay;prevalentHyp;education
10,373,1,1,10,BMI;sysBP;age;totChol;diaBP;glucose;heartRate;cigsPerDay;prevalentHyp;education
10,374,0,1,10,BMI;sysBP;age;totChol;diaBP;glucose;heartRate;cigsPerDay;prevalentHyp;education
10,375,1,1,10,BMI;sysBP;age;totChol;diaBP;glucose;heartRate;cigsPerDay;prevalentHyp;education
10,376,0,0,10,BMI;sysBP;age;totChol;diaBP;glucose;heartRate;cigsPerDay;prevalentHyp;education
10,377,1,1,10,BMI;sysBP;age;totChol;diaBP;glucose;heartRate;cigsPerDay;prevalentHyp;education
10,378,0,1,10,BMI;sysBP;age;totChol;diaBP;glucose;heartRate;cigsPerDay;prevalentHyp;education
10,379,0,0,10,BMI;sysBP;age;totChol;diaBP;glucose;heartRate;cigsPerDay;prevalentHyp;education
10,380,0,1,10,BMI;sysBP;age;totChol;diaBP;glucose;heartRate;cigsPerDay;prevalentHyp;education
10,381,0,1,10,BMI;sysBP;age;totChol;diaBP;glucose;heartRate;cigsPerDay;prevalentHyp;education
10,382,1,1,10,BMI;sysBP;age;totChol;diaBP;glucose;heartRate;cigsPerDay;prevalentHyp;education
10,383,1,1,10,BMI;sysBP;age;totChol;diaBP;glucose;heartRate;cigsPerDay;prevalentHyp;education
10,384,1,1,10,BMI;sysBP;age;totChol;diaBP;glucose;heartRate;cigsPerDay;prevalentHyp;education
10,385,0,1,10,BMI;sysBP;age;totChol;diaBP;glucose;heartRate;cigsPerDay;prevalentHyp;education
10,386,1,1,10,BMI;sysBP;age;totChol;diaBP;glucose;heartRate;cigsPerDay;prevalentHyp;education
10,387,0,1,10,BMI;sysBP;age;totChol;diaBP;glucose;heartRate;cigsPerDay;prevalentHyp;education
10,388,1,1,10,BMI;sysBP;age;totChol;diaBP;glucose;heartRate;cigsPerDay;prevalentHyp;education
10,389,0,1,10,BMI;sysBP;age;totChol;diaBP;glucose;heartRate;cigsPerDay;prevalentHyp;education
10,390,0,1,10,BMI;sysBP;age;totChol;diaBP;glucose;heartRate;cigsPerDay;prevalentHyp;education
10,391,1,1,10,BMI;sysBP;age;totChol;diaBP;glucose;heartRate;cigsPerDay;prevalentHyp;education
10,392,0,1,10,BMI;sysBP;age;totChol;diaBP;glucose;heartRate;cigsPerDay;prevalentHyp;education
10,393,1,1,10,BMI;sysBP;age;totChol;diaBP;glucose;heartRate;cigsPerDay;prevalentHyp;education
10,394,1,1,10,BMI;sysBP;age;totChol;diaBP;glucose;heartRate;cigsPerDay;prevalentHyp;education
10,395,1,1,10,BMI;sysBP;age;totChol;diaBP;glucose;heartRate;cigsPerDay;prevalentHyp;education
10,396,1,1,10,BMI;sysBP;age;totChol;diaBP;glucose;heartRate;cigsPerDay;prevalentHyp;education
10,397,0,1,10,BMI;sysBP;age;totChol;diaBP;glucose;heartRate;cigsPerDay;prevalentHyp;education
10,398,0,0,10,BMI;sysBP;age;totChol;diaBP;glucose;heartRate;cigsPerDay;prevalentHyp;education
10,399,1,1,10,BMI;sysBP;age;totChol;diaBP;glucose;heartRate;cigsPerDay;prevalentHyp;education
11,0,0,1,10,BMI;sysBP;age;totChol;diaBP;glucose;heartRate;cigsPerDay;prevalentHyp;education
11,1,0,0,10,BMI;sysBP;age;totChol;diaBP;glucose;heartRate;cigsPerDay;prevalentHyp;education
11,2,1,1,10,BMI;sysBP;age;totChol;diaBP;glucose;heartRate;cigsPerDay;prevalentHyp;education
11,3,0,1,10,BMI;sysBP;age;totChol;diaBP;glucose;heartRate;cigsPerDay;prevalentHyp;education
11,4,1,1,10,BMI;sysBP;age;totChol;diaBP;glucose;heartRate;cigsPerDay;prevalentHyp;education
11,5,1,1,10,BMI;sysBP;age;totChol;diaBP;glucose;heartRate;cigsPerDay;prevalentHyp;education
11,6,0,0,10,BMI;sysBP;age;totChol;diaBP;glucose;heartRate;cigsPerDay;prevalentHyp;education
11,7,1,1,10,BMI;sysBP;age;totChol;diaBP;glucose;heartRate;cigsPerDay;prevalentHyp;education
11,8,0,1,10,BMI;sysBP;age;totChol;diaBP;glucose;heartRate;cigsPerDay;prevalentHyp;education
11,9,1,1,10,BMI;sysBP;age;totChol;diaBP;glucose;heartRate;cigsPerDay;prevalentHyp;education
11,10,1,1,10,BMI;sysBP;age;totChol;diaBP;glucose;heartRate;cigsPerDay;prevalentHyp;education
11,11,0,1,10,BMI;sysBP;age;totChol;diaBP;glucose;heartRate;cigsPerDay;prevalentHyp;education
11,12,1,1,10,BMI;sysBP;age;totChol;diaBP;glucose;heartRate;cigsPerDay;prevalentHyp;education
11,13,1,1,10,BMI;sysBP;age;totChol;diaBP;glucose;heartRate;cigsPerDay;prevalentHyp;education
11,14,1,1,10,BMI;sysBP;age;totChol;diaBP;glucose;heartRate;cigsPerDay;prevalentHyp;education
11,15,1,1,10,BMI;sysBP;age;totChol;diaBP;glucose;heartRate;cigsPerDay;prevalentHyp;education
11,16,0,1,10,BMI;sysBP;age;totChol;diaBP;glucose;heartRate;cigsPerDay;prevalentHyp;education
11,17,0,1,10,BMI;sysBP;age;totChol;diaBP;glucose;heartRate;cigsPerDay;prevalentHyp;education
11,18,0,1,10,BMI;sysBP;age;totChol;diaBP;glucose;heartRate;cigsPerDay;prevalentHyp;education
11,19,0,0,10,BMI;sysBP;age;totChol;diaBP;glucose;heartRate;cigsPerDay;prevalentHyp;education
11,20,1,1,10,BMI;sysBP;age;totChol;diaBP;glucose;heartRate;cigsPerDay;prevalentHyp;education
11,21,1,1,10,BMI;sysBP;age;totChol;diaBP;glucose;heartRate;cigsPerDay;prevalentHyp;education
11,22,0,0,10,BMI;sysBP;age;totChol;diaBP;glucose;heartRate;cigsPerDay;prevalentHyp;education
11,23,0,1,10,BMI;sysBP;age;totChol;diaBP;glucose;heartRate;cigsPerDay;prevalentHyp;education
11,24,1,0,10,BMI;sysBP;age;totChol;diaBP;glucose;heartRate;cigsPerDay;prevalentHyp;education
11,25,0,0,10,BMI;sysBP;age;totChol;diaBP;glucose;heartRate;cigsPerDay;prevalentHyp;education
11,26,1,0,10,BMI;sysBP;age;totChol;diaBP;glucose;heartRate;cigsPerDay;prevalentHyp;education
11,27,0,1,10,BMI;sysBP;age;totChol;diaBP;glucose;heartRate;cigsPerDay;prevalentHyp;education
11,28,0,1,10,BMI;sysBP;age;totChol;diaBP;glucose;heartRate;cigsPerDay;prevalentHyp;education
11,29,1,1,10,BMI;sysBP;age;totChol;diaBP;glucose;heartRate;cigsPerDay;prevalentHyp;education
11,30,0,0,10,BMI;sysBP;age;totChol;diaBP;glucose;heartRate;cigsPerDay;prevalentHyp;education
11,31,1,1,10,BMI;sysBP;age;totChol;diaBP;glucose;heartRate;cigsPerDay;prevalentHyp;education
11,32,0,1,10,BMI;sysBP;age;totChol;diaBP;glucose;heartRate;cigsPerDay;prevalentHyp;education
11,33,1,1,10,BMI;sysBP;age;totChol;diaBP;glucose;heartRate;cigsPerDay;prevalentHyp;education
11,34,0,1,10,BMI;sysBP;age;totChol;diaBP;glucose;heartRate;cigsPerDay;prevalentHyp;education
11,35,1,1,10,BMI;sysBP;age;totChol;diaBP;glucose;heartRate;cigsPerDay;prevalentHyp;education
11,36,1,1,10,BMI;sysBP;age;totChol;diaBP;glucose;heartRate;cigsPerDay;prevalentHyp;education
11,37,0,0,10,BMI;sysBP;age;totChol;diaBP;glucose;heartRate;cigsPerDay;prevalentHyp;education
11,38,1,1,10,BMI;sysBP;age;totChol;diaBP;glucose;heartRate;cigsPerDay;prevalentHyp;education
11,39,1,1,10,BMI;sysBP;age;totChol;diaBP;glucose;heartRate;cigsPerDay;prevalentHyp;education
11,40,0,1,10,BMI;sysBP;age;totChol;diaBP;glucose;heartRate;cigsPerDay;prevalentHyp;education
11,41,1,1,10,BMI;sysBP;age;totChol;diaBP;glucose;heartRate;cigsPerDay;prevalentHyp;education
11,42,1,1,10,BMI;sysBP;age;totChol;diaBP;glucose;heartRate;cigsPerDay;prevalentHyp;education
11,43,1,1,10,BMI;sysBP;age;totChol;diaBP;glucose;heartRate;cigsPerDay;prevalentHyp;education
11,44,1,1,10,BMI;sysBP;age;totChol;diaBP;glucose;heartRate;cigsPerDay;prevalentHyp;education
11,45,0,1,10,BMI;sysBP;age;totChol;diaBP;glucose;heartRate;cigsPerDay;prevalentHyp;education
11,46,1,1,10,BMI;sysBP;age;totChol;diaBP;glucose;heartRate;cigsPerDay;prevalentHyp;education
11,47,1,1,10,BMI;sysBP;age;totChol;diaBP;glucose;heartRate;cigsPerDay;prevalentHyp;education
11,48,1,1,10,BMI;sysBP;age;totChol;diaBP;glucose;heartRate;cigsPerDay;prevalentHyp;education
11,49,1,0,10,BMI;sysBP;age;totChol;diaBP;glucose;heartRate;cigsPerDay;prevalentHyp;education
11,50,1,1,10,BMI;sysBP;age;totChol;diaBP;glucose;heartRate;cigsPerDay;prevalentHyp;education
11,51,0,1,10,BMI;sysBP;age;totChol;diaBP;glucose;heartRate;cigsPerDay;prevalentHyp;education
11,52,0,1,10,BMI;sysBP;age;totChol;diaBP;glucose;heartRate;cigsPerDay;prevalentHyp;education
11,53,1,1,10,BMI;sysBP;age;totChol;diaBP;glucose;heartRate;cigsPerDay;prevalentHyp;education
11,54,0,0,10,BMI;sysBP;age;totChol;diaBP;glucose;heartRate;cigsPerDay;prevalentHyp;education
11,55,1,1,10,BMI;sysBP;age;totChol;diaBP;glucose;heartRate;cigsPerDay;prevalentHyp;education
11,56,0,0,10,BMI;sysBP;age;totChol;diaBP;glucose;heartRate;cigsPerDay;prevalentHyp;education
11,57,1,1,10,BMI;sysBP;age;totChol;diaBP;glucose;heartRate;cigsPerDay;prevalentHyp;education
11,58,1,1,10,BMI;sysBP;age;totChol;diaBP;glucose;heartRate;cigsPerDay;prevalentHyp;education
11,59,1,1,10,BMI;sysBP;age;totChol;diaBP;glucose;heartRate;cigsPerDay;prevalentHyp;education
11,60,1,1,10,BMI;sysBP;age;totChol;diaBP;glucose;heartRate;cigsPerDay;prevalentHyp;education
11,61,0,1,10,BMI;sysBP;age;totChol;diaBP;glucose;heartRate;cigsPerDay;prevalentHyp;education
11,62,0,1,10,BMI;sysBP;age;totChol;diaBP;glucose;heartRate;cigsPerDay;prevalentHyp;education
11,63,1,1,10,BMI;sysBP;age;totChol;diaBP;glucose;heartRate;cigsPerDay;prevalentHyp;education
11,64,1,1,10,BMI;sysBP;age;totChol;diaBP;glucose;heartRate;cigsPerDay;prevalentHyp;education
11,65,1,1,10,BMI;sysBP;age;totChol;diaBP;glucose;heartRate;cigsPerDay;prevalentHyp;education
11,66,0,1,10,BMI;sysBP;age;totChol;diaBP;glucose;heartRate;cigsPerDay;prevalentHyp;education
11,67,0,0,10,BMI;sysBP;age;totChol;diaBP;glucose;heartRate;cigsPerDay;prevalentHyp;education
11,68,0,1,10,BMI;sysBP;age;totChol;diaBP;glucose;heartRate;cigsPerDay;prevalentHyp;education
11,69,1,1,10,BMI;sysBP;age;totChol;diaBP;glucose;heartRate;cigsPerDay;prevalentHyp;education
11,70,0,0,10,BMI;sysBP;age;totChol;diaBP;glucose;heartRate;cigsPerDay;prevalentHyp;education
11,71,1,1,10,BMI;sysBP;age;totChol;diaBP;glucose;heartRate;cigsPerDay;prevalentHyp;education
11,72,1,1,10,BMI;sysBP;age;totChol;diaBP;glucose;heartRate;cigsPerDay;prevalentHyp;education
11,73,1,1,10,BMI;sysBP;age;totChol;diaBP;glucose;heartRate;cigsPerDay;prevalentHyp;education
11,74,0,1,10,BMI;sysBP;age;totChol;diaBP;glucose;heartRate;cigsPerDay;prevalentHyp;education
11,75,0,1,10,BMI;sysBP;age;totChol;diaBP;glucose;heartRate;cigsPerDay;prevalentHyp;education
11,76,0,1,10,BMI;sysBP;age;totChol;diaBP;glucose;heartRate;cigsPerDay;prevalentHyp;education
11,77,0,1,10,BMI;sysBP;age;totChol;diaBP;glucose;heartRate;cigsPerDay;prevalentHyp;education
11,78,1,1,10,BMI;sysBP;age;totChol;diaBP;glucose;heartRate;cigsPerDay;prevalentHyp;education
11,79,0,1,10,BMI;sysBP;age;totChol;diaBP;glucose;heartRate;cigsPerDay;prevalentHyp;education
11,80,1,0,10,BMI;sysBP;age;totChol;diaBP;glucose;heartRate;cigsPerDay;prevalentHyp;education
11,81,1,1,10,BMI;sysBP;age;totChol;diaBP;glucose;heartRate;cigsPerDay;prevalentHyp;education
11,82,0,1,10,BMI;sysBP;age;totChol;diaBP;glucose;heartRate;cigsPerDay;prevalentHyp;education
11,83,0,1,10,BMI;sysBP;age;totChol;diaBP;glucose;heartRate;cigsPerDay;prevalentHyp;education
11,84,0,1,10,BMI;sysBP;age;totChol;diaBP;glucose;heartRate;cigsPerDay;prevalentHyp;education
11,85,1,1,10,BMI;sysBP;age;totChol;diaBP;glucose;heartRate;cigsPerDay;prevalentHyp;education
11,86,0,1,10,BMI;sysBP;age;totChol;diaBP;glucose;heartRate;cigsPerDay;prevalentHyp;education
11,87,0,1,10,BMI;sysBP;age;totChol;diaBP;glucose;heartRate;cigsPerDay;prevalentHyp;education
11,88,1,1,10,BMI;sysBP;age;totChol;diaBP;glucose;heartRate;cigsPerDay;prevalentHyp;education
11,89,1,1,10,BMI;sysBP;age;totChol;diaBP;glucose;heartRate;cigsPerDay;prevalentHyp;education
11,90,0,0,10,BMI;sysBP;age;totChol;diaBP;glucose;heartRate;cigsPerDay;prevalentHyp;education
11,91,0,0,10,BMI;sysBP;age;totChol;diaBP;glucose;heartRate;cigsPerDay;prevalentHyp;education
11,92,1,1,10,BMI;sysBP;age;totChol;diaBP;glucose;heartRate;cigsPerDay;prevalentHyp;education
11,93,0,1,10,BMI;sysBP;age;totChol;diaBP;glucose;heartRate;cigsPerDay;prevalentHyp;education
11,94,1,1,10,BMI;sysBP;age;totChol;diaBP;glucose;heartRate;cigsPerDay;prevalentHyp;education
11,95,0,1,10,BMI;sysBP;age;totChol;diaBP;glucose;heartRate;cigsPerDay;prevalentHyp;education
11,96,0,1,10,BMI;sysBP;age;totChol;diaBP;glucose;heartRate;cigsPerDay;prevalentHyp;education
11,97,0,1,10,BMI;sysBP;age;totChol;diaBP;glucose;heartRate;cigsPerDay;prevalentHyp;education
11,98,0,0,10,BMI;sysBP;age;totChol;diaBP;glucose;heartRate;cigsPerDay;prevalentHyp;education
11,99,1,1,10,BMI;sysBP;age;totChol;diaBP;glucose;heartRate;cigsPerDay;prevalentHyp;education
11,100,0,0,10,BMI;sysBP;age;totChol;diaBP;glucose;heartRate;cigsPerDay;prevalentHyp;education
11,101,1,0,10,BMI;sysBP;age;totChol;diaBP;glucose;heartRate;cigsPerDay;prevalentHyp;education
11,102,1,1,10,BMI;sysBP;age;totChol;diaBP;glucose;heartRate;cigsPerDay;prevalentHyp;education
11,103,1,1,10,BMI;sysBP;age;totChol;diaBP;glucose;heartRate;cigsPerDay;prevalentHyp;education
11,104,1,1,10,BMI;sysBP;age;totChol;diaBP;glucose;heartRate;cigsPerDay;prevalentHyp;education
11,105,1,1,10,BMI;sysBP;age;totChol;diaBP;glucose;heartRate;cigsPerDay;prevalentHyp;education
11,106,1,1,10,BMI;sysBP;age;totChol;diaBP;glucose;heartRate;cigsPerDay;prevalentHyp;education
11,107,1,1,10,BMI;sysBP;age;totChol;diaBP;glucose;heartRate;cigsPerDay;prevalentHyp;education
11,108,0,0,10,BMI;sysBP;age;totChol;diaBP;glucose;heartRate;cigsPerDay;prevalentHyp;education
11,109,0,1,10,BMI;sysBP;age;totChol;diaBP;glucose;heartRate;cigsPerDay;prevalentHyp;education
11,110,1,1,10,BMI;sysBP;age;totChol;diaBP;glucose;heartRate;cigsPerDay;prevalentHyp;education
11,111,0,1,10,BMI;sysBP;age;totChol;diaBP;glucose;heartRate;cigsPerDay;prevalentHyp;education
11,112,0,0,10,BMI;sysBP;age;totChol;diaBP;glucose;heartRate;cigsPerDay;prevalentHyp;education
11,113,0,1,10,BMI;sysBP;age;totChol;diaBP;glucose;heartRate;cigsPerDay;prevalentHyp;education
11,114,0,1,10,BMI;sysBP;age;totChol;diaBP;glucose;heartRate;cigsPerDay;prevalentHyp;education
11,115,1,1,10,BMI;sysBP;age;totChol;diaBP;glucose;heartRate;cigsPerDay;prevalentHyp;education
11,116,1,1,10,BMI;sysBP;age;totChol;diaBP;glucose;heartRate;cigsPerDay;prevalentHyp;education
11,117,0,1,10,BMI;sysBP;age;totChol;diaBP;glucose;heartRate;cigsPerDay;prevalentHyp;education
11,118,0,1,10,BMI;sysBP;age;totChol;diaBP;glucose;heartRate;cigsPerDay;prevalentHyp;education
11,119,0,0,10,BMI;sysBP;age;totChol;diaBP;glucose;heartRate;cigsPerDay;prevalentHyp;education
11,120,1,1,10,BMI;sysBP;age;totChol;diaBP;glucose;heartRate;cigsPerDay;prevalentHyp;education
11,121,1,1,10,BMI;sysBP;age;totChol;diaBP;glucose;heartRate;cigsPerDay;prevalentHyp;education
11,122,1,1,10,BMI;sysBP;age;totChol;diaBP;glucose;heartRate;cigsPerDay;prevalentHyp;education
11,123,0,1,10,BMI;sysBP;age;totChol;diaBP;glucose;heartRate;cigsPerDay;prevalentHyp;education
11,124,1,1,10,BMI;sysBP;age;totChol;diaBP;glucose;heartRate;cigsPerDay;prevalentHyp;education
11,125,1,1,10,BMI;sysBP;age;totChol;diaBP;glucose;heartRate;cigsPerDay;prevalentHyp;education
11,126,0,1,10,BMI;sysBP;age;totChol;diaBP;glucose;heartRate;cigsPerDay;prevalentHyp;education
11,127,0,1,10,BMI;sysBP;age;totChol;diaBP;glucose;heartRate;cigsPerDay;prevalentHyp;education
11,128,1,1,10,BMI;sysBP;age;totChol;diaBP;glucose;heartRate;cigsPerDay;prevalentHyp;education
11,129,0,1,10,BMI;sysBP;age;totChol;diaBP;glucose;heartRate;cigsPerDay;prevalentHyp;education
11,130,0,1,10,BMI;sysBP;age;totChol;diaBP;glucose;heartRate;cigsPerDay;prevalentHyp;education
11,131,1,1,10,BMI;sysBP;age;totChol;diaBP;glucose;heartRate;cigsPerDay;prevalentHyp;education
11,132,0,0,10,BMI;sysBP;age;totChol;diaBP;glucose;heartRate;cigsPerDay;prevalentHyp;education
11,133,1,1,10,BMI;sysBP;age;totChol;diaBP;glucose;heartRate;cigsPerDay;prevalentHyp;education
11,134,1,0,10,BMI;sysBP;age;totChol;diaBP;glucose;heartRate;cigsPerDay;prevalentHyp;education
11,135,1,1,10,BMI;sysBP;age;totChol;diaBP;glucose;heartRate;cigsPerDay;prevalentHyp;education
11,136,0,1,10,BMI;sysBP;age;totChol;diaBP;glucose;heartRate;cigsPerDay;prevalentHyp;education
11,137,0,1,10,BMI;sysBP;age;totChol;diaBP;glucose;heartRate;cigsPerDay;prevalentHyp;education
11,138,0,0,10,BMI;sysBP;age;totChol;diaBP;glucose;heartRate;cigsPerDay;prevalentHyp;education
11,139,0,1,10,BMI;sysBP;age;totChol;diaBP;glucose;heartRate;cigsPerDay;prevalentHyp;education
11,140,1,1,10,BMI;sysBP;age;totChol;diaBP;glucose;heartRate;cigsPerDay;prevalentHyp;education
11,141,1,1,10,BMI;sysBP;age;totChol;diaBP;glucose;heartRate;cigsPerDay;prevalentHyp;education
11,142,0,1,10,BMI;sysBP;age;totChol;diaBP;glucose;heartRate;cigsPerDay;prevalentHyp;education
11,143,1,1,10,BMI;sysBP;age;totChol;diaBP;glucose;heartRate;cigsPerDay;prevalentHyp;education
11,144,1,1,10,BMI;sysBP;age;totChol;diaBP;glucose;heartRate;cigsPerDay;prevalentHyp;education
11,145,0,1,10,BMI;sysBP;age;totChol;diaBP;glucose;heartRate;cigsPerDay;prevalentHyp;education
11,146,1,1,10,BMI;sysBP;age;totChol;diaBP;glucose;heartRate;cigsPerDay;prevalentHyp;education
11,147,1,0,10,BMI;sysBP;age;totChol;diaBP;glucose;heartRate;cigsPerDay;prevalentHyp;education
11,148,1,1,10,BMI;sysBP;age;totChol;diaBP;glucose;heartRate;cigsPerDay;prevalentHyp;education
11,149,0,0,10,BMI;sysBP;age;totChol;diaBP;glucose;heartRate;cigsPerDay;prevalentHyp;education
11,150,1,1,10,BMI;sysBP;age;totChol;diaBP;glucose;heartRate;cigsPerDay;prevalentHyp;education
11,151,0,0,10,BMI;sysBP;age;totChol;diaBP;glucose;heartRate;cigsPerDay;prevalentHyp;education
11,152,0,1,10,BMI;sysBP;age;totChol;diaBP;glucose;heartRate;cigsPerDay;prevalentHyp;education
11,153,1,1,10,BMI;sysBP;age;totChol;diaBP;glucose;heartRate;cigsPerDay;prevalentHyp;education
11,154,1,1,10,BMI;sysBP;age;totChol;diaBP;glucose;heartRate;cigsPerDay;prevalentHyp;education
11,155,1,1,10,BMI;sysBP;age;totChol;diaBP;glucose;heartRate;cigsPerDay;prevalentHyp;education
11,156,1,1,10,BMI;sysBP;age;totChol;diaBP;glucose;heartRate;cigsPerDay;prevalentHyp;education
11,157,1,1,10,BMI;sysBP;age;totChol;diaBP;glucose;heartRate;cigsPerDay;prevalentHyp;education
11,158,0,1,10,BMI;sysBP;age;totChol;diaBP;glucose;heartRate;cigsPerDay;prevalentHyp;education
11,159,0,0,10,BMI;sysBP;age;totChol;diaBP;glucose;heartRate;cigsPerDay;prevalentHyp;education
11,160,0,1,10,BMI;sysBP;age;totChol;diaBP;glucose;heartRate;cigsPerDay;prevalentHyp;education
11,161,0,0,10,BMI;sysBP;age;totChol;diaBP;glucose;heartRate;cigsPerDay;prevalentHyp;education
11,162,0,1,10,BMI;sysBP;age;totChol;diaBP;glucose;heartRate;cigsPerDay;prevalentHyp;education
11,163,1,1,10,BMI;sysBP;age;totChol;diaBP;glucose;heartRate;cigsPerDay;prevalentHyp;education
11,164,0,1,10,BMI;sysBP;age;totChol;diaBP;glucose;heartRate;cigsPerDay;prevalentHyp;education
11,165,1,1,10,BMI;sysBP;age;totChol;diaBP;glucose;heartRate;cigsPerDay;prevalentHyp;education
11,166,0,1,10,BMI;sysBP;age;totChol;diaBP;glucose;heartRate;cigsPerDay;prevalentHyp;education
11,167,1,0,10,BMI;sysBP;age;totChol;diaBP;glucose;heartRate;cigsPerDay;prevalentHyp;education
11,168,1,1,10,BMI;sysBP;age;totChol;diaBP;glucose;heartRate;cigsPerDay;prevalentHyp;education
11,169,0,0,10,BMI;sysBP;age;totChol;diaBP;glucose;heartRate;cigsPerDay;prevalentHyp;education
11,170,1,1,10,BMI;sysBP;age;totChol;diaBP;glucose;heartRate;cigsPerDay;prevalentHyp;education
11,171,1,1,10,BMI;sysBP;age;totChol;diaBP;glucose;heartRate;cigsPerDay;prevalentHyp;education
11,172,1,0,10,BMI;sysBP;age;totChol;diaBP;glucose;heartRate;cigsPerDay;prevalentHyp;education
11,173,1,1,10,BMI;sysBP;age;totChol;diaBP;glucose;heartRate;cigsPerDay;prevalentHyp;education
11,174,1,1,10,BMI;sysBP;age;totChol;diaBP;glucose;heartRate;cigsPerDay;prevalentHyp;education
11,175,0,1,10,BMI;sysBP;age;totChol;diaBP;glucose;heartRate;cigsPerDay;prevalentHyp;education
11,176,1,1,10,BMI;sysBP;age;totChol;diaBP;glucose;heartRate;cigsPerDay;prevalentHyp;education
11,177,0,1,10,BMI;sysBP;age;totChol;diaBP;glucose;heartRate;cigsPerDay;prevalentHyp;education
11,178,1,0,10,BMI;sysBP;age;totChol;diaBP;glucose;heartRate;cigsPerDay;prevalentHyp;education
11,179,1,1,10,BMI;sysBP;age;totChol;diaBP;glucose;heartRate;cigsPerDay;prevalentHyp;education
11,180,1,1,10,BMI;sysBP;age;totChol;diaBP;glucose;heartRate;cigsPerDay;prevalentHyp;education
11,181,1,1,10,BMI;sysBP;age;totChol;diaBP;glucose;heartRate;cigsPerDay;prevalentHyp;education
11,182,1,1,10,BMI;sysBP;age;totChol;diaBP;glucose;heartRate;cigsPerDay;prevalentHyp;education
11,183,1,1,10,BMI;sysBP;age;totChol;diaBP;glucose;heartRate;cigsPerDay;prevalentHyp;education
11,184,1,1,10,BMI;sysBP;age;totChol;diaBP;glucose;heartRate;cigsPerDay;prevalentHyp;education
11,185,1,1,10,BMI;sysBP;age;totChol;diaBP;glucose;heartRate;cigsPerDay;prevalentHyp;education
11,186,0,0,10,BMI;sysBP;age;totChol;diaBP;glucose;heartRate;cigsPerDay;prevalentHyp;education
11,187,0,1,10,BMI;sysBP;age;totChol;diaBP;glucose;heartRate;cigsPerDay;prevalentHyp;education
11,188,0,1,10,BMI;sysBP;age;totChol;diaBP;glucose;heartRate;cigsPerDay;prevalentHyp;education
11,189,1,0,10,BMI;sysBP;age;totChol;diaBP;glucose;heartRate;cigsPerDay;prevalentHyp;education
11,190,1,1,10,BMI;sysBP;age;totChol;diaBP;glucose;heartRate;cigsPerDay;prevalentHyp;education
11,191,1,1,10,BMI;sysBP;age;totChol;diaBP;glucose;heartRate;cigsPerDay;prevalentHyp;education
11,192,0,1,10,BMI;sysBP;age;totChol;diaBP;glucose;heartRate;cigsPerDay;prevalentHyp;education
11,193,1,1,10,BMI;sysBP;age;totChol;diaBP;glucose;heartRate;cigsPerDay;prevalentHyp;education
11,194,0,1,10,BMI;sysBP;age;totChol;diaBP;glucose;heartRate;cigsPerDay;prevalentHyp;education
11,195,0,1,10,BMI;sysBP;age;totChol;diaBP;glucose;heartRate;cigsPerDay;prevalentHyp;education
11,196,0,1,10,BMI;sysBP;age;totChol;diaBP;glucose;heartRate;cigsPerDay;prevalentHyp;education
11,197,0,1,10,BMI;sysBP;age;totChol;diaBP;glucose;heartRate;cigsPerDay;prevalentHyp;education
11,198,0,1,10,BMI;sysBP;age;totChol;diaBP;glucose;heartRate;cigsPerDay;prevalentHyp;education
11,199,0,1,10,BMI;sysBP;age;totChol;diaBP;glucose;heartRate;cigsPerDay;prevalentHyp;education
11,200,1,1,10,BMI;sysBP;age;totChol;diaBP;glucose;heartRate;cigsPerDay;prevalentHyp;education
11,201,0,1,10,BMI;sysBP;age;totChol;diaBP;glucose;heartRate;cigsPerDay;prevalentHyp;education
11,202,0,1,10,BMI;sysBP;age;totChol;diaBP;glucose;heartRate;cigsPerDay;prevalentHyp;education
11,203,0,0,10,BMI;sysBP;age;totChol;diaBP;glucose;heartRate;cigsPerDay;prevalentHyp;education
11,204,0,0,10,BMI;sysBP;age;totChol;diaBP;glucose;heartRate;cigsPerDay;prevalentHyp;education
11,205,1,1,10,BMI;sysBP;age;totChol;diaBP;glucose;heartRate;cigsPerDay;prevalentHyp;education
11,206,1,1,10,BMI;sysBP;age;totChol;diaBP;glucose;heartRate;cigsPerDay;prevalentHyp;education
11,207,1,1,10,BMI;sysBP;age;totChol;diaBP;glucose;heartRate;cigsPerDay;prevalentHyp;education
11,208,0,1,10,BMI;sysBP;age;totChol;diaBP;glucose;heartRate;cigsPerDay;prevalentHyp;education
11,209,1,1,10,BMI;sysBP;age;totChol;diaBP;glucose;heartRate;cigsPerDay;prevalentHyp;education
11,210,0,0,10,BMI;sysBP;age;totChol;diaBP;glucose;heartRate;cigsPerDay;prevalentHyp;education
11,211,1,0,10,BMI;sysBP;age;totChol;diaBP;glucose;heartRate;cigsPerDay;prevalentHyp;education
11,212,1,1,10,BMI;sysBP;age;totChol;diaBP;glucose;heartRate;cigsPerDay;prevalentHyp;education
11,213,0,1,10,BMI;sysBP;age;totChol;diaBP;glucose;heartRate;cigsPerDay;prevalentHyp;education
11,214,0,1,10,BMI;sysBP;age;totChol;diaBP;glucose;heartRate;cigsPerDay;prevalentHyp;education
11,215,1,1,10,BMI;sysBP;age;totChol;diaBP;glucose;heartRate;cigsPerDay;prevalentHyp;education
11,216,0,1,10,BMI;sysBP;age;totChol;diaBP;glucose;heartRate;cigsPerDay;prevalentHyp;education
11,217,0,0,10,BMI;sysBP;age;totChol;diaBP;glucose;heartRate;cigsPerDay;prevalentHyp;education
11,218,0,1,10,BMI;sysBP;age;totChol;diaBP;glucose;heartRate;cigsPerDay;prevalentHyp;education
11,219,0,1,10,BMI;sysBP;age;totChol;diaBP;glucose;heartRate;cigsPerDay;prevalentHyp;education
11,220,0,1,10,BMI;sysBP;age;totChol;diaBP;glucose;heartRate;cigsPerDay;prevalentHyp;education
11,221,1,1,10,BMI;sysBP;age;totChol;diaBP;glucose;heartRate;cigsPerDay;prevalentHyp;education
11,222,0,0,10,BMI;sysBP;age;totChol;diaBP;glucose;heartRate;cigsPerDay;prevalentHyp;education
11,223,1,1,10,BMI;sysBP;age;totChol;diaBP;glucose;heartRate;cigsPerDay;prevalentHyp;education
11,224,1,0,10,BMI;sysBP;age;totChol;diaBP;glucose;heartRate;cigsPerDay;prevalentHyp;education
11,225,1,1,10,BMI;sysBP;age;totChol;diaBP;glucose;heartRate;cigsPerDay;prevalentHyp;education
11,226,1,1,10,BMI;sysBP;age;totChol;diaBP;glucose;heartRate;cigsPerDay;prevalentHyp;education
11,227,0,1,10,BMI;sysBP;age;totChol;diaBP;glucose;heartRate;cigsPerDay;prevalentHyp;education
11,228,1,1,10,BMI;sysBP;age;totChol;diaBP;glucose;heartRate;cigsPerDay;prevalentHyp;education
11,229,0,1,10,BMI;sysBP;age;totChol;diaBP;glucose;heartRate;cigsPerDay;prevalentHyp;education
11,230,1,1,10,BMI;sysBP;age;totChol;diaBP;glucose;heartRate;cigsPerDay;prevalentHyp;education
11,231,0,0,10,BMI;sysBP;age;totChol;diaBP;glucose;heartRate;cigsPerDay;prevalentHyp;education
11,232,0,0,10,BMI;sysBP;age;totChol;diaBP;glucose;heartRate;cigsPerDay;prevalentHyp;education
11,233,1,1,10,BMI;sysBP;age;totChol;diaBP;glucose;heartRate;cigsPerDay;prevalentHyp;education
11,234,1,0,10,BMI;sysBP;age;totChol;diaBP;glucose;heartRate;cigsPerDay;prevalentHyp;education
11,235,0,1,10,BMI;sysBP;age;totChol;diaBP;glucose;heartRate;cigsPerDay;prevalentHyp;education
11,236,0,0,10,BMI;sysBP;age;totChol;diaBP;glucose;heartRate;cigsPerDay;prevalentHyp;education
11,237,0,1,10,BMI;sysBP;age;totChol;diaBP;glucose;heartRate;cigsPerDay;prevalentHyp;education
11,238,0,0,10,BMI;sysBP;age;totChol;diaBP;glucose;heartRate;cigsPerDay;prevalentHyp;education
11,239,0,1,10,BMI;sysBP;age;totChol;diaBP;glucose;heartRate;cigsPerDay;prevalentHyp;education
11,240,0,1,10,BMI;sysBP;age;totChol;diaBP;glucose;heartRate;cigsPerDay;prevalentHyp;education
11,241,1,1,10,BMI;sysBP;age;totChol;diaBP;glucose;heartRate;cigsPerDay;prevalentHyp;education
11,242,1,0,10,BMI;sysBP;age;totChol;diaBP;glucose;heartRate;cigsPerDay;prevalentHyp;education
11,243,0,1,10,BMI;sysBP;age;totChol;diaBP;glucose;heartRate;cigsPerDay;prevalentHyp;education
11,244,1,1,10,BMI;sysBP;age;totChol;diaBP;glucose;heartRate;cigsPerDay;prevalentHyp;education
11,245,1,1,10,BMI;sysBP;age;totChol;diaBP;glucose;heartRate;cigsPerDay;prevalentHyp;education
11,246,0,1,10,BMI;sysBP;age;totChol;diaBP;glucose;heartRate;cigsPerDay;prevalentHyp;education
11,247,1,1,10,BMI;sysBP;age;totChol;diaBP;glucose;heartRate;cigsPerDay;prevalentHyp;education
11,248,0,1,10,BMI;sysBP;age;totChol;diaBP;glucose;heartRate;cigsPerDay;prevalentHyp;education
11,249,0,0,10,BMI;sysBP;age;totChol;diaBP;glucose;heartRate;cigsPerDay;prevalentHyp;education
11,250,1,1,10,BMI;sysBP;age;totChol;diaBP;glucose;heartRate;cigsPerDay;prevalentHyp;education
11,251,0,1,10,BMI;sysBP;age;totChol;diaBP;glucose;heartRate;cigsPerDay;prevalentHyp;education
11,252,1,1,10,BMI;sysBP;age;totChol;diaBP;glucose;heartRate;cigsPerDay;prevalentHyp;education
11,253,0,0,10,BMI;sysBP;age;totChol;diaBP;glucose;heartRate;cigsPerDay;prevalentHyp;education
11,254,1,1,10,BMI;sysBP;age;totChol;diaBP;glucose;heartRate;cigsPerDay;prevalentHyp;education
11,255,0,1,10,BMI;sysBP;age;totChol;diaBP;glucose;heartRate;cigsPerDay;prevalentHyp;education
11,256,1,1,10,BMI;sysBP;age;totChol;diaBP;glucose;heartRate;cigsPerDay;prevalentHyp;education
11,257,1,1,10,BMI;sysBP;age;totChol;diaBP;glucose;heartRate;cigsPerDay;prevalentHyp;education
11,258,0,1,10,BMI;sysBP;age;totChol;diaBP;glucose;heartRate;cigsPerDay;prevalentHyp;education
11,259,1,1,10,BMI;sysBP;age;totChol;diaBP;glucose;heartRate;cigsPerDay;prevalentHyp;education
11,260,1,0,10,BMI;sysBP;age;totChol;diaBP;glucose;heartRate;cigsPerDay;prevalentHyp;education
11,261,1,1,10,BMI;sysBP;age;totChol;diaBP;glucose;heartRate;cigsPerDay;prevalentHyp;education
11,262,1,1,10,BMI;sysBP;age;totChol;diaBP;glucose;heartRate;cigsPerDay;prevalentHyp;education
11,263,1,1,10,BMI;sysBP;age;totChol;diaBP;glucose;heartRate;cigsPerDay;prevalentHyp;education
11,264,1,1,10,BMI;sysBP;age;totChol;diaBP;glucose;heartRate;cigsPerDay;prevalentHyp;education
11,265,1,0,10,BMI;sysBP;age;totChol;diaBP;glucose;heartRate;cigsPerDay;prevalentHyp;education
11,266,0,0,10,BMI;sysBP;age;totChol;diaBP;glucose;heartRate;cigsPerDay;prevalentHyp;education
11,267,0,0,10,BMI;sysBP;age;totChol;diaBP;glucose;heartRate;cigsPerDay;prevalentHyp;education
11,268,0,1,10,BMI;sysBP;age;totChol;diaBP;glucose;heartRate;cigsPerDay;prevalentHyp;education
11,269,1,1,10,BMI;sysBP;age;totChol;diaBP;glucose;heartRate;cigsPerDay;prevalentHyp;education
11,270,1,1,10,BMI;sysBP;age;totChol;diaBP;glucose;heartRate;cigsPerDay;prevalentHyp;education
11,271,0,0,10,BMI;sysBP;age;totChol;diaBP;glucose;heartRate;cigsPerDay;prevalentHyp;education
11,272,0,1,10,BMI;sysBP;age;totChol;diaBP;glucose;heartRate;cigsPerDay;prevalentHyp;education
11,273,0,1,10,BMI;sysBP;age;totChol;diaBP;glucose;heartRate;cigsPerDay;prevalentHyp;education
11,274,1,1,10,BMI;sysBP;age;totChol;diaBP;glucose;heartRate;cigsPerDay;prevalentHyp;education
11,275,1,1,10,BMI;sysBP;age;totChol;diaBP;glucose;heartRate;cigsPerDay;prevalentHyp;education
11,276,0,1,10,BMI;sysBP;age;totChol;diaBP;glucose;heartRate;cigsPerDay;prevalentHyp;education
11,277,0,1,10,BMI;sysBP;age;totChol;diaBP;glucose;heartRate;cigsPerDay;prevalentHyp;education
11,278,0,0,10,BMI;sysBP;age;totChol;diaBP;glucose;heartRate;cigsPerDay;prevalentHyp;education
11,279,0,1,10,BMI;sysBP;age;totChol;diaBP;glucose;heartRate;cigsPerDay;prevalentHyp;education
11,280,1,1,10,BMI;sysBP;age;totChol;diaBP;glucose;heartRate;cigsPerDay;prevalentHyp;education
11,281,0,1,10,BMI;sysBP;age;totChol;diaBP;glucose;heartRate;cigsPerDay;prevalentHyp;education
11,282,0,1,10,BMI;sysBP;age;totChol;diaBP;glucose;heartRate;cigsPerDay;prevalentHyp;education
11,283,1,1,10,BMI;sysBP;age;totChol;diaBP;glucose;heartRate;cigsPerDay;prevalentHyp;education
11,284,0,0,10,BMI;sysBP;age;totChol;diaBP;glucose;heartRate;cigsPerDay;prevalentHyp;education
11,285,0,0,10,BMI;sysBP;age;totChol;diaBP;glucose;heartRate;cigsPerDay;prevalentHyp;education
11,286,0,1,10,BMI;sysBP;age;totChol;diaBP;glucose;heartRate;cigsPerDay;prevalentHyp;education
11,287,1,1,10,BMI;sysBP;age;totChol;diaBP;glucose;heartRate;cigsPerDay;prevalentHyp;education
11,288,1,1,10,BMI;sysBP;age;totChol;diaBP;glucose;heartRate;cigsPerDay;prevalentHyp;education
11,289,0,1,10,BMI;sysBP;age;totChol;diaBP;glucose;heartRate;cigsPerDay;prevalentHyp;education
11,290,1,1,10,BMI;sysBP;age;totChol;diaBP;glucose;heartRate;cigsPerDay;prevalentHyp;education
11,291,1,1,10,BMI;sysBP;age;totChol;diaBP;glucose;heartRate;cigsPerDay;prevalentHyp;education
11,292,1,1,10,BMI;sysBP;age;totChol;diaBP;glucose;heartRate;cigsPerDay;prevalentHyp;education
11,293,0,1,10,BMI;sysBP;age;totChol;diaBP;glucose;heartRate;cigsPerDay;prevalentHyp;education
11,294,0,1,10,BMI;sysBP;age;totChol;diaBP;glucose;heartRate;cigsPerDay;prevalentHyp;education
11,295,0,1,10,BMI;sysBP;age;totChol;diaBP;glucose;heartRate;cigsPerDay;prevalentHyp;education
11,296,1,1,10,BMI;sysBP;age;totChol;diaBP;glucose;heartRate;cigsPerDay;prevalentHyp;education
11,297,0,1,10,BMI;sysBP;age;totChol;diaBP;glucose;heartRate;cigsPerDay;prevalentHyp;education
11,298,0,0,10,BMI;sysBP;age;totChol;diaBP;glucose;heartRate;cigsPerDay;prevalentHyp;education
11,299,0,1,10,BMI;sysBP;age;totChol;diaBP;glucose;heartRate;cigsPerDay;prevalentHyp;education
11,300,0,1,10,BMI;sysBP;age;totChol;diaBP;glucose;heartRate;cigsPerDay;prevalentHyp;education
11,301,1,1,10,BMI;sysBP;age;totChol;diaBP;glucose;heartRate;cigsPerDay;prevalentHyp;education
11,302,0,1,10,BMI;sysBP;age;totChol;diaBP;glucose;heartRate;cigsPerDay;prevalentHyp;education
11,303,1,1,10,BMI;sysBP;age;totChol;diaBP;glucose;heartRate;cigsPerDay;prevalentHyp;education
11,304,1,1,10,BMI;sysBP;age;totChol;diaBP;glucose;heartRate;cigsPerDay;prevalentHyp;education
11,305,1,1,10,BMI;sysBP;age;totChol;diaBP;glucose;heartRate;cigsPerDay;prevalentHyp;education
11,306,1,1,10,BMI;sysBP;age;totChol;diaBP;glucose;heartRate;cigsPerDay;prevalentHyp;education
11,307,1,1,10,BMI;sysBP;age;totChol;diaBP;glucose;heartRate;cigsPerDay;prevalentHyp;education
11,308,1,1,10,BMI;sysBP;age;totChol;diaBP;glucose;heartRate;cigsPerDay;prevalentHyp;education
11,309,0,1,10,BMI;sysBP;age;totChol;diaBP;glucose;heartRate;cigsPerDay;prevalentHyp;education
11,310,1,1,10,BMI;sysBP;age;totChol;diaBP;glucose;heartRate;cigsPerDay;prevalentHyp;education
11,311,1,1,10,BMI;sysBP;age;totChol;diaBP;glucose;heartRate;cigsPerDay;prevalentHyp;education
11,312,1,0,10,BMI;sysBP;age;totChol;diaBP;glucose;heartRate;cigsPerDay;prevalentHyp;education
11,313,0,1,10,BMI;sysBP;age;totChol;diaBP;glucose;heartRate;cigsPerDay;prevalentHyp;education
11,314,0,1,10,BMI;sysBP;age;totChol;diaBP;glucose;heartRate;cigsPerDay;prevalentHyp;education
11,315,0,1,10,BMI;sysBP;age;totChol;diaBP;glucose;heartRate;cigsPerDay;prevalentHyp;education
11,316,0,1,10,BMI;sysBP;age;totChol;diaBP;glucose;heartRate;cigsPerDay;prevalentHyp;education
11,317,0,0,10,BMI;sysBP;age;totChol;diaBP;glucose;heartRate;cigsPerDay;prevalentHyp;education
11,318,0,1,10,BMI;sysBP;age;totChol;diaBP;glucose;heartRate;cigsPerDay;prevalentHyp;education
11,319,0,1,10,BMI;sysBP;age;totChol;diaBP;glucose;heartRate;cigsPerDay;prevalentHyp;education
11,320,0,1,10,BMI;sysBP;age;totChol;diaBP;glucose;heartRate;cigsPerDay;prevalentHyp;education
11,321,0,1,10,BMI;sysBP;age;totChol;diaBP;glucose;heartRate;cigsPerDay;prevalentHyp;education
11,322,0,1,10,BMI;sysBP;age;totChol;diaBP;glucose;heartRate;cigsPerDay;prevalentHyp;education
11,323,0,1,10,BMI;sysBP;age;totChol;diaBP;glucose;heartRate;cigsPerDay;prevalentHyp;education
11,324,0,0,10,BMI;sysBP;age;totChol;diaBP;glucose;heartRate;cigsPerDay;prevalentHyp;education
11,325,0,1,10,BMI;sysBP;age;totChol;diaBP;glucose;heartRate;cigsPerDay;prevalentHyp;education
11,326,0,1,10,BMI;sysBP;age;totChol;diaBP;glucose;heartRate;cigsPerDay;prevalentHyp;education
11,327,0,1,10,BMI;sysBP;age;totChol;diaBP;glucose;heartRate;cigsPerDay;prevalentHyp;education
11,328,0,0,10,BMI;sysBP;age;totChol;diaBP;glucose;heartRate;cigsPerDay;prevalentHyp;education
11,329,1,1,10,BMI;sysBP;age;totChol;diaBP;glucose;heartRate;cigsPerDay;prevalentHyp;education
11,330,1,0,10,BMI;sysBP;age;totChol;diaBP;glucose;heartRate;cigsPerDay;prevalentHyp;education
11,331,0,1,10,BMI;sysBP;age;totChol;diaBP;glucose;heartRate;cigsPerDay;prevalentHyp;education
11,332,1,1,10,BMI;sysBP;age;totChol;diaBP;glucose;heartRate;cigsPerDay;prevalentHyp;education
11,333,0,1,10,BMI;sysBP;age;totChol;diaBP;glucose;heartRate;cigsPerDay;prevalentHyp;education
11,334,0,1,10,BMI;sysBP;age;totChol;diaBP;glucose;heartRate;cigsPerDay;prevalentHyp;education
11,335,1,0,10,BMI;sysBP;age;totChol;diaBP;glucose;heartRate;cigsPerDay;prevalentHyp;education
11,336,1,1,10,BMI;sysBP;age;totChol;diaBP;glucose;heartRate;cigsPerDay;prevalentHyp;education
11,337,1,1,10,BMI;sysBP;age;totChol;diaBP;glucose;heartRate;cigsPerDay;prevalentHyp;education
11,338,1,1,10,BMI;sysBP;age;totChol;diaBP;glucose;heartRate;cigsPerDay;prevalentHyp;education
11,339,1,1,10,BMI;sysBP;age;totChol;diaBP;glucose;heartRate;cigsPerDay;prevalentHyp;education
11,340,0,1,10,BMI;sysBP;age;totChol;diaBP;glucose;heartRate;cigsPerDay;prevalentHyp;education
11,341,1,1,10,BMI;sysBP;age;totChol;diaBP;glucose;heartRate;cigsPerDay;prevalentHyp;education
11,342,0,1,10,BMI;sysBP;age;totChol;diaBP;glucose;heartRate;cigsPerDay;prevalentHyp;education
11,343,1,1,10,BMI;sysBP;age;totChol;diaBP;glucose;heartRate;cigsPerDay;prevalentHyp;education
11,344,0,1,10,BMI;sysBP;age;totChol;diaBP;glucose;heartRate;cigsPerDay;prevalentHyp;education
11,345,1,0,10,BMI;sysBP;age;totChol;diaBP;glucose;heartRate;cigsPerDay;prevalentHyp;education
11,346,0,0,10,BMI;sysBP;age;totChol;diaBP;glucose;heartRate;cigsPerDay;prevalentHyp;education
11,347,0,0,10,BMI;sysBP;age;totChol;diaBP;glucose;heartRate;cigsPerDay;prevalentHyp;education
11,348,0,1,10,BMI;sysBP;age;totChol;diaBP;glucose;heartRate;cigsPerDay;prevalentHyp;education
11,349,1,1,10,BMI;sysBP;age;totChol;diaBP;glucose;heartRate;cigsPerDay;prevalentHyp;education
11,350,0,1,10,BMI;sysBP;age;totChol;diaBP;glucose;heartRate;cigsPerDay;prevalentHyp;education
11,351,1,1,10,BMI;sysBP;age;totChol;diaBP;glucose;heartRate;cigsPerDay;prevalentHyp;education
11,352,0,1,10,BMI;sysBP;age;totChol;diaBP;glucose;heartRate;cigsPerDay;prevalentHyp;education
11,353,1,1,10,BMI;sysBP;age;totChol;diaBP;glucose;heartRate;cigsPerDay;prevalentHyp;education
11,354,0,1,10,BMI;sysBP;age;totChol;diaBP;glucose;heartRate;cigsPerDay;prevalentHyp;education
11,355,0,1,10,BMI;sysBP;age;totChol;diaBP;glucose;heartRate;cigsPerDay;prevalentHyp;education
11,356,1,1,10,BMI;sysBP;age;totChol;diaBP;glucose;heartRate;cigsPerDay;prevalentHyp;education
11,357,0,1,10,BMI;sysBP;age;totChol;diaBP;glucose;heartRate;cigsPerDay;prevalentHyp;education
11,358,0,1,10,BMI;sysBP;age;totChol;diaBP;glucose;heartRate;cigsPerDay;prevalentHyp;education
11,359,0,1,10,BMI;sysBP;age;totChol;diaBP;glucose;heartRate;cigsPerDay;prevalentHyp;education
11,360,0,1,10,BMI;sysBP;age;totChol;diaBP;glucose;heartRate;cigsPerDay;prevalentHyp;education
11,361,1,1,10,BMI;sysBP;age;totChol;diaBP;glucose;heartRate;cigsPerDay;prevalentHyp;education
11,362,1,1,10,BMI;sysBP;age;totChol;diaBP;glucose;heartRate;cigsPerDay;prevalentHyp;education
11,363,1,1,10,BMI;sysBP;age;totChol;diaBP;glucose;heartRate;cigsPerDay;prevalentHyp;education
11,364,1,1,10,BMI;sysBP;age;totChol;diaBP;glucose;heartRate;cigsPerDay;prevalentHyp;education
11,365,0,1,10,BMI;sysBP;age;totChol;diaBP;glucose;heartRate;cigsPerDay;prevalentHyp;education
11,366,1,1,10,BMI;sysBP;age;totChol;diaBP;glucose;heartRate;cigsPerDay;prevalentHyp;education
11,367,1,1,10,BMI;sysBP;age;totChol;diaBP;glucose;heartRate;cigsPerDay;prevalentHyp;education
11,368,1,1,10,BMI;sysBP;age;totChol;diaBP;glucose;heartRate;cigsPerDay;prevalentHyp;education
11,369,1,1,10,BMI;sysBP;age;totChol;diaBP;glucose;heartRate;cigsPerDay;prevalentHyp;education
11,370,0,1,10,BMI;sysBP;age;totChol;diaBP;glucose;heartRate;cigsPerDay;prevalentHyp;education
11,371,0,1,10,BMI;sysBP;age;totChol;diaBP;glucose;heartRate;cigsPerDay;prevalentHyp;education
11,372,0,1,10,BMI;sysBP;age;totChol;diaBP;glucose;heartRate;cigsPerDay;prevalentHyp;education
11,373,1,1,10,BMI;sysBP;age;totChol;diaBP;glucose;heartRate;cigsPerDay;prevalentHyp;education
11,374,0,1,10,BMI;sysBP;age;totChol;diaBP;glucose;heartRate;cigsPerDay;prevalentHyp;education
11,375,1,1,10,BMI;sysBP;age;totChol;diaBP;glucose;heartRate;cigsPerDay;prevalentHyp;education
11,376,0,0,10,BMI;sysBP;age;totChol;diaBP;glucose;heartRate;cigsPerDay;prevalentHyp;education
11,377,1,1,10,BMI;sysBP;age;totChol;diaBP;glucose;heartRate;cigsPerDay;prevalentHyp;education
11,378,0,1,10,BMI;sysBP;age;totChol;diaBP;glucose;heartRate;cigsPerDay;prevalentHyp;education
11,379,0,0,10,BMI;sysBP;age;totChol;diaBP;glucose;heartRate;cigsPerDay;prevalentHyp;education
11,380,0,1,10,BMI;sysBP;age;totChol;diaBP;glucose;heartRate;cigsPerDay;prevalentHyp;education
11,381,0,1,10,BMI;sysBP;age;totChol;diaBP;glucose;heartRate;cigsPerDay;prevalentHyp;education
11,382,1,1,10,BMI;sysBP;age;totChol;diaBP;glucose;heartRate;cigsPerDay;prevalentHyp;education
11,383,1,1,10,BMI;sysBP;age;totChol;diaBP;glucose;heartRate;cigsPerDay;prevalentHyp;education
11,384,1,1,10,BMI;sysBP;age;totChol;diaBP;glucose;heartRate;cigsPerDay;prevalentHyp;education
11,385,0,1,10,BMI;sysBP;age;totChol;diaBP;glucose;heartRate;cigsPerDay;prevalentHyp;education
11,386,1,1,10,BMI;sysBP;age;totChol;diaBP;glucose;heartRate;cigsPerDay;prevalentHyp;education
11,387,0,1,10,BMI;sysBP;age;totChol;diaBP;glucose;heartRate;cigsPerDay;prevalentHyp;education
11,388,1,1,10,BMI;sysBP;age;totChol;diaBP;glucose;heartRate;cigsPerDay;prevalentHyp;education
11,389,0,1,10,BMI;sysBP;age;totChol;diaBP;glucose;heartRate;cigsPerDay;prevalentHyp;education
11,390,0,1,10,BMI;sysBP;age;totChol;diaBP;glucose;heartRate;cigsPerDay;prevalentHyp;education
11,391,1,1,10,BMI;sysBP;age;totChol;diaBP;glucose;heartRate;cigsPerDay;prevalentHyp;education
11,392,0,1,10,BMI;sysBP;age;totChol;diaBP;glucose;heartRate;cigsPerDay;prevalentHyp;education
11,393,1,1,10,BMI;sysBP;age;totChol;diaBP;glucose;heartRate;cigsPerDay;prevalentHyp;education
11,394,1,1,10,BMI;sysBP;age;totChol;diaBP;glucose;heartRate;cigsPerDay;prevalentHyp;education
11,395,1,1,10,BMI;sysBP;age;totChol;diaBP;glucose;heartRate;cigsPerDay;prevalentHyp;education
11,396,1,1,10,BMI;sysBP;age;totChol;diaBP;glucose;heartRate;cigsPerDay;prevalentHyp;education
11,397,0,1,10,BMI;sysBP;age;totChol;diaBP;glucose;heartRate;cigsPerDay;prevalentHyp;education
11,398,0,0,10,BMI;sysBP;age;totChol;diaBP;glucose;heartRate;cigsPerDay;prevalentHyp;education
11,399,1,1,10,BMI;sysBP;age;totChol;diaBP;glucose;heartRate;cigsPerDay;prevalentHyp;education
12,0,0,1,10,BMI;sysBP;age;totChol;diaBP;glucose;heartRate;cigsPerDay;prevalentHyp;education
12,1,0,0,10,BMI;sysBP;age;totChol;diaBP;glucose;heartRate;cigsPerDay;prevalentHyp;education
12,2,1,1,10,BMI;sysBP;age;totChol;diaBP;glucose;heartRate;cigsPerDay;prevalentHyp;education
12,3,0,1,10,BMI;sysBP;age;totChol;diaBP;glucose;heartRate;cigsPerDay;prevalentHyp;education
12,4,1,1,10,BMI;sysBP;age;totChol;diaBP;glucose;heartRate;cigsPerDay;prevalentHyp;education
12,5,1,1,10,BMI;sysBP;age;totChol;diaBP;glucose;heartRate;cigsPerDay;prevalentHyp;education
12,6,0,0,10,BMI;sysBP;age;totChol;diaBP;glucose;heartRate;cigsPerDay;prevalentHyp;education
12,7,1,1,10,BMI;sysBP;age;totChol;diaBP;glucose;heartRate;cigsPerDay;prevalentHyp;education
12,8,0,0,10,BMI;sysBP;age;totChol;diaBP;glucose;heartRate;cigsPerDay;prevalentHyp;education
12,9,1,1,10,BMI;sysBP;age;totChol;diaBP;glucose;heartRate;cigsPerDay;prevalentHyp;education
12,10,1,1,10,BMI;sysBP;age;totChol;diaBP;glucose;heartRate;cigsPerDay;prevalentHyp;education
12,11,0,1,10,BMI;sysBP;age;totChol;diaBP;glucose;heartRate;cigsPerDay;prevalentHyp;education
12,12,1,1,10,BMI;sysBP;age;totChol;diaBP;glucose;heartRate;cigsPerDay;prevalentHyp;education
12,13,1,1,10,BMI;sysBP;age;totChol;diaBP;glucose;heartRate;cigsPerDay;prevalentHyp;education
12,14,1,1,10,BMI;sysBP;age;totChol;diaBP;glucose;heartRate;cigsPerDay;prevalentHyp;education
12,15,1,1,10,BMI;sysBP;age;totChol;diaBP;glucose;heartRate;cigsPerDay;prevalentHyp;education
12,16,0,0,10,BMI;sysBP;age;totChol;diaBP;glucose;heartRate;cigsPerDay;prevalentHyp;education
12,17,0,1,10,BMI;sysBP;age;totChol;diaBP;glucose;heartRate;cigsPerDay;prevalentHyp;education
12,18,0,1,10,BMI;sysBP;age;totChol;diaBP;glucose;heartRate;cigsPerDay;prevalentHyp;education
12,19,0,0,10,BMI;sysBP;age;totChol;diaBP;glucose;heartRate;cigsPerDay;prevalentHyp;education
12,20,1,1,10,BMI;sysBP;age;totChol;diaBP;glucose;heartRate;cigsPerDay;prevalentHyp;education
12,21,1,1,10,BMI;sysBP;age;totChol;diaBP;glucose;heartRate;cigsPerDay;prevalentHyp;education
12,22,0,0,10,BMI;sysBP;age;totChol;diaBP;glucose;heartRate;cigsPerDay;prevalentHyp;education
12,23,0,1,10,BMI;sysBP;age;totChol;diaBP;glucose;heartRate;cigsPerDay;prevalentHyp;education
12,24,1,0,10,BMI;sysBP;age;totChol;diaBP;glucose;heartRate;cigsPerDay;prevalentHyp;education
12,25,0,0,10,BMI;sysBP;age;totChol;diaBP;glucose;heartRate;cigsPerDay;prevalentHyp;education
12,26,1,0,10,BMI;sysBP;age;totChol;diaBP;glucose;heartRate;cigsPerDay;prevalentHyp;education
12,27,0,1,10,BMI;sysBP;age;totChol;diaBP;glucose;heartRate;cigsPerDay;prevalentHyp;education
12,28,0,0,10,BMI;sysBP;age;totChol;diaBP;glucose;heartRate;cigsPerDay;prevalentHyp;education
12,29,1,1,10,BMI;sysBP;age;totChol;diaBP;glucose;heartRate;cigsPerDay;prevalentHyp;education
12,30,0,0,10,BMI;sysBP;age;totChol;diaBP;glucose;heartRate;cigsPerDay;prevalentHyp;education
12,31,1,1,10,BMI;sysBP;age;totChol;diaBP;glucose;heartRate;cigsPerDay;prevalentHyp;education
12,32,0,1,10,BMI;sysBP;age;totChol;diaBP;glucose;heartRate;cigsPerDay;prevalentHyp;education
12,33,1,1,10,BMI;sysBP;age;totChol;diaBP;glucose;heartRate;cigsPerDay;prevalentHyp;education
12,34,0,1,10,BMI;sysBP;age;totChol;diaBP;glucose;heartRate;cigsPerDay;prevalentHyp;education
12,35,1,1,10,BMI;sysBP;age;totChol;diaBP;glucose;heartRate;cigsPerDay;prevalentHyp;education
12,36,1,1,10,BMI;sysBP;age;totChol;diaBP;glucose;heartRate;cigsPerDay;prevalentHyp;education
12,37,0,0,10,BMI;sysBP;age;totChol;diaBP;glucose;heartRate;cigsPerDay;prevalentHyp;education
12,38,1,1,10,BMI;sysBP;age;totChol;diaBP;glucose;heartRate;cigsPerDay;prevalentHyp;education
12,39,1,1,10,BMI;sysBP;age;totChol;diaBP;glucose;heartRate;cigsPerDay;prevalentHyp;education
12,40,0,1,10,BMI;sysBP;age;totChol;diaBP;glucose;heartRate;cigsPerDay;prevalentHyp;education
12,41,1,1,10,BMI;sysBP;age;totChol;diaBP;glucose;heartRate;cigsPerDay;prevalentHyp;education
12,42,1,1,10,BMI;sysBP;age;totChol;diaBP;glucose;heartRate;cigsPerDay;prevalentHyp;education
12,43,1,1,10,BMI;sysBP;age;totChol;diaBP;glucose;heartRate;cigsPerDay;prevalentHyp;education
12,44,1,1,10,BMI;sysBP;age;totChol;diaBP;glucose;heartRate;cigsPerDay;prevalentHyp;education
12,45,0,0,10,BMI;sysBP;age;totChol;diaBP;glucose;heartRate;cigsPerDay;prevalentHyp;education
12,46,1,1,10,BMI;sysBP;age;totChol;diaBP;glucose;heartRate;cigsPerDay;prevalentHyp;education
12,47,1,1,10,BMI;sysBP;age;totChol;diaBP;glucose;heartRate;cigsPerDay;prevalentHyp;education
12,48,1,1,10,BMI;sysBP;age;totChol;diaBP;glucose;heartRate;cigsPerDay;prevalentHyp;education
12,49,1,0,10,BMI;sysBP;age;totChol;diaBP;glucose;heartRate;cigsPerDay;prevalentHyp;education
12,50,1,1,10,BMI;sysBP;age;totChol;diaBP;glucose;heartRate;cigsPerDay;prevalentHyp;education
12,51,0,1,10,BMI;sysBP;age;totChol;diaBP;glucose;heartRate;cigsPerDay;prevalentHyp;education
12,52,0,1,10,BMI;sysBP;age;totChol;diaBP;glucose;heartRate;cigsPerDay;prevalentHyp;education
12,53,1,0,10,BMI;sysBP;age;totChol;diaBP;glucose;heartRate;cigsPerDay;prevalentHyp;education
12,54,0,0,10,BMI;sysBP;age;totChol;diaBP;glucose;heartRate;cigsPerDay;prevalentHyp;education
12,55,1,1,10,BMI;sysBP;age;totChol;diaBP;glucose;heartRate;cigsPerDay;prevalentHyp;education
12,56,0,0,10,BMI;sysBP;age;totChol;diaBP;glucose;heartRate;cigsPerDay;prevalentHyp;education
12,57,1,1,10,BMI;sysBP;age;totChol;diaBP;glucose;heartRate;cigsPerDay;prevalentHyp;education
12,58,1,1,10,BMI;sysBP;age;totChol;diaBP;glucose;heartRate;cigsPerDay;prevalentHyp;education
12,59,1,1,10,BMI;sysBP;age;totChol;diaBP;glucose;heartRate;cigsPerDay;prevalentHyp;education
12,60,1,1,10,BMI;sysBP;age;totChol;diaBP;glucose;heartRate;cigsPerDay;prevalentHyp;education
12,61,0,1,10,BMI;sysBP;age;totChol;diaBP;glucose;heartRate;cigsPerDay;prevalentHyp;education
12,62,0,1,10,BMI;sysBP;age;totChol;diaBP;glucose;heartRate;cigsPerDay;prevalentHyp;education
12,63,1,0,10,BMI;sysBP;age;totChol;diaBP;glucose;heartRate;cigsPerDay;prevalentHyp;education
12,64,1,1,10,BMI;sysBP;age;totChol;diaBP;glucose;heartRate;cigsPerDay;prevalentHyp;education
12,65,1,1,10,BMI;sysBP;age;totChol;diaBP;glucose;heartRate;cigsPerDay;prevalentHyp;education
12,66,0,1,10,BMI;sysBP;age;totChol;diaBP;glucose;heartRate;cigsPerDay;prevalentHyp;education
12,67,0,0,10,BMI;sysBP;age;totChol;diaBP;glucose;heartRate;cigsPerDay;prevalentHyp;education
12,68,0,1,10,BMI;sysBP;age;totChol;diaBP;glucose;heartRate;cigsPerDay;prevalentHyp;education
12,69,1,1,10,BMI;sysBP;age;totChol;diaBP;glucose;heartRate;cigsPerDay;prevalentHyp;education
12,70,0,0,10,BMI;sysBP;age;totChol;diaBP;glucose;heartRate;cigsPerDay;prevalentHyp;education
12,71,1,1,10,BMI;sysBP;age;totChol;diaBP;glucose;heartRate;cigsPerDay;prevalentHyp;education
12,72,1,1,10,BMI;sysBP;age;totChol;diaBP;glucose;heartRate;cigsPerDay;prevalentHyp;education
12,73,1,1,10,BMI;sysBP;age;totChol;diaBP;glucose;heartRate;cigsPerDay;prevalentHyp;education
12,74,0,1,10,BMI;sysBP;age;totChol;diaBP;glucose;heartRate;cigsPerDay;prevalentHyp;education
12,75,0,1,10,BMI;sysBP;age;totChol;diaBP;glucose;heartRate;cigsPerDay;prevalentHyp;education
12,76,0,1,10,BMI;sysBP;age;totChol;diaBP;glucose;heartRate;cigsPerDay;prevalentHyp;education
12,77,0,1,10,BMI;sysBP;age;totChol;diaBP;glucose;heartRate;cigsPerDay;prevalentHyp;education
12,78,1,0,10,BMI;sysBP;age;totChol;diaBP;glucose;heartRate;cigsPerDay;prevalentHyp;education
12,79,0,1,10,BMI;sysBP;age;totChol;diaBP;glucose;heartRate;cigsPerDay;prevalentHyp;education
12,80,1,0,10,BMI;sysBP;age;totChol;diaBP;glucose;heartRate;cigsPerDay;prevalentHyp;education
12,81,1,0,10,BMI;sysBP;age;totChol;diaBP;glucose;heartRate;cigsPerDay;prevalentHyp;education
12,82,0,1,10,BMI;sysBP;age;totChol;diaBP;glucose;heartRate;cigsPerDay;prevalentHyp;education
12,83,0,1,10,BMI;sysBP;age;totChol;diaBP;glucose;heartRate;cigsPerDay;prevalentHyp;education
12,84,0,0,10,BMI;sysBP;age;totChol;diaBP;glucose;heartRate;cigsPerDay;prevalentHyp;education
12,85,1,0,10,BMI;sysBP;age;totChol;diaBP;glucose;heartRate;cigsPerDay;prevalentHyp;education
12,86,0,0,10,BMI;sysBP;age;totChol;diaBP;glucose;heartRate;cigsPerDay;prevalentHyp;education
12,87,0,1,10,BMI;sysBP;age;totChol;diaBP;glucose;heartRate;cigsPerDay;prevalentHyp;education
12,88,1,1,10,BMI;sysBP;age;totChol;diaBP;glucose;heartRate;cigsPerDay;prevalentHyp;education
12,89,1,1,10,BMI;sysBP;age;totChol;diaBP;glucose;heartRate;cigsPerDay;prevalentHyp;education
12,90,0,0,10,BMI;sysBP;age;totChol;diaBP;glucose;heartRate;cigsPerDay;prevalentHyp;education
12,91,0,0,10,BMI;sysBP;age;totChol;diaBP;glucose;heartRate;cigsPerDay;prevalentHyp;education
12,92,1,1,10,BMI;sysBP;age;totChol;diaBP;glucose;heartRate;cigsPerDay;prevalentHyp;education
12,93,0,1,10,BMI;sysBP;age;totChol;diaBP;glucose;heartRate;cigsPerDay;prevalentHyp;education
12,94,1,0,10,BMI;sysBP;age;totChol;diaBP;glucose;heartRate;cigsPerDay;prevalentHyp;education
12,95,0,1,10,BMI;sysBP;age;totChol;diaBP;glucose;heartRate;cigsPerDay;prevalentHyp;education
12,96,0,1,10,BMI;sysBP;age;totChol;diaBP;glucose;heartRate;cigsPerDay;prevalentHyp;education
12,97,0,1,10,BMI;sysBP;age;totChol;diaBP;glucose;heartRate;cigsPerDay;prevalentHyp;education
12,98,0,0,10,BMI;sysBP;age;totChol;diaBP;glucose;heartRate;cigsPerDay;prevalentHyp;education
12,99,1,0,10,BMI;sysBP;age;totChol;diaBP;glucose;heartRate;cigsPerDay;prevalentHyp;education
12,100,0,0,10,BMI;sysBP;age;totChol;diaBP;glucose;heartRate;cigsPerDay;prevalentHyp;education
12,101,1,0,10,BMI;sysBP;age;totChol;diaBP;glucose;heartRate;cigsPerDay;prevalentHyp;education
12,102,1,0,10,BMI;sysBP;age;totChol;diaBP;glucose;heartRate;cigsPerDay;prevalentHyp;education
12,103,1,1,10,BMI;sysBP;age;totChol;diaBP;glucose;heartRate;cigsPerDay;prevalentHyp;education
12,104,1,1,10,BMI;sysBP;age;totChol;diaBP;glucose;heartRate;cigsPerDay;prevalentHyp;education
12,105,1,1,10,BMI;sysBP;age;totChol;diaBP;glucose;heartRate;cigsPerDay;prevalentHyp;education
12,106,1,1,10,BMI;sysBP;age;totChol;diaBP;glucose;heartRate;cigsPerDay;prevalentHyp;education
12,107,1,0,10,BMI;sysBP;age;totChol;diaBP;glucose;heartRate;cigsPerDay;prevalentHyp;education
12,108,0,0,10,BMI;sysBP;age;totChol;diaBP;glucose;heartRate;cigsPerDay;prevalentHyp;education
12,109,0,1,10,BMI;sysBP;age;totChol;diaBP;glucose;heartRate;cigsPerDay;prevalentHyp;education
12,110,1,1,10,BMI;sysBP;age;totChol;diaBP;glucose;heartRate;cigsPerDay;prevalentHyp;education
12,111,0,1,10,BMI;sysBP;age;totChol;diaBP;glucose;heartRate;cigsPerDay;prevalentHyp;education
12,112,0,0,10,BMI;sysBP;age;totChol;diaBP;glucose;heartRate;cigsPerDay;prevalentHyp;education
12,113,0,1,10,BMI;sysBP;age;totChol;diaBP;glucose;heartRate;cigsPerDay;prevalentHyp;education
12,114,0,0,10,BMI;sysBP;age;totChol;diaBP;glucose;heartRate;cigsPerDay;prevalentHyp;education
12,115,1,1,10,BMI;sysBP;age;totChol;diaBP;glucose;heartRate;cigsPerDay;prevalentHyp;education
12,116,1,1,10,BMI;sysBP;age;totChol;diaBP;glucose;heartRate;cigsPerDay;prevalentHyp;education
12,117,0,0,10,BMI;sysBP;age;totChol;diaBP;glucose;heartRate;cigsPerDay;prevalentHyp;education
12,118,0,1,10,BMI;sysBP;age;totChol;diaBP;glucose;heartRate;cigsPerDay;prevalentHyp;education
12,119,0,0,10,BMI;sysBP;age;totChol;diaBP;glucose;heartRate;cigsPerDay;prevalentHyp;education
12,120,1,1,10,BMI;sysBP;age;totChol;diaBP;glucose;heartRate;cigsPerDay;prevalentHyp;education
12,121,1,1,10,BMI;sysBP;age;totChol;diaBP;glucose;heartRate;cigsPerDay;prevalentHyp;education
12,122,1,1,10,BMI;sysBP;age;totChol;diaBP;glucose;heartRate;cigsPerDay;prevalentHyp;education
12,123,0,0,10,BMI;sysBP;age;totChol;diaBP;glucose;heartRate;cigsPerDay;prevalentHyp;education
12,124,1,0,10,BMI;sysBP;age;totChol;diaBP;glucose;heartRate;cigsPerDay;prevalentHyp;education
12,125,1,0,10,BMI;sysBP;age;totChol;diaBP;glucose;heartRate;cigsPerDay;prevalentHyp;education
12,126,0,1,10,BMI;sysBP;age;totChol;diaBP;glucose;heartRate;cigsPerDay;prevalentHyp;education
12,127,0,1,10,BMI;sysBP;age;totChol;diaBP;glucose;heartRate;cigsPerDay;prevalentHyp;education
12,128,1,0,10,BMI;sysBP;age;totChol;diaBP;glucose;heartRate;cigsPerDay;prevalentHyp;education
12,129,0,1,10,BMI;sysBP;age;totChol;diaBP;glucose;heartRate;cigsPerDay;prevalentHyp;education
12,130,0,1,10,BMI;sysBP;age;totChol;diaBP;glucose;heartRate;cigsPerDay;prevalentHyp;education
12,131,1,1,10,BMI;sysBP;age;totChol;diaBP;glucose;heartRate;cigsPerDay;prevalentHyp;education
12,132,0,0,10,BMI;sysBP;age;totChol;diaBP;glucose;heartRate;cigsPerDay;prevalentHyp;education
12,133,1,1,10,BMI;sysBP;age;totChol;diaBP;glucose;heartRate;cigsPerDay;prevalentHyp;education
12,134,1,0,10,BMI;sysBP;age;totChol;diaBP;glucose;heartRate;cigsPerDay;prevalentHyp;education
12,135,1,1,10,BMI;sysBP;age;totChol;diaBP;glucose;heartRate;cigsPerDay;prevalentHyp;education
12,136,0,1,10,BMI;sysBP;age;totChol;diaBP;glucose;heartRate;cigsPerDay;prevalentHyp;education
12,137,0,1,10,BMI;sysBP;age;totChol;diaBP;glucose;heartRate;cigsPerDay;prevalentHyp;education
12,138,0,0,10,BMI;sysBP;age;totChol;diaBP;glucose;heartRate;cigsPerDay;prevalentHyp;education
12,139,0,0,10,BMI;sysBP;age;totChol;diaBP;glucose;heartRate;cigsPerDay;prevalentHyp;education
12,140,1,1,10,BMI;sysBP;age;totChol;diaBP;glucose;heartRate;cigsPerDay;prevalentHyp;education
12,141,1,1,10,BMI;sysBP;age;totChol;diaBP;glucose;heartRate;cigsPerDay;prevalentHyp;education
12,142,0,1,10,BMI;sysBP;age;totChol;diaBP;glucose;heartRate;cigsPerDay;prevalentHyp;education
12,143,1,1,10,BMI;sysBP;age;totChol;diaBP;glucose;heartRate;cigsPerDay;prevalentHyp;education
12,144,1,1,10,BMI;sysBP;age;totChol;diaBP;glucose;heartRate;cigsPerDay;prevalentHyp;education
12,145,0,1,10,BMI;sysBP;age;totChol;diaBP;glucose;heartRate;cigsPerDay;prevalentHyp;education
12,146,1,0,10,BMI;sysBP;age;totChol;diaBP;glucose;heartRate;cigsPerDay;prevalentHyp;education
12,147,1,0,10,BMI;sysBP;age;totChol;diaBP;glucose;heartRate;cigsPerDay;prevalentHyp;education
12,148,1,1,10,BMI;sysBP;age;totChol;diaBP;glucose;heartRate;cigsPerDay;prevalentHyp;education
12,149,0,0,10,BMI;sysBP;age;totChol;diaBP;glucose;heartRate;cigsPerDay;prevalentHyp;education
12,150,1,1,10,BMI;sysBP;age;totChol;diaBP;glucose;heartRate;cigsPerDay;prevalentHyp;education
12,151,0,0,10,BMI;sysBP;age;totChol;diaBP;glucose;heartRate;cigsPerDay;prevalentHyp;education
12,152,0,0,10,BMI;sysBP;age;totChol;diaBP;glucose;heartRate;cigsPerDay;prevalentHyp;education
12,153,1,1,10,BMI;sysBP;age;totChol;diaBP;glucose;heartRate;cigsPerDay;prevalentHyp;education
12,154,1,1,10,BMI;sysBP;age;totChol;diaBP;glucose;heartRate;cigsPerDay;prevalentHyp;education
12,155,1,0,10,BMI;sysBP;age;totChol;diaBP;glucose;heartRate;cigsPerDay;prevalentHyp;education
12,156,1,1,10,BMI;sysBP;age;totChol;diaBP;glucose;heartRate;cigsPerDay;prevalentHyp;education
12,157,1,1,10,BMI;sysBP;age;totChol;diaBP;glucose;heartRate;cigsPerDay;prevalentHyp;education
12,158,0,1,10,BMI;sysBP;age;totChol;diaBP;glucose;heartRate;cigsPerDay;prevalentHyp;education
12,159,0,0,10,BMI;sysBP;age;totChol;diaBP;glucose;heartRate;cigsPerDay;prevalentHyp;education
12,160,0,1,10,BMI;sysBP;age;totChol;diaBP;glucose;heartRate;cigsPerDay;prevalentHyp;education
12,161,0,0,10,BMI;sysBP;age;totChol;diaBP;glucose;heartRate;cigsPerDay;prevalentHyp;education
12,162,0,0,10,BMI;sysBP;age;totChol;diaBP;glucose;heartRate;cigsPerDay;prevalentHyp;education
12,163,1,1,10,BMI;sysBP;age;totChol;diaBP;glucose;heartRate;cigsPerDay;prevalentHyp;education
12,164,0,1,10,BMI;sysBP;age;totChol;diaBP;glucose;heartRate;cigsPerDay;prevalentHyp;education
12,165,1,1,10,BMI;sysBP;age;totChol;diaBP;glucose;heartRate;cigsPerDay;prevalentHyp;education
12,166,0,1,10,BMI;sysBP;age;totChol;diaBP;glucose;heartRate;cigsPerDay;prevalentHyp;education
12,167,1,0,10,BMI;sysBP;age;totChol;diaBP;glucose;heartRate;cigsPerDay;prevalentHyp;education
12,168,1,0,10,BMI;sysBP;age;totChol;diaBP;glucose;heartRate;cigsPerDay;prevalentHyp;education
12,169,0,0,10,BMI;sysBP;age;totChol;diaBP;glucose;heartRate;cigsPerDay;prevalentHyp;education
12,170,1,0,10,BMI;sysBP;age;totChol;diaBP;glucose;heartRate;cigsPerDay;prevalentHyp;education
12,171,1,0,10,BMI;sysBP;age;totChol;diaBP;glucose;heartRate;cigsPerDay;prevalentHyp;education
12,172,1,0,10,BMI;sysBP;age;totChol;diaBP;glucose;heartRate;cigsPerDay;prevalentHyp;education
12,173,1,1,10,BMI;sysBP;age;totChol;diaBP;glucose;heartRate;cigsPerDay;prevalentHyp;education
12,174,1,1,10,BMI;sysBP;age;totChol;diaBP;glucose;heartRate;cigsPerDay;prevalentHyp;education
12,175,0,1,10,BMI;sysBP;age;totChol;diaBP;glucose;heartRate;cigsPerDay;prevalentHyp;education
12,176,1,1,10,BMI;sysBP;age;totChol;diaBP;glucose;heartRate;cigsPerDay;prevalentHyp;education
12,177,0,1,10,BMI;sysBP;age;totChol;diaBP;glucose;heartRate;cigsPerDay;prevalentHyp;education
12,178,1,0,10,BMI;sysBP;age;totChol;diaBP;glucose;heartRate;cigsPerDay;prevalentHyp;education
12,179,1,1,10,BMI;sysBP;age;totChol;diaBP;glucose;heartRate;cigsPerDay;prevalentHyp;education
12,180,1,1,10,BMI;sysBP;age;totChol;diaBP;glucose;heartRate;cigsPerDay;prevalentHyp;education
12,181,1,1,10,BMI;sysBP;age;totChol;diaBP;glucose;heartRate;cigsPerDay;prevalentHyp;education
12,182,1,0,10,BMI;sysBP;age;totChol;diaBP;glucose;heartRate;cigsPerDay;prevalentHyp;education
12,183,1,0,10,BMI;sysBP;age;totChol;diaBP;glucose;heartRate;cigsPerDay;prevalentHyp;education
12,184,1,1,10,BMI;sysBP;age;totChol;diaBP;glucose;heartRate;cigsPerDay;prevalentHyp;education
12,185,1,1,10,BMI;sysBP;age;totChol;diaBP;glucose;heartRate;cigsPerDay;prevalentHyp;education
12,186,0,0,10,BMI;sysBP;age;totChol;diaBP;glucose;heartRate;cigsPerDay;prevalentHyp;education
12,187,0,1,10,BMI;sysBP;age;totChol;diaBP;glucose;heartRate;cigsPerDay;prevalentHyp;education
12,188,0,1,10,BMI;sysBP;age;totChol;diaBP;glucose;heartRate;cigsPerDay;prevalentHyp;education
12,189,1,0,10,BMI;sysBP;age;totChol;diaBP;glucose;heartRate;cigsPerDay;prevalentHyp;education
12,190,1,0,10,BMI;sysBP;age;totChol;diaBP;glucose;heartRate;cigsPerDay;prevalentHyp;education
12,191,1,1,10,BMI;sysBP;age;totChol;diaBP;glucose;heartRate;cigsPerDay;prevalentHyp;education
12,192,0,1,10,BMI;sysBP;age;totChol;diaBP;glucose;heartRate;cigsPerDay;prevalentHyp;education
12,193,1,1,10,BMI;sysBP;age;totChol;diaBP;glucose;heartRate;cigsPerDay;prevalentHyp;education
12,194,0,1,10,BMI;sysBP;age;totChol;diaBP;glucose;heartRate;cigsPerDay;prevalentHyp;education
12,195,0,1,10,BMI;sysBP;age;totChol;diaBP;glucose;heartRate;cigsPerDay;prevalentHyp;education
12,196,0,1,10,BMI;sysBP;age;totChol;diaBP;glucose;heartRate;cigsPerDay;prevalentHyp;education
12,197,0,0,10,BMI;sysBP;age;totChol;diaBP;glucose;heartRate;cigsPerDay;prevalentHyp;education
12,198,0,1,10,BMI;sysBP;age;totChol;diaBP;glucose;heartRate;cigsPerDay;prevalentHyp;education
12,199,0,1,10,BMI;sysBP;age;totChol;diaBP;glucose;heartRate;cigsPerDay;prevalentHyp;education
12,200,1,1,10,BMI;sysBP;age;totChol;diaBP;glucose;heartRate;cigsPerDay;prevalentHyp;education
12,201,0,1,10,BMI;sysBP;age;totChol;diaBP;glucose;heartRate;cigsPerDay;prevalentHyp;education
12,202,0,0,10,BMI;sysBP;age;totChol;diaBP;glucose;heartRate;cigsPerDay;prevalentHyp;education
12,203,0,0,10,BMI;sysBP;age;totChol;diaBP;glucose;heartRate;cigsPerDay;prevalentHyp;education
12,204,0,0,10,BMI;sysBP;age;totChol;diaBP;glucose;heartRate;cigsPerDay;prevalentHyp;education
12,205,1,1,10,BMI;sysBP;age;totChol;diaBP;glucose;heartRate;cigsPerDay;prevalentHyp;education
12,206,1,0,10,BMI;sysBP;age;totChol;diaBP;glucose;heartRate;cigsPerDay;prevalentHyp;education
12,207,1,1,10,BMI;sysBP;age;totChol;diaBP;glucose;heartRate;cigsPerDay;prevalentHyp;education
12,208,0,0,10,BMI;sysBP;age;totChol;diaBP;glucose;heartRate;cigsPerDay;prevalentHyp;education
12,209,1,1,10,BMI;sysBP;age;totChol;diaBP;glucose;heartRate;cigsPerDay;prevalentHyp;education
12,210,0,0,10,BMI;sysBP;age;totChol;diaBP;glucose;heartRate;cigsPerDay;prevalentHyp;education
12,211,1,0,10,BMI;sysBP;age;totChol;diaBP;glucose;heartRate;cigsPerDay;prevalentHyp;education
12,212,1,1,10,BMI;sysBP;age;totChol;diaBP;glucose;heartRate;cigsPerDay;prevalentHyp;education
12,213,0,1,10,BMI;sysBP;age;totChol;diaBP;glucose;heartRate;cigsPerDay;prevalentHyp;education
12,214,0,1,10,BMI;sysBP;age;totChol;diaBP;glucose;heartRate;cigsPerDay;prevalentHyp;education
12,215,1,0,10,BMI;sysBP;age;totChol;diaBP;glucose;heartRate;cigsPerDay;prevalentHyp;education
12,216,0,1,10,BMI;sysBP;age;totChol;diaBP;glucose;heartRate;cigsPerDay;prevalentHyp;education
12,217,0,0,10,BMI;sysBP;age;totChol;diaBP;glucose;heartRate;cigsPerDay;prevalentHyp;education
12,218,0,1,10,BMI;sysBP;age;totChol;diaBP;glucose;heartRate;cigsPerDay;prevalentHyp;education
12,219,0,1,10,BMI;sysBP;age;totChol;diaBP;glucose;heartRate;cigsPerDay;prevalentHyp;education
12,220,0,1,10,BMI;sysBP;age;totChol;diaBP;glucose;heartRate;cigsPerDay;prevalentHyp;education
12,221,1,1,10,BMI;sysBP;age;totChol;diaBP;glucose;heartRate;cigsPerDay;prevalentHyp;education
12,222,0,0,10,BMI;sysBP;age;totChol;diaBP;glucose;heartRate;cigsPerDay;prevalentHyp;education
12,223,1,1,10,BMI;sysBP;age;totChol;diaBP;glucose;heartRate;cigsPerDay;prevalentHyp;education
12,224,1,0,10,BMI;sysBP;age;totChol;diaBP;glucose;heartRate;cigsPerDay;prevalentHyp;education
12,225,1,1,10,BMI;sysBP;age;totChol;diaBP;glucose;heartRate;cigsPerDay;prevalentHyp;education
12,226,1,1,10,BMI;sysBP;age;totChol;diaBP;glucose;heartRate;cigsPerDay;prevalentHyp;education
12,227,0,1,10,BMI;sysBP;age;totChol;diaBP;glucose;heartRate;cigsPerDay;prevalentHyp;education
12,228,1,1,10,BMI;sysBP;age;totChol;diaBP;glucose;heartRate;cigsPerDay;prevalentHyp;education
12,229,0,0,10,BMI;sysBP;age;totChol;diaBP;glucose;heartRate;cigsPerDay;prevalentHyp;education
12,230,1,1,10,BMI;sysBP;age;totChol;diaBP;glucose;heartRate;cigsPerDay;prevalentHyp;education
12,231,0,0,10,BMI;sysBP;age;totChol;diaBP;glucose;heartRate;cigsPerDay;prevalentHyp;education
12,232,0,0,10,BMI;sysBP;age;totChol;diaBP;glucose;heartRate;cigsPerDay;prevalentHyp;education
12,233,1,1,10,BMI;sysBP;age;totChol;diaBP;glucose;heartRate;cigsPerDay;prevalentHyp;education
12,234,1,0,10,BMI;sysBP;age;totChol;diaBP;glucose;heartRate;cigsPerDay;prevalentHyp;education
12,235,0,1,10,BMI;sysBP;age;totChol;diaBP;glucose;heartRate;cigsPerDay;prevalentHyp;education
12,236,0,0,10,BMI;sysBP;age;totChol;diaBP;glucose;heartRate;cigsPerDay;prevalentHyp;education
12,237,0,1,10,BMI;sysBP;age;totChol;diaBP;glucose;heartRate;cigsPerDay;prevalentHyp;education
12,238,0,0,10,BMI;sysBP;age;totChol;diaBP;glucose;heartRate;cigsPerDay;prevalentHyp;education
12,239,0,0,10,BMI;sysBP;age;totChol;diaBP;glucose;heartRate;cigsPerDay;prevalentHyp;education
12,240,0,1,10,BMI;sysBP;age;totChol;diaBP;glucose;heartRate;cigsPerDay;prevalentHyp;education
12,241,1,1,10,BMI;sysBP;age;totChol;diaBP;glucose;heartRate;cigsPerDay;prevalentHyp;education
12,242,1,0,10,BMI;sysBP;age;totChol;diaBP;glucose;heartRate;cigsPerDay;prevalentHyp;education
12,243,0,0,10,BMI;sysBP;age;totChol;diaBP;glucose;heartRate;cigsPerDay;prevalentHyp;education
12,244,1,1,10,BMI;sysBP;age;totChol;diaBP;glucose;heartRate;cigsPerDay;prevalentHyp;education
12,245,1,1,10,BMI;sysBP;age;totChol;diaBP;glucose;heartRate;cigsPerDay;prevalentHyp;education
12,246,0,0,10,BMI;sysBP;age;totChol;diaBP;glucose;heartRate;cigsPerDay;prevalentHyp;education
12,247,1,1,10,BMI;sysBP;age;totChol;diaBP;glucose;heartRate;cigsPerDay;prevalentHyp;education
12,248,0,1,10,BMI;sysBP;age;totChol;diaBP;glucose;heartRate;cigsPerDay;prevalentHyp;education
12,249,0,0,10,BMI;sysBP;age;totChol;diaBP;glucose;heartRate;cigsPerDay;prevalentHyp;education
12,250,1,1,10,BMI;sysBP;age;totChol;diaBP;glucose;heartRate;cigsPerDay;prevalentHyp;education
12,251,0,0,10,BMI;sysBP;age;totChol;diaBP;glucose;heartRate;cigsPerDay;prevalentHyp;education
12,252,1,0,10,BMI;sysBP;age;totChol;diaBP;glucose;heartRate;cigsPerDay;prevalentHyp;education
12,253,0,0,10,BMI;sysBP;age;totChol;diaBP;glucose;heartRate;cigsPerDay;prevalentHyp;education
12,254,1,1,10,BMI;sysBP;age;totChol;diaBP;glucose;heartRate;cigsPerDay;prevalentHyp;education
12,255,0,0,10,BMI;sysBP;age;totChol;diaBP;glucose;heartRate;cigsPerDay;prevalentHyp;education
12,256,1,1,10,BMI;sysBP;age;totChol;diaBP;glucose;heartRate;cigsPerDay;prevalentHyp;education
12,257,1,1,10,BMI;sysBP;age;totChol;diaBP;glucose;heartRate;cigsPerDay;prevalentHyp;education
12,258,0,1,10,BMI;sysBP;age;totChol;diaBP;glucose;heartRate;cigsPerDay;prevalentHyp;education
12,259,1,0,10,BMI;sysBP;age;totChol;diaBP;glucose;heartRate;cigsPerDay;prevalentHyp;education
12,260,1,0,10,BMI;sysBP;age;totChol;diaBP;glucose;heartRate;cigsPerDay;prevalentHyp;education
12,261,1,1,10,BMI;sysBP;age;totChol;diaBP;glucose;heartRate;cigsPerDay;prevalentHyp;education
12,262,1,1,10,BMI;sysBP;age;totChol;diaBP;glucose;heartRate;cigsPerDay;prevalentHyp;education
12,263,1,1,10,BMI;sysBP;age;totChol;diaBP;glucose;heartRate;cigsPerDay;prevalentHyp;education
12,264,1,1,10,BMI;sysBP;age;totChol;diaBP;glucose;heartRate;cigsPerDay;prevalentHyp;education
12,265,1,0,10,BMI;sysBP;age;totChol;diaBP;glucose;heartRate;cigsPerDay;prevalentHyp;education
12,266,0,0,10,BMI;sysBP;age;totChol;diaBP;glucose;heartRate;cigsPerDay;prevalentHyp;education
12,267,0,0,10,BMI;sysBP;age;totChol;diaBP;glucose;heartRate;cigsPerDay;prevalentHyp;education
12,268,0,1,10,BMI;sysBP;age;totChol;diaBP;glucose;heartRate;cigsPerDay;prevalentHyp;education
12,269,1,1,10,BMI;sysBP;age;totChol;diaBP;glucose;heartRate;cigsPerDay;prevalentHyp;education
12,270,1,1,10,BMI;sysBP;age;totChol;diaBP;glucose;heartRate;cigsPerDay;prevalentHyp;education
12,271,0,0,10,BMI;sysBP;age;totChol;diaBP;glucose;heartRate;cigsPerDay;prevalentHyp;education
12,272,0,0,10,BMI;sysBP;age;totChol;diaBP;glucose;heartRate;cigsPerDay;prevalentHyp;education
12,273,0,1,10,BMI;sysBP;age;totChol;diaBP;glucose;heartRate;cigsPerDay;prevalentHyp;education
12,274,1,1,10,BMI;sysBP;age;totChol;diaBP;glucose;heartRate;cigsPerDay;prevalentHyp;education
12,275,1,1,10,BMI;sysBP;age;totChol;diaBP;glucose;heartRate;cigsPerDay;prevalentHyp;education
12,276,0,1,10,BMI;sysBP;age;totChol;diaBP;glucose;heartRate;cigsPerDay;prevalentHyp;education
12,277,0,1,10,BMI;sysBP;age;totChol;diaBP;glucose;heartRate;cigsPerDay;prevalentHyp;education
12,278,0,0,10,BMI;sysBP;age;totChol;diaBP;glucose;heartRate;cigsPerDay;prevalentHyp;education
12,279,0,1,10,BMI;sysBP;age;totChol;diaBP;glucose;heartRate;cigsPerDay;prevalentHyp;education
12,280,1,1,10,BMI;sysBP;age;totChol;diaBP;glucose;heartRate;cigsPerDay;prevalentHyp;education
12,281,0,0,10,BMI;sysBP;age;totChol;diaBP;glucose;heartRate;cigsPerDay;prevalentHyp;education
12,282,0,1,10,BMI;sysBP;age;totChol;diaBP;glucose;heartRate;cigsPerDay;prevalentHyp;education
12,283,1,1,10,BMI;sysBP;age;totChol;diaBP;glucose;heartRate;cigsPerDay;prevalentHyp;education
12,284,0,0,10,BMI;sysBP;age;totChol;diaBP;glucose;heartRate;cigsPerDay;prevalentHyp;education
12,285,0,0,10,BMI;sysBP;age;totChol;diaBP;glucose;heartRate;cigsPerDay;prevalentHyp;education
12,286,0,1,10,BMI;sysBP;age;totChol;diaBP;glucose;heartRate;cigsPerDay;prevalentHyp;education
12,287,1,1,10,BMI;sysBP;age;totChol;diaBP;glucose;heartRate;cigsPerDay;prevalentHyp;education
12,288,1,0,10,BMI;sysBP;age;totChol;diaBP;glucose;heartRate;cigsPerDay;prevalentHyp;education
12,289,0,0,10,BMI;sysBP;age;totChol;diaBP;glucose;heartRate;cigsPerDay;prevalentHyp;education
12,290,1,1,10,BMI;sysBP;age;totChol;diaBP;glucose;heartRate;cigsPerDay;prevalentHyp;education
12,291,1,1,10,BMI;sysBP;age;totChol;diaBP;glucose;heartRate;cigsPerDay;prevalentHyp;education
12,292,1,1,10,BMI;sysBP;age;totChol;diaBP;glucose;heartRate;cigsPerDay;prevalentHyp;education
12,293,0,0,10,BMI;sysBP;age;totChol;diaBP;glucose;heartRate;cigsPerDay;prevalentHyp;education
12,294,0,0,10,BMI;sysBP;age;totChol;diaBP;glucose;heartRate;cigsPerDay;prevalentHyp;education
12,295,0,1,10,BMI;sysBP;age;totChol;diaBP;glucose;heartRate;cigsPerDay;prevalentHyp;education
12,296,1,0,10,BMI;sysBP;age;totChol;diaBP;glucose;heartRate;cigsPerDay;prevalentHyp;education
12,297,0,0,10,BMI;sysBP;age;totChol;diaBP;glucose;heartRate;cigsPerDay;prevalentHyp;education
12,298,0,0,10,BMI;sysBP;age;totChol;diaBP;glucose;heartRate;cigsPerDay;prevalentHyp;education
12,299,0,0,10,BMI;sysBP;age;totChol;diaBP;glucose;heartRate;cigsPerDay;prevalentHyp;education
12,300,0,0,10,BMI;sysBP;age;totChol;diaBP;glucose;heartRate;cigsPerDay;prevalentHyp;education
12,301,1,1,10,BMI;sysBP;age;totChol;diaBP;glucose;heartRate;cigsPerDay;prevalentHyp;education
12,302,0,0,10,BMI;sysBP;age;totChol;diaBP;glucose;heartRate;cigsPerDay;prevalentHyp;education
12,303,1,0,10,BMI;sysBP;age;totChol;diaBP;glucose;heartRate;cigsPerDay;prevalentHyp;education
12,304,1,1,10,BMI;sysBP;age;totChol;diaBP;glucose;heartRate;cigsPerDay;prevalentHyp;education
12,305,1,1,10,BMI;sysBP;age;totChol;diaBP;glucose;heartRate;cigsPerDay;prevalentHyp;education
12,306,1,1,10,BMI;sysBP;age;totChol;diaBP;glucose;heartRate;cigsPerDay;prevalentHyp;education
12,307,1,1,10,BMI;sysBP;age;totChol;diaBP;glucose;heartRate;cigsPerDay;prevalentHyp;education
12,308,1,1,10,BMI;sysBP;age;totChol;diaBP;glucose;heartRate;cigsPerDay;prevalentHyp;education
12,309,0,1,10,BMI;sysBP;age;totChol;diaBP;glucose;heartRate;cigsPerDay;prevalentHyp;education
12,310,1,1,10,BMI;sysBP;age;totChol;diaBP;glucose;heartRate;cigsPerDay;prevalentHyp;education
12,311,1,1,10,BMI;sysBP;age;totChol;diaBP;glucose;heartRate;cigsPerDay;prevalentHyp;education
12,312,1,0,10,BMI;sysBP;age;totChol;diaBP;glucose;heartRate;cigsPerDay;prevalentHyp;education
12,313,0,1,10,BMI;sysBP;age;totChol;diaBP;glucose;heartRate;cigsPerDay;prevalentHyp;education
12,314,0,1,10,BMI;sysBP;age;totChol;diaBP;glucose;heartRate;cigsPerDay;prevalentHyp;education
12,315,0,1,10,BMI;sysBP;age;totChol;diaBP;glucose;heartRate;cigsPerDay;prevalentHyp;education
12,316,0,1,10,BMI;sysBP;age;totChol;diaBP;glucose;heartRate;cigsPerDay;prevalentHyp;education
12,317,0,0,10,BMI;sysBP;age;totChol;diaBP;glucose;heartRate;cigsPerDay;prevalentHyp;education
12,318,0,0,10,BMI;sysBP;age;totChol;diaBP;glucose;heartRate;cigsPerDay;prevalentHyp;education
12,319,0,1,10,BMI;sysBP;age;totChol;diaBP;glucose;heartRate;cigsPerDay;prevalentHyp;education
12,320,0,1,10,BMI;sysBP;age;totChol;diaBP;glucose;heartRate;cigsPerDay;prevalentHyp;education
12,321,0,1,10,BMI;sysBP;age;totChol;diaBP;glucose;heartRate;cigsPerDay;prevalentHyp;education
12,322,0,1,10,BMI;sysBP;age;totChol;diaBP;glucose;heartRate;cigsPerDay;prevalentHyp;education
12,323,0,1,10,BMI;sysBP;age;totChol;diaBP;glucose;heartRate;cigsPerDay;prevalentHyp;education
12,324,0,0,10,BMI;sysBP;age;totChol;diaBP;glucose;heartRate;cigsPerDay;prevalentHyp;education
12,325,0,1,10,BMI;sysBP;age;totChol;diaBP;glucose;heartRate;cigsPerDay;prevalentHyp;education
12,326,0,1,10,BMI;sysBP;age;totChol;diaBP;glucose;heartRate;cigsPerDay;prevalentHyp;education
12,327,0,1,10,BMI;sysBP;age;totChol;diaBP;glucose;heartRate;cigsPerDay;prevalentHyp;education
12,328,0,0,10,BMI;sysBP;age;totChol;diaBP;glucose;heartRate;cigsPerDay;prevalentHyp;education
12,329,1,1,10,BMI;sysBP;age;totChol;diaBP;glucose;heartRate;cigsPerDay;prevalentHyp;education
12,330,1,0,10,BMI;sysBP;age;totChol;diaBP;glucose;heartRate;cigsPerDay;prevalentHyp;education
12,331,0,1,10,BMI;sysBP;age;totChol;diaBP;glucose;heartRate;cigsPerDay;prevalentHyp;education
12,332,1,1,10,BMI;sysBP;age;totChol;diaBP;glucose;heartRate;cigsPerDay;prevalentHyp;education
12,333,0,0,10,BMI;sysBP;age;totChol;diaBP;glucose;heartRate;cigsPerDay;prevalentHyp;education
12,334,0,1,10,BMI;sysBP;age;totChol;diaBP;glucose;heartRate;cigsPerDay;prevalentHyp;education
12,335,1,0,10,BMI;sysBP;age;totChol;diaBP;glucose;heartRate;cigsPerDay;prevalentHyp;education
12,336,1,1,10,BMI;sysBP;age;totChol;diaBP;glucose;heartRate;cigsPerDay;prevalentHyp;education
12,337,1,1,10,BMI;sysBP;age;totChol;diaBP;glucose;heartRate;cigsPerDay;prevalentHyp;education
12,338,1,0,10,BMI;sysBP;age;totChol;diaBP;glucose;heartRate;cigsPerDay;prevalentHyp;education
12,339,1,1,10,BMI;sysBP;age;totChol;diaBP;glucose;heartRate;cigsPerDay;prevalentHyp;education
12,340,0,1,10,BMI;sysBP;age;totChol;diaBP;glucose;heartRate;cigsPerDay;prevalentHyp;education
12,341,1,1,10,BMI;sysBP;age;totChol;diaBP;glucose;heartRate;cigsPerDay;prevalentHyp;education
12,342,0,1,10,BMI;sysBP;age;totChol;diaBP;glucose;heartRate;cigsPerDay;prevalentHyp;education
12,343,1,1,10,BMI;sysBP;age;totChol;diaBP;glucose;heartRate;cigsPerDay;prevalentHyp;education
12,344,0,1,10,BMI;sysBP;age;totChol;diaBP;glucose;heartRate;cigsPerDay;prevalentHyp;education
12,345,1,0,10,BMI;sysBP;age;totChol;diaBP;glucose;heartRate;cigsPerDay;prevalentHyp;education
12,346,0,0,10,BMI;sysBP;age;totChol;diaBP;glucose;heartRate;cigsPerDay;prevalentHyp;education
12,347,0,0,10,BMI;sysBP;age;totChol;diaBP;glucose;heartRate;cigsPerDay;prevalentHyp;education
12,348,0,0,10,BMI;sysBP;age;totChol;diaBP;glucose;heartRate;cigsPerDay;prevalentHyp;education
12,349,1,1,10,BMI;sysBP;age;totChol;diaBP;glucose;heartRate;cigsPerDay;prevalentHyp;education
12,350,0,0,10,BMI;sysBP;age;totChol;diaBP;glucose;heartRate;cigsPerDay;prevalentHyp;education
12,351,1,0,10,BMI;sysBP;age;totChol;diaBP;glucose;heartRate;cigsPerDay;prevalentHyp;education
12,352,0,1,10,BMI;sysBP;age;totChol;diaBP;glucose;heartRate;cigsPerDay;prevalentHyp;education
12,353,1,1,10,BMI;sysBP;age;totChol;diaBP;glucose;heartRate;cigsPerDay;prevalentHyp;education
12,354,0,1,10,BMI;sysBP;age;totChol;diaBP;glucose;heartRate;cigsPerDay;prevalentHyp;education
12,355,0,1,10,BMI;sysBP;age;totChol;diaBP;glucose;heartRate;cigsPerDay;prevalentHyp;education
12,356,1,1,10,BMI;sysBP;age;totChol;diaBP;glucose;heartRate;cigsPerDay;prevalentHyp;education
12,357,0,0,10,BMI;sysBP;age;totChol;diaBP;glucose;heartRate;cigsPerDay;prevalentHyp;education
12,358,0,1,10,BMI;sysBP;age;totChol;diaBP;glucose;heartRate;cigsPerDay;prevalentHyp;education
12,359,0,0,10,BMI;sysBP;age;totChol;diaBP;glucose;heartRate;cigsPerDay;prevalentHyp;education
12,360,0,1,10,BMI;sysBP;age;totChol;diaBP;glucose;heartRate;cigsPerDay;prevalentHyp;education
12,361,1,1,10,BMI;sysBP;age;totChol;diaBP;glucose;heartRate;cigsPerDay;prevalentHyp;education
12,362,1,1,10,BMI;sysBP;age;totChol;diaBP;glucose;heartRate;cigsPerDay;prevalentHyp;education
12,363,1,1,10,BMI;sysBP;age;totChol;diaBP;glucose;heartRate;cigsPerDay;prevalentHyp;education
12,364,1,1,10,BMI;sysBP;age;totChol;diaBP;glucose;heartRate;cigsPerDay;prevalentHyp;education
12,365,0,1,10,BMI;sysBP;age;totChol;diaBP;glucose;heartRate;cigsPerDay;prevalentHyp;education
12,366,1,1,10,BMI;sysBP;age;totChol;diaBP;glucose;heartRate;cigsPerDay;prevalentHyp;education
12,367,1,1,10,BMI;sysBP;age;totChol;diaBP;glucose;heartRate;cigsPerDay;prevalentHyp;education
12,368,1,1,10,BMI;sysBP;age;totChol;diaBP;glucose;heartRate;cigsPerDay;prevalentHyp;education
12,369,1,0,10,BMI;sysBP;age;totChol;diaBP;glucose;heartRate;cigsPerDay;prevalentHyp;education
12,370,0,1,10,BMI;sysBP;age;totChol;diaBP;glucose;heartRate;cigsPerDay;prevalentHyp;education
12,371,0,0,10,BMI;sysBP;age;totChol;diaBP;glucose;heartRate;cigsPerDay;prevalentHyp;education
12,372,0,0,10,BMI;sysBP;age;totChol;diaBP;glucose;heartRate;cigsPerDay;prevalentHyp;education
12,373,1,1,10,BMI;sysBP;age;totChol;diaBP;glucose;heartRate;cigsPerDay;prevalentHyp;education
12,374,0,1,10,BMI;sysBP;age;totChol;diaBP;glucose;heartRate;cigsPerDay;prevalentHyp;education
12,375,1,1,10,BMI;sysBP;age;totChol;diaBP;glucose;heartRate;cigsPerDay;prevalentHyp;education
12,376,0,0,10,BMI;sysBP;age;totChol;diaBP;glucose;heartRate;cigsPerDay;prevalentHyp;education
12,377,1,1,10,BMI;sysBP;age;totChol;diaBP;glucose;heartRate;cigsPerDay;prevalentHyp;education
12,378,0,1,10,BMI;sysBP;age;totChol;diaBP;glucose;heartRate;cigsPerDay;prevalentHyp;education
12,379,0,0,10,BMI;sysBP;age;totChol;diaBP;glucose;heartRate;cigsPerDay;prevalentHyp;education
12,380,0,1,10,BMI;sysBP;age;totChol;diaBP;glucose;heartRate;cigsPerDay;prevalentHyp;education
12,381,0,1,10,BMI;sysBP;age;totChol;diaBP;glucose;heartRate;cigsPerDay;prevalentHyp;education
12,382,1,1,10,BMI;sysBP;age;totChol;diaBP;glucose;heartRate;cigsPerDay;prevalentHyp;education
12,383,1,1,10,BMI;sysBP;age;totChol;diaBP;glucose;heartRate;cigsPerDay;prevalentHyp;education
12,384,1,1,10,BMI;sysBP;age;totChol;diaBP;glucose;heartRate;cigsPerDay;prevalentHyp;education
12,385,0,1,10,BMI;sysBP;age;totChol;diaBP;glucose;heartRate;cigsPerDay;prevalentHyp;education
12,386,1,1,10,BMI;sysBP;age;totChol;diaBP;glucose;heartRate;cigsPerDay;prevalentHyp;education
12,387,0,1,10,BMI;sysBP;age;totChol;diaBP;glucose;heartRate;cigsPerDay;prevalentHyp;education
12,388,1,1,10,BMI;sysBP;age;totChol;diaBP;glucose;heartRate;cigsPerDay;prevalentHyp;education
12,389,0,0,10,BMI;sysBP;age;totChol;diaBP;glucose;heartRate;cigsPerDay;prevalentHyp;education
12,390,0,1,10,BMI;sysBP;age;totChol;diaBP;glucose;heartRate;cigsPerDay;prevalentHyp;education
12,391,1,1,10,BMI;sysBP;age;totChol;diaBP;glucose;heartRate;cigsPerDay;prevalentHyp;education
12,392,0,1,10,BMI;sysBP;age;totChol;diaBP;glucose;heartRate;cigsPerDay;prevalentHyp;education
12,393,1,1,10,BMI;sysBP;age;totChol;diaBP;glucose;heartRate;cigsPerDay;prevalentHyp;education
12,394,1,0,10,BMI;sysBP;age;totChol;diaBP;glucose;heartRate;cigsPerDay;prevalentHyp;education
12,395,1,1,10,BMI;sysBP;age;totChol;diaBP;glucose;heartRate;cigsPerDay;prevalentHyp;education
12,396,1,1,10,BMI;sysBP;age;totChol;diaBP;glucose;heartRate;cigsPerDay;prevalentHyp;education
12,397,0,1,10,BMI;sysBP;age;totChol;diaBP;glucose;heartRate;cigsPerDay;prevalentHyp;education
12,398,0,0,10,BMI;sysBP;age;totChol;diaBP;glucose;heartRate;cigsPerDay;prevalentHyp;education
12,399,1,1,10,BMI;sysBP;age;totChol;diaBP;glucose;heartRate;cigsPerDay;prevalentHyp;education
13,0,0,1,10,BMI;sysBP;age;totChol;diaBP;glucose;heartRate;cigsPerDay;prevalentHyp;education
13,1,0,0,10,BMI;sysBP;age;totChol;diaBP;glucose;heartRate;cigsPerDay;prevalentHyp;education
13,2,1,1,10,BMI;sysBP;age;totChol;diaBP;glucose;heartRate;cigsPerDay;prevalentHyp;education
13,3,0,1,10,BMI;sysBP;age;totChol;diaBP;glucose;heartRate;cigsPerDay;prevalentHyp;education
13,4,1,1,10,BMI;sysBP;age;totChol;diaBP;glucose;heartRate;cigsPerDay;prevalentHyp;education
13,5,1,1,10,BMI;sysBP;age;totChol;diaBP;glucose;heartRate;cigsPerDay;prevalentHyp;education
13,6,0,0,10,BMI;sysBP;age;totChol;diaBP;glucose;heartRate;cigsPerDay;prevalentHyp;education
13,7,1,1,10,BMI;sysBP;age;totChol;diaBP;glucose;heartRate;cigsPerDay;prevalentHyp;education
13,8,0,1,10,BMI;sysBP;age;totChol;diaBP;glucose;heartRate;cigsPerDay;prevalentHyp;education
13,9,1,0,10,BMI;sysBP;age;totChol;diaBP;glucose;heartRate;cigsPerDay;prevalentHyp;education
13,10,1,1,10,BMI;sysBP;age;totChol;diaBP;glucose;heartRate;cigsPerDay;prevalentHyp;education
13,11,0,1,10,BMI;sysBP;age;totChol;diaBP;glucose;heartRate;cigsPerDay;prevalentHyp;education
13,12,1,1,10,BMI;sysBP;age;totChol;diaBP;glucose;heartRate;cigsPerDay;prevalentHyp;education
13,13,1,1,10,BMI;sysBP;age;totChol;diaBP;glucose;heartRate;cigsPerDay;prevalentHyp;education
13,14,1,0,10,BMI;sysBP;age;totChol;diaBP;glucose;heartRate;cigsPerDay;prevalentHyp;education
13,15,1,1,10,BMI;sysBP;age;totChol;diaBP;glucose;heartRate;cigsPerDay;prevalentHyp;education
13,16,0,1,10,BMI;sysBP;age;totChol;diaBP;glucose;heartRate;cigsPerDay;prevalentHyp;education
13,17,0,1,10,BMI;sysBP;age;totChol;diaBP;glucose;heartRate;cigsPerDay;prevalentHyp;education
13,18,0,1,10,BMI;sysBP;age;totChol;diaBP;glucose;heartRate;cigsPerDay;prevalentHyp;education
13,19,0,0,10,BMI;sysBP;age;totChol;diaBP;glucose;heartRate;cigsPerDay;prevalentHyp;education
13,20,1,1,10,BMI;sysBP;age;totChol;diaBP;glucose;heartRate;cigsPerDay;prevalentHyp;education
13,21,1,1,10,BMI;sysBP;age;totChol;diaBP;glucose;heartRate;cigsPerDay;prevalentHyp;education
13,22,0,0,10,BMI;sysBP;age;totChol;diaBP;glucose;heartRate;cigsPerDay;prevalentHyp;education
13,23,0,1,10,BMI;sysBP;age;totChol;diaBP;glucose;heartRate;cigsPerDay;prevalentHyp;education
13,24,1,0,10,BMI;sysBP;age;totChol;diaBP;glucose;heartRate;cigsPerDay;prevalentHyp;education
13,25,0,1,10,BMI;sysBP;age;totChol;diaBP;glucose;heartRate;cigsPerDay;prevalentHyp;education
13,26,1,0,10,BMI;sysBP;age;totChol;diaBP;glucose;heartRate;cigsPerDay;prevalentHyp;education
13,27,0,1,10,BMI;sysBP;age;totChol;diaBP;glucose;heartRate;cigsPerDay;prevalentHyp;education
13,28,0,1,10,BMI;sysBP;age;totChol;diaBP;glucose;heartRate;cigsPerDay;prevalentHyp;education
13,29,1,1,10,BMI;sysBP;age;totChol;diaBP;glucose;heartRate;cigsPerDay;prevalentHyp;education
13,30,0,0,10,BMI;sysBP;age;totChol;diaBP;glucose;heartRate;cigsPerDay;prevalentHyp;education
13,31,1,1,10,BMI;sysBP;age;totChol;diaBP;glucose;heartRate;cigsPerDay;prevalentHyp;education
13,32,0,1,10,BMI;sysBP;age;totChol;diaBP;glucose;heartRate;cigsPerDay;prevalentHyp;education
13,33,1,0,10,BMI;sysBP;age;totChol;diaBP;glucose;heartRate;cigsPerDay;prevalentHyp;education
13,34,0,1,10,BMI;sysBP;age;totChol;diaBP;glucose;heartRate;cigsPerDay;prevalentHyp;education
13,35,1,1,10,BMI;sysBP;age;totChol;diaBP;glucose;heartRate;cigsPerDay;prevalentHyp;education
13,36,1,1,10,BMI;sysBP;age;totChol;diaBP;glucose;heartRate;cigsPerDay;prevalentHyp;education
13,37,0,0,10,BMI;sysBP;age;totChol;diaBP;glucose;heartRate;cigsPerDay;prevalentHyp;education
13,38,1,1,10,BMI;sysBP;age;totChol;diaBP;glucose;heartRate;cigsPerDay;prevalentHyp;education
13,39,1,1,10,BMI;sysBP;age;totChol;diaBP;glucose;heartRate;cigsPerDay;prevalentHyp;education
13,40,0,1,10,BMI;sysBP;age;totChol;diaBP;glucose;heartRate;cigsPerDay;prevalentHyp;education
13,41,1,1,10,BMI;sysBP;age;totChol;diaBP;glucose;heartRate;cigsPerDay;prevalentHyp;education
13,42,1,1,10,BMI;sysBP;age;totChol;diaBP;glucose;heartRate;cigsPerDay;prevalentHyp;education
13,43,1,1,10,BMI;sysBP;age;totChol;diaBP;glucose;heartRate;cigsPerDay;prevalentHyp;education
13,44,1,1,10,BMI;sysBP;age;totChol;diaBP;glucose;heartRate;cigsPerDay;prevalentHyp;education
13,45,0,0,10,BMI;sysBP;age;totChol;diaBP;glucose;heartRate;cigsPerDay;prevalentHyp;education
13,46,1,1,10,BMI;sysBP;age;totChol;diaBP;glucose;heartRate;cigsPerDay;prevalentHyp;education
13,47,1,1,10,BMI;sysBP;age;totChol;diaBP;glucose;heartRate;cigsPerDay;prevalentHyp;education
13,48,1,1,10,BMI;sysBP;age;totChol;diaBP;glucose;heartRate;cigsPerDay;prevalentHyp;education
13,49,1,0,10,BMI;sysBP;age;totChol;diaBP;glucose;heartRate;cigsPerDay;prevalentHyp;education
13,50,1,0,10,BMI;sysBP;age;totChol;diaBP;glucose;heartRate;cigsPerDay;prevalentHyp;education
13,51,0,1,10,BMI;sysBP;age;totChol;diaBP;glucose;heartRate;cigsPerDay;prevalentHyp;education
13,52,0,1,10,BMI;sysBP;age;totChol;diaBP;glucose;heartRate;cigsPerDay;prevalentHyp;education
13,53,1,1,10,BMI;sysBP;age;totChol;diaBP;glucose;heartRate;cigsPerDay;prevalentHyp;education
13,54,0,0,10,BMI;sysBP;age;totChol;diaBP;glucose;heartRate;cigsPerDay;prevalentHyp;education
13,55,1,1,10,BMI;sysBP;age;totChol;diaBP;glucose;heartRate;cigsPerDay;prevalentHyp;education
13,56,0,0,10,BMI;sysBP;age;totChol;diaBP;glucose;heartRate;cigsPerDay;prevalentHyp;education
13,57,1,1,10,BMI;sysBP;age;totChol;diaBP;glucose;heartRate;cigsPerDay;prevalentHyp;education
13,58,1,1,10,BMI;sysBP;age;totChol;diaBP;glucose;heartRate;cigsPerDay;prevalentHyp;education
13,59,1,1,10,BMI;sysBP;age;totChol;diaBP;glucose;heartRate;cigsPerDay;prevalentHyp;education
13,60,1,1,10,BMI;sysBP;age;totChol;diaBP;glucose;heartRate;cigsPerDay;prevalentHyp;education
13,61,0,1,10,BMI;sysBP;age;totChol;diaBP;glucose;heartRate;cigsPerDay;prevalentHyp;education
13,62,0,1,10,BMI;sysBP;age;totChol;diaBP;glucose;heartRate;cigsPerDay;prevalentHyp;education
13,63,1,0,10,BMI;sysBP;age;totChol;diaBP;glucose;heartRate;cigsPerDay;prevalentHyp;education
13,64,1,1,10,BMI;sysBP;age;totChol;diaBP;glucose;heartRate;cigsPerDay;prevalentHyp;education
13,65,1,1,10,BMI;sysBP;age;totChol;diaBP;glucose;heartRate;cigsPerDay;prevalentHyp;education
13,66,0,1,10,BMI;sysBP;age;totChol;diaBP;glucose;heartRate;cigsPerDay;prevalentHyp;education
13,67,0,0,10,BMI;sysBP;age;totChol;diaBP;glucose;heartRate;cigsPerDay;prevalentHyp;education
13,68,0,1,10,BMI;sysBP;age;totChol;diaBP;glucose;heartRate;cigsPerDay;prevalentHyp;education
13,69,1,1,10,BMI;sysBP;age;totChol;diaBP;glucose;heartRate;cigsPerDay;prevalentHyp;education
13,70,0,0,10,BMI;sysBP;age;totChol;diaBP;glucose;heartRate;cigsPerDay;prevalentHyp;education
13,71,1,1,10,BMI;sysBP;age;totChol;diaBP;glucose;heartRate;cigsPerDay;prevalentHyp;education
13,72,1,1,10,BMI;sysBP;age;totChol;diaBP;glucose;heartRate;cigsPerDay;prevalentHyp;education
13,73,1,1,10,BMI;sysBP;age;totChol;diaBP;glucose;heartRate;cigsPerDay;prevalentHyp;education
13,74,0,1,10,BMI;sysBP;age;totChol;diaBP;glucose;heartRate;cigsPerDay;prevalentHyp;education
13,75,0,1,10,BMI;sysBP;age;totChol;diaBP;glucose;heartRate;cigsPerDay;prevalentHyp;education
13,76,0,1,10,BMI;sysBP;age;totChol;diaBP;glucose;heartRate;cigsPerDay;prevalentHyp;education
13,77,0,1,10,BMI;sysBP;age;totChol;diaBP;glucose;heartRate;cigsPerDay;prevalentHyp;education
13,78,1,0,10,BMI;sysBP;age;totChol;diaBP;glucose;heartRate;cigsPerDay;prevalentHyp;education
13,79,0,1,10,BMI;sysBP;age;totChol;diaBP;glucose;heartRate;cigsPerDay;prevalentHyp;education
13,80,1,0,10,BMI;sysBP;age;totChol;diaBP;glucose;heartRate;cigsPerDay;prevalentHyp;education
13,81,1,1,10,BMI;sysBP;age;totChol;diaBP;glucose;heartRate;cigsPerDay;prevalentHyp;education
13,82,0,0,10,BMI;sysBP;age;totChol;diaBP;glucose;heartRate;cigsPerDay;prevalentHyp;education
13,83,0,1,10,BMI;sysBP;age;totChol;diaBP;glucose;heartRate;cigsPerDay;prevalentHyp;education
13,84,0,1,10,BMI;sysBP;age;totChol;diaBP;glucose;heartRate;cigsPerDay;prevalentHyp;education
13,85,1,1,10,BMI;sysBP;age;totChol;diaBP;glucose;heartRate;cigsPerDay;prevalentHyp;education
13,86,0,0,10,BMI;sysBP;age;totChol;diaBP;glucose;heartRate;cigsPerDay;prevalentHyp;education
13,87,0,1,10,BMI;sysBP;age;totChol;diaBP;glucose;heartRate;cigsPerDay;prevalentHyp;education
13,88,1,1,10,BMI;sysBP;age;totChol;diaBP;glucose;heartRate;cigsPerDay;prevalentHyp;education
13,89,1,1,10,BMI;sysBP;age;totChol;diaBP;glucose;heartRate;cigsPerDay;prevalentHyp;education
13,90,0,1,10,BMI;sysBP;age;totChol;diaBP;glucose;heartRate;cigsPerDay;prevalentHyp;education
13,91,0,0,10,BMI;sysBP;age;totChol;diaBP;glucose;heartRate;cigsPerDay;prevalentHyp;education
13,92,1,1,10,BMI;sysBP;age;totChol;diaBP;glucose;heartRate;cigsPerDay;prevalentHyp;education
13,93,0,1,10,BMI;sysBP;age;totChol;diaBP;glucose;heartRate;cigsPerDay;prevalentHyp;education
13,94,1,1,10,BMI;sysBP;age;totChol;diaBP;glucose;heartRate;cigsPerDay;prevalentHyp;education
13,95,0,1,10,BMI;sysBP;age;totChol;diaBP;glucose;heartRate;cigsPerDay;prevalentHyp;education
13,96,0,1,10,BMI;sysBP;age;totChol;diaBP;glucose;heartRate;cigsPerDay;prevalentHyp;education
13,97,0,1,10,BMI;sysBP;age;totChol;diaBP;glucose;heartRate;cigsPerDay;prevalentHyp;education
13,98,0,0,10,BMI;sysBP;age;totChol;diaBP;glucose;heartRate;cigsPerDay;prevalentHyp;education
13,99,1,0,10,BMI;sysBP;age;totChol;diaBP;glucose;heartRate;cigsPerDay;prevalentHyp;education
13,100,0,0,10,BMI;sysBP;age;totChol;diaBP;glucose;heartRate;cigsPerDay;prevalentHyp;education
13,101,1,0,10,BMI;sysBP;age;totChol;diaBP;glucose;heartRate;cigsPerDay;prevalentHyp;education
13,102,1,0,10,BMI;sysBP;age;totChol;diaBP;glucose;heartRate;cigsPerDay;prevalentHyp;education
13,103,1,1,10,BMI;sysBP;age;totChol;diaBP;glucose;heartRate;cigsPerDay;prevalentHyp;education
13,104,1,1,10,BMI;sysBP;age;totChol;diaBP;glucose;heartRate;cigsPerDay;prevalentHyp;education
13,105,1,1,10,BMI;sysBP;age;totChol;diaBP;glucose;heartRate;cigsPerDay;prevalentHyp;education
13,106,1,1,10,BMI;sysBP;age;totChol;diaBP;glucose;heartRate;cigsPerDay;prevalentHyp;education
13,107,1,0,10,BMI;sysBP;age;totChol;diaBP;glucose;heartRate;cigsPerDay;prevalentHyp;education
13,108,0,0,10,BMI;sysBP;age;totChol;diaBP;glucose;heartRate;cigsPerDay;prevalentHyp;education
13,109,0,1,10,BMI;sysBP;age;totChol;diaBP;glucose;heartRate;cigsPerDay;prevalentHyp;education
13,110,1,1,10,BMI;sysBP;age;totChol;diaBP;glucose;heartRate;cigsPerDay;prevalentHyp;education
13,111,0,1,10,BMI;sysBP;age;totChol;diaBP;glucose;heartRate;cigsPerDay;prevalentHyp;education
13,112,0,0,10,BMI;sysBP;age;totChol;diaBP;glucose;heartRate;cigsPerDay;prevalentHyp;education
13,113,0,1,10,BMI;sysBP;age;totChol;diaBP;glucose;heartRate;cigsPerDay;prevalentHyp;education
13,114,0,0,10,BMI;sysBP;age;totChol;diaBP;glucose;heartRate;cigsPerDay;prevalentHyp;education
13,115,1,1,10,BMI;sysBP;age;totChol;diaBP;glucose;heartRate;cigsPerDay;prevalentHyp;education
13,116,1,1,10,BMI;sysBP;age;totChol;diaBP;glucose;heartRate;cigsPerDay;prevalentHyp;education
13,117,0,0,10,BMI;sysBP;age;totChol;diaBP;glucose;heartRate;cigsPerDay;prevalentHyp;education
13,118,0,1,10,BMI;sysBP;age;totChol;diaBP;glucose;heartRate;cigsPerDay;prevalentHyp;education
13,119,0,0,10,BMI;sysBP;age;totChol;diaBP;glucose;heartRate;cigsPerDay;prevalentHyp;education
13,120,1,1,10,BMI;sysBP;age;totChol;diaBP;glucose;heartRate;cigsPerDay;prevalentHyp;education
13,121,1,1,10,BMI;sysBP;age;totChol;diaBP;glucose;heartRate;cigsPerDay;prevalentHyp;education
13,122,1,1,10,BMI;sysBP;age;totChol;diaBP;glucose;heartRate;cigsPerDay;prevalentHyp;education
13,123,0,0,10,BMI;sysBP;age;totChol;diaBP;glucose;heartRate;cigsPerDay;prevalentHyp;education
13,124,1,0,10,BMI;sysBP;age;totChol;diaBP;glucose;heartRate;cigsPerDay;prevalentHyp;education
13,125,1,1,10,BMI;sysBP;age;totChol;diaBP;glucose;heartRate;cigsPerDay;prevalentHyp;education
13,126,0,0,10,BMI;sysBP;age;totChol;diaBP;glucose;heartRate;cigsPerDay;prevalentHyp;education
13,127,0,1,10,BMI;sysBP;age;totChol;diaBP;glucose;heartRate;cigsPerDay;prevalentHyp;education
13,128,1,0,10,BMI;sysBP;age;totChol;diaBP;glucose;heartRate;cigsPerDay;prevalentHyp;education
13,129,0,0,10,BMI;sysBP;age;totChol;diaBP;glucose;heartRate;cigsPerDay;prevalentHyp;education
13,130,0,1,10,BMI;sysBP;age;totChol;diaBP;glucose;heartRate;cigsPerDay;prevalentHyp;education
13,131,1,1,10,BMI;sysBP;age;totChol;diaBP;glucose;heartRate;cigsPerDay;prevalentHyp;education
13,132,0,0,10,BMI;sysBP;age;totChol;diaBP;glucose;heartRate;cigsPerDay;prevalentHyp;education
13,133,1,1,10,BMI;sysBP;age;totChol;diaBP;glucose;heartRate;cigsPerDay;prevalentHyp;education
13,134,1,0,10,BMI;sysBP;age;totChol;diaBP;glucose;heartRate;cigsPerDay;prevalentHyp;education
13,135,1,1,10,BMI;sysBP;age;totChol;diaBP;glucose;heartRate;cigsPerDay;prevalentHyp;education
13,136,0,1,10,BMI;sysBP;age;totChol;diaBP;glucose;heartRate;cigsPerDay;prevalentHyp;education
13,137,0,1,10,BMI;sysBP;age;totChol;diaBP;glucose;heartRate;cigsPerDay;prevalentHyp;education
13,138,0,0,10,BMI;sysBP;age;totChol;diaBP;glucose;heartRate;cigsPerDay;prevalentHyp;education
13,139,0,0,10,BMI;sysBP;age;totChol;diaBP;glucose;heartRate;cigsPerDay;prevalentHyp;education
13,140,1,1,10,BMI;sysBP;age;totChol;diaBP;glucose;heartRate;cigsPerDay;prevalentHyp;education
13,141,1,1,10,BMI;sysBP;age;totChol;diaBP;glucose;heartRate;cigsPerDay;prevalentHyp;education
13,142,0,1,10,BMI;sysBP;age;totChol;diaBP;glucose;heartRate;cigsPerDay;prevalentHyp;education
13,143,1,1,10,BMI;sysBP;age;totChol;diaBP;glucose;heartRate;cigsPerDay;prevalentHyp;education
13,144,1,1,10,BMI;sysBP;age;totChol;diaBP;glucose;heartRate;cigsPerDay;prevalentHyp;education
13,145,0,0,10,BMI;sysBP;age;totChol;diaBP;glucose;heartRate;cigsPerDay;prevalentHyp;education
13,146,1,1,10,BMI;sysBP;age;totChol;diaBP;glucose;heartRate;cigsPerDay;prevalentHyp;education
13,147,1,0,10,BMI;sysBP;age;totChol;diaBP;glucose;heartRate;cigsPerDay;prevalentHyp;education
13,148,1,1,10,BMI;sysBP;age;totChol;diaBP;glucose;heartRate;cigsPerDay;prevalentHyp;education
13,149,0,0,10,BMI;sysBP;age;totChol;diaBP;glucose;heartRate;cigsPerDay;prevalentHyp;education
13,150,1,1,10,BMI;sysBP;age;totChol;diaBP;glucose;heartRate;cigsPerDay;prevalentHyp;education
13,151,0,0,10,BMI;sysBP;age;totChol;diaBP;glucose;heartRate;cigsPerDay;prevalentHyp;education
13,152,0,0,10,BMI;sysBP;age;totChol;diaBP;glucose;heartRate;cigsPerDay;prevalentHyp;education
13,153,1,1,10,BMI;sysBP;age;totChol;diaBP;glucose;heartRate;cigsPerDay;prevalentHyp;education
13,154,1,1,10,BMI;sysBP;age;totChol;diaBP;glucose;heartRate;cigsPerDay;prevalentHyp;education
13,155,1,1,10,BMI;sysBP;age;totChol;diaBP;glucose;heartRate;cigsPerDay;prevalentHyp;education
13,156,1,1,10,BMI;sysBP;age;totChol;diaBP;glucose;heartRate;cigsPerDay;prevalentHyp;education
13,157,1,1,10,BMI;sysBP;age;totChol;diaBP;glucose;heartRate;cigsPerDay;prevalentHyp;education
13,158,0,1,10,BMI;sysBP;age;totChol;diaBP;glucose;heartRate;cigsPerDay;prevalentHyp;education
13,159,0,0,10,BMI;sysBP;age;totChol;diaBP;glucose;heartRate;cigsPerDay;prevalentHyp;education
13,160,0,1,10,BMI;sysBP;age;totChol;diaBP;glucose;heartRate;cigsPerDay;prevalentHyp;education
13,161,0,0,10,BMI;sysBP;age;totChol;diaBP;glucose;heartRate;cigsPerDay;prevalentHyp;education
13,162,0,0,10,BMI;sysBP;age;totChol;diaBP;glucose;heartRate;cigsPerDay;prevalentHyp;education
13,163,1,1,10,BMI;sysBP;age;totChol;diaBP;glucose;heartRate;cigsPerDay;prevalentHyp;education
13,164,0,1,10,BMI;sysBP;age;totChol;diaBP;glucose;heartRate;cigsPerDay;prevalentHyp;education
13,165,1,1,10,BMI;sysBP;age;totChol;diaBP;glucose;heartRate;cigsPerDay;prevalentHyp;education
13,166,0,1,10,BMI;sysBP;age;totChol;diaBP;glucose;heartRate;cigsPerDay;prevalentHyp;education
13,167,1,0,10,BMI;sysBP;age;totChol;diaBP;glucose;heartRate;cigsPerDay;prevalentHyp;education
13,168,1,0,10,BMI;sysBP;age;totChol;diaBP;glucose;heartRate;cigsPerDay;prevalentHyp;education
13,169,0,0,10,BMI;sysBP;age;totChol;diaBP;glucose;heartRate;cigsPerDay;prevalentHyp;education
13,170,1,0,10,BMI;sysBP;age;totChol;diaBP;glucose;heartRate;cigsPerDay;prevalentHyp;education
13,171,1,0,10,BMI;sysBP;age;totChol;diaBP;glucose;heartRate;cigsPerDay;prevalentHyp;education
13,172,1,0,10,BMI;sysBP;age;totChol;diaBP;glucose;heartRate;cigsPerDay;prevalentHyp;education
13,173,1,0,10,BMI;sysBP;age;totChol;diaBP;glucose;heartRate;cigsPerDay;prevalentHyp;education
13,174,1,1,10,BMI;sysBP;age;totChol;diaBP;glucose;heartRate;cigsPerDay;prevalentHyp;education
13,175,0,1,10,BMI;sysBP;age;totChol;diaBP;glucose;heartRate;cigsPerDay;prevalentHyp;education
13,176,1,1,10,BMI;sysBP;age;totChol;diaBP;glucose;heartRate;cigsPerDay;prevalentHyp;education
13,177,0,1,10,BMI;sysBP;age;totChol;diaBP;glucose;heartRate;cigsPerDay;prevalentHyp;education
13,178,1,0,10,BMI;sysBP;age;totChol;diaBP;glucose;heartRate;cigsPerDay;prevalentHyp;education
13,179,1,1,10,BMI;sysBP;age;totChol;diaBP;glucose;heartRate;cigsPerDay;prevalentHyp;education
13,180,1,1,10,BMI;sysBP;age;totChol;diaBP;glucose;heartRate;cigsPerDay;prevalentHyp;education
13,181,1,1,10,BMI;sysBP;age;totChol;diaBP;glucose;heartRate;cigsPerDay;prevalentHyp;education
13,182,1,0,10,BMI;sysBP;age;totChol;diaBP;glucose;heartRate;cigsPerDay;prevalentHyp;education
13,183,1,1,10,BMI;sysBP;age;totChol;diaBP;glucose;heartRate;cigsPerDay;prevalentHyp;education
13,184,1,1,10,BMI;sysBP;age;totChol;diaBP;glucose;heartRate;cigsPerDay;prevalentHyp;education
13,185,1,1,10,BMI;sysBP;age;totChol;diaBP;glucose;heartRate;cigsPerDay;prevalentHyp;education
13,186,0,0,10,BMI;sysBP;age;totChol;diaBP;glucose;heartRate;cigsPerDay;prevalentHyp;education
13,187,0,1,10,BMI;sysBP;age;totChol;diaBP;glucose;heartRate;cigsPerDay;prevalentHyp;education
13,188,0,1,10,BMI;sysBP;age;totChol;diaBP;glucose;heartRate;cigsPerDay;prevalentHyp;education
13,189,1,0,10,BMI;sysBP;age;totChol;diaBP;glucose;heartRate;cigsPerDay;prevalentHyp;education
13,190,1,0,10,BMI;sysBP;age;totChol;diaBP;glucose;heartRate;cigsPerDay;prevalentHyp;education
13,191,1,1,10,BMI;sysBP;age;totChol;diaBP;glucose;heartRate;cigsPerDay;prevalentHyp;education
13,192,0,1,10,BMI;sysBP;age;totChol;diaBP;glucose;heartRate;cigsPerDay;prevalentHyp;education
13,193,1,1,10,BMI;sysBP;age;totChol;diaBP;glucose;heartRate;cigsPerDay;prevalentHyp;education
13,194,0,0,10,BMI;sysBP;age;totChol;diaBP;glucose;heartRate;cigsPerDay;prevalentHyp;education
13,195,0,1,10,BMI;sysBP;age;totChol;diaBP;glucose;heartRate;cigsPerDay;prevalentHyp;education
13,196,0,1,10,BMI;sysBP;age;totChol;diaBP;glucose;heartRate;cigsPerDay;prevalentHyp;education
13,197,0,1,10,BMI;sysBP;age;totChol;diaBP;glucose;heartRate;cigsPerDay;prevalentHyp;education
13,198,0,1,10,BMI;sysBP;age;totChol;diaBP;glucose;heartRate;cigsPerDay;prevalentHyp;education
13,199,0,1,10,BMI;sysBP;age;totChol;diaBP;glucose;heartRate;cigsPerDay;prevalentHyp;education
13,200,1,1,10,BMI;sysBP;age;totChol;diaBP;glucose;heartRate;cigsPerDay;prevalentHyp;education
13,201,0,1,10,BMI;sysBP;age;totChol;diaBP;glucose;heartRate;cigsPerDay;prevalentHyp;education
13,202,0,1,10,BMI;sysBP;age;totChol;diaBP;glucose;heartRate;cigsPerDay;prevalentHyp;education
13,203,0,0,10,BMI;sysBP;age;totChol;diaBP;glucose;heartRate;cigsPerDay;prevalentHyp;education
13,204,0,0,10,BMI;sysBP;age;totChol;diaBP;glucose;heartRate;cigsPerDay;prevalentHyp;education
13,205,1,1,10,BMI;sysBP;age;totChol;diaBP;glucose;heartRate;cigsPerDay;prevalentHyp;education
13,206,1,0,10,BMI;sysBP;age;totChol;diaBP;glucose;heartRate;cigsPerDay;prevalentHyp;education
13,207,1,1,10,BMI;sysBP;age;totChol;diaBP;glucose;heartRate;cigsPerDay;prevalentHyp;education
13,208,0,1,10,BMI;sysBP;age;totChol;diaBP;glucose;heartRate;cigsPerDay;prevalentHyp;education
13,209,1,1,10,BMI;sysBP;age;totChol;diaBP;glucose;heartRate;cigsPerDay;prevalentHyp;education
13,210,0,0,10,BMI;sysBP;age;totChol;diaBP;glucose;heartRate;cigsPerDay;prevalentHyp;education
13,211,1,0,10,BMI;sysBP;age;totChol;diaBP;glucose;heartRate;cigsPerDay;prevalentHyp;education
13,212,1,1,10,BMI;sysBP;age;totChol;diaBP;glucose;heartRate;cigsPerDay;prevalentHyp;education
13,213,0,1,10,BMI;sysBP;age;totChol;diaBP;glucose;heartRate;cigsPerDay;prevalentHyp;education
13,214,0,1,10,BMI;sysBP;age;totChol;diaBP;glucose;heartRate;cigsPerDay;prevalentHyp;education
13,215,1,0,10,BMI;sysBP;age;totChol;diaBP;glucose;heartRate;cigsPerDay;prevalentHyp;education
13,216,0,1,10,BMI;sysBP;age;totChol;diaBP;glucose;heartRate;cigsPerDay;prevalentHyp;education
13,217,0,0,10,BMI;sysBP;age;totChol;diaBP;glucose;heartRate;cigsPerDay;prevalentHyp;education
13,218,0,1,10,BMI;sysBP;age;totChol;diaBP;glucose;heartRate;cigsPerDay;prevalentHyp;education
13,219,0,1,10,BMI;sysBP;age;totChol;diaBP;glucose;heartRate;cigsPerDay;prevalentHyp;education
13,220,0,1,10,BMI;sysBP;age;totChol;diaBP;glucose;heartRate;cigsPerDay;prevalentHyp;education
13,221,1,1,10,BMI;sysBP;age;totChol;diaBP;glucose;heartRate;cigsPerDay;prevalentHyp;education
13,222,0,0,10,BMI;sysBP;age;totChol;diaBP;glucose;heartRate;cigsPerDay;prevalentHyp;education
13,223,1,1,10,BMI;sysBP;age;totChol;diaBP;glucose;heartRate;cigsPerDay;prevalentHyp;education
13,224,1,1,10,BMI;sysBP;age;totChol;diaBP;glucose;heartRate;cigsPerDay;prevalentHyp;education
13,225,1,1,10,BMI;sysBP;age;totChol;diaBP;glucose;heartRate;cigsPerDay;prevalentHyp;education
13,226,1,1,10,BMI;sysBP;age;totChol;diaBP;glucose;heartRate;cigsPerDay;prevalentHyp;education
13,227,0,1,10,BMI;sysBP;age;totChol;diaBP;glucose;heartRate;cigsPerDay;prevalentHyp;education
13,228,1,1,10,BMI;sysBP;age;totChol;diaBP;glucose;heartRate;cigsPerDay;prevalentHyp;education
13,229,0,0,10,BMI;sysBP;age;totChol;diaBP;glucose;heartRate;cigsPerDay;prevalentHyp;education
13,230,1,1,10,BMI;sysBP;age;totChol;diaBP;glucose;heartRate;cigsPerDay;prevalentHyp;education
13,231,0,0,10,BMI;sysBP;age;totChol;diaBP;glucose;heartRate;cigsPerDay;prevalentHyp;education
13,232,0,0,10,BMI;sysBP;age;totChol;diaBP;glucose;heartRate;cigsPerDay;prevalentHyp;education
13,233,1,1,10,BMI;sysBP;age;totChol;diaBP;glucose;heartRate;cigsPerDay;prevalentHyp;education
13,234,1,0,10,BMI;sysBP;age;totChol;diaBP;glucose;heartRate;cigsPerDay;prevalentHyp;education
13,235,0,1,10,BMI;sysBP;age;totChol;diaBP;glucose;heartRate;cigsPerDay;prevalentHyp;education
13,236,0,0,10,BMI;sysBP;age;totChol;diaBP;glucose;heartRate;cigsPerDay;prevalentHyp;education
13,237,0,1,10,BMI;sysBP;age;totChol;diaBP;glucose;heartRate;cigsPerDay;prevalentHyp;education
13,238,0,1,10,BMI;sysBP;age;totChol;diaBP;glucose;heartRate;cigsPerDay;prevalentHyp;education
13,239,0,1,10,BMI;sysBP;age;totChol;diaBP;glucose;heartRate;cigsPerDay;prevalentHyp;education
13,240,0,1,10,BMI;sysBP;age;totChol;diaBP;glucose;heartRate;cigsPerDay;prevalentHyp;education
13,241,1,1,10,BMI;sysBP;age;totChol;diaBP;glucose;heartRate;cigsPerDay;prevalentHyp;education
13,242,1,0,10,BMI;sysBP;age;totChol;diaBP;glucose;heartRate;cigsPerDay;prevalentHyp;education
13,243,0,1,10,BMI;sysBP;age;totChol;diaBP;glucose;heartRate;cigsPerDay;prevalentHyp;education
13,244,1,1,10,BMI;sysBP;age;totChol;diaBP;glucose;heartRate;cigsPerDay;prevalentHyp;education
13,245,1,1,10,BMI;sysBP;age;totChol;diaBP;glucose;heartRate;cigsPerDay;prevalentHyp;education
13,246,0,0,10,BMI;sysBP;age;totChol;diaBP;glucose;heartRate;cigsPerDay;prevalentHyp;education
13,247,1,1,10,BMI;sysBP;age;totChol;diaBP;glucose;heartRate;cigsPerDay;prevalentHyp;education
13,248,0,1,10,BMI;sysBP;age;totChol;diaBP;glucose;heartRate;cigsPerDay;prevalentHyp;education
13,249,0,0,10,BMI;sysBP;age;totChol;diaBP;glucose;heartRate;cigsPerDay;prevalentHyp;education
13,250,1,1,10,BMI;sysBP;age;totChol;diaBP;glucose;heartRate;cigsPerDay;prevalentHyp;education
13,251,0,0,10,BMI;sysBP;age;totChol;diaBP;glucose;heartRate;cigsPerDay;prevalentHyp;education
13,252,1,1,10,BMI;sysBP;age;totChol;diaBP;glucose;heartRate;cigsPerDay;prevalentHyp;education
13,253,0,1,10,BMI;sysBP;age;totChol;diaBP;glucose;heartRate;cigsPerDay;prevalentHyp;education
13,254,1,1,10,BMI;sysBP;age;totChol;diaBP;glucose;heartRate;cigsPerDay;prevalentHyp;education
13,255,0,0,10,BMI;sysBP;age;totChol;diaBP;glucose;heartRate;cigsPerDay;prevalentHyp;education
13,256,1,0,10,BMI;sysBP;age;totChol;diaBP;glucose;heartRate;cigsPerDay;prevalentHyp;education
13,257,1,1,10,BMI;sysBP;age;totChol;diaBP;glucose;heartRate;cigsPerDay;prevalentHyp;education
13,258,0,1,10,BMI;sysBP;age;totChol;diaBP;glucose;heartRate;cigsPerDay;prevalentHyp;education
13,259,1,1,10,BMI;sysBP;age;totChol;diaBP;glucose;heartRate;cigsPerDay;prevalentHyp;education
13,260,1,0,10,BMI;sysBP;age;totChol;diaBP;glucose;heartRate;cigsPerDay;prevalentHyp;education
13,261,1,1,10,BMI;sysBP;age;totChol;diaBP;glucose;heartRate;cigsPerDay;prevalentHyp;education
13,262,1,1,10,BMI;sysBP;age;totChol;diaBP;glucose;heartRate;cigsPerDay;prevalentHyp;education
13,263,1,1,10,BMI;sysBP;age;totChol;diaBP;glucose;heartRate;cigsPerDay;prevalentHyp;education
13,264,1,1,10,BMI;sysBP;age;totChol;diaBP;glucose;heartRate;cigsPerDay;prevalentHyp;education
13,265,1,0,10,BMI;sysBP;age;totChol;diaBP;glucose;heartRate;cigsPerDay;prevalentHyp;education
13,266,0,1,10,BMI;sysBP;age;totChol;diaBP;glucose;heartRate;cigsPerDay;prevalentHyp;education
13,267,0,0,10,BMI;sysBP;age;totChol;diaBP;glucose;heartRate;cigsPerDay;prevalentHyp;education
13,268,0,1,10,BMI;sysBP;age;totChol;diaBP;glucose;heartRate;cigsPerDay;prevalentHyp;education
13,269,1,0,10,BMI;sysBP;age;totChol;diaBP;glucose;heartRate;cigsPerDay;prevalentHyp;education
13,270,1,1,10,BMI;sysBP;age;totChol;diaBP;glucose;heartRate;cigsPerDay;prevalentHyp;education
13,271,0,1,10,BMI;sysBP;age;totChol;diaBP;glucose;heartRate;cigsPerDay;prevalentHyp;education
13,272,0,1,10,BMI;sysBP;age;totChol;diaBP;glucose;heartRate;cigsPerDay;prevalentHyp;education
13,273,0,1,10,BMI;sysBP;age;totChol;diaBP;glucose;heartRate;cigsPerDay;prevalentHyp;education
13,274,1,1,10,BMI;sysBP;age;totChol;diaBP;glucose;heartRate;cigsPerDay;prevalentHyp;education
13,275,1,1,10,BMI;sysBP;age;totChol;diaBP;glucose;heartRate;cigsPerDay;prevalentHyp;education
13,276,0,1,10,BMI;sysBP;age;totChol;diaBP;glucose;heartRate;cigsPerDay;prevalentHyp;education
13,277,0,1,10,BMI;sysBP;age;totChol;diaBP;glucose;heartRate;cigsPerDay;prevalentHyp;education
13,278,0,0,10,BMI;sysBP;age;totChol;diaBP;glucose;heartRate;cigsPerDay;prevalentHyp;education
13,279,0,1,10,BMI;sysBP;age;totChol;diaBP;glucose;heartRate;cigsPerDay;prevalentHyp;education
13,280,1,1,10,BMI;sysBP;age;totChol;diaBP;glucose;heartRate;cigsPerDay;prevalentHyp;education
13,281,0,1,10,BMI;sysBP;age;totChol;diaBP;glucose;heartRate;cigsPerDay;prevalentHyp;education
13,282,0,1,10,BMI;sysBP;age;totChol;diaBP;glucose;heartRate;cigsPerDay;prevalentHyp;education
13,283,1,0,10,BMI;sysBP;age;totChol;diaBP;glucose;heartRate;cigsPerDay;prevalentHyp;education
13,284,0,0,10,BMI;sysBP;age;totChol;diaBP;glucose;heartRate;cigsPerDay;prevalentHyp;education
13,285,0,0,10,BMI;sysBP;age;totChol;diaBP;glucose;heartRate;cigsPerDay;prevalentHyp;education
13,286,0,1,10,BMI;sysBP;age;totChol;diaBP;glucose;heartRate;cigsPerDay;prevalentHyp;education
13,287,1,1,10,BMI;sysBP;age;totChol;diaBP;glucose;heartRate;cigsPerDay;prevalentHyp;education
13,288,1,1,10,BMI;sysBP;age;totChol;diaBP;glucose;heartRate;cigsPerDay;prevalentHyp;education
13,289,0,0,10,BMI;sysBP;age;totChol;diaBP;glucose;heartRate;cigsPerDay;prevalentHyp;education
13,290,1,1,10,BMI;sysBP;age;totChol;diaBP;glucose;heartRate;cigsPerDay;prevalentHyp;education
13,291,1,1,10,BMI;sysBP;age;totChol;diaBP;glucose;heartRate;cigsPerDay;prevalentHyp;education
13,292,1,1,10,BMI;sysBP;age;totChol;diaBP;glucose;heartRate;cigsPerDay;prevalentHyp;education
13,293,0,1,10,BMI;sysBP;age;totChol;diaBP;glucose;heartRate;cigsPerDay;prevalentHyp;education
13,294,0,0,10,BMI;sysBP;age;totChol;diaBP;glucose;heartRate;cigsPerDay;prevalentHyp;education
13,295,0,1,10,BMI;sysBP;age;totChol;diaBP;glucose;heartRate;cigsPerDay;prevalentHyp;education
13,296,1,0,10,BMI;sysBP;age;totChol;diaBP;glucose;heartRate;cigsPerDay;prevalentHyp;education
13,297,0,1,10,BMI;sysBP;age;totChol;diaBP;glucose;heartRate;cigsPerDay;prevalentHyp;education
13,298,0,0,10,BMI;sysBP;age;totChol;diaBP;glucose;heartRate;cigsPerDay;prevalentHyp;education
13,299,0,1,10,BMI;sysBP;age;totChol;diaBP;glucose;heartRate;cigsPerDay;prevalentHyp;education
13,300,0,1,10,BMI;sysBP;age;totChol;diaBP;glucose;heartRate;cigsPerDay;prevalentHyp;education
13,301,1,1,10,BMI;sysBP;age;totChol;diaBP;glucose;heartRate;cigsPerDay;prevalentHyp;education
13,302,0,0,10,BMI;sysBP;age;totChol;diaBP;glucose;heartRate;cigsPerDay;prevalentHyp;education
13,303,1,0,10,BMI;sysBP;age;totChol;diaBP;glucose;heartRate;cigsPerDay;prevalentHyp;education
13,304,1,1,10,BMI;sysBP;age;totChol;diaBP;glucose;heartRate;cigsPerDay;prevalentHyp;education
13,305,1,1,10,BMI;sysBP;age;totChol;diaBP;glucose;heartRate;cigsPerDay;prevalentHyp;education
13,306,1,1,10,BMI;sysBP;age;totChol;diaBP;glucose;heartRate;cigsPerDay;prevalentHyp;education
13,307,1,0,10,BMI;sysBP;age;totChol;diaBP;glucose;heartRate;cigsPerDay;prevalentHyp;education
13,308,1,1,10,BMI;sysBP;age;totChol;diaBP;glucose;heartRate;cigsPerDay;prevalentHyp;education
13,309,0,1,10,BMI;sysBP;age;totChol;diaBP;glucose;heartRate;cigsPerDay;prevalentHyp;education
13,310,1,1,10,BMI;sysBP;age;totChol;diaBP;glucose;heartRate;cigsPerDay;prevalentHyp;education
13,311,1,1,10,BMI;sysBP;age;totChol;diaBP;glucose;heartRate;cigsPerDay;prevalentHyp;education
13,312,1,0,10,BMI;sysBP;age;totChol;diaBP;glucose;heartRate;cigsPerDay;prevalentHyp;education
13,313,0,1,10,BMI;sysBP;age;totChol;diaBP;glucose;heartRate;cigsPerDay;prevalentHyp;education
13,314,0,1,10,BMI;sysBP;age;totChol;diaBP;glucose;heartRate;cigsPerDay;prevalentHyp;education
13,315,0,1,10,BMI;sysBP;age;totChol;diaBP;glucose;heartRate;cigsPerDay;prevalentHyp;education
13,316,0,1,10,BMI;sysBP;age;totChol;diaBP;glucose;heartRate;cigsPerDay;prevalentHyp;education
13,317,0,0,10,BMI;sysBP;age;totChol;diaBP;glucose;heartRate;cigsPerDay;prevalentHyp;education
13,318,0,0,10,BMI;sysBP;age;totChol;diaBP;glucose;heartRate;cigsPerDay;prevalentHyp;education
13,319,0,1,10,BMI;sysBP;age;totChol;diaBP;glucose;heartRate;cigsPerDay;prevalentHyp;education
13,320,0,1,10,BMI;sysBP;age;totChol;diaBP;glucose;heartRate;cigsPerDay;prevalentHyp;education
13,321,0,1,10,BMI;sysBP;age;totChol;diaBP;glucose;heartRate;cigsPerDay;prevalentHyp;education
13,322,0,1,10,BMI;sysBP;age;totChol;diaBP;glucose;heartRate;cigsPerDay;prevalentHyp;education
13,323,0,1,10,BMI;sysBP;age;totChol;diaBP;glucose;heartRate;cigsPerDay;prevalentHyp;education
13,324,0,0,10,BMI;sysBP;age;totChol;diaBP;glucose;heartRate;cigsPerDay;prevalentHyp;education
13,325,0,1,10,BMI;sysBP;age;totChol;diaBP;glucose;heartRate;cigsPerDay;prevalentHyp;education
13,326,0,0,10,BMI;sysBP;age;totChol;diaBP;glucose;heartRate;cigsPerDay;prevalentHyp;education
13,327,0,1,10,BMI;sysBP;age;totChol;diaBP;glucose;heartRate;cigsPerDay;prevalentHyp;education
13,328,0,0,10,BMI;sysBP;age;totChol;diaBP;glucose;heartRate;cigsPerDay;prevalentHyp;education
13,329,1,1,10,BMI;sysBP;age;totChol;diaBP;glucose;heartRate;cigsPerDay;prevalentHyp;education
13,330,1,1,10,BMI;sysBP;age;totChol;diaBP;glucose;heartRate;cigsPerDay;prevalentHyp;education
13,331,0,1,10,BMI;sysBP;age;totChol;diaBP;glucose;heartRate;cigsPerDay;prevalentHyp;education
13,332,1,1,10,BMI;sysBP;age;totChol;diaBP;glucose;heartRate;cigsPerDay;prevalentHyp;education
13,333,0,0,10,BMI;sysBP;age;totChol;diaBP;glucose;heartRate;cigsPerDay;prevalentHyp;education
13,334,0,1,10,BMI;sysBP;age;totChol;diaBP;glucose;heartRate;cigsPerDay;prevalentHyp;education
13,335,1,0,10,BMI;sysBP;age;totChol;diaBP;glucose;heartRate;cigsPerDay;prevalentHyp;education
13,336,1,1,10,BMI;sysBP;age;totChol;diaBP;glucose;heartRate;cigsPerDay;prevalentHyp;education
13,337,1,1,10,BMI;sysBP;age;totChol;diaBP;glucose;heartRate;cigsPerDay;prevalentHyp;education
13,338,1,0,10,BMI;sysBP;age;totChol;diaBP;glucose;heartRate;cigsPerDay;prevalentHyp;education
13,339,1,1,10,BMI;sysBP;age;totChol;diaBP;glucose;heartRate;cigsPerDay;prevalentHyp;education
13,340,0,1,10,BMI;sysBP;age;totChol;diaBP;glucose;heartRate;cigsPerDay;prevalentHyp;education
13,341,1,1,10,BMI;sysBP;age;totChol;diaBP;glucose;heartRate;cigsPerDay;prevalentHyp;education
13,342,0,1,10,BMI;sysBP;age;totChol;diaBP;glucose;heartRate;cigsPerDay;prevalentHyp;education
13,343,1,0,10,BMI;sysBP;age;totChol;diaBP;glucose;heartRate;cigsPerDay;prevalentHyp;education
13,344,0,1,10,BMI;sysBP;age;totChol;diaBP;glucose;heartRate;cigsPerDay;prevalentHyp;education
13,345,1,0,10,BMI;sysBP;age;totChol;diaBP;glucose;heartRate;cigsPerDay;prevalentHyp;education
13,346,0,0,10,BMI;sysBP;age;totChol;diaBP;glucose;heartRate;cigsPerDay;prevalentHyp;education
13,347,0,0,10,BMI;sysBP;age;totChol;diaBP;glucose;heartRate;cigsPerDay;prevalentHyp;education
13,348,0,1,10,BMI;sysBP;age;totChol;diaBP;glucose;heartRate;cigsPerDay;prevalentHyp;education
13,349,1,1,10,BMI;sysBP;age;totChol;diaBP;glucose;heartRate;cigsPerDay;prevalentHyp;education
13,350,0,0,10,BMI;sysBP;age;totChol;diaBP;glucose;heartRate;cigsPerDay;prevalentHyp;education
13,351,1,1,10,BMI;sysBP;age;totChol;diaBP;glucose;heartRate;cigsPerDay;prevalentHyp;education
13,352,0,1,10,BMI;sysBP;age;totChol;diaBP;glucose;heartRate;cigsPerDay;prevalentHyp;education
13,353,1,1,10,BMI;sysBP;age;totChol;diaBP;glucose;heartRate;cigsPerDay;prevalentHyp;education
13,354,0,0,10,BMI;sysBP;age;totChol;diaBP;glucose;heartRate;cigsPerDay;prevalentHyp;education
13,355,0,1,10,BMI;sysBP;age;totChol;diaBP;glucose;heartRate;cigsPerDay;prevalentHyp;education
13,356,1,1,10,BMI;sysBP;age;totChol;diaBP;glucose;heartRate;cigsPerDay;prevalentHyp;education
13,357,0,0,10,BMI;sysBP;age;totChol;diaBP;glucose;heartRate;cigsPerDay;prevalentHyp;education
13,358,0,1,10,BMI;sysBP;age;totChol;diaBP;glucose;heartRate;cigsPerDay;prevalentHyp;education
13,359,0,0,10,BMI;sysBP;age;totChol;diaBP;glucose;heartRate;cigsPerDay;prevalentHyp;education
13,360,0,0,10,BMI;sysBP;age;totChol;diaBP;glucose;heartRate;cigsPerDay;prevalentHyp;education
13,361,1,1,10,BMI;sysBP;age;totChol;diaBP;glucose;heartRate;cigsPerDay;prevalentHyp;education
13,362,1,1,10,BMI;sysBP;age;totChol;diaBP;glucose;heartRate;cigsPerDay;prevalentHyp;education
13,363,1,1,10,BMI;sysBP;age;totChol;diaBP;glucose;heartRate;cigsPerDay;prevalentHyp;education
13,364,1,1,10,BMI;sysBP;age;totChol;diaBP;glucose;heartRate;cigsPerDay;prevalentHyp;education
13,365,0,1,10,BMI;sysBP;age;totChol;diaBP;glucose;heartRate;cigsPerDay;prevalentHyp;education
13,366,1,0,10,BMI;sysBP;age;totChol;diaBP;glucose;heartRate;cigsPerDay;prevalentHyp;education
13,367,1,1,10,BMI;sysBP;age;totChol;diaBP;glucose;heartRate;cigsPerDay;prevalentHyp;education
13,368,1,1,10,BMI;sysBP;age;totChol;diaBP;glucose;heartRate;cigsPerDay;prevalentHyp;education
13,369,1,1,10,BMI;sysBP;age;totChol;diaBP;glucose;heartRate;cigsPerDay;prevalentHyp;education
13,370,0,1,10,BMI;sysBP;age;totChol;diaBP;glucose;heartRate;cigsPerDay;prevalentHyp;education
13,371,0,0,10,BMI;sysBP;age;totChol;diaBP;glucose;heartRate;cigsPerDay;prevalentHyp;education
13,372,0,0,10,BMI;sysBP;age;totChol;diaBP;glucose;heartRate;cigsPerDay;prevalentHyp;education
13,373,1,1,10,BMI;sysBP;age;totChol;diaBP;glucose;heartRate;cigsPerDay;prevalentHyp;education
13,374,0,0,10,BMI;sysBP;age;totChol;diaBP;glucose;heartRate;cigsPerDay;prevalentHyp;education
13,375,1,1,10,BMI;sysBP;age;totChol;diaBP;glucose;heartRate;cigsPerDay;prevalentHyp;education
13,376,0,0,10,BMI;sysBP;age;totChol;diaBP;glucose;heartRate;cigsPerDay;prevalentHyp;education
13,377,1,1,10,BMI;sysBP;age;totChol;diaBP;glucose;heartRate;cigsPerDay;prevalentHyp;education
13,378,0,1,10,BMI;sysBP;age;totChol;diaBP;glucose;heartRate;cigsPerDay;prevalentHyp;education
13,379,0,0,10,BMI;sysBP;age;totChol;diaBP;glucose;heartRate;cigsPerDay;prevalentHyp;education
13,380,0,1,10,BMI;sysBP;age;totChol;diaBP;glucose;heartRate;cigsPerDay;prevalentHyp;education
13,381,0,1,10,BMI;sysBP;age;totChol;diaBP;glucose;heartRate;cigsPerDay;prevalentHyp;education
13,382,1,1,10,BMI;sysBP;age;totChol;diaBP;glucose;heartRate;cigsPerDay;prevalentHyp;education
13,383,1,1,10,BMI;sysBP;age;totChol;diaBP;glucose;heartRate;cigsPerDay;prevalentHyp;education
13,384,1,1,10,BMI;sysBP;age;totChol;diaBP;glucose;heartRate;cigsPerDay;prevalentHyp;education
13,385,0,1,10,BMI;sysBP;age;totChol;diaBP;glucose;heartRate;cigsPerDay;prevalentHyp;education
13,386,1,1,10,BMI;sysBP;age;totChol;diaBP;glucose;heartRate;cigsPerDay;prevalentHyp;education
13,387,0,1,10,BMI;sysBP;age;totChol;diaBP;glucose;heartRate;cigsPerDay;prevalentHyp;education
13,388,1,1,10,BMI;sysBP;age;totChol;diaBP;glucose;heartRate;cigsPerDay;prevalentHyp;education
13,389,0,0,10,BMI;sysBP;age;totChol;diaBP;glucose;heartRate;cigsPerDay;prevalentHyp;education
13,390,0,1,10,BMI;sysBP;age;totChol;diaBP;glucose;heartRate;cigsPerDay;prevalentHyp;education
13,391,1,1,10,BMI;sysBP;age;totChol;diaBP;glucose;heartRate;cigsPerDay;prevalentHyp;education
13,392,0,1,10,BMI;sysBP;age;totChol;diaBP;glucose;heartRate;cigsPerDay;prevalentHyp;education
13,393,1,1,10,BMI;sysBP;age;totChol;diaBP;glucose;heartRate;cigsPerDay;prevalentHyp;education
13,394,1,1,10,BMI;sysBP;age;totChol;diaBP;glucose;heartRate;cigsPerDay;prevalentHyp;education
13,395,1,1,10,BMI;sysBP;age;totChol;diaBP;glucose;heartRate;cigsPerDay;prevalentHyp;education
13,396,1,1,10,BMI;sysBP;age;totChol;diaBP;glucose;heartRate;cigsPerDay;prevalentHyp;education
13,397,0,1,10,BMI;sysBP;age;totChol;diaBP;glucose;heartRate;cigsPerDay;prevalentHyp;education
13,398,0,0,10,BMI;sysBP;age;totChol;diaBP;glucose;heartRate;cigsPerDay;prevalentHyp;education
13,399,1,1,10,BMI;sysBP;age;totChol;diaBP;glucose;heartRate;cigsPerDay;prevalentHyp;education
14,0,0,1,10,BMI;sysBP;age;totChol;diaBP;glucose;heartRate;cigsPerDay;prevalentHyp;education
14,1,0,0,10,BMI;sysBP;age;totChol;diaBP;glucose;heartRate;cigsPerDay;prevalentHyp;education
14,2,1,1,10,BMI;sysBP;age;totChol;diaBP;glucose;heartRate;cigsPerDay;prevalentHyp;education
14,3,0,1,10,BMI;sysBP;age;totChol;diaBP;glucose;heartRate;cigsPerDay;prevalentHyp;education
14,4,1,1,10,BMI;sysBP;age;totChol;diaBP;glucose;heartRate;cigsPerDay;prevalentHyp;education
14,5,1,1,10,BMI;sysBP;age;totChol;diaBP;glucose;heartRate;cigsPerDay;prevalentHyp;education
14,6,0,0,10,BMI;sysBP;age;totChol;diaBP;glucose;heartRate;cigsPerDay;prevalentHyp;education
14,7,1,1,10,BMI;sysBP;age;totChol;diaBP;glucose;heartRate;cigsPerDay;prevalentHyp;education
14,8,0,1,10,BMI;sysBP;age;totChol;diaBP;glucose;heartRate;cigsPerDay;prevalentHyp;education
14,9,1,1,10,BMI;sysBP;age;totChol;diaBP;glucose;heartRate;cigsPerDay;prevalentHyp;education
14,10,1,1,10,BMI;sysBP;age;totChol;diaBP;glucose;heartRate;cigsPerDay;prevalentHyp;education
14,11,0,1,10,BMI;sysBP;age;totChol;diaBP;glucose;heartRate;cigsPerDay;prevalentHyp;education
14,12,1,1,10,BMI;sysBP;age;totChol;diaBP;glucose;heartRate;cigsPerDay;prevalentHyp;education
14,13,1,1,10,BMI;sysBP;age;totChol;diaBP;glucose;heartRate;cigsPerDay;prevalentHyp;education
14,14,1,1,10,BMI;sysBP;age;totChol;diaBP;glucose;heartRate;cigsPerDay;prevalentHyp;education
14,15,1,1,10,BMI;sysBP;age;totChol;diaBP;glucose;heartRate;cigsPerDay;prevalentHyp;education
14,16,0,0,10,BMI;sysBP;age;totChol;diaBP;glucose;heartRate;cigsPerDay;prevalentHyp;education
14,17,0,1,10,BMI;sysBP;age;totChol;diaBP;glucose;heartRate;cigsPerDay;prevalentHyp;education
14,18,0,1,10,BMI;sysBP;age;totChol;diaBP;glucose;heartRate;cigsPerDay;prevalentHyp;education
14,19,0,0,10,BMI;sysBP;age;totChol;diaBP;glucose;heartRate;cigsPerDay;prevalentHyp;education
14,20,1,1,10,BMI;sysBP;age;totChol;diaBP;glucose;heartRate;cigsPerDay;prevalentHyp;education
14,21,1,1,10,BMI;sysBP;age;totChol;diaBP;glucose;heartRate;cigsPerDay;prevalentHyp;education
14,22,0,0,10,BMI;sysBP;age;totChol;diaBP;glucose;heartRate;cigsPerDay;prevalentHyp;education
14,23,0,1,10,BMI;sysBP;age;totChol;diaBP;glucose;heartRate;cigsPerDay;prevalentHyp;education
14,24,1,1,10,BMI;sysBP;age;totChol;diaBP;glucose;heartRate;cigsPerDay;prevalentHyp;education
14,25,0,1,10,BMI;sysBP;age;totChol;diaBP;glucose;heartRate;cigsPerDay;prevalentHyp;education
14,26,1,1,10,BMI;sysBP;age;totChol;diaBP;glucose;heartRate;cigsPerDay;prevalentHyp;education
14,27,0,1,10,BMI;sysBP;age;totChol;diaBP;glucose;heartRate;cigsPerDay;prevalentHyp;education
14,28,0,1,10,BMI;sysBP;age;totChol;diaBP;glucose;heartRate;cigsPerDay;prevalentHyp;education
14,29,1,1,10,BMI;sysBP;age;totChol;diaBP;glucose;heartRate;cigsPerDay;prevalentHyp;education
14,30,0,1,10,BMI;sysBP;age;totChol;diaBP;glucose;heartRate;cigsPerDay;prevalentHyp;education
14,31,1,1,10,BMI;sysBP;age;totChol;diaBP;glucose;heartRate;cigsPerDay;prevalentHyp;education
14,32,0,1,10,BMI;sysBP;age;totChol;diaBP;glucose;heartRate;cigsPerDay;prevalentHyp;education
14,33,1,1,10,BMI;sysBP;age;totChol;diaBP;glucose;heartRate;cigsPerDay;prevalentHyp;education
14,34,0,1,10,BMI;sysBP;age;totChol;diaBP;glucose;heartRate;cigsPerDay;prevalentHyp;education
14,35,1,1,10,BMI;sysBP;age;totChol;diaBP;glucose;heartRate;cigsPerDay;prevalentHyp;education
14,36,1,1,10,BMI;sysBP;age;totChol;diaBP;glucose;heartRate;cigsPerDay;prevalentHyp;education
14,37,0,1,10,BMI;sysBP;age;totChol;diaBP;glucose;heartRate;cigsPerDay;prevalentHyp;education
14,38,1,1,10,BMI;sysBP;age;totChol;diaBP;glucose;heartRate;cigsPerDay;prevalentHyp;education
14,39,1,1,10,BMI;sysBP;age;totChol;diaBP;glucose;heartRate;cigsPerDay;prevalentHyp;education
14,40,0,1,10,BMI;sysBP;age;totChol;diaBP;glucose;heartRate;cigsPerDay;prevalentHyp;education
14,41,1,1,10,BMI;sysBP;age;totChol;diaBP;glucose;heartRate;cigsPerDay;prevalentHyp;education
14,42,1,1,10,BMI;sysBP;age;totChol;diaBP;glucose;heartRate;cigsPerDay;prevalentHyp;education
14,43,1,1,10,BMI;sysBP;age;totChol;diaBP;glucose;heartRate;cigsPerDay;prevalentHyp;education
14,44,1,1,10,BMI;sysBP;age;totChol;diaBP;glucose;heartRate;cigsPerDay;prevalentHyp;education
14,45,0,1,10,BMI;sysBP;age;totChol;diaBP;glucose;heartRate;cigsPerDay;prevalentHyp;education
14,46,1,1,10,BMI;sysBP;age;totChol;diaBP;glucose;heartRate;cigsPerDay;prevalentHyp;education
14,47,1,1,10,BMI;sysBP;age;totChol;diaBP;glucose;heartRate;cigsPerDay;prevalentHyp;education
14,48,1,1,10,BMI;sysBP;age;totChol;diaBP;glucose;heartRate;cigsPerDay;prevalentHyp;education
14,49,1,0,10,BMI;sysBP;age;totChol;diaBP;glucose;heartRate;cigsPerDay;prevalentHyp;education
14,50,1,1,10,BMI;sysBP;age;totChol;diaBP;glucose;heartRate;cigsPerDay;prevalentHyp;education
14,51,0,1,10,BMI;sysBP;age;totChol;diaBP;glucose;heartRate;cigsPerDay;prevalentHyp;education
14,52,0,1,10,BMI;sysBP;age;totChol;diaBP;glucose;heartRate;cigsPerDay;prevalentHyp;education
14,53,1,1,10,BMI;sysBP;age;totChol;diaBP;glucose;heartRate;cigsPerDay;prevalentHyp;education
14,54,0,0,10,BMI;sysBP;age;totChol;diaBP;glucose;heartRate;cigsPerDay;prevalentHyp;education
14,55,1,1,10,BMI;sysBP;age;totChol;diaBP;glucose;heartRate;cigsPerDay;prevalentHyp;education
14,56,0,0,10,BMI;sysBP;age;totChol;diaBP;glucose;heartRate;cigsPerDay;prevalentHyp;education
14,57,1,1,10,BMI;sysBP;age;totChol;diaBP;glucose;heartRate;cigsPerDay;prevalentHyp;education
14,58,1,1,10,BMI;sysBP;age;totChol;diaBP;glucose;heartRate;cigsPerDay;prevalentHyp;education
14,59,1,1,10,BMI;sysBP;age;totChol;diaBP;glucose;heartRate;cigsPerDay;prevalentHyp;education
14,60,1,1,10,BMI;sysBP;age;totChol;diaBP;glucose;heartRate;cigsPerDay;prevalentHyp;education
14,61,0,1,10,BMI;sysBP;age;totChol;diaBP;glucose;heartRate;cigsPerDay;prevalentHyp;education
14,62,0,1,10,BMI;sysBP;age;totChol;diaBP;glucose;heartRate;cigsPerDay;prevalentHyp;education
14,63,1,1,10,BMI;sysBP;age;totChol;diaBP;glucose;heartRate;cigsPerDay;prevalentHyp;education
14,64,1,1,10,BMI;sysBP;age;totChol;diaBP;glucose;heartRate;cigsPerDay;prevalentHyp;education
14,65,1,1,10,BMI;sysBP;age;totChol;diaBP;glucose;heartRate;cigsPerDay;prevalentHyp;education
14,66,0,1,10,BMI;sysBP;age;totChol;diaBP;glucose;heartRate;cigsPerDay;prevalentHyp;education
14,67,0,0,10,BMI;sysBP;age;totChol;diaBP;glucose;heartRate;cigsPerDay;prevalentHyp;education
14,68,0,1,10,BMI;sysBP;age;totChol;diaBP;glucose;heartRate;cigsPerDay;prevalentHyp;education
14,69,1,1,10,BMI;sysBP;age;totChol;diaBP;glucose;heartRate;cigsPerDay;prevalentHyp;education
14,70,0,0,10,BMI;sysBP;age;totChol;diaBP;glucose;heartRate;cigsPerDay;prevalentHyp;education
14,71,1,1,10,BMI;sysBP;age;totChol;diaBP;glucose;heartRate;cigsPerDay;prevalentHyp;education
14,72,1,1,10,BMI;sysBP;age;totChol;diaBP;glucose;heartRate;cigsPerDay;prevalentHyp;education
14,73,1,1,10,BMI;sysBP;age;totChol;diaBP;glucose;heartRate;cigsPerDay;prevalentHyp;education
14,74,0,1,10,BMI;sysBP;age;totChol;diaBP;glucose;heartRate;cigsPerDay;prevalentHyp;education
14,75,0,1,10,BMI;sysBP;age;totChol;diaBP;glucose;heartRate;cigsPerDay;prevalentHyp;education
14,76,0,1,10,BMI;sysBP;age;totChol;diaBP;glucose;heartRate;cigsPerDay;prevalentHyp;education
14,77,0,1,10,BMI;sysBP;age;totChol;diaBP;glucose;heartRate;cigsPerDay;prevalentHyp;education
14,78,1,1,10,BMI;sysBP;age;totChol;diaBP;glucose;heartRate;cigsPerDay;prevalentHyp;education
14,79,0,1,10,BMI;sysBP;age;totChol;diaBP;glucose;heartRate;cigsPerDay;prevalentHyp;education
14,80,1,1,10,BMI;sysBP;age;totChol;diaBP;glucose;heartRate;cigsPerDay;prevalentHyp;education
14,81,1,1,10,BMI;sysBP;age;totChol;diaBP;glucose;heartRate;cigsPerDay;prevalentHyp;education
14,82,0,1,10,BMI;sysBP;age;totChol;diaBP;glucose;heartRate;cigsPerDay;prevalentHyp;education
14,83,0,1,10,BMI;sysBP;age;totChol;diaBP;glucose;heartRate;cigsPerDay;prevalentHyp;education
14,84,0,1,10,BMI;sysBP;age;totChol;diaBP;glucose;heartRate;cigsPerDay;prevalentHyp;education
14,85,1,1,10,BMI;sysBP;age;totChol;diaBP;glucose;heartRate;cigsPerDay;prevalentHyp;education
14,86,0,1,10,BMI;sysBP;age;totChol;diaBP;glucose;heartRate;cigsPerDay;prevalentHyp;education
14,87,0,1,10,BMI;sysBP;age;totChol;diaBP;glucose;heartRate;cigsPerDay;prevalentHyp;education
14,88,1,1,10,BMI;sysBP;age;totChol;diaBP;glucose;heartRate;cigsPerDay;prevalentHyp;education
14,89,1,1,10,BMI;sysBP;age;totChol;diaBP;glucose;heartRate;cigsPerDay;prevalentHyp;education
14,90,0,0,10,BMI;sysBP;age;totChol;diaBP;glucose;heartRate;cigsPerDay;prevalentHyp;education
14,91,0,0,10,BMI;sysBP;age;totChol;diaBP;glucose;heartRate;cigsPerDay;prevalentHyp;education
14,92,1,1,10,BMI;sysBP;age;totChol;diaBP;glucose;heartRate;cigsPerDay;prevalentHyp;education
14,93,0,1,10,BMI;sysBP;age;totChol;diaBP;glucose;heartRate;cigsPerDay;prevalentHyp;education
14,94,1,1,10,BMI;sysBP;age;totChol;diaBP;glucose;heartRate;cigsPerDay;prevalentHyp;education
14,95,0,1,10,BMI;sysBP;age;totChol;diaBP;glucose;heartRate;cigsPerDay;prevalentHyp;education
14,96,0,1,10,BMI;sysBP;age;totChol;diaBP;glucose;heartRate;cigsPerDay;prevalentHyp;education
14,97,0,1,10,BMI;sysBP;age;totChol;diaBP;glucose;heartRate;cigsPerDay;prevalentHyp;education
14,98,0,0,10,BMI;sysBP;age;totChol;diaBP;glucose;heartRate;cigsPerDay;prevalentHyp;education
14,99,1,1,10,BMI;sysBP;age;totChol;diaBP;glucose;heartRate;cigsPerDay;prevalentHyp;education
14,100,0,1,10,BMI;sysBP;age;totChol;diaBP;glucose;heartRate;cigsPerDay;prevalentHyp;education
14,101,1,0,10,BMI;sysBP;age;totChol;diaBP;glucose;heartRate;cigsPerDay;prevalentHyp;education
14,102,1,1,10,BMI;sysBP;age;totChol;diaBP;glucose;heartRate;cigsPerDay;prevalentHyp;education
14,103,1,1,10,BMI;sysBP;age;totChol;diaBP;glucose;heartRate;cigsPerDay;prevalentHyp;education
14,104,1,1,10,BMI;sysBP;age;totChol;diaBP;glucose;heartRate;cigsPerDay;prevalentHyp;education
14,105,1,1,10,BMI;sysBP;age;totChol;diaBP;glucose;heartRate;cigsPerDay;prevalentHyp;education
14,106,1,1,10,BMI;sysBP;age;totChol;diaBP;glucose;heartRate;cigsPerDay;prevalentHyp;education
14,107,1,1,10,BMI;sysBP;age;totChol;diaBP;glucose;heartRate;cigsPerDay;prevalentHyp;education
14,108,0,0,10,BMI;sysBP;age;totChol;diaBP;glucose;heartRate;cigsPerDay;prevalentHyp;education
14,109,0,1,10,BMI;sysBP;age;totChol;diaBP;glucose;heartRate;cigsPerDay;prevalentHyp;education
14,110,1,1,10,BMI;sysBP;age;totChol;diaBP;glucose;heartRate;cigsPerDay;prevalentHyp;education
14,111,0,1,10,BMI;sysBP;age;totChol;diaBP;glucose;heartRate;cigsPerDay;prevalentHyp;education
14,112,0,0,10,BMI;sysBP;age;totChol;diaBP;glucose;heartRate;cigsPerDay;prevalentHyp;education
14,113,0,1,10,BMI;sysBP;age;totChol;diaBP;glucose;heartRate;cigsPerDay;prevalentHyp;education
14,114,0,1,10,BMI;sysBP;age;totChol;diaBP;glucose;heartRate;cigsPerDay;prevalentHyp;education
14,115,1,1,10,BMI;sysBP;age;totChol;diaBP;glucose;heartRate;cigsPerDay;prevalentHyp;education
14,116,1,1,10,BMI;sysBP;age;totChol;diaBP;glucose;heartRate;cigsPerDay;prevalentHyp;education
14,117,0,1,10,BMI;sysBP;age;totChol;diaBP;glucose;heartRate;cigsPerDay;prevalentHyp;education
14,118,0,1,10,BMI;sysBP;age;totChol;diaBP;glucose;heartRate;cigsPerDay;prevalentHyp;education
14,119,0,1,10,BMI;sysBP;age;totChol;diaBP;glucose;heartRate;cigsPerDay;prevalentHyp;education
14,120,1,1,10,BMI;sysBP;age;totChol;diaBP;glucose;heartRate;cigsPerDay;prevalentHyp;education
14,121,1,1,10,BMI;sysBP;age;totChol;diaBP;glucose;heartRate;cigsPerDay;prevalentHyp;education
14,122,1,1,10,BMI;sysBP;age;totChol;diaBP;glucose;heartRate;cigsPerDay;prevalentHyp;education
14,123,0,0,10,BMI;sysBP;age;totChol;diaBP;glucose;heartRate;cigsPerDay;prevalentHyp;education
14,124,1,1,10,BMI;sysBP;age;totChol;diaBP;glucose;heartRate;cigsPerDay;prevalentHyp;education
14,125,1,1,10,BMI;sysBP;age;totChol;diaBP;glucose;heartRate;cigsPerDay;prevalentHyp;education
14,126,0,1,10,BMI;sysBP;age;totChol;diaBP;glucose;heartRate;cigsPerDay;prevalentHyp;education
14,127,0,1,10,BMI;sysBP;age;totChol;diaBP;glucose;heartRate;cigsPerDay;prevalentHyp;education
14,128,1,0,10,BMI;sysBP;age;totChol;diaBP;glucose;heartRate;cigsPerDay;prevalentHyp;education
14,129,0,1,10,BMI;sysBP;age;totChol;diaBP;glucose;heartRate;cigsPerDay;prevalentHyp;education
14,130,0,1,10,BMI;sysBP;age;totChol;diaBP;glucose;heartRate;cigsPerDay;prevalentHyp;education
14,131,1,1,10,BMI;sysBP;age;totChol;diaBP;glucose;heartRate;cigsPerDay;prevalentHyp;education
14,132,0,0,10,BMI;sysBP;age;totChol;diaBP;glucose;heartRate;cigsPerDay;prevalentHyp;education
14,133,1,1,10,BMI;sysBP;age;totChol;diaBP;glucose;heartRate;cigsPerDay;prevalentHyp;education
14,134,1,0,10,BMI;sysBP;age;totChol;diaBP;glucose;heartRate;cigsPerDay;prevalentHyp;education
14,135,1,1,10,BMI;sysBP;age;totChol;diaBP;glucose;heartRate;cigsPerDay;prevalentHyp;education
14,136,0,1,10,BMI;sysBP;age;totChol;diaBP;glucose;heartRate;cigsPerDay;prevalentHyp;education
14,137,0,1,10,BMI;sysBP;age;totChol;diaBP;glucose;heartRate;cigsPerDay;prevalentHyp;education
14,138,0,0,10,BMI;sysBP;age;totChol;diaBP;glucose;heartRate;cigsPerDay;prevalentHyp;education
14,139,0,1,10,BMI;sysBP;age;totChol;diaBP;glucose;heartRate;cigsPerDay;prevalentHyp;education
14,140,1,1,10,BMI;sysBP;age;totChol;diaBP;glucose;heartRate;cigsPerDay;prevalentHyp;education
14,141,1,1,10,BMI;sysBP;age;totChol;diaBP;glucose;heartRate;cigsPerDay;prevalentHyp;education
14,142,0,1,10,BMI;sysBP;age;totChol;diaBP;glucose;heartRate;cigsPerDay;prevalentHyp;education
14,143,1,1,10,BMI;sysBP;age;totChol;diaBP;glucose;heartRate;cigsPerDay;prevalentHyp;education
14,144,1,1,10,BMI;sysBP;age;totChol;diaBP;glucose;heartRate;cigsPerDay;prevalentHyp;education
14,145,0,1,10,BMI;sysBP;age;totChol;diaBP;glucose;heartRate;cigsPerDay;prevalentHyp;education
14,146,1,1,10,BMI;sysBP;age;totChol;diaBP;glucose;heartRate;cigsPerDay;prevalentHyp;education
14,147,1,1,10,BMI;sysBP;age;totChol;diaBP;glucose;heartRate;cigsPerDay;prevalentHyp;education
14,148,1,1,10,BMI;sysBP;age;totChol;diaBP;glucose;heartRate;cigsPerDay;prevalentHyp;education
14,149,0,0,10,BMI;sysBP;age;totChol;diaBP;glucose;heartRate;cigsPerDay;prevalentHyp;education
14,150,1,1,10,BMI;sysBP;age;totChol;diaBP;glucose;heartRate;cigsPerDay;prevalentHyp;education
14,151,0,0,10,BMI;sysBP;age;totChol;diaBP;glucose;heartRate;cigsPerDay;prevalentHyp;education
14,152,0,1,10,BMI;sysBP;age;totChol;diaBP;glucose;heartRate;cigsPerDay;prevalentHyp;education
14,153,1,1,10,BMI;sysBP;age;totChol;diaBP;glucose;heartRate;cigsPerDay;prevalentHyp;education
14,154,1,1,10,BMI;sysBP;age;totChol;diaBP;glucose;heartRate;cigsPerDay;prevalentHyp;education
14,155,1,1,10,BMI;sysBP;age;totChol;diaBP;glucose;heartRate;cigsPerDay;prevalentHyp;education
14,156,1,1,10,BMI;sysBP;age;totChol;diaBP;glucose;heartRate;cigsPerDay;prevalentHyp;education
14,157,1,1,10,BMI;sysBP;age;totChol;diaBP;glucose;heartRate;cigsPerDay;prevalentHyp;education
14,158,0,1,10,BMI;sysBP;age;totChol;diaBP;glucose;heartRate;cigsPerDay;prevalentHyp;education
14,159,0,0,10,BMI;sysBP;age;totChol;diaBP;glucose;heartRate;cigsPerDay;prevalentHyp;education
14,160,0,1,10,BMI;sysBP;age;totChol;diaBP;glucose;heartRate;cigsPerDay;prevalentHyp;education
14,161,0,0,10,BMI;sysBP;age;totChol;diaBP;glucose;heartRate;cigsPerDay;prevalentHyp;education
14,162,0,1,10,BMI;sysBP;age;totChol;diaBP;glucose;heartRate;cigsPerDay;prevalentHyp;education
14,163,1,1,10,BMI;sysBP;age;totChol;diaBP;glucose;heartRate;cigsPerDay;prevalentHyp;education
14,164,0,1,10,BMI;sysBP;age;totChol;diaBP;glucose;heartRate;cigsPerDay;prevalentHyp;education
14,165,1,1,10,BMI;sysBP;age;totChol;diaBP;glucose;heartRate;cigsPerDay;prevalentHyp;education
14,166,0,1,10,BMI;sysBP;age;totChol;diaBP;glucose;heartRate;cigsPerDay;prevalentHyp;education
14,167,1,0,10,BMI;sysBP;age;totChol;diaBP;glucose;heartRate;cigsPerDay;prevalentHyp;education
14,168,1,1,10,BMI;sysBP;age;totChol;diaBP;glucose;heartRate;cigsPerDay;prevalentHyp;education
14,169,0,1,10,BMI;sysBP;age;totChol;diaBP;glucose;heartRate;cigsPerDay;prevalentHyp;education
14,170,1,0,10,BMI;sysBP;age;totChol;diaBP;glucose;heartRate;cigsPerDay;prevalentHyp;education
14,171,1,1,10,BMI;sysBP;age;totChol;diaBP;glucose;heartRate;cigsPerDay;prevalentHyp;education
14,172,1,1,10,BMI;sysBP;age;totChol;diaBP;glucose;heartRate;cigsPerDay;prevalentHyp;education
14,173,1,1,10,BMI;sysBP;age;totChol;diaBP;glucose;heartRate;cigsPerDay;prevalentHyp;education
14,174,1,1,10,BMI;sysBP;age;totChol;diaBP;glucose;heartRate;cigsPerDay;prevalentHyp;education
14,175,0,1,10,BMI;sysBP;age;totChol;diaBP;glucose;heartRate;cigsPerDay;prevalentHyp;education
14,176,1,1,10,BMI;sysBP;age;totChol;diaBP;glucose;heartRate;cigsPerDay;prevalentHyp;education
14,177,0,1,10,BMI;sysBP;age;totChol;diaBP;glucose;heartRate;cigsPerDay;prevalentHyp;education
14,178,1,0,10,BMI;sysBP;age;totChol;diaBP;glucose;heartRate;cigsPerDay;prevalentHyp;education
14,179,1,1,10,BMI;sysBP;age;totChol;diaBP;glucose;heartRate;cigsPerDay;prevalentHyp;education
14,180,1,1,10,BMI;sysBP;age;totChol;diaBP;glucose;heartRate;cigsPerDay;prevalentHyp;education
14,181,1,1,10,BMI;sysBP;age;totChol;diaBP;glucose;heartRate;cigsPerDay;prevalentHyp;education
14,182,1,1,10,BMI;sysBP;age;totChol;diaBP;glucose;heartRate;cigsPerDay;prevalentHyp;education
14,183,1,1,10,BMI;sysBP;age;totChol;diaBP;glucose;heartRate;cigsPerDay;prevalentHyp;education
14,184,1,1,10,BMI;sysBP;age;totChol;diaBP;glucose;heartRate;cigsPerDay;prevalentHyp;education
14,185,1,1,10,BMI;sysBP;age;totChol;diaBP;glucose;heartRate;cigsPerDay;prevalentHyp;education
14,186,0,0,10,BMI;sysBP;age;totChol;diaBP;glucose;heartRate;cigsPerDay;prevalentHyp;education
14,187,0,1,10,BMI;sysBP;age;totChol;diaBP;glucose;heartRate;cigsPerDay;prevalentHyp;education
14,188,0,1,10,BMI;sysBP;age;totChol;diaBP;glucose;heartRate;cigsPerDay;prevalentHyp;education
14,189,1,1,10,BMI;sysBP;age;totChol;diaBP;glucose;heartRate;cigsPerDay;prevalentHyp;education
14,190,1,1,10,BMI;sysBP;age;totChol;diaBP;glucose;heartRate;cigsPerDay;prevalentHyp;education
14,191,1,1,10,BMI;sysBP;age;totChol;diaBP;glucose;heartRate;cigsPerDay;prevalentHyp;education
14,192,0,1,10,BMI;sysBP;age;totChol;diaBP;glucose;heartRate;cigsPerDay;prevalentHyp;education
14,193,1,1,10,BMI;sysBP;age;totChol;diaBP;glucose;heartRate;cigsPerDay;prevalentHyp;education
14,194,0,1,10,BMI;sysBP;age;totChol;diaBP;glucose;heartRate;cigsPerDay;prevalentHyp;education
14,195,0,1,10,BMI;sysBP;age;totChol;diaBP;glucose;heartRate;cigsPerDay;prevalentHyp;education
14,196,0,1,10,BMI;sysBP;age;totChol;diaBP;glucose;heartRate;cigsPerDay;prevalentHyp;education
14,197,0,1,10,BMI;sysBP;age;totChol;diaBP;glucose;heartRate;cigsPerDay;prevalentHyp;education
14,198,0,1,10,BMI;sysBP;age;totChol;diaBP;glucose;heartRate;cigsPerDay;prevalentHyp;education
14,199,0,1,10,BMI;sysBP;age;totChol;diaBP;glucose;heartRate;cigsPerDay;prevalentHyp;education
14,200,1,1,10,BMI;sysBP;age;totChol;diaBP;glucose;heartRate;cigsPerDay;prevalentHyp;education
14,201,0,1,10,BMI;sysBP;age;totChol;diaBP;glucose;heartRate;cigsPerDay;prevalentHyp;education
14,202,0,1,10,BMI;sysBP;age;totChol;diaBP;glucose;heartRate;cigsPerDay;prevalentHyp;education
14,203,0,0,10,BMI;sysBP;age;totChol;diaBP;glucose;heartRate;cigsPerDay;prevalentHyp;education
14,204,0,0,10,BMI;sysBP;age;totChol;diaBP;glucose;heartRate;cigsPerDay;prevalentHyp;education
14,205,1,1,10,BMI;sysBP;age;totChol;diaBP;glucose;heartRate;cigsPerDay;prevalentHyp;education
14,206,1,1,10,BMI;sysBP;age;totChol;diaBP;glucose;heartRate;cigsPerDay;prevalentHyp;education
14,207,1,1,10,BMI;sysBP;age;totChol;diaBP;glucose;heartRate;cigsPerDay;prevalentHyp;education
14,208,0,1,10,BMI;sysBP;age;totChol;diaBP;glucose;heartRate;cigsPerDay;prevalentHyp;education
14,209,1,1,10,BMI;sysBP;age;totChol;diaBP;glucose;heartRate;cigsPerDay;prevalentHyp;education
14,210,0,0,10,BMI;sysBP;age;totChol;diaBP;glucose;heartRate;cigsPerDay;prevalentHyp;education
14,211,1,0,10,BMI;sysBP;age;totChol;diaBP;glucose;heartRate;cigsPerDay;prevalentHyp;education
14,212,1,1,10,BMI;sysBP;age;totChol;diaBP;glucose;heartRate;cigsPerDay;prevalentHyp;education
14,213,0,1,10,BMI;sysBP;age;totChol;diaBP;glucose;heartRate;cigsPerDay;prevalentHyp;education
14,214,0,1,10,BMI;sysBP;age;totChol;diaBP;glucose;heartRate;cigsPerDay;prevalentHyp;education
14,215,1,1,10,BMI;sysBP;age;totChol;diaBP;glucose;heartRate;cigsPerDay;prevalentHyp;education
14,216,0,1,10,BMI;sysBP;age;totChol;diaBP;glucose;heartRate;cigsPerDay;prevalentHyp;education
14,217,0,1,10,BMI;sysBP;age;totChol;diaBP;glucose;heartRate;cigsPerDay;prevalentHyp;education
14,218,0,1,10,BMI;sysBP;age;totChol;diaBP;glucose;heartRate;cigsPerDay;prevalentHyp;education
14,219,0,1,10,BMI;sysBP;age;totChol;diaBP;glucose;heartRate;cigsPerDay;prevalentHyp;education
14,220,0,1,10,BMI;sysBP;age;totChol;diaBP;glucose;heartRate;cigsPerDay;prevalentHyp;education
14,221,1,1,10,BMI;sysBP;age;totChol;diaBP;glucose;heartRate;cigsPerDay;prevalentHyp;education
14,222,0,1,10,BMI;sysBP;age;totChol;diaBP;glucose;heartRate;cigsPerDay;prevalentHyp;education
14,223,1,1,10,BMI;sysBP;age;totChol;diaBP;glucose;heartRate;cigsPerDay;prevalentHyp;education
14,224,1,0,10,BMI;sysBP;age;totChol;diaBP;glucose;heartRate;cigsPerDay;prevalentHyp;education
14,225,1,1,10,BMI;sysBP;age;totChol;diaBP;glucose;heartRate;cigsPerDay;prevalentHyp;education
14,226,1,1,10,BMI;sysBP;age;totChol;diaBP;glucose;heartRate;cigsPerDay;prevalentHyp;education
14,227,0,1,10,BMI;sysBP;age;totChol;diaBP;glucose;heartRate;cigsPerDay;prevalentHyp;education
14,228,1,1,10,BMI;sysBP;age;totChol;diaBP;glucose;heartRate;cigsPerDay;prevalentHyp;education
14,229,0,1,10,BMI;sysBP;age;totChol;diaBP;glucose;heartRate;cigsPerDay;prevalentHyp;education
14,230,1,1,10,BMI;sysBP;age;totChol;diaBP;glucose;heartRate;cigsPerDay;prevalentHyp;education
14,231,0,0,10,BMI;sysBP;age;totChol;diaBP;glucose;heartRate;cigsPerDay;prevalentHyp;education
14,232,0,1,10,BMI;sysBP;age;totChol;diaBP;glucose;heartRate;cigsPerDay;prevalentHyp;education
14,233,1,1,10,BMI;sysBP;age;totChol;diaBP;glucose;heartRate;cigsPerDay;prevalentHyp;education
14,234,1,1,10,BMI;sysBP;age;totChol;diaBP;glucose;heartRate;cigsPerDay;prevalentHyp;education
14,235,0,1,10,BMI;sysBP;age;totChol;diaBP;glucose;heartRate;cigsPerDay;prevalentHyp;education
14,236,0,0,10,BMI;sysBP;age;totChol;diaBP;glucose;heartRate;cigsPerDay;prevalentHyp;education
14,237,0,1,10,BMI;sysBP;age;totChol;diaBP;glucose;heartRate;cigsPerDay;prevalentHyp;education
14,238,0,1,10,BMI;sysBP;age;totChol;diaBP;glucose;heartRate;cigsPerDay;prevalentHyp;education
14,239,0,1,10,BMI;sysBP;age;totChol;diaBP;glucose;heartRate;cigsPerDay;prevalentHyp;education
14,240,0,1,10,BMI;sysBP;age;totChol;diaBP;glucose;heartRate;cigsPerDay;prevalentHyp;education
14,241,1,1,10,BMI;sysBP;age;totChol;diaBP;glucose;heartRate;cigsPerDay;prevalentHyp;education
14,242,1,1,10,BMI;sysBP;age;totChol;diaBP;glucose;heartRate;cigsPerDay;prevalentHyp;education
14,243,0,1,10,BMI;sysBP;age;totChol;diaBP;glucose;heartRate;cigsPerDay;prevalentHyp;education
14,244,1,1,10,BMI;sysBP;age;totChol;diaBP;glucose;heartRate;cigsPerDay;prevalentHyp;education
14,245,1,1,10,BMI;sysBP;age;totChol;diaBP;glucose;heartRate;cigsPerDay;prevalentHyp;education
14,246,0,1,10,BMI;sysBP;age;totChol;diaBP;glucose;heartRate;cigsPerDay;prevalentHyp;education
14,247,1,1,10,BMI;sysBP;age;totChol;diaBP;glucose;heartRate;cigsPerDay;prevalentHyp;education
14,248,0,1,10,BMI;sysBP;age;totChol;diaBP;glucose;heartRate;cigsPerDay;prevalentHyp;education
14,249,0,1,10,BMI;sysBP;age;totChol;diaBP;glucose;heartRate;cigsPerDay;prevalentHyp;education
14,250,1,1,10,BMI;sysBP;age;totChol;diaBP;glucose;heartRate;cigsPerDay;prevalentHyp;education
14,251,0,1,10,BMI;sysBP;age;totChol;diaBP;glucose;heartRate;cigsPerDay;prevalentHyp;education
14,252,1,1,10,BMI;sysBP;age;totChol;diaBP;glucose;heartRate;cigsPerDay;prevalentHyp;education
14,253,0,0,10,BMI;sysBP;age;totChol;diaBP;glucose;heartRate;cigsPerDay;prevalentHyp;education
14,254,1,1,10,BMI;sysBP;age;totChol;diaBP;glucose;heartRate;cigsPerDay;prevalentHyp;education
14,255,0,1,10,BMI;sysBP;age;totChol;diaBP;glucose;heartRate;cigsPerDay;prevalentHyp;education
14,256,1,1,10,BMI;sysBP;age;totChol;diaBP;glucose;heartRate;cigsPerDay;prevalentHyp;education
14,257,1,1,10,BMI;sysBP;age;totChol;diaBP;glucose;heartRate;cigsPerDay;prevalentHyp;education
14,258,0,1,10,BMI;sysBP;age;totChol;diaBP;glucose;heartRate;cigsPerDay;prevalentHyp;education
14,259,1,1,10,BMI;sysBP;age;totChol;diaBP;glucose;heartRate;cigsPerDay;prevalentHyp;education
14,260,1,1,10,BMI;sysBP;age;totChol;diaBP;glucose;heartRate;cigsPerDay;prevalentHyp;education
14,261,1,1,10,BMI;sysBP;age;totChol;diaBP;glucose;heartRate;cigsPerDay;prevalentHyp;education
14,262,1,1,10,BMI;sysBP;age;totChol;diaBP;glucose;heartRate;cigsPerDay;prevalentHyp;education
14,263,1,1,10,BMI;sysBP;age;totChol;diaBP;glucose;heartRate;cigsPerDay;prevalentHyp;education
14,264,1,1,10,BMI;sysBP;age;totChol;diaBP;glucose;heartRate;cigsPerDay;prevalentHyp;education
14,265,1,0,10,BMI;sysBP;age;totChol;diaBP;glucose;heartRate;cigsPerDay;prevalentHyp;education
14,266,0,1,10,BMI;sysBP;age;totChol;diaBP;glucose;heartRate;cigsPerDay;prevalentHyp;education
14,267,0,1,10,BMI;sysBP;age;totChol;diaBP;glucose;heartRate;cigsPerDay;prevalentHyp;education
14,268,0,1,10,BMI;sysBP;age;totChol;diaBP;glucose;heartRate;cigsPerDay;prevalentHyp;education
14,269,1,1,10,BMI;sysBP;age;totChol;diaBP;glucose;heartRate;cigsPerDay;prevalentHyp;education
14,270,1,1,10,BMI;sysBP;age;totChol;diaBP;glucose;heartRate;cigsPerDay;prevalentHyp;education
14,271,0,1,10,BMI;sysBP;age;totChol;diaBP;glucose;heartRate;cigsPerDay;prevalentHyp;education
14,272,0,1,10,BMI;sysBP;age;totChol;diaBP;glucose;heartRate;cigsPerDay;prevalentHyp;education
14,273,0,1,10,BMI;sysBP;age;totChol;diaBP;glucose;heartRate;cigsPerDay;prevalentHyp;education
14,274,1,1,10,BMI;sysBP;age;totChol;diaBP;glucose;heartRate;cigsPerDay;prevalentHyp;education
14,275,1,1,10,BMI;sysBP;age;totChol;diaBP;glucose;heartRate;cigsPerDay;prevalentHyp;education
14,276,0,1,10,BMI;sysBP;age;totChol;diaBP;glucose;heartRate;cigsPerDay;prevalentHyp;education
14,277,0,1,10,BMI;sysBP;age;totChol;diaBP;glucose;heartRate;cigsPerDay;prevalentHyp;education
14,278,0,0,10,BMI;sysBP;age;totChol;diaBP;glucose;heartRate;cigsPerDay;prevalentHyp;education
14,279,0,1,10,BMI;sysBP;age;totChol;diaBP;glucose;heartRate;cigsPerDay;prevalentHyp;education
14,280,1,1,10,BMI;sysBP;age;totChol;diaBP;glucose;heartRate;cigsPerDay;prevalentHyp;education
14,281,0,1,10,BMI;sysBP;age;totChol;diaBP;glucose;heartRate;cigsPerDay;prevalentHyp;education
14,282,0,1,10,BMI;sysBP;age;totChol;diaBP;glucose;heartRate;cigsPerDay;prevalentHyp;education
14,283,1,1,10,BMI;sysBP;age;totChol;diaBP;glucose;heartRate;cigsPerDay;prevalentHyp;education
14,284,0,1,10,BMI;sysBP;age;totChol;diaBP;glucose;heartRate;cigsPerDay;prevalentHyp;education
14,285,0,0,10,BMI;sysBP;age;totChol;diaBP;glucose;heartRate;cigsPerDay;prevalentHyp;education
14,286,0,1,10,BMI;sysBP;age;totChol;diaBP;glucose;heartRate;cigsPerDay;prevalentHyp;education
14,287,1,1,10,BMI;sysBP;age;totChol;diaBP;glucose;heartRate;cigsPerDay;prevalentHyp;education
14,288,1,1,10,BMI;sysBP;age;totChol;diaBP;glucose;heartRate;cigsPerDay;prevalentHyp;education
14,289,0,1,10,BMI;sysBP;age;totChol;diaBP;glucose;heartRate;cigsPerDay;prevalentHyp;education
14,290,1,1,10,BMI;sysBP;age;totChol;diaBP;glucose;heartRate;cigsPerDay;prevalentHyp;education
14,291,1,1,10,BMI;sysBP;age;totChol;diaBP;glucose;heartRate;cigsPerDay;prevalentHyp;education
14,292,1,1,10,BMI;sysBP;age;totChol;diaBP;glucose;heartRate;cigsPerDay;prevalentHyp;education
14,293,0,1,10,BMI;sysBP;age;totChol;diaBP;glucose;heartRate;cigsPerDay;prevalentHyp;education
14,294,0,1,10,BMI;sysBP;age;totChol;diaBP;glucose;heartRate;cigsPerDay;prevalentHyp;education
14,295,0,1,10,BMI;sysBP;age;totChol;diaBP;glucose;heartRate;cigsPerDay;prevalentHyp;education
14,296,1,1,10,BMI;sysBP;age;totChol;diaBP;glucose;heartRate;cigsPerDay;prevalentHyp;education
14,297,0,1,10,BMI;sysBP;age;totChol;diaBP;glucose;heartRate;cigsPerDay;prevalentHyp;education
14,298,0,0,10,BMI;sysBP;age;totChol;diaBP;glucose;heartRate;cigsPerDay;prevalentHyp;education
14,299,0,1,10,BMI;sysBP;age;totChol;diaBP;glucose;heartRate;cigsPerDay;prevalentHyp;education
14,300,0,1,10,BMI;sysBP;age;totChol;diaBP;glucose;heartRate;cigsPerDay;prevalentHyp;education
14,301,1,1,10,BMI;sysBP;age;totChol;diaBP;glucose;heartRate;cigsPerDay;prevalentHyp;education
14,302,0,1,10,BMI;sysBP;age;totChol;diaBP;glucose;heartRate;cigsPerDay;prevalentHyp;education
14,303,1,1,10,BMI;sysBP;age;totChol;diaBP;glucose;heartRate;cigsPerDay;prevalentHyp;education
14,304,1,1,10,BMI;sysBP;age;totChol;diaBP;glucose;heartRate;cigsPerDay;prevalentHyp;education
14,305,1,1,10,BMI;sysBP;age;totChol;diaBP;glucose;heartRate;cigsPerDay;prevalentHyp;education
14,306,1,1,10,BMI;sysBP;age;totChol;diaBP;glucose;heartRate;cigsPerDay;prevalentHyp;education
14,307,1,1,10,BMI;sysBP;age;totChol;diaBP;glucose;heartRate;cigsPerDay;prevalentHyp;education
14,308,1,1,10,BMI;sysBP;age;totChol;diaBP;glucose;heartRate;cigsPerDay;prevalentHyp;education
14,309,0,1,10,BMI;sysBP;age;totChol;diaBP;glucose;heartRate;cigsPerDay;prevalentHyp;education
14,310,1,1,10,BMI;sysBP;age;totChol;diaBP;glucose;heartRate;cigsPerDay;prevalentHyp;education
14,311,1,1,10,BMI;sysBP;age;totChol;diaBP;glucose;heartRate;cigsPerDay;prevalentHyp;education
14,312,1,1,10,BMI;sysBP;age;totChol;diaBP;glucose;heartRate;cigsPerDay;prevalentHyp;education
14,313,0,1,10,BMI;sysBP;age;totChol;diaBP;glucose;heartRate;cigsPerDay;prevalentHyp;education
14,314,0,1,10,BMI;sysBP;age;totChol;diaBP;glucose;heartRate;cigsPerDay;prevalentHyp;education
14,315,0,1,10,BMI;sysBP;age;totChol;diaBP;glucose;heartRate;cigsPerDay;prevalentHyp;education
14,316,0,1,10,BMI;sysBP;age;totChol;diaBP;glucose;heartRate;cigsPerDay;prevalentHyp;education
14,317,0,0,10,BMI;sysBP;age;totChol;diaBP;glucose;heartRate;cigsPerDay;prevalentHyp;education
14,318,0,1,10,BMI;sysBP;age;totChol;diaBP;glucose;heartRate;cigsPerDay;prevalentHyp;education
14,319,0,1,10,BMI;sysBP;age;totChol;diaBP;glucose;heartRate;cigsPerDay;prevalentHyp;education
14,320,0,1,10,BMI;sysBP;age;totChol;diaBP;glucose;heartRate;cigsPerDay;prevalentHyp;education
14,321,0,1,10,BMI;sysBP;age;totChol;diaBP;glucose;heartRate;cigsPerDay;prevalentHyp;education
14,322,0,1,10,BMI;sysBP;age;totChol;diaBP;glucose;heartRate;cigsPerDay;prevalentHyp;education
14,323,0,1,10,BMI;sysBP;age;totChol;diaBP;glucose;heartRate;cigsPerDay;prevalentHyp;education
14,324,0,1,10,BMI;sysBP;age;totChol;diaBP;glucose;heartRate;cigsPerDay;prevalentHyp;education
14,325,0,1,10,BMI;sysBP;age;totChol;diaBP;glucose;heartRate;cigsPerDay;prevalentHyp;education
14,326,0,1,10,BMI;sysBP;age;totChol;diaBP;glucose;heartRate;cigsPerDay;prevalentHyp;education
14,327,0,1,10,BMI;sysBP;age;totChol;diaBP;glucose;heartRate;cigsPerDay;prevalentHyp;education
14,328,0,0,10,BMI;sysBP;age;totChol;diaBP;glucose;heartRate;cigsPerDay;prevalentHyp;education
14,329,1,1,10,BMI;sysBP;age;totChol;diaBP;glucose;heartRate;cigsPerDay;prevalentHyp;education
14,330,1,1,10,BMI;sysBP;age;totChol;diaBP;glucose;heartRate;cigsPerDay;prevalentHyp;education
14,331,0,1,10,BMI;sysBP;age;totChol;diaBP;glucose;heartRate;cigsPerDay;prevalentHyp;education
14,332,1,1,10,BMI;sysBP;age;totChol;diaBP;glucose;heartRate;cigsPerDay;prevalentHyp;education
14,333,0,0,10,BMI;sysBP;age;totChol;diaBP;glucose;heartRate;cigsPerDay;prevalentHyp;education
14,334,0,1,10,BMI;sysBP;age;totChol;diaBP;glucose;heartRate;cigsPerDay;prevalentHyp;education
14,335,1,0,10,BMI;sysBP;age;totChol;diaBP;glucose;heartRate;cigsPerDay;prevalentHyp;education
14,336,1,1,10,BMI;sysBP;age;totChol;diaBP;glucose;heartRate;cigsPerDay;prevalentHyp;education
14,337,1,1,10,BMI;sysBP;age;totChol;diaBP;glucose;heartRate;cigsPerDay;prevalentHyp;education
14,338,1,1,10,BMI;sysBP;age;totChol;diaBP;glucose;heartRate;cigsPerDay;prevalentHyp;education
14,339,1,1,10,BMI;sysBP;age;totChol;diaBP;glucose;heartRate;cigsPerDay;prevalentHyp;education
14,340,0,1,10,BMI;sysBP;age;totChol;diaBP;glucose;heartRate;cigsPerDay;prevalentHyp;education
14,341,1,1,10,BMI;sysBP;age;totChol;diaBP;glucose;heartRate;cigsPerDay;prevalentHyp;education
14,342,0,1,10,BMI;sysBP;age;totChol;diaBP;glucose;heartRate;cigsPerDay;prevalentHyp;education
14,343,1,1,10,BMI;sysBP;age;totChol;diaBP;glucose;heartRate;cigsPerDay;prevalentHyp;education
14,344,0,1,10,BMI;sysBP;age;totChol;diaBP;glucose;heartRate;cigsPerDay;prevalentHyp;education
14,345,1,0,10,BMI;sysBP;age;totChol;diaBP;glucose;heartRate;cigsPerDay;prevalentHyp;education
14,346,0,0,10,BMI;sysBP;age;totChol;diaBP;glucose;heartRate;cigsPerDay;prevalentHyp;education
14,347,0,0,10,BMI;sysBP;age;totChol;diaBP;glucose;heartRate;cigsPerDay;prevalentHyp;education
14,348,0,1,10,BMI;sysBP;age;totChol;diaBP;glucose;heartRate;cigsPerDay;prevalentHyp;education
14,349,1,1,10,BMI;sysBP;age;totChol;diaBP;glucose;heartRate;cigsPerDay;prevalentHyp;education
14,350,0,1,10,BMI;sysBP;age;totChol;diaBP;glucose;heartRate;cigsPerDay;prevalentHyp;education
14,351,1,1,10,BMI;sysBP;age;totChol;diaBP;glucose;heartRate;cigsPerDay;prevalentHyp;education
14,352,0,1,10,BMI;sysBP;age;totChol;diaBP;glucose;heartRate;cigsPerDay;prevalentHyp;education
14,353,1,1,10,BMI;sysBP;age;totChol;diaBP;glucose;heartRate;cigsPerDay;prevalentHyp;education
14,354,0,1,10,BMI;sysBP;age;totChol;diaBP;glucose;heartRate;cigsPerDay;prevalentHyp;education
14,355,0,1,10,BMI;sysBP;age;totChol;diaBP;glucose;heartRate;cigsPerDay;prevalentHyp;education
14,356,1,1,10,BMI;sysBP;age;totChol;diaBP;glucose;heartRate;cigsPerDay;prevalentHyp;education
14,357,0,1,10,BMI;sysBP;age;totChol;diaBP;glucose;heartRate;cigsPerDay;prevalentHyp;education
14,358,0,1,10,BMI;sysBP;age;totChol;diaBP;glucose;heartRate;cigsPerDay;prevalentHyp;education
14,359,0,0,10,BMI;sysBP;age;totChol;diaBP;glucose;heartRate;cigsPerDay;prevalentHyp;education
14,360,0,1,10,BMI;sysBP;age;totChol;diaBP;glucose;heartRate;cigsPerDay;prevalentHyp;education
14,361,1,1,10,BMI;sysBP;age;totChol;diaBP;glucose;heartRate;cigsPerDay;prevalentHyp;education
14,362,1,1,10,BMI;sysBP;age;totChol;diaBP;glucose;heartRate;cigsPerDay;prevalentHyp;education
14,363,1,1,10,BMI;sysBP;age;totChol;diaBP;glucose;heartRate;cigsPerDay;prevalentHyp;education
14,364,1,1,10,BMI;sysBP;age;totChol;diaBP;glucose;heartRate;cigsPerDay;prevalentHyp;education
14,365,0,1,10,BMI;sysBP;age;totChol;diaBP;glucose;heartRate;cigsPerDay;prevalentHyp;education
14,366,1,1,10,BMI;sysBP;age;totChol;diaBP;glucose;heartRate;cigsPerDay;prevalentHyp;education
14,367,1,1,10,BMI;sysBP;age;totChol;diaBP;glucose;heartRate;cigsPerDay;prevalentHyp;education
14,368,1,1,10,BMI;sysBP;age;totChol;diaBP;glucose;heartRate;cigsPerDay;prevalentHyp;education
14,369,1,1,10,BMI;sysBP;age;totChol;diaBP;glucose;heartRate;cigsPerDay;prevalentHyp;education
14,370,0,1,10,BMI;sysBP;age;totChol;diaBP;glucose;heartRate;cigsPerDay;prevalentHyp;education
14,371,0,1,10,BMI;sysBP;age;totChol;diaBP;glucose;heartRate;cigsPerDay;prevalentHyp;education
14,372,0,1,10,BMI;sysBP;age;totChol;diaBP;glucose;heartRate;cigsPerDay;prevalentHyp;education
14,373,1,1,10,BMI;sysBP;age;totChol;diaBP;glucose;heartRate;cigsPerDay;prevalentHyp;education
14,374,0,1,10,BMI;sysBP;age;totChol;diaBP;glucose;heartRate;cigsPerDay;prevalentHyp;education
14,375,1,1,10,BMI;sysBP;age;totChol;diaBP;glucose;heartRate;cigsPerDay;prevalentHyp;education
14,376,0,0,10,BMI;sysBP;age;totChol;diaBP;glucose;heartRate;cigsPerDay;prevalentHyp;education
14,377,1,1,10,BMI;sysBP;age;totChol;diaBP;glucose;heartRate;cigsPerDay;prevalentHyp;education
14,378,0,1,10,BMI;sysBP;age;totChol;diaBP;glucose;heartRate;cigsPerDay;prevalentHyp;education
14,379,0,0,10,BMI;sysBP;age;totChol;diaBP;glucose;heartRate;cigsPerDay;prevalentHyp;education
14,380,0,1,10,BMI;sysBP;age;totChol;diaBP;glucose;heartRate;cigsPerDay;prevalentHyp;education
14,381,0,1,10,BMI;sysBP;age;totChol;diaBP;glucose;heartRate;cigsPerDay;prevalentHyp;education
14,382,1,1,10,BMI;sysBP;age;totChol;diaBP;glucose;heartRate;cigsPerDay;prevalentHyp;education
14,383,1,1,10,BMI;sysBP;age;totChol;diaBP;glucose;heartRate;cigsPerDay;prevalentHyp;education
14,384,1,1,10,BMI;sysBP;age;totChol;diaBP;glucose;heartRate;cigsPerDay;prevalentHyp;education
14,385,0,1,10,BMI;sysBP;age;totChol;diaBP;glucose;heartRate;cigsPerDay;prevalentHyp;education
14,386,1,1,10,BMI;sysBP;age;totChol;diaBP;glucose;heartRate;cigsPerDay;prevalentHyp;education
14,387,0,1,10,BMI;sysBP;age;totChol;diaBP;glucose;heartRate;cigsPerDay;prevalentHyp;education
14,388,1,1,10,BMI;sysBP;age;totChol;diaBP;glucose;heartRate;cigsPerDay;prevalentHyp;education
14,389,0,1,10,BMI;sysBP;age;totChol;diaBP;glucose;heartRate;cigsPerDay;prevalentHyp;education
14,390,0,1,10,BMI;sysBP;age;totChol;diaBP;glucose;heartRate;cigsPerDay;prevalentHyp;education
14,391,1,1,10,BMI;sysBP;age;totChol;diaBP;glucose;heartRate;cigsPerDay;prevalentHyp;education
14,392,0,1,10,BMI;sysBP;age;totChol;diaBP;glucose;heartRate;cigsPerDay;prevalentHyp;education
14,393,1,1,10,BMI;sysBP;age;totChol;diaBP;glucose;heartRate;cigsPerDay;prevalentHyp;education
14,394,1,1,10,BMI;sysBP;age;totChol;diaBP;glucose;heartRate;cigsPerDay;prevalentHyp;education
14,395,1,1,10,BMI;sysBP;age;totChol;diaBP;glucose;heartRate;cigsPerDay;prevalentHyp;education
14,396,1,1,10,BMI;sysBP;age;totChol;diaBP;glucose;heartRate;cigsPerDay;prevalentHyp;education
14,397,0,1,10,BMI;sysBP;age;totChol;diaBP;glucose;heartRate;cigsPerDay;prevalentHyp;education
14,398,0,1,10,BMI;sysBP;age;totChol;diaBP;glucose;heartRate;cigsPerDay;prevalentHyp;education
14,399,1,1,10,BMI;sysBP;age;totChol;diaBP;glucose;heartRate;cigsPerDay;prevalentHyp;education
15,0,0,1,10,BMI;sysBP;age;totChol;diaBP;glucose;heartRate;cigsPerDay;prevalentHyp;education
15,1,0,0,10,BMI;sysBP;age;totChol;diaBP;glucose;heartRate;cigsPerDay;prevalentHyp;education
15,2,1,1,10,BMI;sysBP;age;totChol;diaBP;glucose;heartRate;cigsPerDay;prevalentHyp;education
15,3,0,1,10,BMI;sysBP;age;totChol;diaBP;glucose;heartRate;cigsPerDay;prevalentHyp;education
15,4,1,1,10,BMI;sysBP;age;totChol;diaBP;glucose;heartRate;cigsPerDay;prevalentHyp;education
15,5,1,1,10,BMI;sysBP;age;totChol;diaBP;glucose;heartRate;cigsPerDay;prevalentHyp;education
15,6,0,0,10,BMI;sysBP;age;totChol;diaBP;glucose;heartRate;cigsPerDay;prevalentHyp;education
15,7,1,1,10,BMI;sysBP;age;totChol;diaBP;glucose;heartRate;cigsPerDay;prevalentHyp;education
15,8,0,1,10,BMI;sysBP;age;totChol;diaBP;glucose;heartRate;cigsPerDay;prevalentHyp;education
15,9,1,1,10,BMI;sysBP;age;totChol;diaBP;glucose;heartRate;cigsPerDay;prevalentHyp;education
15,10,1,1,10,BMI;sysBP;age;totChol;diaBP;glucose;heartRate;cigsPerDay;prevalentHyp;education
15,11,0,1,10,BMI;sysBP;age;totChol;diaBP;glucose;heartRate;cigsPerDay;prevalentHyp;education
15,12,1,1,10,BMI;sysBP;age;totChol;diaBP;glucose;heartRate;cigsPerDay;prevalentHyp;education
15,13,1,1,10,BMI;sysBP;age;totChol;diaBP;glucose;heartRate;cigsPerDay;prevalentHyp;education
15,14,1,1,10,BMI;sysBP;age;totChol;diaBP;glucose;heartRate;cigsPerDay;prevalentHyp;education
15,15,1,1,10,BMI;sysBP;age;totChol;diaBP;glucose;heartRate;cigsPerDay;prevalentHyp;education
15,16,0,0,10,BMI;sysBP;age;totChol;diaBP;glucose;heartRate;cigsPerDay;prevalentHyp;education
15,17,0,1,10,BMI;sysBP;age;totChol;diaBP;glucose;heartRate;cigsPerDay;prevalentHyp;education
15,18,0,1,10,BMI;sysBP;age;totChol;diaBP;glucose;heartRate;cigsPerDay;prevalentHyp;education
15,19,0,0,10,BMI;sysBP;age;totChol;diaBP;glucose;heartRate;cigsPerDay;prevalentHyp;education
15,20,1,1,10,BMI;sysBP;age;totChol;diaBP;glucose;heartRate;cigsPerDay;prevalentHyp;education
15,21,1,1,10,BMI;sysBP;age;totChol;diaBP;glucose;heartRate;cigsPerDay;prevalentHyp;education
15,22,0,0,10,BMI;sysBP;age;totChol;diaBP;glucose;heartRate;cigsPerDay;prevalentHyp;education
15,23,0,1,10,BMI;sysBP;age;totChol;diaBP;glucose;heartRate;cigsPerDay;prevalentHyp;education
15,24,1,0,10,BMI;sysBP;age;totChol;diaBP;glucose;heartRate;cigsPerDay;prevalentHyp;education
15,25,0,0,10,BMI;sysBP;age;totChol;diaBP;glucose;heartRate;cigsPerDay;prevalentHyp;education
15,26,1,0,10,BMI;sysBP;age;totChol;diaBP;glucose;heartRate;cigsPerDay;prevalentHyp;education
15,27,0,1,10,BMI;sysBP;age;totChol;diaBP;glucose;heartRate;cigsPerDay;prevalentHyp;education
15,28,0,1,10,BMI;sysBP;age;totChol;diaBP;glucose;heartRate;cigsPerDay;prevalentHyp;education
15,29,1,1,10,BMI;sysBP;age;totChol;diaBP;glucose;heartRate;cigsPerDay;prevalentHyp;education
15,30,0,0,10,BMI;sysBP;age;totChol;diaBP;glucose;heartRate;cigsPerDay;prevalentHyp;education
15,31,1,1,10,BMI;sysBP;age;totChol;diaBP;glucose;heartRate;cigsPerDay;prevalentHyp;education
15,32,0,1,10,BMI;sysBP;age;totChol;diaBP;glucose;heartRate;cigsPerDay;prevalentHyp;education
15,33,1,0,10,BMI;sysBP;age;totChol;diaBP;glucose;heartRate;cigsPerDay;prevalentHyp;education
15,34,0,1,10,BMI;sysBP;age;totChol;diaBP;glucose;heartRate;cigsPerDay;prevalentHyp;education
15,35,1,1,10,BMI;sysBP;age;totChol;diaBP;glucose;heartRate;cigsPerDay;prevalentHyp;education
15,36,1,1,10,BMI;sysBP;age;totChol;diaBP;glucose;heartRate;cigsPerDay;prevalentHyp;education
15,37,0,0,10,BMI;sysBP;age;totChol;diaBP;glucose;heartRate;cigsPerDay;prevalentHyp;education
15,38,1,1,10,BMI;sysBP;age;totChol;diaBP;glucose;heartRate;cigsPerDay;prevalentHyp;education
15,39,1,0,10,BMI;sysBP;age;totChol;diaBP;glucose;heartRate;cigsPerDay;prevalentHyp;education
15,40,0,1,10,BMI;sysBP;age;totChol;diaBP;glucose;heartRate;cigsPerDay;prevalentHyp;education
15,41,1,1,10,BMI;sysBP;age;totChol;diaBP;glucose;heartRate;cigsPerDay;prevalentHyp;education
15,42,1,1,10,BMI;sysBP;age;totChol;diaBP;glucose;heartRate;cigsPerDay;prevalentHyp;education
15,43,1,1,10,BMI;sysBP;age;totChol;diaBP;glucose;heartRate;cigsPerDay;prevalentHyp;education
15,44,1,1,10,BMI;sysBP;age;totChol;diaBP;glucose;heartRate;cigsPerDay;prevalentHyp;education
15,45,0,0,10,BMI;sysBP;age;totChol;diaBP;glucose;heartRate;cigsPerDay;prevalentHyp;education
15,46,1,1,10,BMI;sysBP;age;totChol;diaBP;glucose;heartRate;cigsPerDay;prevalentHyp;education
15,47,1,1,10,BMI;sysBP;age;totChol;diaBP;glucose;heartRate;cigsPerDay;prevalentHyp;education
15,48,1,1,10,BMI;sysBP;age;totChol;diaBP;glucose;heartRate;cigsPerDay;prevalentHyp;education
15,49,1,0,10,BMI;sysBP;age;totChol;diaBP;glucose;heartRate;cigsPerDay;prevalentHyp;education
15,50,1,0,10,BMI;sysBP;age;totChol;diaBP;glucose;heartRate;cigsPerDay;prevalentHyp;education
15,51,0,1,10,BMI;sysBP;age;totChol;diaBP;glucose;heartRate;cigsPerDay;prevalentHyp;education
15,52,0,1,10,BMI;sysBP;age;totChol;diaBP;glucose;heartRate;cigsPerDay;prevalentHyp;education
15,53,1,0,10,BMI;sysBP;age;totChol;diaBP;glucose;heartRate;cigsPerDay;prevalentHyp;education
15,54,0,0,10,BMI;sysBP;age;totChol;diaBP;glucose;heartRate;cigsPerDay;prevalentHyp;education
15,55,1,1,10,BMI;sysBP;age;totChol;diaBP;glucose;heartRate;cigsPerDay;prevalentHyp;education
15,56,0,0,10,BMI;sysBP;age;totChol;diaBP;glucose;heartRate;cigsPerDay;prevalentHyp;education
15,57,1,1,10,BMI;sysBP;age;totChol;diaBP;glucose;heartRate;cigsPerDay;prevalentHyp;education
15,58,1,1,10,BMI;sysBP;age;totChol;diaBP;glucose;heartRate;cigsPerDay;prevalentHyp;education
15,59,1,1,10,BMI;sysBP;age;totChol;diaBP;glucose;heartRate;cigsPerDay;prevalentHyp;education
15,60,1,1,10,BMI;sysBP;age;totChol;diaBP;glucose;heartRate;cigsPerDay;prevalentHyp;education
15,61,0,1,10,BMI;sysBP;age;totChol;diaBP;glucose;heartRate;cigsPerDay;prevalentHyp;education
15,62,0,1,10,BMI;sysBP;age;totChol;diaBP;glucose;heartRate;cigsPerDay;prevalentHyp;education
15,63,1,0,10,BMI;sysBP;age;totChol;diaBP;glucose;heartRate;cigsPerDay;prevalentHyp;education
15,64,1,1,10,BMI;sysBP;age;totChol;diaBP;glucose;heartRate;cigsPerDay;prevalentHyp;education
15,65,1,1,10,BMI;sysBP;age;totChol;diaBP;glucose;heartRate;cigsPerDay;prevalentHyp;education
15,66,0,1,10,BMI;sysBP;age;totChol;diaBP;glucose;heartRate;cigsPerDay;prevalentHyp;education
15,67,0,0,10,BMI;sysBP;age;totChol;diaBP;glucose;heartRate;cigsPerDay;prevalentHyp;education
15,68,0,1,10,BMI;sysBP;age;totChol;diaBP;glucose;heartRate;cigsPerDay;prevalentHyp;education
15,69,1,1,10,BMI;sysBP;age;totChol;diaBP;glucose;heartRate;cigsPerDay;prevalentHyp;education
15,70,0,0,10,BMI;sysBP;age;totChol;diaBP;glucose;heartRate;cigsPerDay;prevalentHyp;education
15,71,1,1,10,BMI;sysBP;age;totChol;diaBP;glucose;heartRate;cigsPerDay;prevalentHyp;education
15,72,1,1,10,BMI;sysBP;age;totChol;diaBP;glucose;heartRate;cigsPerDay;prevalentHyp;education
15,73,1,1,10,BMI;sysBP;age;totChol;diaBP;glucose;heartRate;cigsPerDay;prevalentHyp;education
15,74,0,1,10,BMI;sysBP;age;totChol;diaBP;glucose;heartRate;cigsPerDay;prevalentHyp;education
15,75,0,1,10,BMI;sysBP;age;totChol;diaBP;glucose;heartRate;cigsPerDay;prevalentHyp;education
15,76,0,1,10,BMI;sysBP;age;totChol;diaBP;glucose;heartRate;cigsPerDay;prevalentHyp;education
15,77,0,1,10,BMI;sysBP;age;totChol;diaBP;glucose;heartRate;cigsPerDay;prevalentHyp;education
15,78,1,0,10,BMI;sysBP;age;totChol;diaBP;glucose;heartRate;cigsPerDay;prevalentHyp;education
15,79,0,1,10,BMI;sysBP;age;totChol;diaBP;glucose;heartRate;cigsPerDay;prevalentHyp;education
15,80,1,0,10,BMI;sysBP;age;totChol;diaBP;glucose;heartRate;cigsPerDay;prevalentHyp;education
15,81,1,1,10,BMI;sysBP;age;totChol;diaBP;glucose;heartRate;cigsPerDay;prevalentHyp;education
15,82,0,1,10,BMI;sysBP;age;totChol;diaBP;glucose;heartRate;cigsPerDay;prevalentHyp;education
15,83,0,1,10,BMI;sysBP;age;totChol;diaBP;glucose;heartRate;cigsPerDay;prevalentHyp;education
15,84,0,0,10,BMI;sysBP;age;totChol;diaBP;glucose;heartRate;cigsPerDay;prevalentHyp;education
15,85,1,1,10,BMI;sysBP;age;totChol;diaBP;glucose;heartRate;cigsPerDay;prevalentHyp;education
15,86,0,0,10,BMI;sysBP;age;totChol;diaBP;glucose;heartRate;cigsPerDay;prevalentHyp;education
15,87,0,1,10,BMI;sysBP;age;totChol;diaBP;glucose;heartRate;cigsPerDay;prevalentHyp;education
15,88,1,1,10,BMI;sysBP;age;totChol;diaBP;glucose;heartRate;cigsPerDay;prevalentHyp;education
15,89,1,1,10,BMI;sysBP;age;totChol;diaBP;glucose;heartRate;cigsPerDay;prevalentHyp;education
15,90,0,0,10,BMI;sysBP;age;totChol;diaBP;glucose;heartRate;cigsPerDay;prevalentHyp;education
15,91,0,0,10,BMI;sysBP;age;totChol;diaBP;glucose;heartRate;cigsPerDay;prevalentHyp;education
15,92,1,1,10,BMI;sysBP;age;totChol;diaBP;glucose;heartRate;cigsPerDay;prevalentHyp;education
15,93,0,1,10,BMI;sysBP;age;totChol;diaBP;glucose;heartRate;cigsPerDay;prevalentHyp;education
15,94,1,1,10,BMI;sysBP;age;totChol;diaBP;glucose;heartRate;cigsPerDay;prevalentHyp;education
15,95,0,1,10,BMI;sysBP;age;totChol;diaBP;glucose;heartRate;cigsPerDay;prevalentHyp;education
15,96,0,1,10,BMI;sysBP;age;totChol;diaBP;glucose;heartRate;cigsPerDay;prevalentHyp;education
15,97,0,1,10,BMI;sysBP;age;totChol;diaBP;glucose;heartRate;cigsPerDay;prevalentHyp;education
15,98,0,0,10,BMI;sysBP;age;totChol;diaBP;glucose;heartRate;cigsPerDay;prevalentHyp;education
15,99,1,0,10,BMI;sysBP;age;totChol;diaBP;glucose;heartRate;cigsPerDay;prevalentHyp;education
15,100,0,0,10,BMI;sysBP;age;totChol;diaBP;glucose;heartRate;cigsPerDay;prevalentHyp;education
15,101,1,0,10,BMI;sysBP;age;totChol;diaBP;glucose;heartRate;cigsPerDay;prevalentHyp;education
15,102,1,0,10,BMI;sysBP;age;totChol;diaBP;glucose;heartRate;cigsPerDay;prevalentHyp;education
15,103,1,1,10,BMI;sysBP;age;totChol;diaBP;glucose;heartRate;cigsPerDay;prevalentHyp;education
15,104,1,1,10,BMI;sysBP;age;totChol;diaBP;glucose;heartRate;cigsPerDay;prevalentHyp;education
15,105,1,1,10,BMI;sysBP;age;totChol;diaBP;glucose;heartRate;cigsPerDay;prevalentHyp;education
15,106,1,1,10,BMI;sysBP;age;totChol;diaBP;glucose;heartRate;cigsPerDay;prevalentHyp;education
15,107,1,0,10,BMI;sysBP;age;totChol;diaBP;glucose;heartRate;cigsPerDay;prevalentHyp;education
15,108,0,0,10,BMI;sysBP;age;totChol;diaBP;glucose;heartRate;cigsPerDay;prevalentHyp;education
15,109,0,1,10,BMI;sysBP;age;totChol;diaBP;glucose;heartRate;cigsPerDay;prevalentHyp;education
15,110,1,1,10,BMI;sysBP;age;totChol;diaBP;glucose;heartRate;cigsPerDay;prevalentHyp;education
15,111,0,1,10,BMI;sysBP;age;totChol;diaBP;glucose;heartRate;cigsPerDay;prevalentHyp;education
15,112,0,0,10,BMI;sysBP;age;totChol;diaBP;glucose;heartRate;cigsPerDay;prevalentHyp;education
15,113,0,1,10,BMI;sysBP;age;totChol;diaBP;glucose;heartRate;cigsPerDay;prevalentHyp;education
15,114,0,0,10,BMI;sysBP;age;totChol;diaBP;glucose;heartRate;cigsPerDay;prevalentHyp;education
15,115,1,1,10,BMI;sysBP;age;totChol;diaBP;glucose;heartRate;cigsPerDay;prevalentHyp;education
15,116,1,1,10,BMI;sysBP;age;totChol;diaBP;glucose;heartRate;cigsPerDay;prevalentHyp;education
15,117,0,0,10,BMI;sysBP;age;totChol;diaBP;glucose;heartRate;cigsPerDay;prevalentHyp;education
15,118,0,1,10,BMI;sysBP;age;totChol;diaBP;glucose;heartRate;cigsPerDay;prevalentHyp;education
15,119,0,0,10,BMI;sysBP;age;totChol;diaBP;glucose;heartRate;cigsPerDay;prevalentHyp;education
15,120,1,1,10,BMI;sysBP;age;totChol;diaBP;glucose;heartRate;cigsPerDay;prevalentHyp;education
15,121,1,1,10,BMI;sysBP;age;totChol;diaBP;glucose;heartRate;cigsPerDay;prevalentHyp;education
15,122,1,1,10,BMI;sysBP;age;totChol;diaBP;glucose;heartRate;cigsPerDay;prevalentHyp;education
15,123,0,1,10,BMI;sysBP;age;totChol;diaBP;glucose;heartRate;cigsPerDay;prevalentHyp;education
15,124,1,0,10,BMI;sysBP;age;totChol;diaBP;glucose;heartRate;cigsPerDay;prevalentHyp;education
15,125,1,0,10,BMI;sysBP;age;totChol;diaBP;glucose;heartRate;cigsPerDay;prevalentHyp;education
15,126,0,1,10,BMI;sysBP;age;totChol;diaBP;glucose;heartRate;cigsPerDay;prevalentHyp;education
15,127,0,1,10,BMI;sysBP;age;totChol;diaBP;glucose;heartRate;cigsPerDay;prevalentHyp;education
15,128,1,0,10,BMI;sysBP;age;totChol;diaBP;glucose;heartRate;cigsPerDay;prevalentHyp;education
15,129,0,1,10,BMI;sysBP;age;totChol;diaBP;glucose;heartRate;cigsPerDay;prevalentHyp;education
15,130,0,1,10,BMI;sysBP;age;totChol;diaBP;glucose;heartRate;cigsPerDay;prevalentHyp;education
15,131,1,1,10,BMI;sysBP;age;totChol;diaBP;glucose;heartRate;cigsPerDay;prevalentHyp;education
15,132,0,0,10,BMI;sysBP;age;totChol;diaBP;glucose;heartRate;cigsPerDay;prevalentHyp;education
15,133,1,1,10,BMI;sysBP;age;totChol;diaBP;glucose;heartRate;cigsPerDay;prevalentHyp;education
15,134,1,0,10,BMI;sysBP;age;totChol;diaBP;glucose;heartRate;cigsPerDay;prevalentHyp;education
15,135,1,1,10,BMI;sysBP;age;totChol;diaBP;glucose;heartRate;cigsPerDay;prevalentHyp;education
15,136,0,1,10,BMI;sysBP;age;totChol;diaBP;glucose;heartRate;cigsPerDay;prevalentHyp;education
15,137,0,1,10,BMI;sysBP;age;totChol;diaBP;glucose;heartRate;cigsPerDay;prevalentHyp;education
15,138,0,0,10,BMI;sysBP;age;totChol;diaBP;glucose;heartRate;cigsPerDay;prevalentHyp;education
15,139,0,0,10,BMI;sysBP;age;totChol;diaBP;glucose;heartRate;cigsPerDay;prevalentHyp;education
15,140,1,1,10,BMI;sysBP;age;totChol;diaBP;glucose;heartRate;cigsPerDay;prevalentHyp;education
15,141,1,1,10,BMI;sysBP;age;totChol;diaBP;glucose;heartRate;cigsPerDay;prevalentHyp;education
15,142,0,1,10,BMI;sysBP;age;totChol;diaBP;glucose;heartRate;cigsPerDay;prevalentHyp;education
15,143,1,1,10,BMI;sysBP;age;totChol;diaBP;glucose;heartRate;cigsPerDay;prevalentHyp;education
15,144,1,1,10,BMI;sysBP;age;totChol;diaBP;glucose;heartRate;cigsPerDay;prevalentHyp;education
15,145,0,0,10,BMI;sysBP;age;totChol;diaBP;glucose;heartRate;cigsPerDay;prevalentHyp;education
15,146,1,1,10,BMI;sysBP;age;totChol;diaBP;glucose;heartRate;cigsPerDay;prevalentHyp;education
15,147,1,0,10,BMI;sysBP;age;totChol;diaBP;glucose;heartRate;cigsPerDay;prevalentHyp;education
15,148,1,1,10,BMI;sysBP;age;totChol;diaBP;glucose;heartRate;cigsPerDay;prevalentHyp;education
15,149,0,0,10,BMI;sysBP;age;totChol;diaBP;glucose;heartRate;cigsPerDay;prevalentHyp;education
15,150,1,1,10,BMI;sysBP;age;totChol;diaBP;glucose;heartRate;cigsPerDay;prevalentHyp;education
15,151,0,1,10,BMI;sysBP;age;totChol;diaBP;glucose;heartRate;cigsPerDay;prevalentHyp;education
15,152,0,0,10,BMI;sysBP;age;totChol;diaBP;glucose;heartRate;cigsPerDay;prevalentHyp;education
15,153,1,1,10,BMI;sysBP;age;totChol;diaBP;glucose;heartRate;cigsPerDay;prevalentHyp;education
15,154,1,1,10,BMI;sysBP;age;totChol;diaBP;glucose;heartRate;cigsPerDay;prevalentHyp;education
15,155,1,1,10,BMI;sysBP;age;totChol;diaBP;glucose;heartRate;cigsPerDay;prevalentHyp;education
15,156,1,1,10,BMI;sysBP;age;totChol;diaBP;glucose;heartRate;cigsPerDay;prevalentHyp;education
15,157,1,1,10,BMI;sysBP;age;totChol;diaBP;glucose;heartRate;cigsPerDay;prevalentHyp;education
15,158,0,1,10,BMI;sysBP;age;totChol;diaBP;glucose;heartRate;cigsPerDay;prevalentHyp;education
15,159,0,0,10,BMI;sysBP;age;totChol;diaBP;glucose;heartRate;cigsPerDay;prevalentHyp;education
15,160,0,1,10,BMI;sysBP;age;totChol;diaBP;glucose;heartRate;cigsPerDay;prevalentHyp;education
15,161,0,0,10,BMI;sysBP;age;totChol;diaBP;glucose;heartRate;cigsPerDay;prevalentHyp;education
15,162,0,0,10,BMI;sysBP;age;totChol;diaBP;glucose;heartRate;cigsPerDay;prevalentHyp;education
15,163,1,1,10,BMI;sysBP;age;totChol;diaBP;glucose;heartRate;cigsPerDay;prevalentHyp;education
15,164,0,1,10,BMI;sysBP;age;totChol;diaBP;glucose;heartRate;cigsPerDay;prevalentHyp;education
15,165,1,1,10,BMI;sysBP;age;totChol;diaBP;glucose;heartRate;cigsPerDay;prevalentHyp;education
15,166,0,1,10,BMI;sysBP;age;totChol;diaBP;glucose;heartRate;cigsPerDay;prevalentHyp;education
15,167,1,0,10,BMI;sysBP;age;totChol;diaBP;glucose;heartRate;cigsPerDay;prevalentHyp;education
15,168,1,0,10,BMI;sysBP;age;totChol;diaBP;glucose;heartRate;cigsPerDay;prevalentHyp;education
15,169,0,0,10,BMI;sysBP;age;totChol;diaBP;glucose;heartRate;cigsPerDay;prevalentHyp;education
15,170,1,0,10,BMI;sysBP;age;totChol;diaBP;glucose;heartRate;cigsPerDay;prevalentHyp;education
15,171,1,0,10,BMI;sysBP;age;totChol;diaBP;glucose;heartRate;cigsPerDay;prevalentHyp;education
15,172,1,0,10,BMI;sysBP;age;totChol;diaBP;glucose;heartRate;cigsPerDay;prevalentHyp;education
15,173,1,1,10,BMI;sysBP;age;totChol;diaBP;glucose;heartRate;cigsPerDay;prevalentHyp;education
15,174,1,1,10,BMI;sysBP;age;totChol;diaBP;glucose;heartRate;cigsPerDay;prevalentHyp;education
15,175,0,0,10,BMI;sysBP;age;totChol;diaBP;glucose;heartRate;cigsPerDay;prevalentHyp;education
15,176,1,0,10,BMI;sysBP;age;totChol;diaBP;glucose;heartRate;cigsPerDay;prevalentHyp;education
15,177,0,1,10,BMI;sysBP;age;totChol;diaBP;glucose;heartRate;cigsPerDay;prevalentHyp;education
15,178,1,0,10,BMI;sysBP;age;totChol;diaBP;glucose;heartRate;cigsPerDay;prevalentHyp;education
15,179,1,1,10,BMI;sysBP;age;totChol;diaBP;glucose;heartRate;cigsPerDay;prevalentHyp;education
15,180,1,1,10,BMI;sysBP;age;totChol;diaBP;glucose;heartRate;cigsPerDay;prevalentHyp;education
15,181,1,1,10,BMI;sysBP;age;totChol;diaBP;glucose;heartRate;cigsPerDay;prevalentHyp;education
15,182,1,0,10,BMI;sysBP;age;totChol;diaBP;glucose;heartRate;cigsPerDay;prevalentHyp;education
15,183,1,0,10,BMI;sysBP;age;totChol;diaBP;glucose;heartRate;cigsPerDay;prevalentHyp;education
15,184,1,1,10,BMI;sysBP;age;totChol;diaBP;glucose;heartRate;cigsPerDay;prevalentHyp;education
15,185,1,1,10,BMI;sysBP;age;totChol;diaBP;glucose;heartRate;cigsPerDay;prevalentHyp;education
15,186,0,0,10,BMI;sysBP;age;totChol;diaBP;glucose;heartRate;cigsPerDay;prevalentHyp;education
15,187,0,1,10,BMI;sysBP;age;totChol;diaBP;glucose;heartRate;cigsPerDay;prevalentHyp;education
15,188,0,1,10,BMI;sysBP;age;totChol;diaBP;glucose;heartRate;cigsPerDay;prevalentHyp;education
15,189,1,0,10,BMI;sysBP;age;totChol;diaBP;glucose;heartRate;cigsPerDay;prevalentHyp;education
15,190,1,0,10,BMI;sysBP;age;totChol;diaBP;glucose;heartRate;cigsPerDay;prevalentHyp;education
15,191,1,1,10,BMI;sysBP;age;totChol;diaBP;glucose;heartRate;cigsPerDay;prevalentHyp;education
15,192,0,1,10,BMI;sysBP;age;totChol;diaBP;glucose;heartRate;cigsPerDay;prevalentHyp;education
15,193,1,1,10,BMI;sysBP;age;totChol;diaBP;glucose;heartRate;cigsPerDay;prevalentHyp;education
15,194,0,1,10,BMI;sysBP;age;totChol;diaBP;glucose;heartRate;cigsPerDay;prevalentHyp;education
15,195,0,1,10,BMI;sysBP;age;totChol;diaBP;glucose;heartRate;cigsPerDay;prevalentHyp;education
15,196,0,1,10,BMI;sysBP;age;totChol;diaBP;glucose;heartRate;cigsPerDay;prevalentHyp;education
15,197,0,1,10,BMI;sysBP;age;totChol;diaBP;glucose;heartRate;cigsPerDay;prevalentHyp;education
15,198,0,1,10,BMI;sysBP;age;totChol;diaBP;glucose;heartRate;cigsPerDay;prevalentHyp;education
15,199,0,1,10,BMI;sysBP;age;totChol;diaBP;glucose;heartRate;cigsPerDay;prevalentHyp;education
15,200,1,1,10,BMI;sysBP;age;totChol;diaBP;glucose;heartRate;cigsPerDay;prevalentHyp;education
15,201,0,1,10,BMI;sysBP;age;totChol;diaBP;glucose;heartRate;cigsPerDay;prevalentHyp;education
15,202,0,0,10,BMI;sysBP;age;totChol;diaBP;glucose;heartRate;cigsPerDay;prevalentHyp;education
15,203,0,0,10,BMI;sysBP;age;totChol;diaBP;glucose;heartRate;cigsPerDay;prevalentHyp;education
15,204,0,0,10,BMI;sysBP;age;totChol;diaBP;glucose;heartRate;cigsPerDay;prevalentHyp;education
15,205,1,1,10,BMI;sysBP;age;totChol;diaBP;glucose;heartRate;cigsPerDay;prevalentHyp;education
15,206,1,0,10,BMI;sysBP;age;totChol;diaBP;glucose;heartRate;cigsPerDay;prevalentHyp;education
15,207,1,1,10,BMI;sysBP;age;totChol;diaBP;glucose;heartRate;cigsPerDay;prevalentHyp;education
15,208,0,1,10,BMI;sysBP;age;totChol;diaBP;glucose;heartRate;cigsPerDay;prevalentHyp;education
15,209,1,1,10,BMI;sysBP;age;totChol;diaBP;glucose;heartRate;cigsPerDay;prevalentHyp;education
15,210,0,0,10,BMI;sysBP;age;totChol;diaBP;glucose;heartRate;cigsPerDay;prevalentHyp;education
15,211,1,0,10,BMI;sysBP;age;totChol;diaBP;glucose;heartRate;cigsPerDay;prevalentHyp;education
15,212,1,1,10,BMI;sysBP;age;totChol;diaBP;glucose;heartRate;cigsPerDay;prevalentHyp;education
15,213,0,1,10,BMI;sysBP;age;totChol;diaBP;glucose;heartRate;cigsPerDay;prevalentHyp;education
15,214,0,1,10,BMI;sysBP;age;totChol;diaBP;glucose;heartRate;cigsPerDay;prevalentHyp;education
15,215,1,0,10,BMI;sysBP;age;totChol;diaBP;glucose;heartRate;cigsPerDay;prevalentHyp;education
15,216,0,1,10,BMI;sysBP;age;totChol;diaBP;glucose;heartRate;cigsPerDay;prevalentHyp;education
15,217,0,0,10,BMI;sysBP;age;totChol;diaBP;glucose;heartRate;cigsPerDay;prevalentHyp;education
15,218,0,1,10,BMI;sysBP;age;totChol;diaBP;glucose;heartRate;cigsPerDay;prevalentHyp;education
15,219,0,1,10,BMI;sysBP;age;totChol;diaBP;glucose;heartRate;cigsPerDay;prevalentHyp;education
15,220,0,1,10,BMI;sysBP;age;totChol;diaBP;glucose;heartRate;cigsPerDay;prevalentHyp;education
15,221,1,1,10,BMI;sysBP;age;totChol;diaBP;glucose;heartRate;cigsPerDay;prevalentHyp;education
15,222,0,0,10,BMI;sysBP;age;totChol;diaBP;glucose;heartRate;cigsPerDay;prevalentHyp;education
15,223,1,1,10,BMI;sysBP;age;totChol;diaBP;glucose;heartRate;cigsPerDay;prevalentHyp;education
15,224,1,0,10,BMI;sysBP;age;totChol;diaBP;glucose;heartRate;cigsPerDay;prevalentHyp;education
15,225,1,1,10,BMI;sysBP;age;totChol;diaBP;glucose;heartRate;cigsPerDay;prevalentHyp;education
15,226,1,1,10,BMI;sysBP;age;totChol;diaBP;glucose;heartRate;cigsPerDay;prevalentHyp;education
15,227,0,1,10,BMI;sysBP;age;totChol;diaBP;glucose;heartRate;cigsPerDay;prevalentHyp;education
15,228,1,1,10,BMI;sysBP;age;totChol;diaBP;glucose;heartRate;cigsPerDay;prevalentHyp;education
15,229,0,0,10,BMI;sysBP;age;totChol;diaBP;glucose;heartRate;cigsPerDay;prevalentHyp;education
15,230,1,1,10,BMI;sysBP;age;totChol;diaBP;glucose;heartRate;cigsPerDay;prevalentHyp;education
15,231,0,0,10,BMI;sysBP;age;totChol;diaBP;glucose;heartRate;cigsPerDay;prevalentHyp;education
15,232,0,0,10,BMI;sysBP;age;totChol;diaBP;glucose;heartRate;cigsPerDay;prevalentHyp;education
15,233,1,1,10,BMI;sysBP;age;totChol;diaBP;glucose;heartRate;cigsPerDay;prevalentHyp;education
15,234,1,0,10,BMI;sysBP;age;totChol;diaBP;glucose;heartRate;cigsPerDay;prevalentHyp;education
15,235,0,1,10,BMI;sysBP;age;totChol;diaBP;glucose;heartRate;cigsPerDay;prevalentHyp;education
15,236,0,0,10,BMI;sysBP;age;totChol;diaBP;glucose;heartRate;cigsPerDay;prevalentHyp;education
15,237,0,1,10,BMI;sysBP;age;totChol;diaBP;glucose;heartRate;cigsPerDay;prevalentHyp;education
15,238,0,0,10,BMI;sysBP;age;totChol;diaBP;glucose;heartRate;cigsPerDay;prevalentHyp;education
15,239,0,0,10,BMI;sysBP;age;totChol;diaBP;glucose;heartRate;cigsPerDay;prevalentHyp;education
15,240,0,1,10,BMI;sysBP;age;totChol;diaBP;glucose;heartRate;cigsPerDay;prevalentHyp;education
15,241,1,1,10,BMI;sysBP;age;totChol;diaBP;glucose;heartRate;cigsPerDay;prevalentHyp;education
15,242,1,0,10,BMI;sysBP;age;totChol;diaBP;glucose;heartRate;cigsPerDay;prevalentHyp;education
15,243,0,1,10,BMI;sysBP;age;totChol;diaBP;glucose;heartRate;cigsPerDay;prevalentHyp;education
15,244,1,1,10,BMI;sysBP;age;totChol;diaBP;glucose;heartRate;cigsPerDay;prevalentHyp;education
15,245,1,1,10,BMI;sysBP;age;totChol;diaBP;glucose;heartRate;cigsPerDay;prevalentHyp;education
15,246,0,0,10,BMI;sysBP;age;totChol;diaBP;glucose;heartRate;cigsPerDay;prevalentHyp;education
15,247,1,1,10,BMI;sysBP;age;totChol;diaBP;glucose;heartRate;cigsPerDay;prevalentHyp;education
15,248,0,1,10,BMI;sysBP;age;totChol;diaBP;glucose;heartRate;cigsPerDay;prevalentHyp;education
15,249,0,0,10,BMI;sysBP;age;totChol;diaBP;glucose;heartRate;cigsPerDay;prevalentHyp;education
15,250,1,1,10,BMI;sysBP;age;totChol;diaBP;glucose;heartRate;cigsPerDay;prevalentHyp;education
15,251,0,0,10,BMI;sysBP;age;totChol;diaBP;glucose;heartRate;cigsPerDay;prevalentHyp;education
15,252,1,0,10,BMI;sysBP;age;totChol;diaBP;glucose;heartRate;cigsPerDay;prevalentHyp;education
15,253,0,0,10,BMI;sysBP;age;totChol;diaBP;glucose;heartRate;cigsPerDay;prevalentHyp;education
15,254,1,1,10,BMI;sysBP;age;totChol;diaBP;glucose;heartRate;cigsPerDay;prevalentHyp;education
15,255,0,0,10,BMI;sysBP;age;totChol;diaBP;glucose;heartRate;cigsPerDay;prevalentHyp;education
15,256,1,1,10,BMI;sysBP;age;totChol;diaBP;glucose;heartRate;cigsPerDay;prevalentHyp;education
15,257,1,1,10,BMI;sysBP;age;totChol;diaBP;glucose;heartRate;cigsPerDay;prevalentHyp;education
15,258,0,1,10,BMI;sysBP;age;totChol;diaBP;glucose;heartRate;cigsPerDay;prevalentHyp;education
15,259,1,0,10,BMI;sysBP;age;totChol;diaBP;glucose;heartRate;cigsPerDay;prevalentHyp;education
15,260,1,0,10,BMI;sysBP;age;totChol;diaBP;glucose;heartRate;cigsPerDay;prevalentHyp;education
15,261,1,1,10,BMI;sysBP;age;totChol;diaBP;glucose;heartRate;cigsPerDay;prevalentHyp;education
15,262,1,1,10,BMI;sysBP;age;totChol;diaBP;glucose;heartRate;cigsPerDay;prevalentHyp;education
15,263,1,1,10,BMI;sysBP;age;totChol;diaBP;glucose;heartRate;cigsPerDay;prevalentHyp;education
15,264,1,1,10,BMI;sysBP;age;totChol;diaBP;glucose;heartRate;cigsPerDay;prevalentHyp;education
15,265,1,0,10,BMI;sysBP;age;totChol;diaBP;glucose;heartRate;cigsPerDay;prevalentHyp;education
15,266,0,0,10,BMI;sysBP;age;totChol;diaBP;glucose;heartRate;cigsPerDay;prevalentHyp;education
15,267,0,0,10,BMI;sysBP;age;totChol;diaBP;glucose;heartRate;cigsPerDay;prevalentHyp;education
15,268,0,1,10,BMI;sysBP;age;totChol;diaBP;glucose;heartRate;cigsPerDay;prevalentHyp;education
15,269,1,0,10,BMI;sysBP;age;totChol;diaBP;glucose;heartRate;cigsPerDay;prevalentHyp;education
15,270,1,1,10,BMI;sysBP;age;totChol;diaBP;glucose;heartRate;cigsPerDay;prevalentHyp;education
15,271,0,1,10,BMI;sysBP;age;totChol;diaBP;glucose;heartRate;cigsPerDay;prevalentHyp;education
15,272,0,0,10,BMI;sysBP;age;totChol;diaBP;glucose;heartRate;cigsPerDay;prevalentHyp;education
15,273,0,1,10,BMI;sysBP;age;totChol;diaBP;glucose;heartRate;cigsPerDay;prevalentHyp;education
15,274,1,1,10,BMI;sysBP;age;totChol;diaBP;glucose;heartRate;cigsPerDay;prevalentHyp;education
15,275,1,1,10,BMI;sysBP;age;totChol;diaBP;glucose;heartRate;cigsPerDay;prevalentHyp;education
15,276,0,1,10,BMI;sysBP;age;totChol;diaBP;glucose;heartRate;cigsPerDay;prevalentHyp;education
15,277,0,1,10,BMI;sysBP;age;totChol;diaBP;glucose;heartRate;cigsPerDay;prevalentHyp;education
15,278,0,0,10,BMI;sysBP;age;totChol;diaBP;glucose;heartRate;cigsPerDay;prevalentHyp;education
15,279,0,1,10,BMI;sysBP;age;totChol;diaBP;glucose;heartRate;cigsPerDay;prevalentHyp;education
15,280,1,1,10,BMI;sysBP;age;totChol;diaBP;glucose;heartRate;cigsPerDay;prevalentHyp;education
15,281,0,0,10,BMI;sysBP;age;totChol;diaBP;glucose;heartRate;cigsPerDay;prevalentHyp;education
15,282,0,1,10,BMI;sysBP;age;totChol;diaBP;glucose;heartRate;cigsPerDay;prevalentHyp;education
15,283,1,1,10,BMI;sysBP;age;totChol;diaBP;glucose;heartRate;cigsPerDay;prevalentHyp;education
15,284,0,0,10,BMI;sysBP;age;totChol;diaBP;glucose;heartRate;cigsPerDay;prevalentHyp;education
15,285,0,0,10,BMI;sysBP;age;totChol;diaBP;glucose;heartRate;cigsPerDay;prevalentHyp;education
15,286,0,1,10,BMI;sysBP;age;totChol;diaBP;glucose;heartRate;cigsPerDay;prevalentHyp;education
15,287,1,1,10,BMI;sysBP;age;totChol;diaBP;glucose;heartRate;cigsPerDay;prevalentHyp;education
15,288,1,0,10,BMI;sysBP;age;totChol;diaBP;glucose;heartRate;cigsPerDay;prevalentHyp;education
15,289,0,0,10,BMI;sysBP;age;totChol;diaBP;glucose;heartRate;cigsPerDay;prevalentHyp;education
15,290,1,1,10,BMI;sysBP;age;totChol;diaBP;glucose;heartRate;cigsPerDay;prevalentHyp;education
15,291,1,1,10,BMI;sysBP;age;totChol;diaBP;glucose;heartRate;cigsPerDay;prevalentHyp;education
15,292,1,1,10,BMI;sysBP;age;totChol;diaBP;glucose;heartRate;cigsPerDay;prevalentHyp;education
15,293,0,0,10,BMI;sysBP;age;totChol;diaBP;glucose;heartRate;cigsPerDay;prevalentHyp;education
15,294,0,0,10,BMI;sysBP;age;totChol;diaBP;glucose;heartRate;cigsPerDay;prevalentHyp;education
15,295,0,1,10,BMI;sysBP;age;totChol;diaBP;glucose;heartRate;cigsPerDay;prevalentHyp;education
15,296,1,0,10,BMI;sysBP;age;totChol;diaBP;glucose;heartRate;cigsPerDay;prevalentHyp;education
15,297,0,0,10,BMI;sysBP;age;totChol;diaBP;glucose;heartRate;cigsPerDay;prevalentHyp;education
15,298,0,0,10,BMI;sysBP;age;totChol;diaBP;glucose;heartRate;cigsPerDay;prevalentHyp;education
15,299,0,1,10,BMI;sysBP;age;totChol;diaBP;glucose;heartRate;cigsPerDay;prevalentHyp;education
15,300,0,1,10,BMI;sysBP;age;totChol;diaBP;glucose;heartRate;cigsPerDay;prevalentHyp;education
15,301,1,1,10,BMI;sysBP;age;totChol;diaBP;glucose;heartRate;cigsPerDay;prevalentHyp;education
15,302,0,1,10,BMI;sysBP;age;totChol;diaBP;glucose;heartRate;cigsPerDay;prevalentHyp;education
15,303,1,0,10,BMI;sysBP;age;totChol;diaBP;glucose;heartRate;cigsPerDay;prevalentHyp;education
15,304,1,1,10,BMI;sysBP;age;totChol;diaBP;glucose;heartRate;cigsPerDay;prevalentHyp;education
15,305,1,1,10,BMI;sysBP;age;totChol;diaBP;glucose;heartRate;cigsPerDay;prevalentHyp;education
15,306,1,1,10,BMI;sysBP;age;totChol;diaBP;glucose;heartRate;cigsPerDay;prevalentHyp;education
15,307,1,0,10,BMI;sysBP;age;totChol;diaBP;glucose;heartRate;cigsPerDay;prevalentHyp;education
15,308,1,1,10,BMI;sysBP;age;totChol;diaBP;glucose;heartRate;cigsPerDay;prevalentHyp;education
15,309,0,0,10,BMI;sysBP;age;totChol;diaBP;glucose;heartRate;cigsPerDay;prevalentHyp;education
15,310,1,1,10,BMI;sysBP;age;totChol;diaBP;glucose;heartRate;cigsPerDay;prevalentHyp;education
15,311,1,1,10,BMI;sysBP;age;totChol;diaBP;glucose;heartRate;cigsPerDay;prevalentHyp;education
15,312,1,0,10,BMI;sysBP;age;totChol;diaBP;glucose;heartRate;cigsPerDay;prevalentHyp;education
15,313,0,1,10,BMI;sysBP;age;totChol;diaBP;glucose;heartRate;cigsPerDay;prevalentHyp;education
15,314,0,1,10,BMI;sysBP;age;totChol;diaBP;glucose;heartRate;cigsPerDay;prevalentHyp;education
15,315,0,1,10,BMI;sysBP;age;totChol;diaBP;glucose;heartRate;cigsPerDay;prevalentHyp;education
15,316,0,1,10,BMI;sysBP;age;totChol;diaBP;glucose;heartRate;cigsPerDay;prevalentHyp;education
15,317,0,0,10,BMI;sysBP;age;totChol;diaBP;glucose;heartRate;cigsPerDay;prevalentHyp;education
15,318,0,0,10,BMI;sysBP;age;totChol;diaBP;glucose;heartRate;cigsPerDay;prevalentHyp;education
15,319,0,1,10,BMI;sysBP;age;totChol;diaBP;glucose;heartRate;cigsPerDay;prevalentHyp;education
15,320,0,1,10,BMI;sysBP;age;totChol;diaBP;glucose;heartRate;cigsPerDay;prevalentHyp;education
15,321,0,1,10,BMI;sysBP;age;totChol;diaBP;glucose;heartRate;cigsPerDay;prevalentHyp;education
15,322,0,1,10,BMI;sysBP;age;totChol;diaBP;glucose;heartRate;cigsPerDay;prevalentHyp;education
15,323,0,1,10,BMI;sysBP;age;totChol;diaBP;glucose;heartRate;cigsPerDay;prevalentHyp;education
15,324,0,0,10,BMI;sysBP;age;totChol;diaBP;glucose;heartRate;cigsPerDay;prevalentHyp;education
15,325,0,1,10,BMI;sysBP;age;totChol;diaBP;glucose;heartRate;cigsPerDay;prevalentHyp;education
15,326,0,0,10,BMI;sysBP;age;totChol;diaBP;glucose;heartRate;cigsPerDay;prevalentHyp;education
15,327,0,1,10,BMI;sysBP;age;totChol;diaBP;glucose;heartRate;cigsPerDay;prevalentHyp;education
15,328,0,0,10,BMI;sysBP;age;totChol;diaBP;glucose;heartRate;cigsPerDay;prevalentHyp;education
15,329,1,1,10,BMI;sysBP;age;totChol;diaBP;glucose;heartRate;cigsPerDay;prevalentHyp;education
15,330,1,0,10,BMI;sysBP;age;totChol;diaBP;glucose;heartRate;cigsPerDay;prevalentHyp;education
15,331,0,1,10,BMI;sysBP;age;totChol;diaBP;glucose;heartRate;cigsPerDay;prevalentHyp;education
15,332,1,1,10,BMI;sysBP;age;totChol;diaBP;glucose;heartRate;cigsPerDay;prevalentHyp;education
15,333,0,0,10,BMI;sysBP;age;totChol;diaBP;glucose;heartRate;cigsPerDay;prevalentHyp;education
15,334,0,1,10,BMI;sysBP;age;totChol;diaBP;glucose;heartRate;cigsPerDay;prevalentHyp;education
15,335,1,0,10,BMI;sysBP;age;totChol;diaBP;glucose;heartRate;cigsPerDay;prevalentHyp;education
15,336,1,1,10,BMI;sysBP;age;totChol;diaBP;glucose;heartRate;cigsPerDay;prevalentHyp;education
15,337,1,1,10,BMI;sysBP;age;totChol;diaBP;glucose;heartRate;cigsPerDay;prevalentHyp;education
15,338,1,0,10,BMI;sysBP;age;totChol;diaBP;glucose;heartRate;cigsPerDay;prevalentHyp;education
15,339,1,1,10,BMI;sysBP;age;totChol;diaBP;glucose;heartRate;cigsPerDay;prevalentHyp;education
15,340,0,1,10,BMI;sysBP;age;totChol;diaBP;glucose;heartRate;cigsPerDay;prevalentHyp;education
15,341,1,1,10,BMI;sysBP;age;totChol;diaBP;glucose;heartRate;cigsPerDay;prevalentHyp;education
15,342,0,1,10,BMI;sysBP;age;totChol;diaBP;glucose;heartRate;cigsPerDay;prevalentHyp;education
15,343,1,1,10,BMI;sysBP;age;totChol;diaBP;glucose;heartRate;cigsPerDay;prevalentHyp;education
15,344,0,1,10,BMI;sysBP;age;totChol;diaBP;glucose;heartRate;cigsPerDay;prevalentHyp;education
15,345,1,0,10,BMI;sysBP;age;totChol;diaBP;glucose;heartRate;cigsPerDay;prevalentHyp;education
15,346,0,0,10,BMI;sysBP;age;totChol;diaBP;glucose;heartRate;cigsPerDay;prevalentHyp;education
15,347,0,0,10,BMI;sysBP;age;totChol;diaBP;glucose;heartRate;cigsPerDay;prevalentHyp;education
15,348,0,0,10,BMI;sysBP;age;totChol;diaBP;glucose;heartRate;cigsPerDay;prevalentHyp;education
15,349,1,1,10,BMI;sysBP;age;totChol;diaBP;glucose;heartRate;cigsPerDay;prevalentHyp;education
15,350,0,0,10,BMI;sysBP;age;totChol;diaBP;glucose;heartRate;cigsPerDay;prevalentHyp;education
15,351,1,1,10,BMI;sysBP;age;totChol;diaBP;glucose;heartRate;cigsPerDay;prevalentHyp;education
15,352,0,1,10,BMI;sysBP;age;totChol;diaBP;glucose;heartRate;cigsPerDay;prevalentHyp;education
15,353,1,1,10,BMI;sysBP;age;totChol;diaBP;glucose;heartRate;cigsPerDay;prevalentHyp;education
15,354,0,1,10,BMI;sysBP;age;totChol;diaBP;glucose;heartRate;cigsPerDay;prevalentHyp;education
15,355,0,1,10,BMI;sysBP;age;totChol;diaBP;glucose;heartRate;cigsPerDay;prevalentHyp;education
15,356,1,1,10,BMI;sysBP;age;totChol;diaBP;glucose;heartRate;cigsPerDay;prevalentHyp;education
15,357,0,0,10,BMI;sysBP;age;totChol;diaBP;glucose;heartRate;cigsPerDay;prevalentHyp;education
15,358,0,1,10,BMI;sysBP;age;totChol;diaBP;glucose;heartRate;cigsPerDay;prevalentHyp;education
15,359,0,0,10,BMI;sysBP;age;totChol;diaBP;glucose;heartRate;cigsPerDay;prevalentHyp;education
15,360,0,1,10,BMI;sysBP;age;totChol;diaBP;glucose;heartRate;cigsPerDay;prevalentHyp;education
15,361,1,1,10,BMI;sysBP;age;totChol;diaBP;glucose;heartRate;cigsPerDay;prevalentHyp;education
15,362,1,1,10,BMI;sysBP;age;totChol;diaBP;glucose;heartRate;cigsPerDay;prevalentHyp;education
15,363,1,1,10,BMI;sysBP;age;totChol;diaBP;glucose;heartRate;cigsPerDay;prevalentHyp;education
15,364,1,1,10,BMI;sysBP;age;totChol;diaBP;glucose;heartRate;cigsPerDay;prevalentHyp;education
15,365,0,1,10,BMI;sysBP;age;totChol;diaBP;glucose;heartRate;cigsPerDay;prevalentHyp;education
15,366,1,1,10,BMI;sysBP;age;totChol;diaBP;glucose;heartRate;cigsPerDay;prevalentHyp;education
15,367,1,1,10,BMI;sysBP;age;totChol;diaBP;glucose;heartRate;cigsPerDay;prevalentHyp;education
15,368,1,1,10,BMI;sysBP;age;totChol;diaBP;glucose;heartRate;cigsPerDay;prevalentHyp;education
15,369,1,1,10,BMI;sysBP;age;totChol;diaBP;glucose;heartRate;cigsPerDay;prevalentHyp;education
15,370,0,1,10,BMI;sysBP;age;totChol;diaBP;glucose;heartRate;cigsPerDay;prevalentHyp;education
15,371,0,0,10,BMI;sysBP;age;totChol;diaBP;glucose;heartRate;cigsPerDay;prevalentHyp;education
15,372,0,0,10,BMI;sysBP;age;totChol;diaBP;glucose;heartRate;cigsPerDay;prevalentHyp;education
15,373,1,1,10,BMI;sysBP;age;totChol;diaBP;glucose;heartRate;cigsPerDay;prevalentHyp;education
15,374,0,1,10,BMI;sysBP;age;totChol;diaBP;glucose;heartRate;cigsPerDay;prevalentHyp;education
15,375,1,1,10,BMI;sysBP;age;totChol;diaBP;glucose;heartRate;cigsPerDay;prevalentHyp;education
15,376,0,0,10,BMI;sysBP;age;totChol;diaBP;glucose;heartRate;cigsPerDay;prevalentHyp;education
15,377,1,1,10,BMI;sysBP;age;totChol;diaBP;glucose;heartRate;cigsPerDay;prevalentHyp;education
15,378,0,0,10,BMI;sysBP;age;totChol;diaBP;glucose;heartRate;cigsPerDay;prevalentHyp;education
15,379,0,0,10,BMI;sysBP;age;totChol;diaBP;glucose;heartRate;cigsPerDay;prevalentHyp;education
15,380,0,1,10,BMI;sysBP;age;totChol;diaBP;glucose;heartRate;cigsPerDay;prevalentHyp;education
15,381,0,1,10,BMI;sysBP;age;totChol;diaBP;glucose;heartRate;cigsPerDay;prevalentHyp;education
15,382,1,1,10,BMI;sysBP;age;totChol;diaBP;glucose;heartRate;cigsPerDay;prevalentHyp;education
15,383,1,1,10,BMI;sysBP;age;totChol;diaBP;glucose;heartRate;cigsPerDay;prevalentHyp;education
15,384,1,1,10,BMI;sysBP;age;totChol;diaBP;glucose;heartRate;cigsPerDay;prevalentHyp;education
15,385,0,1,10,BMI;sysBP;age;totChol;diaBP;glucose;heartRate;cigsPerDay;prevalentHyp;education
15,386,1,1,10,BMI;sysBP;age;totChol;diaBP;glucose;heartRate;cigsPerDay;prevalentHyp;education
15,387,0,1,10,BMI;sysBP;age;totChol;diaBP;glucose;heartRate;cigsPerDay;prevalentHyp;education
15,388,1,1,10,BMI;sysBP;age;totChol;diaBP;glucose;heartRate;cigsPerDay;prevalentHyp;education
15,389,0,0,10,BMI;sysBP;age;totChol;diaBP;glucose;heartRate;cigsPerDay;prevalentHyp;education
15,390,0,1,10,BMI;sysBP;age;totChol;diaBP;glucose;heartRate;cigsPerDay;prevalentHyp;education
15,391,1,1,10,BMI;sysBP;age;totChol;diaBP;glucose;heartRate;cigsPerDay;prevalentHyp;education
15,392,0,1,10,BMI;sysBP;age;totChol;diaBP;glucose;heartRate;cigsPerDay;prevalentHyp;education
15,393,1,1,10,BMI;sysBP;age;totChol;diaBP;glucose;heartRate;cigsPerDay;prevalentHyp;education
15,394,1,1,10,BMI;sysBP;age;totChol;diaBP;glucose;heartRate;cigsPerDay;prevalentHyp;education
15,395,1,1,10,BMI;sysBP;age;totChol;diaBP;glucose;heartRate;cigsPerDay;prevalentHyp;education
15,396,1,1,10,BMI;sysBP;age;totChol;diaBP;glucose;heartRate;cigsPerDay;prevalentHyp;education
15,397,0,1,10,BMI;sysBP;age;totChol;diaBP;glucose;heartRate;cigsPerDay;prevalentHyp;education
15,398,0,0,10,BMI;sysBP;age;totChol;diaBP;glucose;heartRate;cigsPerDay;prevalentHyp;education
15,399,1,1,10,BMI;sysBP;age;totChol;diaBP;glucose;heartRate;cigsPerDay;prevalentHyp;education
16,0,0,1,10,BMI;sysBP;age;totChol;diaBP;glucose;heartRate;cigsPerDay;prevalentHyp;education
16,1,0,0,10,BMI;sysBP;age;totChol;diaBP;glucose;heartRate;cigsPerDay;prevalentHyp;education
16,2,1,1,10,BMI;sysBP;age;totChol;diaBP;glucose;heartRate;cigsPerDay;prevalentHyp;education
16,3,0,1,10,BMI;sysBP;age;totChol;diaBP;glucose;heartRate;cigsPerDay;prevalentHyp;education
16,4,1,1,10,BMI;sysBP;age;totChol;diaBP;glucose;heartRate;cigsPerDay;prevalentHyp;education
16,5,1,1,10,BMI;sysBP;age;totChol;diaBP;glucose;heartRate;cigsPerDay;prevalentHyp;education
16,6,0,0,10,BMI;sysBP;age;totChol;diaBP;glucose;heartRate;cigsPerDay;prevalentHyp;education
16,7,1,1,10,BMI;sysBP;age;totChol;diaBP;glucose;heartRate;cigsPerDay;prevalentHyp;education
16,8,0,1,10,BMI;sysBP;age;totChol;diaBP;glucose;heartRate;cigsPerDay;prevalentHyp;education
16,9,1,0,10,BMI;sysBP;age;totChol;diaBP;glucose;heartRate;cigsPerDay;prevalentHyp;education
16,10,1,1,10,BMI;sysBP;age;totChol;diaBP;glucose;heartRate;cigsPerDay;prevalentHyp;education
16,11,0,1,10,BMI;sysBP;age;totChol;diaBP;glucose;heartRate;cigsPerDay;prevalentHyp;education
16,12,1,1,10,BMI;sysBP;age;totChol;diaBP;glucose;heartRate;cigsPerDay;prevalentHyp;education
16,13,1,1,10,BMI;sysBP;age;totChol;diaBP;glucose;heartRate;cigsPerDay;prevalentHyp;education
16,14,1,1,10,BMI;sysBP;age;totChol;diaBP;glucose;heartRate;cigsPerDay;prevalentHyp;education
16,15,1,1,10,BMI;sysBP;age;totChol;diaBP;glucose;heartRate;cigsPerDay;prevalentHyp;education
16,16,0,0,10,BMI;sysBP;age;totChol;diaBP;glucose;heartRate;cigsPerDay;prevalentHyp;education
16,17,0,1,10,BMI;sysBP;age;totChol;diaBP;glucose;heartRate;cigsPerDay;prevalentHyp;education
16,18,0,1,10,BMI;sysBP;age;totChol;diaBP;glucose;heartRate;cigsPerDay;prevalentHyp;education
16,19,0,0,10,BMI;sysBP;age;totChol;diaBP;glucose;heartRate;cigsPerDay;prevalentHyp;education
16,20,1,1,10,BMI;sysBP;age;totChol;diaBP;glucose;heartRate;cigsPerDay;prevalentHyp;education
16,21,1,1,10,BMI;sysBP;age;totChol;diaBP;glucose;heartRate;cigsPerDay;prevalentHyp;education
16,22,0,0,10,BMI;sysBP;age;totChol;diaBP;glucose;heartRate;cigsPerDay;prevalentHyp;education
16,23,0,1,10,BMI;sysBP;age;totChol;diaBP;glucose;heartRate;cigsPerDay;prevalentHyp;education
16,24,1,0,10,BMI;sysBP;age;totChol;diaBP;glucose;heartRate;cigsPerDay;prevalentHyp;education
16,25,0,0,10,BMI;sysBP;age;totChol;diaBP;glucose;heartRate;cigsPerDay;prevalentHyp;education
16,26,1,0,10,BMI;sysBP;age;totChol;diaBP;glucose;heartRate;cigsPerDay;prevalentHyp;education
16,27,0,1,10,BMI;sysBP;age;totChol;diaBP;glucose;heartRate;cigsPerDay;prevalentHyp;education
16,28,0,1,10,BMI;sysBP;age;totChol;diaBP;glucose;heartRate;cigsPerDay;prevalentHyp;education
16,29,1,1,10,BMI;sysBP;age;totChol;diaBP;glucose;heartRate;cigsPerDay;prevalentHyp;education
16,30,0,0,10,BMI;sysBP;age;totChol;diaBP;glucose;heartRate;cigsPerDay;prevalentHyp;education
16,31,1,1,10,BMI;sysBP;age;totChol;diaBP;glucose;heartRate;cigsPerDay;prevalentHyp;education
16,32,0,1,10,BMI;sysBP;age;totChol;diaBP;glucose;heartRate;cigsPerDay;prevalentHyp;education
16,33,1,1,10,BMI;sysBP;age;totChol;diaBP;glucose;heartRate;cigsPerDay;prevalentHyp;education
16,34,0,1,10,BMI;sysBP;age;totChol;diaBP;glucose;heartRate;cigsPerDay;prevalentHyp;education
16,35,1,1,10,BMI;sysBP;age;totChol;diaBP;glucose;heartRate;cigsPerDay;prevalentHyp;education
16,36,1,0,10,BMI;sysBP;age;totChol;diaBP;glucose;heartRate;cigsPerDay;prevalentHyp;education
16,37,0,0,10,BMI;sysBP;age;totChol;diaBP;glucose;heartRate;cigsPerDay;prevalentHyp;education
16,38,1,1,10,BMI;sysBP;age;totChol;diaBP;glucose;heartRate;cigsPerDay;prevalentHyp;education
16,39,1,1,10,BMI;sysBP;age;totChol;diaBP;glucose;heartRate;cigsPerDay;prevalentHyp;education
16,40,0,1,10,BMI;sysBP;age;totChol;diaBP;glucose;heartRate;cigsPerDay;prevalentHyp;education
16,41,1,1,10,BMI;sysBP;age;totChol;diaBP;glucose;heartRate;cigsPerDay;prevalentHyp;education
16,42,1,1,10,BMI;sysBP;age;totChol;diaBP;glucose;heartRate;cigsPerDay;prevalentHyp;education
16,43,1,1,10,BMI;sysBP;age;totChol;diaBP;glucose;heartRate;cigsPerDay;prevalentHyp;education
16,44,1,1,10,BMI;sysBP;age;totChol;diaBP;glucose;heartRate;cigsPerDay;prevalentHyp;education
16,45,0,1,10,BMI;sysBP;age;totChol;diaBP;glucose;heartRate;cigsPerDay;prevalentHyp;education
16,46,1,1,10,BMI;sysBP;age;totChol;diaBP;glucose;heartRate;cigsPerDay;prevalentHyp;education
16,47,1,1,10,BMI;sysBP;age;totChol;diaBP;glucose;heartRate;cigsPerDay;prevalentHyp;education
16,48,1,1,10,BMI;sysBP;age;totChol;diaBP;glucose;heartRate;cigsPerDay;prevalentHyp;education
16,49,1,0,10,BMI;sysBP;age;totChol;diaBP;glucose;heartRate;cigsPerDay;prevalentHyp;education
16,50,1,0,10,BMI;sysBP;age;totChol;diaBP;glucose;heartRate;cigsPerDay;prevalentHyp;education
16,51,0,1,10,BMI;sysBP;age;totChol;diaBP;glucose;heartRate;cigsPerDay;prevalentHyp;education
16,52,0,1,10,BMI;sysBP;age;totChol;diaBP;glucose;heartRate;cigsPerDay;prevalentHyp;education
16,53,1,1,10,BMI;sysBP;age;totChol;diaBP;glucose;heartRate;cigsPerDay;prevalentHyp;education
16,54,0,0,10,BMI;sysBP;age;totChol;diaBP;glucose;heartRate;cigsPerDay;prevalentHyp;education
16,55,1,1,10,BMI;sysBP;age;totChol;diaBP;glucose;heartRate;cigsPerDay;prevalentHyp;education
16,56,0,0,10,BMI;sysBP;age;totChol;diaBP;glucose;heartRate;cigsPerDay;prevalentHyp;education
16,57,1,1,10,BMI;sysBP;age;totChol;diaBP;glucose;heartRate;cigsPerDay;prevalentHyp;education
16,58,1,1,10,BMI;sysBP;age;totChol;diaBP;glucose;heartRate;cigsPerDay;prevalentHyp;education
16,59,1,1,10,BMI;sysBP;age;totChol;diaBP;glucose;heartRate;cigsPerDay;prevalentHyp;education
16,60,1,1,10,BMI;sysBP;age;totChol;diaBP;glucose;heartRate;cigsPerDay;prevalentHyp;education
16,61,0,1,10,BMI;sysBP;age;totChol;diaBP;glucose;heartRate;cigsPerDay;prevalentHyp;education
16,62,0,1,10,BMI;sysBP;age;totChol;diaBP;glucose;heartRate;cigsPerDay;prevalentHyp;education
16,63,1,1,10,BMI;sysBP;age;totChol;diaBP;glucose;heartRate;cigsPerDay;prevalentHyp;education
16,64,1,1,10,BMI;sysBP;age;totChol;diaBP;glucose;heartRate;cigsPerDay;prevalentHyp;education
16,65,1,1,10,BMI;sysBP;age;totChol;diaBP;glucose;heartRate;cigsPerDay;prevalentHyp;education
16,66,0,1,10,BMI;sysBP;age;totChol;diaBP;glucose;heartRate;cigsPerDay;prevalentHyp;education
16,67,0,0,10,BMI;sysBP;age;totChol;diaBP;glucose;heartRate;cigsPerDay;prevalentHyp;education
16,68,0,1,10,BMI;sysBP;age;totChol;diaBP;glucose;heartRate;cigsPerDay;prevalentHyp;education
16,69,1,1,10,BMI;sysBP;age;totChol;diaBP;glucose;heartRate;cigsPerDay;prevalentHyp;education
16,70,0,0,10,BMI;sysBP;age;totChol;diaBP;glucose;heartRate;cigsPerDay;prevalentHyp;education
16,71,1,1,10,BMI;sysBP;age;totChol;diaBP;glucose;heartRate;cigsPerDay;prevalentHyp;education
16,72,1,1,10,BMI;sysBP;age;totChol;diaBP;glucose;heartRate;cigsPerDay;prevalentHyp;education
16,73,1,1,10,BMI;sysBP;age;totChol;diaBP;glucose;heartRate;cigsPerDay;prevalentHyp;education
16,74,0,1,10,BMI;sysBP;age;totChol;diaBP;glucose;heartRate;cigsPerDay;prevalentHyp;education
16,75,0,1,10,BMI;sysBP;age;totChol;diaBP;glucose;heartRate;cigsPerDay;prevalentHyp;education
16,76,0,1,10,BMI;sysBP;age;totChol;diaBP;glucose;heartRate;cigsPerDay;prevalentHyp;education
16,77,0,1,10,BMI;sysBP;age;totChol;diaBP;glucose;heartRate;cigsPerDay;prevalentHyp;education
16,78,1,1,10,BMI;sysBP;age;totChol;diaBP;glucose;heartRate;cigsPerDay;prevalentHyp;education
16,79,0,1,10,BMI;sysBP;age;totChol;diaBP;glucose;heartRate;cigsPerDay;prevalentHyp;education
16,80,1,1,10,BMI;sysBP;age;totChol;diaBP;glucose;heartRate;cigsPerDay;prevalentHyp;education
16,81,1,1,10,BMI;sysBP;age;totChol;diaBP;glucose;heartRate;cigsPerDay;prevalentHyp;education
16,82,0,1,10,BMI;sysBP;age;totChol;diaBP;glucose;heartRate;cigsPerDay;prevalentHyp;education
16,83,0,1,10,BMI;sysBP;age;totChol;diaBP;glucose;heartRate;cigsPerDay;prevalentHyp;education
16,84,0,1,10,BMI;sysBP;age;totChol;diaBP;glucose;heartRate;cigsPerDay;prevalentHyp;education
16,85,1,1,10,BMI;sysBP;age;totChol;diaBP;glucose;heartRate;cigsPerDay;prevalentHyp;education
16,86,0,1,10,BMI;sysBP;age;totChol;diaBP;glucose;heartRate;cigsPerDay;prevalentHyp;education
16,87,0,1,10,BMI;sysBP;age;totChol;diaBP;glucose;heartRate;cigsPerDay;prevalentHyp;education
16,88,1,1,10,BMI;sysBP;age;totChol;diaBP;glucose;heartRate;cigsPerDay;prevalentHyp;education
16,89,1,1,10,BMI;sysBP;age;totChol;diaBP;glucose;heartRate;cigsPerDay;prevalentHyp;education
16,90,0,0,10,BMI;sysBP;age;totChol;diaBP;glucose;heartRate;cigsPerDay;prevalentHyp;education
16,91,0,0,7,BMI;sysBP;age;totChol;diaBP;heartRate;cigsPerDay
16,92,1,1,10,BMI;sysBP;age;totChol;diaBP;glucose;heartRate;cigsPerDay;prevalentHyp;education
16,93,0,1,10,BMI;sysBP;age;totChol;diaBP;glucose;heartRate;cigsPerDay;prevalentHyp;education
16,94,1,1,10,BMI;sysBP;age;totChol;diaBP;glucose;heartRate;cigsPerDay;prevalentHyp;education
16,95,0,1,10,BMI;sysBP;age;totChol;diaBP;glucose;heartRate;cigsPerDay;prevalentHyp;education
16,96,0,1,10,BMI;sysBP;age;totChol;diaBP;glucose;heartRate;cigsPerDay;prevalentHyp;education
16,97,0,1,10,BMI;sysBP;age;totChol;diaBP;glucose;heartRate;cigsPerDay;prevalentHyp;education
16,98,0,0,10,BMI;sysBP;age;totChol;diaBP;glucose;heartRate;cigsPerDay;prevalentHyp;education
16,99,1,1,10,BMI;sysBP;age;totChol;diaBP;glucose;heartRate;cigsPerDay;prevalentHyp;education
16,100,0,1,10,BMI;sysBP;age;totChol;diaBP;glucose;heartRate;cigsPerDay;prevalentHyp;education
16,101,1,0,10,BMI;sysBP;age;totChol;diaBP;glucose;heartRate;cigsPerDay;prevalentHyp;education
16,102,1,1,10,BMI;sysBP;age;totChol;diaBP;glucose;heartRate;cigsPerDay;prevalentHyp;education
16,103,1,1,10,BMI;sysBP;age;totChol;diaBP;glucose;heartRate;cigsPerDay;prevalentHyp;education
16,104,1,1,10,BMI;sysBP;age;totChol;diaBP;glucose;heartRate;cigsPerDay;prevalentHyp;education
16,105,1,1,10,BMI;sysBP;age;totChol;diaBP;glucose;heartRate;cigsPerDay;prevalentHyp;education
16,106,1,1,10,BMI;sysBP;age;totChol;diaBP;glucose;heartRate;cigsPerDay;prevalentHyp;education
16,107,1,1,10,BMI;sysBP;age;totChol;diaBP;glucose;heartRate;cigsPerDay;prevalentHyp;education
16,108,0,0,10,BMI;sysBP;age;totChol;diaBP;glucose;heartRate;cigsPerDay;prevalentHyp;education
16,109,0,1,10,BMI;sysBP;age;totChol;diaBP;glucose;heartRate;cigsPerDay;prevalentHyp;education
16,110,1,1,10,BMI;sysBP;age;totChol;diaBP;glucose;heartRate;cigsPerDay;prevalentHyp;education
16,111,0,1,10,BMI;sysBP;age;totChol;diaBP;glucose;heartRate;cigsPerDay;prevalentHyp;education
16,112,0,0,10,BMI;sysBP;age;totChol;diaBP;glucose;heartRate;cigsPerDay;prevalentHyp;education
16,113,0,1,10,BMI;sysBP;age;totChol;diaBP;glucose;heartRate;cigsPerDay;prevalentHyp;education
16,114,0,1,10,BMI;sysBP;age;totChol;diaBP;glucose;heartRate;cigsPerDay;prevalentHyp;education
16,115,1,1,10,BMI;sysBP;age;totChol;diaBP;glucose;heartRate;cigsPerDay;prevalentHyp;education
16,116,1,1,10,BMI;sysBP;age;totChol;diaBP;glucose;heartRate;cigsPerDay;prevalentHyp;education
16,117,0,1,10,BMI;sysBP;age;totChol;diaBP;glucose;heartRate;cigsPerDay;prevalentHyp;education
16,118,0,1,10,BMI;sysBP;age;totChol;diaBP;glucose;heartRate;cigsPerDay;prevalentHyp;education
16,119,0,0,10,BMI;sysBP;age;totChol;diaBP;glucose;heartRate;cigsPerDay;prevalentHyp;education
16,120,1,1,10,BMI;sysBP;age;totChol;diaBP;glucose;heartRate;cigsPerDay;prevalentHyp;education
16,121,1,1,10,BMI;sysBP;age;totChol;diaBP;glucose;heartRate;cigsPerDay;prevalentHyp;education
16,122,1,1,10,BMI;sysBP;age;totChol;diaBP;glucose;heartRate;cigsPerDay;prevalentHyp;education
16,123,0,0,10,BMI;sysBP;age;totChol;diaBP;glucose;heartRate;cigsPerDay;prevalentHyp;education
16,124,1,0,10,BMI;sysBP;age;totChol;diaBP;glucose;heartRate;cigsPerDay;prevalentHyp;education
16,125,1,1,10,BMI;sysBP;age;totChol;diaBP;glucose;heartRate;cigsPerDay;prevalentHyp;education
16,126,0,1,10,BMI;sysBP;age;totChol;diaBP;glucose;heartRate;cigsPerDay;prevalentHyp;education
16,127,0,1,10,BMI;sysBP;age;totChol;diaBP;glucose;heartRate;cigsPerDay;prevalentHyp;education
16,128,1,0,10,BMI;sysBP;age;totChol;diaBP;glucose;heartRate;cigsPerDay;prevalentHyp;education
16,129,0,1,10,BMI;sysBP;age;totChol;diaBP;glucose;heartRate;cigsPerDay;prevalentHyp;education
16,130,0,1,10,BMI;sysBP;age;totChol;diaBP;glucose;heartRate;cigsPerDay;prevalentHyp;education
16,131,1,1,10,BMI;sysBP;age;totChol;diaBP;glucose;heartRate;cigsPerDay;prevalentHyp;education
16,132,0,0,10,BMI;sysBP;age;totChol;diaBP;glucose;heartRate;cigsPerDay;prevalentHyp;education
16,133,1,1,10,BMI;sysBP;age;totChol;diaBP;glucose;heartRate;cigsPerDay;prevalentHyp;education
16,134,1,0,10,BMI;sysBP;age;totChol;diaBP;glucose;heartRate;cigsPerDay;prevalentHyp;education
16,135,1,1,10,BMI;sysBP;age;totChol;diaBP;glucose;heartRate;cigsPerDay;prevalentHyp;education
16,136,0,1,10,BMI;sysBP;age;totChol;diaBP;glucose;heartRate;cigsPerDay;prevalentHyp;education
16,137,0,1,10,BMI;sysBP;age;totChol;diaBP;glucose;heartRate;cigsPerDay;prevalentHyp;education
16,138,0,0,10,BMI;sysBP;age;totChol;diaBP;glucose;heartRate;cigsPerDay;prevalentHyp;education
16,139,0,1,10,BMI;sysBP;age;totChol;diaBP;glucose;heartRate;cigsPerDay;prevalentHyp;education
16,140,1,1,10,BMI;sysBP;age;totChol;diaBP;glucose;heartRate;cigsPerDay;prevalentHyp;education
16,141,1,1,10,BMI;sysBP;age;totChol;diaBP;glucose;heartRate;cigsPerDay;prevalentHyp;education
16,142,0,1,10,BMI;sysBP;age;totChol;diaBP;glucose;heartRate;cigsPerDay;prevalentHyp;education
16,143,1,1,10,BMI;sysBP;age;totChol;diaBP;glucose;heartRate;cigsPerDay;prevalentHyp;education
16,144,1,1,10,BMI;sysBP;age;totChol;diaBP;glucose;heartRate;cigsPerDay;prevalentHyp;education
16,145,0,0,10,BMI;sysBP;age;totChol;diaBP;glucose;heartRate;cigsPerDay;prevalentHyp;education
16,146,1,1,10,BMI;sysBP;age;totChol;diaBP;glucose;heartRate;cigsPerDay;prevalentHyp;education
16,147,1,0,10,BMI;sysBP;age;totChol;diaBP;glucose;heartRate;cigsPerDay;prevalentHyp;education
16,148,1,1,10,BMI;sysBP;age;totChol;diaBP;glucose;heartRate;cigsPerDay;prevalentHyp;education
16,149,0,0,10,BMI;sysBP;age;totChol;diaBP;glucose;heartRate;cigsPerDay;prevalentHyp;education
16,150,1,1,10,BMI;sysBP;age;totChol;diaBP;glucose;heartRate;cigsPerDay;prevalentHyp;education
16,151,0,0,10,BMI;sysBP;age;totChol;diaBP;glucose;heartRate;cigsPerDay;prevalentHyp;education
16,152,0,1,10,BMI;sysBP;age;totChol;diaBP;glucose;heartRate;cigsPerDay;prevalentHyp;education
16,153,1,1,10,BMI;sysBP;age;totChol;diaBP;glucose;heartRate;cigsPerDay;prevalentHyp;education
16,154,1,1,10,BMI;sysBP;age;totChol;diaBP;glucose;heartRate;cigsPerDay;prevalentHyp;education
16,155,1,1,10,BMI;sysBP;age;totChol;diaBP;glucose;heartRate;cigsPerDay;prevalentHyp;education
16,156,1,1,10,BMI;sysBP;age;totChol;diaBP;glucose;heartRate;cigsPerDay;prevalentHyp;education
16,157,1,1,10,BMI;sysBP;age;totChol;diaBP;glucose;heartRate;cigsPerDay;prevalentHyp;education
16,158,0,1,10,BMI;sysBP;age;totChol;diaBP;glucose;heartRate;cigsPerDay;prevalentHyp;education
16,159,0,0,10,BMI;sysBP;age;totChol;diaBP;glucose;heartRate;cigsPerDay;prevalentHyp;education
16,160,0,1,10,BMI;sysBP;age;totChol;diaBP;glucose;heartRate;cigsPerDay;prevalentHyp;education
16,161,0,0,10,BMI;sysBP;age;totChol;diaBP;glucose;heartRate;cigsPerDay;prevalentHyp;education
16,162,0,0,10,BMI;sysBP;age;totChol;diaBP;glucose;heartRate;cigsPerDay;prevalentHyp;education
16,163,1,1,10,BMI;sysBP;age;totChol;diaBP;glucose;heartRate;cigsPerDay;prevalentHyp;education
16,164,0,1,10,BMI;sysBP;age;totChol;diaBP;glucose;heartRate;cigsPerDay;prevalentHyp;education
16,165,1,1,10,BMI;sysBP;age;totChol;diaBP;glucose;heartRate;cigsPerDay;prevalentHyp;education
16,166,0,1,10,BMI;sysBP;age;totChol;diaBP;glucose;heartRate;cigsPerDay;prevalentHyp;education
16,167,1,0,10,BMI;sysBP;age;totChol;diaBP;glucose;heartRate;cigsPerDay;prevalentHyp;education
16,168,1,1,10,BMI;sysBP;age;totChol;diaBP;glucose;heartRate;cigsPerDay;prevalentHyp;education
16,169,0,0,10,BMI;sysBP;age;totChol;diaBP;glucose;heartRate;cigsPerDay;prevalentHyp;education
16,170,1,0,10,BMI;sysBP;age;totChol;diaBP;glucose;heartRate;cigsPerDay;prevalentHyp;education
16,171,1,0,10,BMI;sysBP;age;totChol;diaBP;glucose;heartRate;cigsPerDay;prevalentHyp;education
16,172,1,0,10,BMI;sysBP;age;totChol;diaBP;glucose;heartRate;cigsPerDay;prevalentHyp;education
16,173,1,1,10,BMI;sysBP;age;totChol;diaBP;glucose;heartRate;cigsPerDay;prevalentHyp;education
16,174,1,1,10,BMI;sysBP;age;totChol;diaBP;glucose;heartRate;cigsPerDay;prevalentHyp;education
16,175,0,1,10,BMI;sysBP;age;totChol;diaBP;glucose;heartRate;cigsPerDay;prevalentHyp;education
16,176,1,1,10,BMI;sysBP;age;totChol;diaBP;glucose;heartRate;cigsPerDay;prevalentHyp;education
16,177,0,1,10,BMI;sysBP;age;totChol;diaBP;glucose;heartRate;cigsPerDay;prevalentHyp;education
16,178,1,0,10,BMI;sysBP;age;totChol;diaBP;glucose;heartRate;cigsPerDay;prevalentHyp;education
16,179,1,1,10,BMI;sysBP;age;totChol;diaBP;glucose;heartRate;cigsPerDay;prevalentHyp;education
16,180,1,1,10,BMI;sysBP;age;totChol;diaBP;glucose;heartRate;cigsPerDay;prevalentHyp;education
16,181,1,1,10,BMI;sysBP;age;totChol;diaBP;glucose;heartRate;cigsPerDay;prevalentHyp;education
16,182,1,0,10,BMI;sysBP;age;totChol;diaBP;glucose;heartRate;cigsPerDay;prevalentHyp;education
16,183,1,1,10,BMI;sysBP;age;totChol;diaBP;glucose;heartRate;cigsPerDay;prevalentHyp;education
16,184,1,1,10,BMI;sysBP;age;totChol;diaBP;glucose;heartRate;cigsPerDay;prevalentHyp;education
16,185,1,1,10,BMI;sysBP;age;totChol;diaBP;glucose;heartRate;cigsPerDay;prevalentHyp;education
16,186,0,0,10,BMI;sysBP;age;totChol;diaBP;glucose;heartRate;cigsPerDay;prevalentHyp;education
16,187,0,1,10,BMI;sysBP;age;totChol;diaBP;glucose;heartRate;cigsPerDay;prevalentHyp;education
16,188,0,1,10,BMI;sysBP;age;totChol;diaBP;glucose;heartRate;cigsPerDay;prevalentHyp;education
16,189,1,0,10,BMI;sysBP;age;totChol;diaBP;glucose;heartRate;cigsPerDay;prevalentHyp;education
16,190,1,0,10,BMI;sysBP;age;totChol;diaBP;glucose;heartRate;cigsPerDay;prevalentHyp;education
16,191,1,1,10,BMI;sysBP;age;totChol;diaBP;glucose;heartRate;cigsPerDay;prevalentHyp;education
16,192,0,1,10,BMI;sysBP;age;totChol;diaBP;glucose;heartRate;cigsPerDay;prevalentHyp;education
16,193,1,1,10,BMI;sysBP;age;totChol;diaBP;glucose;heartRate;cigsPerDay;prevalentHyp;education
16,194,0,1,10,BMI;sysBP;age;totChol;diaBP;glucose;heartRate;cigsPerDay;prevalentHyp;education
16,195,0,1,8,sysBP;age;totChol;diaBP;glucose;heartRate;cigsPerDay;education
16,196,0,1,10,BMI;sysBP;age;totChol;diaBP;glucose;heartRate;cigsPerDay;prevalentHyp;education
16,197,0,0,10,BMI;sysBP;age;totChol;diaBP;glucose;heartRate;cigsPerDay;prevalentHyp;education
16,198,0,1,10,BMI;sysBP;age;totChol;diaBP;glucose;heartRate;cigsPerDay;prevalentHyp;education
16,199,0,1,10,BMI;sysBP;age;totChol;diaBP;glucose;heartRate;cigsPerDay;prevalentHyp;education
16,200,1,1,10,BMI;sysBP;age;totChol;diaBP;glucose;heartRate;cigsPerDay;prevalentHyp;education
16,201,0,1,10,BMI;sysBP;age;totChol;diaBP;glucose;heartRate;cigsPerDay;prevalentHyp;education
16,202,0,1,10,BMI;sysBP;age;totChol;diaBP;glucose;heartRate;cigsPerDay;prevalentHyp;education
16,203,0,0,10,BMI;sysBP;age;totChol;diaBP;glucose;heartRate;cigsPerDay;prevalentHyp;education
16,204,0,0,10,BMI;sysBP;age;totChol;diaBP;glucose;heartRate;cigsPerDay;prevalentHyp;education
16,205,1,1,10,BMI;sysBP;age;totChol;diaBP;glucose;heartRate;cigsPerDay;prevalentHyp;education
16,206,1,0,10,BMI;sysBP;age;totChol;diaBP;glucose;heartRate;cigsPerDay;prevalentHyp;education
16,207,1,1,10,BMI;sysBP;age;totChol;diaBP;glucose;heartRate;cigsPerDay;prevalentHyp;education
16,208,0,1,10,BMI;sysBP;age;totChol;diaBP;glucose;heartRate;cigsPerDay;prevalentHyp;education
16,209,1,1,10,BMI;sysBP;age;totChol;diaBP;glucose;heartRate;cigsPerDay;prevalentHyp;education
16,210,0,0,10,BMI;sysBP;age;totChol;diaBP;glucose;heartRate;cigsPerDay;prevalentHyp;education
16,211,1,0,10,BMI;sysBP;age;totChol;diaBP;glucose;heartRate;cigsPerDay;prevalentHyp;education
16,212,1,1,10,BMI;sysBP;age;totChol;diaBP;glucose;heartRate;cigsPerDay;prevalentHyp;education
16,213,0,1,10,BMI;sysBP;age;totChol;diaBP;glucose;heartRate;cigsPerDay;prevalentHyp;education
16,214,0,1,10,BMI;sysBP;age;totChol;diaBP;glucose;heartRate;cigsPerDay;prevalentHyp;education
16,215,1,1,10,BMI;sysBP;age;totChol;diaBP;glucose;heartRate;cigsPerDay;prevalentHyp;education
16,216,0,1,10,BMI;sysBP;age;totChol;diaBP;glucose;heartRate;cigsPerDay;prevalentHyp;education
16,217,0,0,10,BMI;sysBP;age;totChol;diaBP;glucose;heartRate;cigsPerDay;prevalentHyp;education
16,218,0,1,10,BMI;sysBP;age;totChol;diaBP;glucose;heartRate;cigsPerDay;prevalentHyp;education
16,219,0,1,10,BMI;sysBP;age;totChol;diaBP;glucose;heartRate;cigsPerDay;prevalentHyp;education
16,220,0,1,10,BMI;sysBP;age;totChol;diaBP;glucose;heartRate;cigsPerDay;prevalentHyp;education
16,221,1,1,10,BMI;sysBP;age;totChol;diaBP;glucose;heartRate;cigsPerDay;prevalentHyp;education
16,222,0,0,10,BMI;sysBP;age;totChol;diaBP;glucose;heartRate;cigsPerDay;prevalentHyp;education
16,223,1,1,10,BMI;sysBP;age;totChol;diaBP;glucose;heartRate;cigsPerDay;prevalentHyp;education
16,224,1,0,10,BMI;sysBP;age;totChol;diaBP;glucose;heartRate;cigsPerDay;prevalentHyp;education
16,225,1,1,10,BMI;sysBP;age;totChol;diaBP;glucose;heartRate;cigsPerDay;prevalentHyp;education
16,226,1,1,10,BMI;sysBP;age;totChol;diaBP;glucose;heartRate;cigsPerDay;prevalentHyp;education
16,227,0,1,10,BMI;sysBP;age;totChol;diaBP;glucose;heartRate;cigsPerDay;prevalentHyp;education
16,228,1,1,10,BMI;sysBP;age;totChol;diaBP;glucose;heartRate;cigsPerDay;prevalentHyp;education
16,229,0,0,10,BMI;sysBP;age;totChol;diaBP;glucose;heartRate;cigsPerDay;prevalentHyp;education
16,230,1,1,10,BMI;sysBP;age;totChol;diaBP;glucose;heartRate;cigsPerDay;prevalentHyp;education
16,231,0,0,10,BMI;sysBP;age;totChol;diaBP;glucose;heartRate;cigsPerDay;prevalentHyp;education
16,232,0,0,10,BMI;sysBP;age;totChol;diaBP;glucose;heartRate;cigsPerDay;prevalentHyp;education
16,233,1,1,10,BMI;sysBP;age;totChol;diaBP;glucose;heartRate;cigsPerDay;prevalentHyp;education
16,234,1,1,10,BMI;sysBP;age;totChol;diaBP;glucose;heartRate;cigsPerDay;prevalentHyp;education
16,235,0,1,10,BMI;sysBP;age;totChol;diaBP;glucose;heartRate;cigsPerDay;prevalentHyp;education
16,236,0,0,10,BMI;sysBP;age;totChol;diaBP;glucose;heartRate;cigsPerDay;prevalentHyp;education
16,237,0,1,10,BMI;sysBP;age;totChol;diaBP;glucose;heartRate;cigsPerDay;prevalentHyp;education
16,238,0,0,10,BMI;sysBP;age;totChol;diaBP;glucose;heartRate;cigsPerDay;prevalentHyp;education
16,239,0,1,10,BMI;sysBP;age;totChol;diaBP;glucose;heartRate;cigsPerDay;prevalentHyp;education
16,240,0,1,10,BMI;sysBP;age;totChol;diaBP;glucose;heartRate;cigsPerDay;prevalentHyp;education
16,241,1,1,10,BMI;sysBP;age;totChol;diaBP;glucose;heartRate;cigsPerDay;prevalentHyp;education
16,242,1,0,10,BMI;sysBP;age;totChol;diaBP;glucose;heartRate;cigsPerDay;prevalentHyp;education
16,243,0,1,10,BMI;sysBP;age;totChol;diaBP;glucose;heartRate;cigsPerDay;prevalentHyp;education
16,244,1,1,10,BMI;sysBP;age;totChol;diaBP;glucose;heartRate;cigsPerDay;prevalentHyp;education
16,245,1,1,10,BMI;sysBP;age;totChol;diaBP;glucose;heartRate;cigsPerDay;prevalentHyp;education
16,246,0,1,10,BMI;sysBP;age;totChol;diaBP;glucose;heartRate;cigsPerDay;prevalentHyp;education
16,247,1,1,10,BMI;sysBP;age;totChol;diaBP;glucose;heartRate;cigsPerDay;prevalentHyp;education
16,248,0,1,10,BMI;sysBP;age;totChol;diaBP;glucose;heartRate;cigsPerDay;prevalentHyp;education
16,249,0,0,10,BMI;sysBP;age;totChol;diaBP;glucose;heartRate;cigsPerDay;prevalentHyp;education
16,250,1,1,10,BMI;sysBP;age;totChol;diaBP;glucose;heartRate;cigsPerDay;prevalentHyp;education
16,251,0,1,10,BMI;sysBP;age;totChol;diaBP;glucose;heartRate;cigsPerDay;prevalentHyp;education
16,252,1,1,10,BMI;sysBP;age;totChol;diaBP;glucose;heartRate;cigsPerDay;prevalentHyp;education
16,253,0,0,10,BMI;sysBP;age;totChol;diaBP;glucose;heartRate;cigsPerDay;prevalentHyp;education
16,254,1,1,10,BMI;sysBP;age;totChol;diaBP;glucose;heartRate;cigsPerDay;prevalentHyp;education
16,255,0,1,10,BMI;sysBP;age;totChol;diaBP;glucose;heartRate;cigsPerDay;prevalentHyp;education
16,256,1,1,10,BMI;sysBP;age;totChol;diaBP;glucose;heartRate;cigsPerDay;prevalentHyp;education
16,257,1,1,10,BMI;sysBP;age;totChol;diaBP;glucose;heartRate;cigsPerDay;prevalentHyp;education
16,258,0,1,10,BMI;sysBP;age;totChol;diaBP;glucose;heartRate;cigsPerDay;prevalentHyp;education
16,259,1,1,10,BMI;sysBP;age;totChol;diaBP;glucose;heartRate;cigsPerDay;prevalentHyp;education
16,260,1,1,10,BMI;sysBP;age;totChol;diaBP;glucose;heartRate;cigsPerDay;prevalentHyp;education
16,261,1,1,10,BMI;sysBP;age;totChol;diaBP;glucose;heartRate;cigsPerDay;prevalentHyp;education
16,262,1,1,10,BMI;sysBP;age;totChol;diaBP;glucose;heartRate;cigsPerDay;prevalentHyp;education
16,263,1,1,10,BMI;sysBP;age;totChol;diaBP;glucose;heartRate;cigsPerDay;prevalentHyp;education
16,264,1,1,10,BMI;sysBP;age;totChol;diaBP;glucose;heartRate;cigsPerDay;prevalentHyp;education
16,265,1,0,10,BMI;sysBP;age;totChol;diaBP;glucose;heartRate;cigsPerDay;prevalentHyp;education
16,266,0,1,10,BMI;sysBP;age;totChol;diaBP;glucose;heartRate;cigsPerDay;prevalentHyp;education
16,267,0,1,10,BMI;sysBP;age;totChol;diaBP;glucose;heartRate;cigsPerDay;prevalentHyp;education
16,268,0,1,10,BMI;sysBP;age;totChol;diaBP;glucose;heartRate;cigsPerDay;prevalentHyp;education
16,269,1,1,10,BMI;sysBP;age;totChol;diaBP;glucose;heartRate;cigsPerDay;prevalentHyp;education
16,270,1,1,10,BMI;sysBP;age;totChol;diaBP;glucose;heartRate;cigsPerDay;prevalentHyp;education
16,271,0,1,10,BMI;sysBP;age;totChol;diaBP;glucose;heartRate;cigsPerDay;prevalentHyp;education
16,272,0,1,10,BMI;sysBP;age;totChol;diaBP;glucose;heartRate;cigsPerDay;prevalentHyp;education
16,273,0,1,10,BMI;sysBP;age;totChol;diaBP;glucose;heartRate;cigsPerDay;prevalentHyp;education
16,274,1,1,10,BMI;sysBP;age;totChol;diaBP;glucose;heartRate;cigsPerDay;prevalentHyp;education
16,275,1,1,10,BMI;sysBP;age;totChol;diaBP;glucose;heartRate;cigsPerDay;prevalentHyp;education
16,276,0,1,10,BMI;sysBP;age;totChol;diaBP;glucose;heartRate;cigsPerDay;prevalentHyp;education
16,277,0,1,10,BMI;sysBP;age;totChol;diaBP;glucose;heartRate;cigsPerDay;prevalentHyp;education
16,278,0,0,10,BMI;sysBP;age;totChol;diaBP;glucose;heartRate;cigsPerDay;prevalentHyp;education
16,279,0,1,10,BMI;sysBP;age;totChol;diaBP;glucose;heartRate;cigsPerDay;prevalentHyp;education
16,280,1,1,10,BMI;sysBP;age;totChol;diaBP;glucose;heartRate;cigsPerDay;prevalentHyp;education
16,281,0,1,10,BMI;sysBP;age;totChol;diaBP;glucose;heartRate;cigsPerDay;prevalentHyp;education
16,282,0,1,10,BMI;sysBP;age;totChol;diaBP;glucose;heartRate;cigsPerDay;prevalentHyp;education
16,283,1,1,10,BMI;sysBP;age;totChol;diaBP;glucose;heartRate;cigsPerDay;prevalentHyp;education
16,284,0,0,10,BMI;sysBP;age;totChol;diaBP;glucose;heartRate;cigsPerDay;prevalentHyp;education
16,285,0,0,10,BMI;sysBP;age;totChol;diaBP;glucose;heartRate;cigsPerDay;prevalentHyp;education
16,286,0,1,10,BMI;sysBP;age;totChol;diaBP;glucose;heartRate;cigsPerDay;prevalentHyp;education
16,287,1,1,10,BMI;sysBP;age;totChol;diaBP;glucose;heartRate;cigsPerDay;prevalentHyp;education
16,288,1,1,10,BMI;sysBP;age;totChol;diaBP;glucose;heartRate;cigsPerDay;prevalentHyp;education
16,289,0,1,10,BMI;sysBP;age;totChol;diaBP;glucose;heartRate;cigsPerDay;prevalentHyp;education
16,290,1,1,10,BMI;sysBP;age;totChol;diaBP;glucose;heartRate;cigsPerDay;prevalentHyp;education
16,291,1,1,10,BMI;sysBP;age;totChol;diaBP;glucose;heartRate;cigsPerDay;prevalentHyp;education
16,292,1,1,10,BMI;sysBP;age;totChol;diaBP;glucose;heartRate;cigsPerDay;prevalentHyp;education
16,293,0,1,10,BMI;sysBP;age;totChol;diaBP;glucose;heartRate;cigsPerDay;prevalentHyp;education
16,294,0,0,10,BMI;sysBP;age;totChol;diaBP;glucose;heartRate;cigsPerDay;prevalentHyp;education
16,295,0,1,10,BMI;sysBP;age;totChol;diaBP;glucose;heartRate;cigsPerDay;prevalentHyp;education
16,296,1,1,10,BMI;sysBP;age;totChol;diaBP;glucose;heartRate;cigsPerDay;prevalentHyp;education
16,297,0,1,10,BMI;sysBP;age;totChol;diaBP;glucose;heartRate;cigsPerDay;prevalentHyp;education
16,298,0,0,10,BMI;sysBP;age;totChol;diaBP;glucose;heartRate;cigsPerDay;prevalentHyp;education
16,299,0,1,10,BMI;sysBP;age;totChol;diaBP;glucose;heartRate;cigsPerDay;prevalentHyp;education
16,300,0,1,10,BMI;sysBP;age;totChol;diaBP;glucose;heartRate;cigsPerDay;prevalentHyp;education
16,301,1,1,10,BMI;sysBP;age;totChol;diaBP;glucose;heartRate;cigsPerDay;prevalentHyp;education
16,302,0,1,10,BMI;sysBP;age;totChol;diaBP;glucose;heartRate;cigsPerDay;prevalentHyp;education
16,303,1,1,10,BMI;sysBP;age;totChol;diaBP;glucose;heartRate;cigsPerDay;prevalentHyp;education
16,304,1,1,10,BMI;sysBP;age;totChol;diaBP;glucose;heartRate;cigsPerDay;prevalentHyp;education
16,305,1,1,10,BMI;sysBP;age;totChol;diaBP;glucose;heartRate;cigsPerDay;prevalentHyp;education
16,306,1,1,10,BMI;sysBP;age;totChol;diaBP;glucose;heartRate;cigsPerDay;prevalentHyp;education
16,307,1,1,10,BMI;sysBP;age;totChol;diaBP;glucose;heartRate;cigsPerDay;prevalentHyp;education
16,308,1,1,10,BMI;sysBP;age;totChol;diaBP;glucose;heartRate;cigsPerDay;prevalentHyp;education
16,309,0,1,10,BMI;sysBP;age;totChol;diaBP;glucose;heartRate;cigsPerDay;prevalentHyp;education
16,310,1,1,10,BMI;sysBP;age;totChol;diaBP;glucose;heartRate;cigsPerDay;prevalentHyp;education
16,311,1,1,10,BMI;sysBP;age;totChol;diaBP;glucose;heartRate;cigsPerDay;prevalentHyp;education
16,312,1,0,10,BMI;sysBP;age;totChol;diaBP;glucose;heartRate;cigsPerDay;prevalentHyp;education
16,313,0,1,10,BMI;sysBP;age;totChol;diaBP;glucose;heartRate;cigsPerDay;prevalentHyp;education
16,314,0,1,10,BMI;sysBP;age;totChol;diaBP;glucose;heartRate;cigsPerDay;prevalentHyp;education
16,315,0,1,10,BMI;sysBP;age;totChol;diaBP;glucose;heartRate;cigsPerDay;prevalentHyp;education
16,316,0,1,10,BMI;sysBP;age;totChol;diaBP;glucose;heartRate;cigsPerDay;prevalentHyp;education
16,317,0,0,10,BMI;sysBP;age;totChol;diaBP;glucose;heartRate;cigsPerDay;prevalentHyp;education
16,318,0,0,10,BMI;sysBP;age;totChol;diaBP;glucose;heartRate;cigsPerDay;prevalentHyp;education
16,319,0,1,10,BMI;sysBP;age;totChol;diaBP;glucose;heartRate;cigsPerDay;prevalentHyp;education
16,320,0,1,10,BMI;sysBP;age;totChol;diaBP;glucose;heartRate;cigsPerDay;prevalentHyp;education
16,321,0,1,10,BMI;sysBP;age;totChol;diaBP;glucose;heartRate;cigsPerDay;prevalentHyp;education
16,322,0,1,10,BMI;sysBP;age;totChol;diaBP;glucose;heartRate;cigsPerDay;prevalentHyp;education
16,323,0,1,10,BMI;sysBP;age;totChol;diaBP;glucose;heartRate;cigsPerDay;prevalentHyp;education
16,324,0,0,10,BMI;sysBP;age;totChol;diaBP;glucose;heartRate;cigsPerDay;prevalentHyp;education
16,325,0,1,10,BMI;sysBP;age;totChol;diaBP;glucose;heartRate;cigsPerDay;prevalentHyp;education
16,326,0,1,10,BMI;sysBP;age;totChol;diaBP;glucose;heartRate;cigsPerDay;prevalentHyp;education
16,327,0,1,10,BMI;sysBP;age;totChol;diaBP;glucose;heartRate;cigsPerDay;prevalentHyp;education
16,328,0,0,10,BMI;sysBP;age;totChol;diaBP;glucose;heartRate;cigsPerDay;prevalentHyp;education
16,329,1,1,10,BMI;sysBP;age;totChol;diaBP;glucose;heartRate;cigsPerDay;prevalentHyp;education
16,330,1,0,10,BMI;sysBP;age;totChol;diaBP;glucose;heartRate;cigsPerDay;prevalentHyp;education
16,331,0,1,10,BMI;sysBP;age;totChol;diaBP;glucose;heartRate;cigsPerDay;prevalentHyp;education
16,332,1,1,10,BMI;sysBP;age;totChol;diaBP;glucose;heartRate;cigsPerDay;prevalentHyp;education
16,333,0,1,10,BMI;sysBP;age;totChol;diaBP;glucose;heartRate;cigsPerDay;prevalentHyp;education
16,334,0,1,10,BMI;sysBP;age;totChol;diaBP;glucose;heartRate;cigsPerDay;prevalentHyp;education
16,335,1,0,8,sysBP;age;totChol;diaBP;heartRate;cigsPerDay;prevalentHyp;education
16,336,1,1,10,BMI;sysBP;age;totChol;diaBP;glucose;heartRate;cigsPerDay;prevalentHyp;education
16,337,1,1,10,BMI;sysBP;age;totChol;diaBP;glucose;heartRate;cigsPerDay;prevalentHyp;education
16,338,1,1,10,BMI;sysBP;age;totChol;diaBP;glucose;heartRate;cigsPerDay;prevalentHyp;education
16,339,1,1,10,BMI;sysBP;age;totChol;diaBP;glucose;heartRate;cigsPerDay;prevalentHyp;education
16,340,0,1,10,BMI;sysBP;age;totChol;diaBP;glucose;heartRate;cigsPerDay;prevalentHyp;education
16,341,1,1,10,BMI;sysBP;age;totChol;diaBP;glucose;heartRate;cigsPerDay;prevalentHyp;education
16,342,0,1,10,BMI;sysBP;age;totChol;diaBP;glucose;heartRate;cigsPerDay;prevalentHyp;education
16,343,1,1,10,BMI;sysBP;age;totChol;diaBP;glucose;heartRate;cigsPerDay;prevalentHyp;education
16,344,0,1,10,BMI;sysBP;age;totChol;diaBP;glucose;heartRate;cigsPerDay;prevalentHyp;education
16,345,1,0,10,BMI;sysBP;age;totChol;diaBP;glucose;heartRate;cigsPerDay;prevalentHyp;education
16,346,0,0,10,BMI;sysBP;age;totChol;diaBP;glucose;heartRate;cigsPerDay;prevalentHyp;education
16,347,0,0,10,BMI;sysBP;age;totChol;diaBP;glucose;heartRate;cigsPerDay;prevalentHyp;education
16,348,0,0,10,BMI;sysBP;age;totChol;diaBP;glucose;heartRate;cigsPerDay;prevalentHyp;education
16,349,1,1,10,BMI;sysBP;age;totChol;diaBP;glucose;heartRate;cigsPerDay;prevalentHyp;education
16,350,0,0,10,BMI;sysBP;age;totChol;diaBP;glucose;heartRate;cigsPerDay;prevalentHyp;education
16,351,1,1,10,BMI;sysBP;age;totChol;diaBP;glucose;heartRate;cigsPerDay;prevalentHyp;education
16,352,0,1,10,BMI;sysBP;age;totChol;diaBP;glucose;heartRate;cigsPerDay;prevalentHyp;education
16,353,1,1,10,BMI;sysBP;age;totChol;diaBP;glucose;heartRate;cigsPerDay;prevalentHyp;education
16,354,0,1,10,BMI;sysBP;age;totChol;diaBP;glucose;heartRate;cigsPerDay;prevalentHyp;education
16,355,0,1,10,BMI;sysBP;age;totChol;diaBP;glucose;heartRate;cigsPerDay;prevalentHyp;education
16,356,1,1,10,BMI;sysBP;age;totChol;diaBP;glucose;heartRate;cigsPerDay;prevalentHyp;education
16,357,0,0,10,BMI;sysBP;age;totChol;diaBP;glucose;heartRate;cigsPerDay;prevalentHyp;education
16,358,0,1,10,BMI;sysBP;age;totChol;diaBP;glucose;heartRate;cigsPerDay;prevalentHyp;education
16,359,0,0,10,BMI;sysBP;age;totChol;diaBP;glucose;heartRate;cigsPerDay;prevalentHyp;education
16,360,0,0,10,BMI;sysBP;age;totChol;diaBP;glucose;heartRate;cigsPerDay;prevalentHyp;education
16,361,1,1,10,BMI;sysBP;age;totChol;diaBP;glucose;heartRate;cigsPerDay;prevalentHyp;education
16,362,1,1,10,BMI;sysBP;age;totChol;diaBP;glucose;heartRate;cigsPerDay;prevalentHyp;education
16,363,1,1,10,BMI;sysBP;age;totChol;diaBP;glucose;heartRate;cigsPerDay;prevalentHyp;education
16,364,1,1,10,BMI;sysBP;age;totChol;diaBP;glucose;heartRate;cigsPerDay;prevalentHyp;education
16,365,0,1,10,BMI;sysBP;age;totChol;diaBP;glucose;heartRate;cigsPerDay;prevalentHyp;education
16,366,1,0,10,BMI;sysBP;age;totChol;diaBP;glucose;heartRate;cigsPerDay;prevalentHyp;education
16,367,1,1,10,BMI;sysBP;age;totChol;diaBP;glucose;heartRate;cigsPerDay;prevalentHyp;education
16,368,1,1,10,BMI;sysBP;age;totChol;diaBP;glucose;heartRate;cigsPerDay;prevalentHyp;education
16,369,1,1,10,BMI;sysBP;age;totChol;diaBP;glucose;heartRate;cigsPerDay;prevalentHyp;education
16,370,0,1,10,BMI;sysBP;age;totChol;diaBP;glucose;heartRate;cigsPerDay;prevalentHyp;education
16,371,0,1,10,BMI;sysBP;age;totChol;diaBP;glucose;heartRate;cigsPerDay;prevalentHyp;education
16,372,0,0,10,BMI;sysBP;age;totChol;diaBP;glucose;heartRate;cigsPerDay;prevalentHyp;education
16,373,1,1,10,BMI;sysBP;age;totChol;diaBP;glucose;heartRate;cigsPerDay;prevalentHyp;education
16,374,0,1,10,BMI;sysBP;age;totChol;diaBP;glucose;heartRate;cigsPerDay;prevalentHyp;education
16,375,1,1,10,BMI;sysBP;age;totChol;diaBP;glucose;heartRate;cigsPerDay;prevalentHyp;education
16,376,0,0,10,BMI;sysBP;age;totChol;diaBP;glucose;heartRate;cigsPerDay;prevalentHyp;education
16,377,1,1,10,BMI;sysBP;age;totChol;diaBP;glucose;heartRate;cigsPerDay;prevalentHyp;education
16,378,0,1,10,BMI;sysBP;age;totChol;diaBP;glucose;heartRate;cigsPerDay;prevalentHyp;education
16,379,0,0,10,BMI;sysBP;age;totChol;diaBP;glucose;heartRate;cigsPerDay;prevalentHyp;education
16,380,0,1,10,BMI;sysBP;age;totChol;diaBP;glucose;heartRate;cigsPerDay;prevalentHyp;education
16,381,0,1,10,BMI;sysBP;age;totChol;diaBP;glucose;heartRate;cigsPerDay;prevalentHyp;education
16,382,1,1,10,BMI;sysBP;age;totChol;diaBP;glucose;heartRate;cigsPerDay;prevalentHyp;education
16,383,1,1,10,BMI;sysBP;age;totChol;diaBP;glucose;heartRate;cigsPerDay;prevalentHyp;education
16,384,1,1,10,BMI;sysBP;age;totChol;diaBP;glucose;heartRate;cigsPerDay;prevalentHyp;education
16,385,0,1,10,BMI;sysBP;age;totChol;diaBP;glucose;heartRate;cigsPerDay;prevalentHyp;education
16,386,1,1,10,BMI;sysBP;age;totChol;diaBP;glucose;heartRate;cigsPerDay;prevalentHyp;education
16,387,0,1,10,BMI;sysBP;age;totChol;diaBP;glucose;heartRate;cigsPerDay;prevalentHyp;education
16,388,1,1,10,BMI;sysBP;age;totChol;diaBP;glucose;heartRate;cigsPerDay;prevalentHyp;education
16,389,0,1,10,BMI;sysBP;age;totChol;diaBP;glucose;heartRate;cigsPerDay;prevalentHyp;education
16,390,0,1,10,BMI;sysBP;age;totChol;diaBP;glucose;heartRate;cigsPerDay;prevalentHyp;education
16,391,1,1,10,BMI;sysBP;age;totChol;diaBP;glucose;heartRate;cigsPerDay;prevalentHyp;education
16,392,0,1,10,BMI;sysBP;age;totChol;diaBP;glucose;heartRate;cigsPerDay;prevalentHyp;education
16,393,1,1,10,BMI;sysBP;age;totChol;diaBP;glucose;heartRate;cigsPerDay;prevalentHyp;education
16,394,1,1,10,BMI;sysBP;age;totChol;diaBP;glucose;heartRate;cigsPerDay;prevalentHyp;education
16,395,1,1,10,BMI;sysBP;age;totChol;diaBP;glucose;heartRate;cigsPerDay;prevalentHyp;education
16,396,1,1,10,BMI;sysBP;age;totChol;diaBP;glucose;heartRate;cigsPerDay;prevalentHyp;education
16,397,0,1,10,BMI;sysBP;age;totChol;diaBP;glucose;heartRate;cigsPerDay;prevalentHyp;education
16,398,0,1,10,BMI;sysBP;age;totChol;diaBP;glucose;heartRate;cigsPerDay;prevalentHyp;education
16,399,1,1,10,BMI;sysBP;age;totChol;diaBP;glucose;heartRate;cigsPerDay;prevalentHyp;education
17,0,0,1,10,BMI;sysBP;age;totChol;diaBP;glucose;heartRate;cigsPerDay;prevalentHyp;education
17,1,0,0,10,BMI;sysBP;age;totChol;diaBP;glucose;heartRate;cigsPerDay;prevalentHyp;education
17,2,1,1,10,BMI;sysBP;age;totChol;diaBP;glucose;heartRate;cigsPerDay;prevalentHyp;education
17,3,0,1,10,BMI;sysBP;age;totChol;diaBP;glucose;heartRate;cigsPerDay;prevalentHyp;education
17,4,1,1,10,BMI;sysBP;age;totChol;diaBP;glucose;heartRate;cigsPerDay;prevalentHyp;education
17,5,1,0,10,BMI;sysBP;age;totChol;diaBP;glucose;heartRate;cigsPerDay;prevalentHyp;education
17,6,0,0,10,BMI;sysBP;age;totChol;diaBP;glucose;heartRate;cigsPerDay;prevalentHyp;education
17,7,1,1,10,BMI;sysBP;age;totChol;diaBP;glucose;heartRate;cigsPerDay;prevalentHyp;education
17,8,0,0,10,BMI;sysBP;age;totChol;diaBP;glucose;heartRate;cigsPerDay;prevalentHyp;education
17,9,1,0,10,BMI;sysBP;age;totChol;diaBP;glucose;heartRate;cigsPerDay;prevalentHyp;education
17,10,1,1,10,BMI;sysBP;age;totChol;diaBP;glucose;heartRate;cigsPerDay;prevalentHyp;education
17,11,0,1,10,BMI;sysBP;age;totChol;diaBP;glucose;heartRate;cigsPerDay;prevalentHyp;education
17,12,1,1,10,BMI;sysBP;age;totChol;diaBP;glucose;heartRate;cigsPerDay;prevalentHyp;education
17,13,1,1,10,BMI;sysBP;age;totChol;diaBP;glucose;heartRate;cigsPerDay;prevalentHyp;education
17,14,1,0,10,BMI;sysBP;age;totChol;diaBP;glucose;heartRate;cigsPerDay;prevalentHyp;education
17,15,1,1,10,BMI;sysBP;age;totChol;diaBP;glucose;heartRate;cigsPerDay;prevalentHyp;education
17,16,0,0,10,BMI;sysBP;age;totChol;diaBP;glucose;heartRate;cigsPerDay;prevalentHyp;education
17,17,0,1,10,BMI;sysBP;age;totChol;diaBP;glucose;heartRate;cigsPerDay;prevalentHyp;education
17,18,0,1,10,BMI;sysBP;age;totChol;diaBP;glucose;heartRate;cigsPerDay;prevalentHyp;education
17,19,0,0,10,BMI;sysBP;age;totChol;diaBP;glucose;heartRate;cigsPerDay;prevalentHyp;education
17,20,1,1,10,BMI;sysBP;age;totChol;diaBP;glucose;heartRate;cigsPerDay;prevalentHyp;education
17,21,1,1,10,BMI;sysBP;age;totChol;diaBP;glucose;heartRate;cigsPerDay;prevalentHyp;education
17,22,0,0,10,BMI;sysBP;age;totChol;diaBP;glucose;heartRate;cigsPerDay;prevalentHyp;education
17,23,0,1,10,BMI;sysBP;age;totChol;diaBP;glucose;heartRate;cigsPerDay;prevalentHyp;education
17,24,1,0,10,BMI;sysBP;age;totChol;diaBP;glucose;heartRate;cigsPerDay;prevalentHyp;education
17,25,0,0,10,BMI;sysBP;age;totChol;diaBP;glucose;heartRate;cigsPerDay;prevalentHyp;education
17,26,1,0,10,BMI;sysBP;age;totChol;diaBP;glucose;heartRate;cigsPerDay;prevalentHyp;education
17,27,0,1,10,BMI;sysBP;age;totChol;diaBP;glucose;heartRate;cigsPerDay;prevalentHyp;education
17,28,0,0,10,BMI;sysBP;age;totChol;diaBP;glucose;heartRate;cigsPerDay;prevalentHyp;education
17,29,1,1,10,BMI;sysBP;age;totChol;diaBP;glucose;heartRate;cigsPerDay;prevalentHyp;education
17,30,0,0,10,BMI;sysBP;age;totChol;diaBP;glucose;heartRate;cigsPerDay;prevalentHyp;education
17,31,1,1,10,BMI;sysBP;age;totChol;diaBP;glucose;heartRate;cigsPerDay;prevalentHyp;education
17,32,0,0,10,BMI;sysBP;age;totChol;diaBP;glucose;heartRate;cigsPerDay;prevalentHyp;education
17,33,1,0,10,BMI;sysBP;age;totChol;diaBP;glucose;heartRate;cigsPerDay;prevalentHyp;education
17,34,0,1,10,BMI;sysBP;age;totChol;diaBP;glucose;heartRate;cigsPerDay;prevalentHyp;education
17,35,1,1,10,BMI;sysBP;age;totChol;diaBP;glucose;heartRate;cigsPerDay;prevalentHyp;education
17,36,1,0,10,BMI;sysBP;age;totChol;diaBP;glucose;heartRate;cigsPerDay;prevalentHyp;education
17,37,0,0,10,BMI;sysBP;age;totChol;diaBP;glucose;heartRate;cigsPerDay;prevalentHyp;education
17,38,1,1,10,BMI;sysBP;age;totChol;diaBP;glucose;heartRate;cigsPerDay;prevalentHyp;education
17,39,1,0,10,BMI;sysBP;age;totChol;diaBP;glucose;heartRate;cigsPerDay;prevalentHyp;education
17,40,0,0,10,BMI;sysBP;age;totChol;diaBP;glucose;heartRate;cigsPerDay;prevalentHyp;education
17,41,1,1,10,BMI;sysBP;age;totChol;diaBP;glucose;heartRate;cigsPerDay;prevalentHyp;education
17,42,1,1,10,BMI;sysBP;age;totChol;diaBP;glucose;heartRate;cigsPerDay;prevalentHyp;education
17,43,1,1,10,BMI;sysBP;age;totChol;diaBP;glucose;heartRate;cigsPerDay;prevalentHyp;education
17,44,1,1,10,BMI;sysBP;age;totChol;diaBP;glucose;heartRate;cigsPerDay;prevalentHyp;education
17,45,0,0,10,BMI;sysBP;age;totChol;diaBP;glucose;heartRate;cigsPerDay;prevalentHyp;education
17,46,1,1,10,BMI;sysBP;age;totChol;diaBP;glucose;heartRate;cigsPerDay;prevalentHyp;education
17,47,1,1,10,BMI;sysBP;age;totChol;diaBP;glucose;heartRate;cigsPerDay;prevalentHyp;education
17,48,1,1,10,BMI;sysBP;age;totChol;diaBP;glucose;heartRate;cigsPerDay;prevalentHyp;education
17,49,1,0,10,BMI;sysBP;age;totChol;diaBP;glucose;heartRate;cigsPerDay;prevalentHyp;education
17,50,1,0,10,BMI;sysBP;age;totChol;diaBP;glucose;heartRate;cigsPerDay;prevalentHyp;education
17,51,0,1,10,BMI;sysBP;age;totChol;diaBP;glucose;heartRate;cigsPerDay;prevalentHyp;education
17,52,0,1,10,BMI;sysBP;age;totChol;diaBP;glucose;heartRate;cigsPerDay;prevalentHyp;education
17,53,1,0,10,BMI;sysBP;age;totChol;diaBP;glucose;heartRate;cigsPerDay;prevalentHyp;education
17,54,0,0,10,BMI;sysBP;age;totChol;diaBP;glucose;heartRate;cigsPerDay;prevalentHyp;education
17,55,1,1,10,BMI;sysBP;age;totChol;diaBP;glucose;heartRate;cigsPerDay;prevalentHyp;education
17,56,0,0,10,BMI;sysBP;age;totChol;diaBP;glucose;heartRate;cigsPerDay;prevalentHyp;education
17,57,1,1,10,BMI;sysBP;age;totChol;diaBP;glucose;heartRate;cigsPerDay;prevalentHyp;education
17,58,1,1,10,BMI;sysBP;age;totChol;diaBP;glucose;heartRate;cigsPerDay;prevalentHyp;education
17,59,1,1,10,BMI;sysBP;age;totChol;diaBP;glucose;heartRate;cigsPerDay;prevalentHyp;education
17,60,1,1,10,BMI;sysBP;age;totChol;diaBP;glucose;heartRate;cigsPerDay;prevalentHyp;education
17,61,0,0,10,BMI;sysBP;age;totChol;diaBP;glucose;heartRate;cigsPerDay;prevalentHyp;education
17,62,0,1,10,BMI;sysBP;age;totChol;diaBP;glucose;heartRate;cigsPerDay;prevalentHyp;education
17,63,1,0,10,BMI;sysBP;age;totChol;diaBP;glucose;heartRate;cigsPerDay;prevalentHyp;education
17,64,1,1,10,BMI;sysBP;age;totChol;diaBP;glucose;heartRate;cigsPerDay;prevalentHyp;education
17,65,1,1,10,BMI;sysBP;age;totChol;diaBP;glucose;heartRate;cigsPerDay;prevalentHyp;education
17,66,0,1,10,BMI;sysBP;age;totChol;diaBP;glucose;heartRate;cigsPerDay;prevalentHyp;education
17,67,0,0,10,BMI;sysBP;age;totChol;diaBP;glucose;heartRate;cigsPerDay;prevalentHyp;education
17,68,0,1,10,BMI;sysBP;age;totChol;diaBP;glucose;heartRate;cigsPerDay;prevalentHyp;education
17,69,1,1,10,BMI;sysBP;age;totChol;diaBP;glucose;heartRate;cigsPerDay;prevalentHyp;education
17,70,0,0,10,BMI;sysBP;age;totChol;diaBP;glucose;heartRate;cigsPerDay;prevalentHyp;education
17,71,1,1,10,BMI;sysBP;age;totChol;diaBP;glucose;heartRate;cigsPerDay;prevalentHyp;education
17,72,1,1,10,BMI;sysBP;age;totChol;diaBP;glucose;heartRate;cigsPerDay;prevalentHyp;education
17,73,1,1,10,BMI;sysBP;age;totChol;diaBP;glucose;heartRate;cigsPerDay;prevalentHyp;education
17,74,0,1,10,BMI;sysBP;age;totChol;diaBP;glucose;heartRate;cigsPerDay;prevalentHyp;education
17,75,0,1,10,BMI;sysBP;age;totChol;diaBP;glucose;heartRate;cigsPerDay;prevalentHyp;education
17,76,0,1,10,BMI;sysBP;age;totChol;diaBP;glucose;heartRate;cigsPerDay;prevalentHyp;education
17,77,0,1,10,BMI;sysBP;age;totChol;diaBP;glucose;heartRate;cigsPerDay;prevalentHyp;education
17,78,1,0,10,BMI;sysBP;age;totChol;diaBP;glucose;heartRate;cigsPerDay;prevalentHyp;education
17,79,0,1,10,BMI;sysBP;age;totChol;diaBP;glucose;heartRate;cigsPerDay;prevalentHyp;education
17,80,1,0,10,BMI;sysBP;age;totChol;diaBP;glucose;heartRate;cigsPerDay;prevalentHyp;education
17,81,1,0,10,BMI;sysBP;age;totChol;diaBP;glucose;heartRate;cigsPerDay;prevalentHyp;education
17,82,0,0,10,BMI;sysBP;age;totChol;diaBP;glucose;heartRate;cigsPerDay;prevalentHyp;education
17,83,0,0,10,BMI;sysBP;age;totChol;diaBP;glucose;heartRate;cigsPerDay;prevalentHyp;education
17,84,0,0,10,BMI;sysBP;age;totChol;diaBP;glucose;heartRate;cigsPerDay;prevalentHyp;education
17,85,1,0,10,BMI;sysBP;age;totChol;diaBP;glucose;heartRate;cigsPerDay;prevalentHyp;education
17,86,0,0,10,BMI;sysBP;age;totChol;diaBP;glucose;heartRate;cigsPerDay;prevalentHyp;education
17,87,0,1,10,BMI;sysBP;age;totChol;diaBP;glucose;heartRate;cigsPerDay;prevalentHyp;education
17,88,1,1,10,BMI;sysBP;age;totChol;diaBP;glucose;heartRate;cigsPerDay;prevalentHyp;education
17,89,1,1,10,BMI;sysBP;age;totChol;diaBP;glucose;heartRate;cigsPerDay;prevalentHyp;education
17,90,0,0,10,BMI;sysBP;age;totChol;diaBP;glucose;heartRate;cigsPerDay;prevalentHyp;education
17,91,0,0,10,BMI;sysBP;age;totChol;diaBP;glucose;heartRate;cigsPerDay;prevalentHyp;education
17,92,1,1,10,BMI;sysBP;age;totChol;diaBP;glucose;heartRate;cigsPerDay;prevalentHyp;education
17,93,0,1,10,BMI;sysBP;age;totChol;diaBP;glucose;heartRate;cigsPerDay;prevalentHyp;education
17,94,1,0,10,BMI;sysBP;age;totChol;diaBP;glucose;heartRate;cigsPerDay;prevalentHyp;education
17,95,0,1,10,BMI;sysBP;age;totChol;diaBP;glucose;heartRate;cigsPerDay;prevalentHyp;education
17,96,0,0,10,BMI;sysBP;age;totChol;diaBP;glucose;heartRate;cigsPerDay;prevalentHyp;education
17,97,0,1,10,BMI;sysBP;age;totChol;diaBP;glucose;heartRate;cigsPerDay;prevalentHyp;education
17,98,0,0,10,BMI;sysBP;age;totChol;diaBP;glucose;heartRate;cigsPerDay;prevalentHyp;education
17,99,1,0,10,BMI;sysBP;age;totChol;diaBP;glucose;heartRate;cigsPerDay;prevalentHyp;education
17,100,0,0,10,BMI;sysBP;age;totChol;diaBP;glucose;heartRate;cigsPerDay;prevalentHyp;education
17,101,1,0,10,BMI;sysBP;age;totChol;diaBP;glucose;heartRate;cigsPerDay;prevalentHyp;education
17,102,1,0,10,BMI;sysBP;age;totChol;diaBP;glucose;heartRate;cigsPerDay;prevalentHyp;education
17,103,1,1,10,BMI;sysBP;age;totChol;diaBP;glucose;heartRate;cigsPerDay;prevalentHyp;education
17,104,1,1,10,BMI;sysBP;age;totChol;diaBP;glucose;heartRate;cigsPerDay;prevalentHyp;education
17,105,1,1,10,BMI;sysBP;age;totChol;diaBP;glucose;heartRate;cigsPerDay;prevalentHyp;education
17,106,1,1,10,BMI;sysBP;age;totChol;diaBP;glucose;heartRate;cigsPerDay;prevalentHyp;education
17,107,1,0,10,BMI;sysBP;age;totChol;diaBP;glucose;heartRate;cigsPerDay;prevalentHyp;education
17,108,0,0,10,BMI;sysBP;age;totChol;diaBP;glucose;heartRate;cigsPerDay;prevalentHyp;education
17,109,0,0,10,BMI;sysBP;age;totChol;diaBP;glucose;heartRate;cigsPerDay;prevalentHyp;education
17,110,1,1,10,BMI;sysBP;age;totChol;diaBP;glucose;heartRate;cigsPerDay;prevalentHyp;education
17,111,0,1,10,BMI;sysBP;age;totChol;diaBP;glucose;heartRate;cigsPerDay;prevalentHyp;education
17,112,0,0,10,BMI;sysBP;age;totChol;diaBP;glucose;heartRate;cigsPerDay;prevalentHyp;education
17,113,0,1,10,BMI;sysBP;age;totChol;diaBP;glucose;heartRate;cigsPerDay;prevalentHyp;education
17,114,0,0,10,BMI;sysBP;age;totChol;diaBP;glucose;heartRate;cigsPerDay;prevalentHyp;education
17,115,1,1,10,BMI;sysBP;age;totChol;diaBP;glucose;heartRate;cigsPerDay;prevalentHyp;education
17,116,1,1,10,BMI;sysBP;age;totChol;diaBP;glucose;heartRate;cigsPerDay;prevalentHyp;education
17,117,0,0,10,BMI;sysBP;age;totChol;diaBP;glucose;heartRate;cigsPerDay;prevalentHyp;education
17,118,0,1,10,BMI;sysBP;age;totChol;diaBP;glucose;heartRate;cigsPerDay;prevalentHyp;education
17,119,0,0,10,BMI;sysBP;age;totChol;diaBP;glucose;heartRate;cigsPerDay;prevalentHyp;education
17,120,1,1,10,BMI;sysBP;age;totChol;diaBP;glucose;heartRate;cigsPerDay;prevalentHyp;education
17,121,1,1,10,BMI;sysBP;age;totChol;diaBP;glucose;heartRate;cigsPerDay;prevalentHyp;education
17,122,1,1,10,BMI;sysBP;age;totChol;diaBP;glucose;heartRate;cigsPerDay;prevalentHyp;education
17,123,0,0,10,BMI;sysBP;age;totChol;diaBP;glucose;heartRate;cigsPerDay;prevalentHyp;education
17,124,1,0,10,BMI;sysBP;age;totChol;diaBP;glucose;heartRate;cigsPerDay;prevalentHyp;education
17,125,1,0,10,BMI;sysBP;age;totChol;diaBP;glucose;heartRate;cigsPerDay;prevalentHyp;education
17,126,0,0,10,BMI;sysBP;age;totChol;diaBP;glucose;heartRate;cigsPerDay;prevalentHyp;education
17,127,0,0,10,BMI;sysBP;age;totChol;diaBP;glucose;heartRate;cigsPerDay;prevalentHyp;education
17,128,1,0,10,BMI;sysBP;age;totChol;diaBP;glucose;heartRate;cigsPerDay;prevalentHyp;education
17,129,0,0,10,BMI;sysBP;age;totChol;diaBP;glucose;heartRate;cigsPerDay;prevalentHyp;education
17,130,0,1,10,BMI;sysBP;age;totChol;diaBP;glucose;heartRate;cigsPerDay;prevalentHyp;education
17,131,1,1,10,BMI;sysBP;age;totChol;diaBP;glucose;heartRate;cigsPerDay;prevalentHyp;education
17,132,0,0,10,BMI;sysBP;age;totChol;diaBP;glucose;heartRate;cigsPerDay;prevalentHyp;education
17,133,1,1,10,BMI;sysBP;age;totChol;diaBP;glucose;heartRate;cigsPerDay;prevalentHyp;education
17,134,1,0,10,BMI;sysBP;age;totChol;diaBP;glucose;heartRate;cigsPerDay;prevalentHyp;education
17,135,1,1,10,BMI;sysBP;age;totChol;diaBP;glucose;heartRate;cigsPerDay;prevalentHyp;education
17,136,0,1,10,BMI;sysBP;age;totChol;diaBP;glucose;heartRate;cigsPerDay;prevalentHyp;education
17,137,0,1,10,BMI;sysBP;age;totChol;diaBP;glucose;heartRate;cigsPerDay;prevalentHyp;education
17,138,0,0,10,BMI;sysBP;age;totChol;diaBP;glucose;heartRate;cigsPerDay;prevalentHyp;education
17,139,0,0,10,BMI;sysBP;age;totChol;diaBP;glucose;heartRate;cigsPerDay;prevalentHyp;education
17,140,1,1,10,BMI;sysBP;age;totChol;diaBP;glucose;heartRate;cigsPerDay;prevalentHyp;education
17,141,1,1,10,BMI;sysBP;age;totChol;diaBP;glucose;heartRate;cigsPerDay;prevalentHyp;education
17,142,0,0,10,BMI;sysBP;age;totChol;diaBP;glucose;heartRate;cigsPerDay;prevalentHyp;education
17,143,1,1,10,BMI;sysBP;age;totChol;diaBP;glucose;heartRate;cigsPerDay;prevalentHyp;education
17,144,1,1,10,BMI;sysBP;age;totChol;diaBP;glucose;heartRate;cigsPerDay;prevalentHyp;education
17,145,0,0,10,BMI;sysBP;age;totChol;diaBP;glucose;heartRate;cigsPerDay;prevalentHyp;education
17,146,1,1,10,BMI;sysBP;age;totChol;diaBP;glucose;heartRate;cigsPerDay;prevalentHyp;education
17,147,1,0,10,BMI;sysBP;age;totChol;diaBP;glucose;heartRate;cigsPerDay;prevalentHyp;education
17,148,1,1,10,BMI;sysBP;age;totChol;diaBP;glucose;heartRate;cigsPerDay;prevalentHyp;education
17,149,0,0,10,BMI;sysBP;age;totChol;diaBP;glucose;heartRate;cigsPerDay;prevalentHyp;education
17,150,1,1,10,BMI;sysBP;age;totChol;diaBP;glucose;heartRate;cigsPerDay;prevalentHyp;education
17,151,0,0,10,BMI;sysBP;age;totChol;diaBP;glucose;heartRate;cigsPerDay;prevalentHyp;education
17,152,0,0,10,BMI;sysBP;age;totChol;diaBP;glucose;heartRate;cigsPerDay;prevalentHyp;education
17,153,1,1,10,BMI;sysBP;age;totChol;diaBP;glucose;heartRate;cigsPerDay;prevalentHyp;education
17,154,1,1,10,BMI;sysBP;age;totChol;diaBP;glucose;heartRate;cigsPerDay;prevalentHyp;education
17,155,1,0,10,BMI;sysBP;age;totChol;diaBP;glucose;heartRate;cigsPerDay;prevalentHyp;education
17,156,1,1,10,BMI;sysBP;age;totChol;diaBP;glucose;heartRate;cigsPerDay;prevalentHyp;education
17,157,1,1,10,BMI;sysBP;age;totChol;diaBP;glucose;heartRate;cigsPerDay;prevalentHyp;education
17,158,0,1,10,BMI;sysBP;age;totChol;diaBP;glucose;heartRate;cigsPerDay;prevalentHyp;education
17,159,0,0,10,BMI;sysBP;age;totChol;diaBP;glucose;heartRate;cigsPerDay;prevalentHyp;education
17,160,0,0,10,BMI;sysBP;age;totChol;diaBP;glucose;heartRate;cigsPerDay;prevalentHyp;education
17,161,0,0,10,BMI;sysBP;age;totChol;diaBP;glucose;heartRate;cigsPerDay;prevalentHyp;education
17,162,0,0,10,BMI;sysBP;age;totChol;diaBP;glucose;heartRate;cigsPerDay;prevalentHyp;education
17,163,1,1,10,BMI;sysBP;age;totChol;diaBP;glucose;heartRate;cigsPerDay;prevalentHyp;education
17,164,0,1,10,BMI;sysBP;age;totChol;diaBP;glucose;heartRate;cigsPerDay;prevalentHyp;education
17,165,1,1,10,BMI;sysBP;age;totChol;diaBP;glucose;heartRate;cigsPerDay;prevalentHyp;education
17,166,0,1,10,BMI;sysBP;age;totChol;diaBP;glucose;heartRate;cigsPerDay;prevalentHyp;education
17,167,1,0,10,BMI;sysBP;age;totChol;diaBP;glucose;heartRate;cigsPerDay;prevalentHyp;education
17,168,1,0,10,BMI;sysBP;age;totChol;diaBP;glucose;heartRate;cigsPerDay;prevalentHyp;education
17,169,0,0,10,BMI;sysBP;age;totChol;diaBP;glucose;heartRate;cigsPerDay;prevalentHyp;education
17,170,1,0,10,BMI;sysBP;age;totChol;diaBP;glucose;heartRate;cigsPerDay;prevalentHyp;education
17,171,1,0,10,BMI;sysBP;age;totChol;diaBP;glucose;heartRate;cigsPerDay;prevalentHyp;education
17,172,1,0,10,BMI;sysBP;age;totChol;diaBP;glucose;heartRate;cigsPerDay;prevalentHyp;education
17,173,1,0,10,BMI;sysBP;age;totChol;diaBP;glucose;heartRate;cigsPerDay;prevalentHyp;education
17,174,1,0,10,BMI;sysBP;age;totChol;diaBP;glucose;heartRate;cigsPerDay;prevalentHyp;education
17,175,0,1,10,BMI;sysBP;age;totChol;diaBP;glucose;heartRate;cigsPerDay;prevalentHyp;education
17,176,1,1,10,BMI;sysBP;age;totChol;diaBP;glucose;heartRate;cigsPerDay;prevalentHyp;education
17,177,0,1,10,BMI;sysBP;age;totChol;diaBP;glucose;heartRate;cigsPerDay;prevalentHyp;education
17,178,1,0,10,BMI;sysBP;age;totChol;diaBP;glucose;heartRate;cigsPerDay;prevalentHyp;education
17,179,1,1,10,BMI;sysBP;age;totChol;diaBP;glucose;heartRate;cigsPerDay;prevalentHyp;education
17,180,1,1,10,BMI;sysBP;age;totChol;diaBP;glucose;heartRate;cigsPerDay;prevalentHyp;education
17,181,1,1,10,BMI;sysBP;age;totChol;diaBP;glucose;heartRate;cigsPerDay;prevalentHyp;education
17,182,1,0,10,BMI;sysBP;age;totChol;diaBP;glucose;heartRate;cigsPerDay;prevalentHyp;education
17,183,1,0,10,BMI;sysBP;age;totChol;diaBP;glucose;heartRate;cigsPerDay;prevalentHyp;education
17,184,1,1,10,BMI;sysBP;age;totChol;diaBP;glucose;heartRate;cigsPerDay;prevalentHyp;education
17,185,1,1,10,BMI;sysBP;age;totChol;diaBP;glucose;heartRate;cigsPerDay;prevalentHyp;education
17,186,0,0,10,BMI;sysBP;age;totChol;diaBP;glucose;heartRate;cigsPerDay;prevalentHyp;education
17,187,0,1,10,BMI;sysBP;age;totChol;diaBP;glucose;heartRate;cigsPerDay;prevalentHyp;education
17,188,0,1,10,BMI;sysBP;age;totChol;diaBP;glucose;heartRate;cigsPerDay;prevalentHyp;education
17,189,1,0,10,BMI;sysBP;age;totChol;diaBP;glucose;heartRate;cigsPerDay;prevalentHyp;education
17,190,1,0,10,BMI;sysBP;age;totChol;diaBP;glucose;heartRate;cigsPerDay;prevalentHyp;education
17,191,1,1,10,BMI;sysBP;age;totChol;diaBP;glucose;heartRate;cigsPerDay;prevalentHyp;education
17,192,0,1,10,BMI;sysBP;age;totChol;diaBP;glucose;heartRate;cigsPerDay;prevalentHyp;education
17,193,1,1,10,BMI;sysBP;age;totChol;diaBP;glucose;heartRate;cigsPerDay;prevalentHyp;education
17,194,0,0,10,BMI;sysBP;age;totChol;diaBP;glucose;heartRate;cigsPerDay;prevalentHyp;education
17,195,0,1,10,BMI;sysBP;age;totChol;diaBP;glucose;heartRate;cigsPerDay;prevalentHyp;education
17,196,0,0,10,BMI;sysBP;age;totChol;diaBP;glucose;heartRate;cigsPerDay;prevalentHyp;education
17,197,0,0,10,BMI;sysBP;age;totChol;diaBP;glucose;heartRate;cigsPerDay;prevalentHyp;education
17,198,0,1,10,BMI;sysBP;age;totChol;diaBP;glucose;heartRate;cigsPerDay;prevalentHyp;education
17,199,0,1,10,BMI;sysBP;age;totChol;diaBP;glucose;heartRate;cigsPerDay;prevalentHyp;education
17,200,1,1,10,BMI;sysBP;age;totChol;diaBP;glucose;heartRate;cigsPerDay;prevalentHyp;education
17,201,0,1,10,BMI;sysBP;age;totChol;diaBP;glucose;heartRate;cigsPerDay;prevalentHyp;education
17,202,0,0,10,BMI;sysBP;age;totChol;diaBP;glucose;heartRate;cigsPerDay;prevalentHyp;education
17,203,0,0,10,BMI;sysBP;age;totChol;diaBP;glucose;heartRate;cigsPerDay;prevalentHyp;education
17,204,0,0,10,BMI;sysBP;age;totChol;diaBP;glucose;heartRate;cigsPerDay;prevalentHyp;education
17,205,1,1,10,BMI;sysBP;age;totChol;diaBP;glucose;heartRate;cigsPerDay;prevalentHyp;education
17,206,1,0,10,BMI;sysBP;age;totChol;diaBP;glucose;heartRate;cigsPerDay;prevalentHyp;education
17,207,1,0,10,BMI;sysBP;age;totChol;diaBP;glucose;heartRate;cigsPerDay;prevalentHyp;education
17,208,0,0,10,BMI;sysBP;age;totChol;diaBP;glucose;heartRate;cigsPerDay;prevalentHyp;education
17,209,1,1,10,BMI;sysBP;age;totChol;diaBP;glucose;heartRate;cigsPerDay;prevalentHyp;education
17,210,0,0,10,BMI;sysBP;age;totChol;diaBP;glucose;heartRate;cigsPerDay;prevalentHyp;education
17,211,1,0,10,BMI;sysBP;age;totChol;diaBP;glucose;heartRate;cigsPerDay;prevalentHyp;education
17,212,1,1,10,BMI;sysBP;age;totChol;diaBP;glucose;heartRate;cigsPerDay;prevalentHyp;education
17,213,0,1,10,BMI;sysBP;age;totChol;diaBP;glucose;heartRate;cigsPerDay;prevalentHyp;education
17,214,0,1,10,BMI;sysBP;age;totChol;diaBP;glucose;heartRate;cigsPerDay;prevalentHyp;education
17,215,1,0,10,BMI;sysBP;age;totChol;diaBP;glucose;heartRate;cigsPerDay;prevalentHyp;education
17,216,0,0,10,BMI;sysBP;age;totChol;diaBP;glucose;heartRate;cigsPerDay;prevalentHyp;education
17,217,0,0,10,BMI;sysBP;age;totChol;diaBP;glucose;heartRate;cigsPerDay;prevalentHyp;education
17,218,0,1,10,BMI;sysBP;age;totChol;diaBP;glucose;heartRate;cigsPerDay;prevalentHyp;education
17,219,0,1,10,BMI;sysBP;age;totChol;diaBP;glucose;heartRate;cigsPerDay;prevalentHyp;education
17,220,0,1,10,BMI;sysBP;age;totChol;diaBP;glucose;heartRate;cigsPerDay;prevalentHyp;education
17,221,1,1,10,BMI;sysBP;age;totChol;diaBP;glucose;heartRate;cigsPerDay;prevalentHyp;education
17,222,0,0,10,BMI;sysBP;age;totChol;diaBP;glucose;heartRate;cigsPerDay;prevalentHyp;education
17,223,1,1,10,BMI;sysBP;age;totChol;diaBP;glucose;heartRate;cigsPerDay;prevalentHyp;education
17,224,1,0,10,BMI;sysBP;age;totChol;diaBP;glucose;heartRate;cigsPerDay;prevalentHyp;education
17,225,1,1,10,BMI;sysBP;age;totChol;diaBP;glucose;heartRate;cigsPerDay;prevalentHyp;education
17,226,1,1,10,BMI;sysBP;age;totChol;diaBP;glucose;heartRate;cigsPerDay;prevalentHyp;education
17,227,0,0,10,BMI;sysBP;age;totChol;diaBP;glucose;heartRate;cigsPerDay;prevalentHyp;education
17,228,1,0,10,BMI;sysBP;age;totChol;diaBP;glucose;heartRate;cigsPerDay;prevalentHyp;education
17,229,0,0,10,BMI;sysBP;age;totChol;diaBP;glucose;heartRate;cigsPerDay;prevalentHyp;education
17,230,1,1,10,BMI;sysBP;age;totChol;diaBP;glucose;heartRate;cigsPerDay;prevalentHyp;education
17,231,0,0,10,BMI;sysBP;age;totChol;diaBP;glucose;heartRate;cigsPerDay;prevalentHyp;education
17,232,0,0,10,BMI;sysBP;age;totChol;diaBP;glucose;heartRate;cigsPerDay;prevalentHyp;education
17,233,1,1,10,BMI;sysBP;age;totChol;diaBP;glucose;heartRate;cigsPerDay;prevalentHyp;education
17,234,1,0,10,BMI;sysBP;age;totChol;diaBP;glucose;heartRate;cigsPerDay;prevalentHyp;education
17,235,0,1,10,BMI;sysBP;age;totChol;diaBP;glucose;heartRate;cigsPerDay;prevalentHyp;education
17,236,0,0,10,BMI;sysBP;age;totChol;diaBP;glucose;heartRate;cigsPerDay;prevalentHyp;education
17,237,0,1,10,BMI;sysBP;age;totChol;diaBP;glucose;heartRate;cigsPerDay;prevalentHyp;education
17,238,0,0,10,BMI;sysBP;age;totChol;diaBP;glucose;heartRate;cigsPerDay;prevalentHyp;education
17,239,0,0,10,BMI;sysBP;age;totChol;diaBP;glucose;heartRate;cigsPerDay;prevalentHyp;education
17,240,0,1,10,BMI;sysBP;age;totChol;diaBP;glucose;heartRate;cigsPerDay;prevalentHyp;education
17,241,1,1,10,BMI;sysBP;age;totChol;diaBP;glucose;heartRate;cigsPerDay;prevalentHyp;education
17,242,1,0,10,BMI;sysBP;age;totChol;diaBP;glucose;heartRate;cigsPerDay;prevalentHyp;education
17,243,0,0,10,BMI;sysBP;age;totChol;diaBP;glucose;heartRate;cigsPerDay;prevalentHyp;education
17,244,1,1,10,BMI;sysBP;age;totChol;diaBP;glucose;heartRate;cigsPerDay;prevalentHyp;education
17,245,1,1,10,BMI;sysBP;age;totChol;diaBP;glucose;heartRate;cigsPerDay;prevalentHyp;education
17,246,0,0,10,BMI;sysBP;age;totChol;diaBP;glucose;heartRate;cigsPerDay;prevalentHyp;education
17,247,1,0,10,BMI;sysBP;age;totChol;diaBP;glucose;heartRate;cigsPerDay;prevalentHyp;education
17,248,0,1,10,BMI;sysBP;age;totChol;diaBP;glucose;heartRate;cigsPerDay;prevalentHyp;education
17,249,0,0,10,BMI;sysBP;age;totChol;diaBP;glucose;heartRate;cigsPerDay;prevalentHyp;education
17,250,1,1,10,BMI;sysBP;age;totChol;diaBP;glucose;heartRate;cigsPerDay;prevalentHyp;education
17,251,0,0,10,BMI;sysBP;age;totChol;diaBP;glucose;heartRate;cigsPerDay;prevalentHyp;education
17,252,1,0,10,BMI;sysBP;age;totChol;diaBP;glucose;heartRate;cigsPerDay;prevalentHyp;education
17,253,0,0,10,BMI;sysBP;age;totChol;diaBP;glucose;heartRate;cigsPerDay;prevalentHyp;education
17,254,1,1,10,BMI;sysBP;age;totChol;diaBP;glucose;heartRate;cigsPerDay;prevalentHyp;education
17,255,0,0,10,BMI;sysBP;age;totChol;diaBP;glucose;heartRate;cigsPerDay;prevalentHyp;education
17,256,1,0,10,BMI;sysBP;age;totChol;diaBP;glucose;heartRate;cigsPerDay;prevalentHyp;education
17,257,1,1,10,BMI;sysBP;age;totChol;diaBP;glucose;heartRate;cigsPerDay;prevalentHyp;education
17,258,0,1,10,BMI;sysBP;age;totChol;diaBP;glucose;heartRate;cigsPerDay;prevalentHyp;education
17,259,1,0,10,BMI;sysBP;age;totChol;diaBP;glucose;heartRate;cigsPerDay;prevalentHyp;education
17,260,1,0,10,BMI;sysBP;age;totChol;diaBP;glucose;heartRate;cigsPerDay;prevalentHyp;education
17,261,1,1,10,BMI;sysBP;age;totChol;diaBP;glucose;heartRate;cigsPerDay;prevalentHyp;education
17,262,1,1,10,BMI;sysBP;age;totChol;diaBP;glucose;heartRate;cigsPerDay;prevalentHyp;education
17,263,1,1,10,BMI;sysBP;age;totChol;diaBP;glucose;heartRate;cigsPerDay;prevalentHyp;education
17,264,1,1,10,BMI;sysBP;age;totChol;diaBP;glucose;heartRate;cigsPerDay;prevalentHyp;education
17,265,1,0,10,BMI;sysBP;age;totChol;diaBP;glucose;heartRate;cigsPerDay;prevalentHyp;education
17,266,0,0,10,BMI;sysBP;age;totChol;diaBP;glucose;heartRate;cigsPerDay;prevalentHyp;education
17,267,0,0,10,BMI;sysBP;age;totChol;diaBP;glucose;heartRate;cigsPerDay;prevalentHyp;education
17,268,0,1,10,BMI;sysBP;age;totChol;diaBP;glucose;heartRate;cigsPerDay;prevalentHyp;education
17,269,1,0,10,BMI;sysBP;age;totChol;diaBP;glucose;heartRate;cigsPerDay;prevalentHyp;education
17,270,1,1,10,BMI;sysBP;age;totChol;diaBP;glucose;heartRate;cigsPerDay;prevalentHyp;education
17,271,0,0,10,BMI;sysBP;age;totChol;diaBP;glucose;heartRate;cigsPerDay;prevalentHyp;education
17,272,0,0,10,BMI;sysBP;age;totChol;diaBP;glucose;heartRate;cigsPerDay;prevalentHyp;education
17,273,0,0,10,BMI;sysBP;age;totChol;diaBP;glucose;heartRate;cigsPerDay;prevalentHyp;education
17,274,1,1,10,BMI;sysBP;age;totChol;diaBP;glucose;heartRate;cigsPerDay;prevalentHyp;education
17,275,1,1,10,BMI;sysBP;age;totChol;diaBP;glucose;heartRate;cigsPerDay;prevalentHyp;education
17,276,0,1,10,BMI;sysBP;age;totChol;diaBP;glucose;heartRate;cigsPerDay;prevalentHyp;education
17,277,0,1,10,BMI;sysBP;age;totChol;diaBP;glucose;heartRate;cigsPerDay;prevalentHyp;education
17,278,0,0,10,BMI;sysBP;age;totChol;diaBP;glucose;heartRate;cigsPerDay;prevalentHyp;education
17,279,0,1,10,BMI;sysBP;age;totChol;diaBP;glucose;heartRate;cigsPerDay;prevalentHyp;education
17,280,1,1,10,BMI;sysBP;age;totChol;diaBP;glucose;heartRate;cigsPerDay;prevalentHyp;education
17,281,0,0,10,BMI;sysBP;age;totChol;diaBP;glucose;heartRate;cigsPerDay;prevalentHyp;education
17,282,0,1,10,BMI;sysBP;age;totChol;diaBP;glucose;heartRate;cigsPerDay;prevalentHyp;education
17,283,1,0,10,BMI;sysBP;age;totChol;diaBP;glucose;heartRate;cigsPerDay;prevalentHyp;education
17,284,0,0,10,BMI;sysBP;age;totChol;diaBP;glucose;heartRate;cigsPerDay;prevalentHyp;education
17,285,0,0,10,BMI;sysBP;age;totChol;diaBP;glucose;heartRate;cigsPerDay;prevalentHyp;education
17,286,0,1,10,BMI;sysBP;age;totChol;diaBP;glucose;heartRate;cigsPerDay;prevalentHyp;education
17,287,1,1,10,BMI;sysBP;age;totChol;diaBP;glucose;heartRate;cigsPerDay;prevalentHyp;education
17,288,1,0,10,BMI;sysBP;age;totChol;diaBP;glucose;heartRate;cigsPerDay;prevalentHyp;education
17,289,0,0,10,BMI;sysBP;age;totChol;diaBP;glucose;heartRate;cigsPerDay;prevalentHyp;education
17,290,1,1,10,BMI;sysBP;age;totChol;diaBP;glucose;heartRate;cigsPerDay;prevalentHyp;education
17,291,1,1,10,BMI;sysBP;age;totChol;diaBP;glucose;heartRate;cigsPerDay;prevalentHyp;education
17,292,1,1,10,BMI;sysBP;age;totChol;diaBP;glucose;heartRate;cigsPerDay;prevalentHyp;education
17,293,0,0,10,BMI;sysBP;age;totChol;diaBP;glucose;heartRate;cigsPerDay;prevalentHyp;education
17,294,0,0,10,BMI;sysBP;age;totChol;diaBP;glucose;heartRate;cigsPerDay;prevalentHyp;education
17,295,0,1,10,BMI;sysBP;age;totChol;diaBP;glucose;heartRate;cigsPerDay;prevalentHyp;education
17,296,1,0,10,BMI;sysBP;age;totChol;diaBP;glucose;heartRate;cigsPerDay;prevalentHyp;education
17,297,0,0,10,BMI;sysBP;age;totChol;diaBP;glucose;heartRate;cigsPerDay;prevalentHyp;education
17,298,0,0,10,BMI;sysBP;age;totChol;diaBP;glucose;heartRate;cigsPerDay;prevalentHyp;education
17,299,0,0,10,BMI;sysBP;age;totChol;diaBP;glucose;heartRate;cigsPerDay;prevalentHyp;education
17,300,0,1,10,BMI;sysBP;age;totChol;diaBP;glucose;heartRate;cigsPerDay;prevalentHyp;education
17,301,1,1,10,BMI;sysBP;age;totChol;diaBP;glucose;heartRate;cigsPerDay;prevalentHyp;education
17,302,0,0,10,BMI;sysBP;age;totChol;diaBP;glucose;heartRate;cigsPerDay;prevalentHyp;education
17,303,1,0,10,BMI;sysBP;age;totChol;diaBP;glucose;heartRate;cigsPerDay;prevalentHyp;education
17,304,1,1,10,BMI;sysBP;age;totChol;diaBP;glucose;heartRate;cigsPerDay;prevalentHyp;education
17,305,1,1,10,BMI;sysBP;age;totChol;diaBP;glucose;heartRate;cigsPerDay;prevalentHyp;education
17,306,1,1,10,BMI;sysBP;age;totChol;diaBP;glucose;heartRate;cigsPerDay;prevalentHyp;education
17,307,1,0,10,BMI;sysBP;age;totChol;diaBP;glucose;heartRate;cigsPerDay;prevalentHyp;education
17,308,1,1,10,BMI;sysBP;age;totChol;diaBP;glucose;heartRate;cigsPerDay;prevalentHyp;education
17,309,0,0,10,BMI;sysBP;age;totChol;diaBP;glucose;heartRate;cigsPerDay;prevalentHyp;education
17,310,1,1,10,BMI;sysBP;age;totChol;diaBP;glucose;heartRate;cigsPerDay;prevalentHyp;education
17,311,1,1,10,BMI;sysBP;age;totChol;diaBP;glucose;heartRate;cigsPerDay;prevalentHyp;education
17,312,1,0,10,BMI;sysBP;age;totChol;diaBP;glucose;heartRate;cigsPerDay;prevalentHyp;education
17,313,0,0,10,BMI;sysBP;age;totChol;diaBP;glucose;heartRate;cigsPerDay;prevalentHyp;education
17,314,0,1,10,BMI;sysBP;age;totChol;diaBP;glucose;heartRate;cigsPerDay;prevalentHyp;education
17,315,0,1,10,BMI;sysBP;age;totChol;diaBP;glucose;heartRate;cigsPerDay;prevalentHyp;education
17,316,0,1,10,BMI;sysBP;age;totChol;diaBP;glucose;heartRate;cigsPerDay;prevalentHyp;education
17,317,0,0,10,BMI;sysBP;age;totChol;diaBP;glucose;heartRate;cigsPerDay;prevalentHyp;education
17,318,0,0,10,BMI;sysBP;age;totChol;diaBP;glucose;heartRate;cigsPerDay;prevalentHyp;education
17,319,0,1,10,BMI;sysBP;age;totChol;diaBP;glucose;heartRate;cigsPerDay;prevalentHyp;education
17,320,0,1,10,BMI;sysBP;age;totChol;diaBP;glucose;heartRate;cigsPerDay;prevalentHyp;education
17,321,0,1,10,BMI;sysBP;age;totChol;diaBP;glucose;heartRate;cigsPerDay;prevalentHyp;education
17,322,0,1,10,BMI;sysBP;age;totChol;diaBP;glucose;heartRate;cigsPerDay;prevalentHyp;education
17,323,0,1,10,BMI;sysBP;age;totChol;diaBP;glucose;heartRate;cigsPerDay;prevalentHyp;education
17,324,0,0,10,BMI;sysBP;age;totChol;diaBP;glucose;heartRate;cigsPerDay;prevalentHyp;education
17,325,0,1,10,BMI;sysBP;age;totChol;diaBP;glucose;heartRate;cigsPerDay;prevalentHyp;education
17,326,0,0,10,BMI;sysBP;age;totChol;diaBP;glucose;heartRate;cigsPerDay;prevalentHyp;education
17,327,0,1,10,BMI;sysBP;age;totChol;diaBP;glucose;heartRate;cigsPerDay;prevalentHyp;education
17,328,0,0,10,BMI;sysBP;age;totChol;diaBP;glucose;heartRate;cigsPerDay;prevalentHyp;education
17,329,1,1,10,BMI;sysBP;age;totChol;diaBP;glucose;heartRate;cigsPerDay;prevalentHyp;education
17,330,1,0,10,BMI;sysBP;age;totChol;diaBP;glucose;heartRate;cigsPerDay;prevalentHyp;education
17,331,0,1,10,BMI;sysBP;age;totChol;diaBP;glucose;heartRate;cigsPerDay;prevalentHyp;education
17,332,1,1,10,BMI;sysBP;age;totChol;diaBP;glucose;heartRate;cigsPerDay;prevalentHyp;education
17,333,0,0,10,BMI;sysBP;age;totChol;diaBP;glucose;heartRate;cigsPerDay;prevalentHyp;education
17,334,0,1,10,BMI;sysBP;age;totChol;diaBP;glucose;heartRate;cigsPerDay;prevalentHyp;education
17,335,1,0,10,BMI;sysBP;age;totChol;diaBP;glucose;heartRate;cigsPerDay;prevalentHyp;education
17,336,1,1,10,BMI;sysBP;age;totChol;diaBP;glucose;heartRate;cigsPerDay;prevalentHyp;education
17,337,1,1,10,BMI;sysBP;age;totChol;diaBP;glucose;heartRate;cigsPerDay;prevalentHyp;education
17,338,1,0,10,BMI;sysBP;age;totChol;diaBP;glucose;heartRate;cigsPerDay;prevalentHyp;education
17,339,1,1,10,BMI;sysBP;age;totChol;diaBP;glucose;heartRate;cigsPerDay;prevalentHyp;education
17,340,0,1,10,BMI;sysBP;age;totChol;diaBP;glucose;heartRate;cigsPerDay;prevalentHyp;education
17,341,1,1,10,BMI;sysBP;age;totChol;diaBP;glucose;heartRate;cigsPerDay;prevalentHyp;education
17,342,0,1,10,BMI;sysBP;age;totChol;diaBP;glucose;heartRate;cigsPerDay;prevalentHyp;education
17,343,1,0,10,BMI;sysBP;age;totChol;diaBP;glucose;heartRate;cigsPerDay;prevalentHyp;education
17,344,0,1,10,BMI;sysBP;age;totChol;diaBP;glucose;heartRate;cigsPerDay;prevalentHyp;education
17,345,1,0,10,BMI;sysBP;age;totChol;diaBP;glucose;heartRate;cigsPerDay;prevalentHyp;education
17,346,0,0,10,BMI;sysBP;age;totChol;diaBP;glucose;heartRate;cigsPerDay;prevalentHyp;education
17,347,0,0,10,BMI;sysBP;age;totChol;diaBP;glucose;heartRate;cigsPerDay;prevalentHyp;education
17,348,0,0,10,BMI;sysBP;age;totChol;diaBP;glucose;heartRate;cigsPerDay;prevalentHyp;education
17,349,1,1,10,BMI;sysBP;age;totChol;diaBP;glucose;heartRate;cigsPerDay;prevalentHyp;education
17,350,0,0,10,BMI;sysBP;age;totChol;diaBP;glucose;heartRate;cigsPerDay;prevalentHyp;education
17,351,1,0,10,BMI;sysBP;age;totChol;diaBP;glucose;heartRate;cigsPerDay;prevalentHyp;education
17,352,0,0,10,BMI;sysBP;age;totChol;diaBP;glucose;heartRate;cigsPerDay;prevalentHyp;education
17,353,1,1,10,BMI;sysBP;age;totChol;diaBP;glucose;heartRate;cigsPerDay;prevalentHyp;education
17,354,0,0,10,BMI;sysBP;age;totChol;diaBP;glucose;heartRate;cigsPerDay;prevalentHyp;education
17,355,0,1,10,BMI;sysBP;age;totChol;diaBP;glucose;heartRate;cigsPerDay;prevalentHyp;education
17,356,1,1,10,BMI;sysBP;age;totChol;diaBP;glucose;heartRate;cigsPerDay;prevalentHyp;education
17,357,0,0,10,BMI;sysBP;age;totChol;diaBP;glucose;heartRate;cigsPerDay;prevalentHyp;education
17,358,0,1,10,BMI;sysBP;age;totChol;diaBP;glucose;heartRate;cigsPerDay;prevalentHyp;education
17,359,0,0,10,BMI;sysBP;age;totChol;diaBP;glucose;heartRate;cigsPerDay;prevalentHyp;education
17,360,0,0,10,BMI;sysBP;age;totChol;diaBP;glucose;heartRate;cigsPerDay;prevalentHyp;education
17,361,1,1,10,BMI;sysBP;age;totChol;diaBP;glucose;heartRate;cigsPerDay;prevalentHyp;education
17,362,1,1,10,BMI;sysBP;age;totChol;diaBP;glucose;heartRate;cigsPerDay;prevalentHyp;education
17,363,1,1,10,BMI;sysBP;age;totChol;diaBP;glucose;heartRate;cigsPerDay;prevalentHyp;education
17,364,1,1,10,BMI;sysBP;age;totChol;diaBP;glucose;heartRate;cigsPerDay;prevalentHyp;education
17,365,0,1,10,BMI;sysBP;age;totChol;diaBP;glucose;heartRate;cigsPerDay;prevalentHyp;education
17,366,1,1,10,BMI;sysBP;age;totChol;diaBP;glucose;heartRate;cigsPerDay;prevalentHyp;education
17,367,1,1,10,BMI;sysBP;age;totChol;diaBP;glucose;heartRate;cigsPerDay;prevalentHyp;education
17,368,1,1,10,BMI;sysBP;age;totChol;diaBP;glucose;heartRate;cigsPerDay;prevalentHyp;education
17,369,1,0,10,BMI;sysBP;age;totChol;diaBP;glucose;heartRate;cigsPerDay;prevalentHyp;education
17,370,0,1,10,BMI;sysBP;age;totChol;diaBP;glucose;heartRate;cigsPerDay;prevalentHyp;education
17,371,0,0,10,BMI;sysBP;age;totChol;diaBP;glucose;heartRate;cigsPerDay;prevalentHyp;education
17,372,0,0,10,BMI;sysBP;age;totChol;diaBP;glucose;heartRate;cigsPerDay;prevalentHyp;education
17,373,1,0,10,BMI;sysBP;age;totChol;diaBP;glucose;heartRate;cigsPerDay;prevalentHyp;education
17,374,0,0,10,BMI;sysBP;age;totChol;diaBP;glucose;heartRate;cigsPerDay;prevalentHyp;education
17,375,1,0,10,BMI;sysBP;age;totChol;diaBP;glucose;heartRate;cigsPerDay;prevalentHyp;education
17,376,0,0,10,BMI;sysBP;age;totChol;diaBP;glucose;heartRate;cigsPerDay;prevalentHyp;education
17,377,1,1,10,BMI;sysBP;age;totChol;diaBP;glucose;heartRate;cigsPerDay;prevalentHyp;education
17,378,0,1,10,BMI;sysBP;age;totChol;diaBP;glucose;heartRate;cigsPerDay;prevalentHyp;education
17,379,0,0,10,BMI;sysBP;age;totChol;diaBP;glucose;heartRate;cigsPerDay;prevalentHyp;education
17,380,0,1,10,BMI;sysBP;age;totChol;diaBP;glucose;heartRate;cigsPerDay;prevalentHyp;education
17,381,0,1,10,BMI;sysBP;age;totChol;diaBP;glucose;heartRate;cigsPerDay;prevalentHyp;education
17,382,1,1,10,BMI;sysBP;age;totChol;diaBP;glucose;heartRate;cigsPerDay;prevalentHyp;education
17,383,1,1,10,BMI;sysBP;age;totChol;diaBP;glucose;heartRate;cigsPerDay;prevalentHyp;education
17,384,1,0,10,BMI;sysBP;age;totChol;diaBP;glucose;heartRate;cigsPerDay;prevalentHyp;education
17,385,0,1,10,BMI;sysBP;age;totChol;diaBP;glucose;heartRate;cigsPerDay;prevalentHyp;education
17,386,1,1,10,BMI;sysBP;age;totChol;diaBP;glucose;heartRate;cigsPerDay;prevalentHyp;education
17,387,0,1,10,BMI;sysBP;age;totChol;diaBP;glucose;heartRate;cigsPerDay;prevalentHyp;education
17,388,1,1,10,BMI;sysBP;age;totChol;diaBP;glucose;heartRate;cigsPerDay;prevalentHyp;education
17,389,0,0,10,BMI;sysBP;age;totChol;diaBP;glucose;heartRate;cigsPerDay;prevalentHyp;education
17,390,0,1,10,BMI;sysBP;age;totChol;diaBP;glucose;heartRate;cigsPerDay;prevalentHyp;education
17,391,1,1,10,BMI;sysBP;age;totChol;diaBP;glucose;heartRate;cigsPerDay;prevalentHyp;education
17,392,0,1,10,BMI;sysBP;age;totChol;diaBP;glucose;heartRate;cigsPerDay;prevalentHyp;education
17,393,1,1,10,BMI;sysBP;age;totChol;diaBP;glucose;heartRate;cigsPerDay;prevalentHyp;education
17,394,1,0,10,BMI;sysBP;age;totChol;diaBP;glucose;heartRate;cigsPerDay;prevalentHyp;education
17,395,1,1,10,BMI;sysBP;age;totChol;diaBP;glucose;heartRate;cigsPerDay;prevalentHyp;education
17,396,1,1,10,BMI;sysBP;age;totChol;diaBP;glucose;heartRate;cigsPerDay;prevalentHyp;education
17,397,0,0,10,BMI;sysBP;age;totChol;diaBP;glucose;heartRate;cigsPerDay;prevalentHyp;education
17,398,0,0,10,BMI;sysBP;age;totChol;diaBP;glucose;heartRate;cigsPerDay;prevalentHyp;education
17,399,1,1,10,BMI;sysBP;age;totChol;diaBP;glucose;heartRate;cigsPerDay;prevalentHyp;education
18,0,0,1,10,BMI;sysBP;age;totChol;diaBP;glucose;heartRate;cigsPerDay;prevalentHyp;education
18,1,0,0,10,BMI;sysBP;age;totChol;diaBP;glucose;heartRate;cigsPerDay;prevalentHyp;education
18,2,1,1,10,BMI;sysBP;age;totChol;diaBP;glucose;heartRate;cigsPerDay;prevalentHyp;education
18,3,0,0,10,BMI;sysBP;age;totChol;diaBP;glucose;heartRate;cigsPerDay;prevalentHyp;education
18,4,1,1,10,BMI;sysBP;age;totChol;diaBP;glucose;heartRate;cigsPerDay;prevalentHyp;education
18,5,1,1,10,BMI;sysBP;age;totChol;diaBP;glucose;heartRate;cigsPerDay;prevalentHyp;education
18,6,0,0,10,BMI;sysBP;age;totChol;diaBP;glucose;heartRate;cigsPerDay;prevalentHyp;education
18,7,1,1,10,BMI;sysBP;age;totChol;diaBP;glucose;heartRate;cigsPerDay;prevalentHyp;education
18,8,0,0,10,BMI;sysBP;age;totChol;diaBP;glucose;heartRate;cigsPerDay;prevalentHyp;education
18,9,1,0,10,BMI;sysBP;age;totChol;diaBP;glucose;heartRate;cigsPerDay;prevalentHyp;education
18,10,1,1,10,BMI;sysBP;age;totChol;diaBP;glucose;heartRate;cigsPerDay;prevalentHyp;education
18,11,0,1,10,BMI;sysBP;age;totChol;diaBP;glucose;heartRate;cigsPerDay;prevalentHyp;education
18,12,1,1,10,BMI;sysBP;age;totChol;diaBP;glucose;heartRate;cigsPerDay;prevalentHyp;education
18,13,1,1,10,BMI;sysBP;age;totChol;diaBP;glucose;heartRate;cigsPerDay;prevalentHyp;education
18,14,1,0,10,BMI;sysBP;age;totChol;diaBP;glucose;heartRate;cigsPerDay;prevalentHyp;education
18,15,1,1,10,BMI;sysBP;age;totChol;diaBP;glucose;heartRate;cigsPerDay;prevalentHyp;education
18,16,0,0,10,BMI;sysBP;age;totChol;diaBP;glucose;heartRate;cigsPerDay;prevalentHyp;education
18,17,0,1,10,BMI;sysBP;age;totChol;diaBP;glucose;heartRate;cigsPerDay;prevalentHyp;education
18,18,0,1,10,BMI;sysBP;age;totChol;diaBP;glucose;heartRate;cigsPerDay;prevalentHyp;education
18,19,0,0,10,BMI;sysBP;age;totChol;diaBP;glucose;heartRate;cigsPerDay;prevalentHyp;education
18,20,1,1,10,BMI;sysBP;age;totChol;diaBP;glucose;heartRate;cigsPerDay;prevalentHyp;education
18,21,1,1,10,BMI;sysBP;age;totChol;diaBP;glucose;heartRate;cigsPerDay;prevalentHyp;education
18,22,0,0,10,BMI;sysBP;age;totChol;diaBP;glucose;heartRate;cigsPerDay;prevalentHyp;education
18,23,0,1,10,BMI;sysBP;age;totChol;diaBP;glucose;heartRate;cigsPerDay;prevalentHyp;education
18,24,1,0,10,BMI;sysBP;age;totChol;diaBP;glucose;heartRate;cigsPerDay;prevalentHyp;education
18,25,0,0,10,BMI;sysBP;age;totChol;diaBP;glucose;heartRate;cigsPerDay;prevalentHyp;education
18,26,1,0,10,BMI;sysBP;age;totChol;diaBP;glucose;heartRate;cigsPerDay;prevalentHyp;education
18,27,0,1,10,BMI;sysBP;age;totChol;diaBP;glucose;heartRate;cigsPerDay;prevalentHyp;education
18,28,0,1,10,BMI;sysBP;age;totChol;diaBP;glucose;heartRate;cigsPerDay;prevalentHyp;education
18,29,1,1,10,BMI;sysBP;age;totChol;diaBP;glucose;heartRate;cigsPerDay;prevalentHyp;education
18,30,0,0,10,BMI;sysBP;age;totChol;diaBP;glucose;heartRate;cigsPerDay;prevalentHyp;education
18,31,1,1,10,BMI;sysBP;age;totChol;diaBP;glucose;heartRate;cigsPerDay;prevalentHyp;education
18,32,0,1,10,BMI;sysBP;age;totChol;diaBP;glucose;heartRate;cigsPerDay;prevalentHyp;education
18,33,1,1,10,BMI;sysBP;age;totChol;diaBP;glucose;heartRate;cigsPerDay;prevalentHyp;education
18,34,0,1,10,BMI;sysBP;age;totChol;diaBP;glucose;heartRate;cigsPerDay;prevalentHyp;education
18,35,1,1,10,BMI;sysBP;age;totChol;diaBP;glucose;heartRate;cigsPerDay;prevalentHyp;education
18,36,1,1,10,BMI;sysBP;age;totChol;diaBP;glucose;heartRate;cigsPerDay;prevalentHyp;education
18,37,0,0,10,BMI;sysBP;age;totChol;diaBP;glucose;heartRate;cigsPerDay;prevalentHyp;education
18,38,1,1,10,BMI;sysBP;age;totChol;diaBP;glucose;heartRate;cigsPerDay;prevalentHyp;education
18,39,1,1,10,BMI;sysBP;age;totChol;diaBP;glucose;heartRate;cigsPerDay;prevalentHyp;education
18,40,0,1,10,BMI;sysBP;age;totChol;diaBP;glucose;heartRate;cigsPerDay;prevalentHyp;education
18,41,1,1,10,BMI;sysBP;age;totChol;diaBP;glucose;heartRate;cigsPerDay;prevalentHyp;education
18,42,1,1,10,BMI;sysBP;age;totChol;diaBP;glucose;heartRate;cigsPerDay;prevalentHyp;education
18,43,1,1,10,BMI;sysBP;age;totChol;diaBP;glucose;heartRate;cigsPerDay;prevalentHyp;education
18,44,1,1,10,BMI;sysBP;age;totChol;diaBP;glucose;heartRate;cigsPerDay;prevalentHyp;education
18,45,0,0,10,BMI;sysBP;age;totChol;diaBP;glucose;heartRate;cigsPerDay;prevalentHyp;education
18,46,1,1,10,BMI;sysBP;age;totChol;diaBP;glucose;heartRate;cigsPerDay;prevalentHyp;education
18,47,1,1,10,BMI;sysBP;age;totChol;diaBP;glucose;heartRate;cigsPerDay;prevalentHyp;education
18,48,1,1,10,BMI;sysBP;age;totChol;diaBP;glucose;heartRate;cigsPerDay;prevalentHyp;education
18,49,1,0,10,BMI;sysBP;age;totChol;diaBP;glucose;heartRate;cigsPerDay;prevalentHyp;education
18,50,1,0,10,BMI;sysBP;age;totChol;diaBP;glucose;heartRate;cigsPerDay;prevalentHyp;education
18,51,0,1,10,BMI;sysBP;age;totChol;diaBP;glucose;heartRate;cigsPerDay;prevalentHyp;education
18,52,0,1,10,BMI;sysBP;age;totChol;diaBP;glucose;heartRate;cigsPerDay;prevalentHyp;education
18,53,1,1,10,BMI;sysBP;age;totChol;diaBP;glucose;heartRate;cigsPerDay;prevalentHyp;education
18,54,0,0,10,BMI;sysBP;age;totChol;diaBP;glucose;heartRate;cigsPerDay;prevalentHyp;education
18,55,1,1,10,BMI;sysBP;age;totChol;diaBP;glucose;heartRate;cigsPerDay;prevalentHyp;education
18,56,0,0,10,BMI;sysBP;age;totChol;diaBP;glucose;heartRate;cigsPerDay;prevalentHyp;education
18,57,1,1,10,BMI;sysBP;age;totChol;diaBP;glucose;heartRate;cigsPerDay;prevalentHyp;education
18,58,1,1,10,BMI;sysBP;age;totChol;diaBP;glucose;heartRate;cigsPerDay;prevalentHyp;education
18,59,1,1,10,BMI;sysBP;age;totChol;diaBP;glucose;heartRate;cigsPerDay;prevalentHyp;education
18,60,1,1,10,BMI;sysBP;age;totChol;diaBP;glucose;heartRate;cigsPerDay;prevalentHyp;education
18,61,0,1,10,BMI;sysBP;age;totChol;diaBP;glucose;heartRate;cigsPerDay;prevalentHyp;education
18,62,0,1,10,BMI;sysBP;age;totChol;diaBP;glucose;heartRate;cigsPerDay;prevalentHyp;education
18,63,1,0,10,BMI;sysBP;age;totChol;diaBP;glucose;heartRate;cigsPerDay;prevalentHyp;education
18,64,1,1,10,BMI;sysBP;age;totChol;diaBP;glucose;heartRate;cigsPerDay;prevalentHyp;education
18,65,1,1,10,BMI;sysBP;age;totChol;diaBP;glucose;heartRate;cigsPerDay;prevalentHyp;education
18,66,0,1,10,BMI;sysBP;age;totChol;diaBP;glucose;heartRate;cigsPerDay;prevalentHyp;education
18,67,0,0,10,BMI;sysBP;age;totChol;diaBP;glucose;heartRate;cigsPerDay;prevalentHyp;education
18,68,0,1,10,BMI;sysBP;age;totChol;diaBP;glucose;heartRate;cigsPerDay;prevalentHyp;education
18,69,1,1,10,BMI;sysBP;age;totChol;diaBP;glucose;heartRate;cigsPerDay;prevalentHyp;education
18,70,0,0,10,BMI;sysBP;age;totChol;diaBP;glucose;heartRate;cigsPerDay;prevalentHyp;education
18,71,1,1,10,BMI;sysBP;age;totChol;diaBP;glucose;heartRate;cigsPerDay;prevalentHyp;education
18,72,1,1,10,BMI;sysBP;age;totChol;diaBP;glucose;heartRate;cigsPerDay;prevalentHyp;education
18,73,1,1,10,BMI;sysBP;age;totChol;diaBP;glucose;heartRate;cigsPerDay;prevalentHyp;education
18,74,0,1,10,BMI;sysBP;age;totChol;diaBP;glucose;heartRate;cigsPerDay;prevalentHyp;education
18,75,0,1,10,BMI;sysBP;age;totChol;diaBP;glucose;heartRate;cigsPerDay;prevalentHyp;education
18,76,0,1,10,BMI;sysBP;age;totChol;diaBP;glucose;heartRate;cigsPerDay;prevalentHyp;education
18,77,0,1,10,BMI;sysBP;age;totChol;diaBP;glucose;heartRate;cigsPerDay;prevalentHyp;education
18,78,1,0,10,BMI;sysBP;age;totChol;diaBP;glucose;heartRate;cigsPerDay;prevalentHyp;education
18,79,0,1,10,BMI;sysBP;age;totChol;diaBP;glucose;heartRate;cigsPerDay;prevalentHyp;education
18,80,1,0,10,BMI;sysBP;age;totChol;diaBP;glucose;heartRate;cigsPerDay;prevalentHyp;education
18,81,1,1,10,BMI;sysBP;age;totChol;diaBP;glucose;heartRate;cigsPerDay;prevalentHyp;education
18,82,0,0,10,BMI;sysBP;age;totChol;diaBP;glucose;heartRate;cigsPerDay;prevalentHyp;education
18,83,0,0,10,BMI;sysBP;age;totChol;diaBP;glucose;heartRate;cigsPerDay;prevalentHyp;education
18,84,0,0,10,BMI;sysBP;age;totChol;diaBP;glucose;heartRate;cigsPerDay;prevalentHyp;education
18,85,1,0,10,BMI;sysBP;age;totChol;diaBP;glucose;heartRate;cigsPerDay;prevalentHyp;education
18,86,0,0,10,BMI;sysBP;age;totChol;diaBP;glucose;heartRate;cigsPerDay;prevalentHyp;education
18,87,0,1,10,BMI;sysBP;age;totChol;diaBP;glucose;heartRate;cigsPerDay;prevalentHyp;education
18,88,1,1,10,BMI;sysBP;age;totChol;diaBP;glucose;heartRate;cigsPerDay;prevalentHyp;education
18,89,1,1,10,BMI;sysBP;age;totChol;diaBP;glucose;heartRate;cigsPerDay;prevalentHyp;education
18,90,0,0,10,BMI;sysBP;age;totChol;diaBP;glucose;heartRate;cigsPerDay;prevalentHyp;education
18,91,0,0,10,BMI;sysBP;age;totChol;diaBP;glucose;heartRate;cigsPerDay;prevalentHyp;education
18,92,1,1,10,BMI;sysBP;age;totChol;diaBP;glucose;heartRate;cigsPerDay;prevalentHyp;education
18,93,0,1,10,BMI;sysBP;age;totChol;diaBP;glucose;heartRate;cigsPerDay;prevalentHyp;education
18,94,1,1,10,BMI;sysBP;age;totChol;diaBP;glucose;heartRate;cigsPerDay;prevalentHyp;education
18,95,0,1,10,BMI;sysBP;age;totChol;diaBP;glucose;heartRate;cigsPerDay;prevalentHyp;education
18,96,0,0,10,BMI;sysBP;age;totChol;diaBP;glucose;heartRate;cigsPerDay;prevalentHyp;education
18,97,0,1,10,BMI;sysBP;age;totChol;diaBP;glucose;heartRate;cigsPerDay;prevalentHyp;education
18,98,0,0,10,BMI;sysBP;age;totChol;diaBP;glucose;heartRate;cigsPerDay;prevalentHyp;education
18,99,1,0,10,BMI;sysBP;age;totChol;diaBP;glucose;heartRate;cigsPerDay;prevalentHyp;education
18,100,0,0,10,BMI;sysBP;age;totChol;diaBP;glucose;heartRate;cigsPerDay;prevalentHyp;education
18,101,1,0,10,BMI;sysBP;age;totChol;diaBP;glucose;heartRate;cigsPerDay;prevalentHyp;education
18,102,1,0,10,BMI;sysBP;age;totChol;diaBP;glucose;heartRate;cigsPerDay;prevalentHyp;education
18,103,1,1,10,BMI;sysBP;age;totChol;diaBP;glucose;heartRate;cigsPerDay;prevalentHyp;education
18,104,1,1,10,BMI;sysBP;age;totChol;diaBP;glucose;heartRate;cigsPerDay;prevalentHyp;education
18,105,1,1,10,BMI;sysBP;age;totChol;diaBP;glucose;heartRate;cigsPerDay;prevalentHyp;education
18,106,1,1,10,BMI;sysBP;age;totChol;diaBP;glucose;heartRate;cigsPerDay;prevalentHyp;education
18,107,1,1,10,BMI;sysBP;age;totChol;diaBP;glucose;heartRate;cigsPerDay;prevalentHyp;education
18,108,0,0,10,BMI;sysBP;age;totChol;diaBP;glucose;heartRate;cigsPerDay;prevalentHyp;education
18,109,0,1,10,BMI;sysBP;age;totChol;diaBP;glucose;heartRate;cigsPerDay;prevalentHyp;education
18,110,1,1,10,BMI;sysBP;age;totChol;diaBP;glucose;heartRate;cigsPerDay;prevalentHyp;education
18,111,0,1,10,BMI;sysBP;age;totChol;diaBP;glucose;heartRate;cigsPerDay;prevalentHyp;education
18,112,0,0,10,BMI;sysBP;age;totChol;diaBP;glucose;heartRate;cigsPerDay;prevalentHyp;education
18,113,0,1,10,BMI;sysBP;age;totChol;diaBP;glucose;heartRate;cigsPerDay;prevalentHyp;education
18,114,0,0,10,BMI;sysBP;age;totChol;diaBP;glucose;heartRate;cigsPerDay;prevalentHyp;education
18,115,1,1,10,BMI;sysBP;age;totChol;diaBP;glucose;heartRate;cigsPerDay;prevalentHyp;education
18,116,1,1,10,BMI;sysBP;age;totChol;diaBP;glucose;heartRate;cigsPerDay;prevalentHyp;education
18,117,0,1,10,BMI;sysBP;age;totChol;diaBP;glucose;heartRate;cigsPerDay;prevalentHyp;education
18,118,0,1,10,BMI;sysBP;age;totChol;diaBP;glucose;heartRate;cigsPerDay;prevalentHyp;education
18,119,0,0,10,BMI;sysBP;age;totChol;diaBP;glucose;heartRate;cigsPerDay;prevalentHyp;education
18,120,1,1,10,BMI;sysBP;age;totChol;diaBP;glucose;heartRate;cigsPerDay;prevalentHyp;education
18,121,1,1,10,BMI;sysBP;age;totChol;diaBP;glucose;heartRate;cigsPerDay;prevalentHyp;education
18,122,1,1,10,BMI;sysBP;age;totChol;diaBP;glucose;heartRate;cigsPerDay;prevalentHyp;education
18,123,0,0,10,BMI;sysBP;age;totChol;diaBP;glucose;heartRate;cigsPerDay;prevalentHyp;education
18,124,1,0,10,BMI;sysBP;age;totChol;diaBP;glucose;heartRate;cigsPerDay;prevalentHyp;education
18,125,1,0,10,BMI;sysBP;age;totChol;diaBP;glucose;heartRate;cigsPerDay;prevalentHyp;education
18,126,0,1,10,BMI;sysBP;age;totChol;diaBP;glucose;heartRate;cigsPerDay;prevalentHyp;education
18,127,0,1,10,BMI;sysBP;age;totChol;diaBP;glucose;heartRate;cigsPerDay;prevalentHyp;education
18,128,1,0,10,BMI;sysBP;age;totChol;diaBP;glucose;heartRate;cigsPerDay;prevalentHyp;education
18,129,0,1,10,BMI;sysBP;age;totChol;diaBP;glucose;heartRate;cigsPerDay;prevalentHyp;education
18,130,0,1,10,BMI;sysBP;age;totChol;diaBP;glucose;heartRate;cigsPerDay;prevalentHyp;education
18,131,1,1,10,BMI;sysBP;age;totChol;diaBP;glucose;heartRate;cigsPerDay;prevalentHyp;education
18,132,0,0,10,BMI;sysBP;age;totChol;diaBP;glucose;heartRate;cigsPerDay;prevalentHyp;education
18,133,1,1,10,BMI;sysBP;age;totChol;diaBP;glucose;heartRate;cigsPerDay;prevalentHyp;education
18,134,1,0,10,BMI;sysBP;age;totChol;diaBP;glucose;heartRate;cigsPerDay;prevalentHyp;education
18,135,1,1,10,BMI;sysBP;age;totChol;diaBP;glucose;heartRate;cigsPerDay;prevalentHyp;education
18,136,0,1,10,BMI;sysBP;age;totChol;diaBP;glucose;heartRate;cigsPerDay;prevalentHyp;education
18,137,0,1,10,BMI;sysBP;age;totChol;diaBP;glucose;heartRate;cigsPerDay;prevalentHyp;education
18,138,0,0,10,BMI;sysBP;age;totChol;diaBP;glucose;heartRate;cigsPerDay;prevalentHyp;education
18,139,0,0,10,BMI;sysBP;age;totChol;diaBP;glucose;heartRate;cigsPerDay;prevalentHyp;education
18,140,1,1,10,BMI;sysBP;age;totChol;diaBP;glucose;heartRate;cigsPerDay;prevalentHyp;education
18,141,1,1,10,BMI;sysBP;age;totChol;diaBP;glucose;heartRate;cigsPerDay;prevalentHyp;education
18,142,0,1,10,BMI;sysBP;age;totChol;diaBP;glucose;heartRate;cigsPerDay;prevalentHyp;education
18,143,1,1,10,BMI;sysBP;age;totChol;diaBP;glucose;heartRate;cigsPerDay;prevalentHyp;education
18,144,1,1,10,BMI;sysBP;age;totChol;diaBP;glucose;heartRate;cigsPerDay;prevalentHyp;education
18,145,0,0,10,BMI;sysBP;age;totChol;diaBP;glucose;heartRate;cigsPerDay;prevalentHyp;education
18,146,1,1,10,BMI;sysBP;age;totChol;diaBP;glucose;heartRate;cigsPerDay;prevalentHyp;education
18,147,1,0,10,BMI;sysBP;age;totChol;diaBP;glucose;heartRate;cigsPerDay;prevalentHyp;education
18,148,1,1,10,BMI;sysBP;age;totChol;diaBP;glucose;heartRate;cigsPerDay;prevalentHyp;education
18,149,0,0,10,BMI;sysBP;age;totChol;diaBP;glucose;heartRate;cigsPerDay;prevalentHyp;education
18,150,1,1,10,BMI;sysBP;age;totChol;diaBP;glucose;heartRate;cigsPerDay;prevalentHyp;education
18,151,0,0,10,BMI;sysBP;age;totChol;diaBP;glucose;heartRate;cigsPerDay;prevalentHyp;education
18,152,0,0,10,BMI;sysBP;age;totChol;diaBP;glucose;heartRate;cigsPerDay;prevalentHyp;education
18,153,1,1,10,BMI;sysBP;age;totChol;diaBP;glucose;heartRate;cigsPerDay;prevalentHyp;education
18,154,1,1,10,BMI;sysBP;age;totChol;diaBP;glucose;heartRate;cigsPerDay;prevalentHyp;education
18,155,1,0,10,BMI;sysBP;age;totChol;diaBP;glucose;heartRate;cigsPerDay;prevalentHyp;education
18,156,1,0,10,BMI;sysBP;age;totChol;diaBP;glucose;heartRate;cigsPerDay;prevalentHyp;education
18,157,1,1,10,BMI;sysBP;age;totChol;diaBP;glucose;heartRate;cigsPerDay;prevalentHyp;education
18,158,0,1,10,BMI;sysBP;age;totChol;diaBP;glucose;heartRate;cigsPerDay;prevalentHyp;education
18,159,0,0,10,BMI;sysBP;age;totChol;diaBP;glucose;heartRate;cigsPerDay;prevalentHyp;education
18,160,0,1,10,BMI;sysBP;age;totChol;diaBP;glucose;heartRate;cigsPerDay;prevalentHyp;education
18,161,0,0,10,BMI;sysBP;age;totChol;diaBP;glucose;heartRate;cigsPerDay;prevalentHyp;education
18,162,0,0,10,BMI;sysBP;age;totChol;diaBP;glucose;heartRate;cigsPerDay;prevalentHyp;education
18,163,1,1,10,BMI;sysBP;age;totChol;diaBP;glucose;heartRate;cigsPerDay;prevalentHyp;education
18,164,0,1,10,BMI;sysBP;age;totChol;diaBP;glucose;heartRate;cigsPerDay;prevalentHyp;education
18,165,1,1,10,BMI;sysBP;age;totChol;diaBP;glucose;heartRate;cigsPerDay;prevalentHyp;education
18,166,0,1,10,BMI;sysBP;age;totChol;diaBP;glucose;heartRate;cigsPerDay;prevalentHyp;education
18,167,1,0,10,BMI;sysBP;age;totChol;diaBP;glucose;heartRate;cigsPerDay;prevalentHyp;education
18,168,1,0,10,BMI;sysBP;age;totChol;diaBP;glucose;heartRate;cigsPerDay;prevalentHyp;education
18,169,0,0,10,BMI;sysBP;age;totChol;diaBP;glucose;heartRate;cigsPerDay;prevalentHyp;education
18,170,1,0,10,BMI;sysBP;age;totChol;diaBP;glucose;heartRate;cigsPerDay;prevalentHyp;education
18,171,1,0,10,BMI;sysBP;age;totChol;diaBP;glucose;heartRate;cigsPerDay;prevalentHyp;education
18,172,1,0,10,BMI;sysBP;age;totChol;diaBP;glucose;heartRate;cigsPerDay;prevalentHyp;education
18,173,1,0,10,BMI;sysBP;age;totChol;diaBP;glucose;heartRate;cigsPerDay;prevalentHyp;education
18,174,1,1,10,BMI;sysBP;age;totChol;diaBP;glucose;heartRate;cigsPerDay;prevalentHyp;education
18,175,0,1,10,BMI;sysBP;age;totChol;diaBP;glucose;heartRate;cigsPerDay;prevalentHyp;education
18,176,1,1,10,BMI;sysBP;age;totChol;diaBP;glucose;heartRate;cigsPerDay;prevalentHyp;education
18,177,0,1,10,BMI;sysBP;age;totChol;diaBP;glucose;heartRate;cigsPerDay;prevalentHyp;education
18,178,1,0,10,BMI;sysBP;age;totChol;diaBP;glucose;heartRate;cigsPerDay;prevalentHyp;education
18,179,1,1,10,BMI;sysBP;age;totChol;diaBP;glucose;heartRate;cigsPerDay;prevalentHyp;education
18,180,1,1,10,BMI;sysBP;age;totChol;diaBP;glucose;heartRate;cigsPerDay;prevalentHyp;education
18,181,1,1,10,BMI;sysBP;age;totChol;diaBP;glucose;heartRate;cigsPerDay;prevalentHyp;education
18,182,1,0,10,BMI;sysBP;age;totChol;diaBP;glucose;heartRate;cigsPerDay;prevalentHyp;education
18,183,1,0,10,BMI;sysBP;age;totChol;diaBP;glucose;heartRate;cigsPerDay;prevalentHyp;education
18,184,1,1,10,BMI;sysBP;age;totChol;diaBP;glucose;heartRate;cigsPerDay;prevalentHyp;education
18,185,1,1,10,BMI;sysBP;age;totChol;diaBP;glucose;heartRate;cigsPerDay;prevalentHyp;education
18,186,0,0,10,BMI;sysBP;age;totChol;diaBP;glucose;heartRate;cigsPerDay;prevalentHyp;education
18,187,0,1,10,BMI;sysBP;age;totChol;diaBP;glucose;heartRate;cigsPerDay;prevalentHyp;education
18,188,0,1,10,BMI;sysBP;age;totChol;diaBP;glucose;heartRate;cigsPerDay;prevalentHyp;education
18,189,1,0,10,BMI;sysBP;age;totChol;diaBP;glucose;heartRate;cigsPerDay;prevalentHyp;education
18,190,1,1,10,BMI;sysBP;age;totChol;diaBP;glucose;heartRate;cigsPerDay;prevalentHyp;education
18,191,1,1,10,BMI;sysBP;age;totChol;diaBP;glucose;heartRate;cigsPerDay;prevalentHyp;education
18,192,0,1,10,BMI;sysBP;age;totChol;diaBP;glucose;heartRate;cigsPerDay;prevalentHyp;education
18,193,1,1,10,BMI;sysBP;age;totChol;diaBP;glucose;heartRate;cigsPerDay;prevalentHyp;education
18,194,0,0,10,BMI;sysBP;age;totChol;diaBP;glucose;heartRate;cigsPerDay;prevalentHyp;education
18,195,0,1,10,BMI;sysBP;age;totChol;diaBP;glucose;heartRate;cigsPerDay;prevalentHyp;education
18,196,0,1,10,BMI;sysBP;age;totChol;diaBP;glucose;heartRate;cigsPerDay;prevalentHyp;education
18,197,0,0,10,BMI;sysBP;age;totChol;diaBP;glucose;heartRate;cigsPerDay;prevalentHyp;education
18,198,0,1,10,BMI;sysBP;age;totChol;diaBP;glucose;heartRate;cigsPerDay;prevalentHyp;education
18,199,0,1,10,BMI;sysBP;age;totChol;diaBP;glucose;heartRate;cigsPerDay;prevalentHyp;education
18,200,1,1,10,BMI;sysBP;age;totChol;diaBP;glucose;heartRate;cigsPerDay;prevalentHyp;education
18,201,0,1,10,BMI;sysBP;age;totChol;diaBP;glucose;heartRate;cigsPerDay;prevalentHyp;education
18,202,0,0,10,BMI;sysBP;age;totChol;diaBP;glucose;heartRate;cigsPerDay;prevalentHyp;education
18,203,0,0,10,BMI;sysBP;age;totChol;diaBP;glucose;heartRate;cigsPerDay;prevalentHyp;education
18,204,0,0,10,BMI;sysBP;age;totChol;diaBP;glucose;heartRate;cigsPerDay;prevalentHyp;education
18,205,1,1,10,BMI;sysBP;age;totChol;diaBP;glucose;heartRate;cigsPerDay;prevalentHyp;education
18,206,1,0,10,BMI;sysBP;age;totChol;diaBP;glucose;heartRate;cigsPerDay;prevalentHyp;education
18,207,1,1,10,BMI;sysBP;age;totChol;diaBP;glucose;heartRate;cigsPerDay;prevalentHyp;education
18,208,0,0,10,BMI;sysBP;age;totChol;diaBP;glucose;heartRate;cigsPerDay;prevalentHyp;education
18,209,1,1,10,BMI;sysBP;age;totChol;diaBP;glucose;heartRate;cigsPerDay;prevalentHyp;education
18,210,0,0,10,BMI;sysBP;age;totChol;diaBP;glucose;heartRate;cigsPerDay;prevalentHyp;education
18,211,1,0,10,BMI;sysBP;age;totChol;diaBP;glucose;heartRate;cigsPerDay;prevalentHyp;education
18,212,1,1,10,BMI;sysBP;age;totChol;diaBP;glucose;heartRate;cigsPerDay;prevalentHyp;education
18,213,0,1,10,BMI;sysBP;age;totChol;diaBP;glucose;heartRate;cigsPerDay;prevalentHyp;education
18,214,0,1,10,BMI;sysBP;age;totChol;diaBP;glucose;heartRate;cigsPerDay;prevalentHyp;education
18,215,1,0,10,BMI;sysBP;age;totChol;diaBP;glucose;heartRate;cigsPerDay;prevalentHyp;education
18,216,0,1,10,BMI;sysBP;age;totChol;diaBP;glucose;heartRate;cigsPerDay;prevalentHyp;education
18,217,0,0,10,BMI;sysBP;age;totChol;diaBP;glucose;heartRate;cigsPerDay;prevalentHyp;education
18,218,0,1,10,BMI;sysBP;age;totChol;diaBP;glucose;heartRate;cigsPerDay;prevalentHyp;education
18,219,0,1,10,BMI;sysBP;age;totChol;diaBP;glucose;heartRate;cigsPerDay;prevalentHyp;education
18,220,0,1,10,BMI;sysBP;age;totChol;diaBP;glucose;heartRate;cigsPerDay;prevalentHyp;education
18,221,1,1,10,BMI;sysBP;age;totChol;diaBP;glucose;heartRate;cigsPerDay;prevalentHyp;education
18,222,0,0,10,BMI;sysBP;age;totChol;diaBP;glucose;heartRate;cigsPerDay;prevalentHyp;education
18,223,1,1,10,BMI;sysBP;age;totChol;diaBP;glucose;heartRate;cigsPerDay;prevalentHyp;education
18,224,1,0,10,BMI;sysBP;age;totChol;diaBP;glucose;heartRate;cigsPerDay;prevalentHyp;education
18,225,1,1,10,BMI;sysBP;age;totChol;diaBP;glucose;heartRate;cigsPerDay;prevalentHyp;education
18,226,1,1,10,BMI;sysBP;age;totChol;diaBP;glucose;heartRate;cigsPerDay;prevalentHyp;education
18,227,0,1,10,BMI;sysBP;age;totChol;diaBP;glucose;heartRate;cigsPerDay;prevalentHyp;education
18,228,1,1,10,BMI;sysBP;age;totChol;diaBP;glucose;heartRate;cigsPerDay;prevalentHyp;education
18,229,0,0,10,BMI;sysBP;age;totChol;diaBP;glucose;heartRate;cigsPerDay;prevalentHyp;education
18,230,1,1,10,BMI;sysBP;age;totChol;diaBP;glucose;heartRate;cigsPerDay;prevalentHyp;education
18,231,0,0,10,BMI;sysBP;age;totChol;diaBP;glucose;heartRate;cigsPerDay;prevalentHyp;education
18,232,0,0,10,BMI;sysBP;age;totChol;diaBP;glucose;heartRate;cigsPerDay;prevalentHyp;education
18,233,1,1,10,BMI;sysBP;age;totChol;diaBP;glucose;heartRate;cigsPerDay;prevalentHyp;education
18,234,1,0,10,BMI;sysBP;age;totChol;diaBP;glucose;heartRate;cigsPerDay;prevalentHyp;education
18,235,0,1,10,BMI;sysBP;age;totChol;diaBP;glucose;heartRate;cigsPerDay;prevalentHyp;education
18,236,0,0,10,BMI;sysBP;age;totChol;diaBP;glucose;heartRate;cigsPerDay;prevalentHyp;education
18,237,0,1,10,BMI;sysBP;age;totChol;diaBP;glucose;heartRate;cigsPerDay;prevalentHyp;education
18,238,0,0,10,BMI;sysBP;age;totChol;diaBP;glucose;heartRate;cigsPerDay;prevalentHyp;education
18,239,0,1,10,BMI;sysBP;age;totChol;diaBP;glucose;heartRate;cigsPerDay;prevalentHyp;education
18,240,0,1,10,BMI;sysBP;age;totChol;diaBP;glucose;heartRate;cigsPerDay;prevalentHyp;education
18,241,1,1,10,BMI;sysBP;age;totChol;diaBP;glucose;heartRate;cigsPerDay;prevalentHyp;education
18,242,1,0,10,BMI;sysBP;age;totChol;diaBP;glucose;heartRate;cigsPerDay;prevalentHyp;education
18,243,0,1,10,BMI;sysBP;age;totChol;diaBP;glucose;heartRate;cigsPerDay;prevalentHyp;education
18,244,1,1,10,BMI;sysBP;age;totChol;diaBP;glucose;heartRate;cigsPerDay;prevalentHyp;education
18,245,1,1,10,BMI;sysBP;age;totChol;diaBP;glucose;heartRate;cigsPerDay;prevalentHyp;education
18,246,0,0,10,BMI;sysBP;age;totChol;diaBP;glucose;heartRate;cigsPerDay;prevalentHyp;education
18,247,1,0,10,BMI;sysBP;age;totChol;diaBP;glucose;heartRate;cigsPerDay;prevalentHyp;education
18,248,0,1,10,BMI;sysBP;age;totChol;diaBP;glucose;heartRate;cigsPerDay;prevalentHyp;education
18,249,0,0,10,BMI;sysBP;age;totChol;diaBP;glucose;heartRate;cigsPerDay;prevalentHyp;education
18,250,1,1,10,BMI;sysBP;age;totChol;diaBP;glucose;heartRate;cigsPerDay;prevalentHyp;education
18,251,0,0,10,BMI;sysBP;age;totChol;diaBP;glucose;heartRate;cigsPerDay;prevalentHyp;education
18,252,1,0,10,BMI;sysBP;age;totChol;diaBP;glucose;heartRate;cigsPerDay;prevalentHyp;education
18,253,0,0,10,BMI;sysBP;age;totChol;diaBP;glucose;heartRate;cigsPerDay;prevalentHyp;education
18,254,1,1,10,BMI;sysBP;age;totChol;diaBP;glucose;heartRate;cigsPerDay;prevalentHyp;education
18,255,0,0,10,BMI;sysBP;age;totChol;diaBP;glucose;heartRate;cigsPerDay;prevalentHyp;education
18,256,1,0,10,BMI;sysBP;age;totChol;diaBP;glucose;heartRate;cigsPerDay;prevalentHyp;education
18,257,1,1,10,BMI;sysBP;age;totChol;diaBP;glucose;heartRate;cigsPerDay;prevalentHyp;education
18,258,0,1,10,BMI;sysBP;age;totChol;diaBP;glucose;heartRate;cigsPerDay;prevalentHyp;education
18,259,1,1,10,BMI;sysBP;age;totChol;diaBP;glucose;heartRate;cigsPerDay;prevalentHyp;education
18,260,1,0,10,BMI;sysBP;age;totChol;diaBP;glucose;heartRate;cigsPerDay;prevalentHyp;education
18,261,1,1,10,BMI;sysBP;age;totChol;diaBP;glucose;heartRate;cigsPerDay;prevalentHyp;education
18,262,1,1,10,BMI;sysBP;age;totChol;diaBP;glucose;heartRate;cigsPerDay;prevalentHyp;education
18,263,1,1,10,BMI;sysBP;age;totChol;diaBP;glucose;heartRate;cigsPerDay;prevalentHyp;education
18,264,1,1,10,BMI;sysBP;age;totChol;diaBP;glucose;heartRate;cigsPerDay;prevalentHyp;education
18,265,1,0,10,BMI;sysBP;age;totChol;diaBP;glucose;heartRate;cigsPerDay;prevalentHyp;education
18,266,0,0,10,BMI;sysBP;age;totChol;diaBP;glucose;heartRate;cigsPerDay;prevalentHyp;education
18,267,0,1,10,BMI;sysBP;age;totChol;diaBP;glucose;heartRate;cigsPerDay;prevalentHyp;education
18,268,0,1,10,BMI;sysBP;age;totChol;diaBP;glucose;heartRate;cigsPerDay;prevalentHyp;education
18,269,1,1,10,BMI;sysBP;age;totChol;diaBP;glucose;heartRate;cigsPerDay;prevalentHyp;education
18,270,1,1,10,BMI;sysBP;age;totChol;diaBP;glucose;heartRate;cigsPerDay;prevalentHyp;education
18,271,0,0,10,BMI;sysBP;age;totChol;diaBP;glucose;heartRate;cigsPerDay;prevalentHyp;education
18,272,0,0,10,BMI;sysBP;age;totChol;diaBP;glucose;heartRate;cigsPerDay;prevalentHyp;education
18,273,0,1,10,BMI;sysBP;age;totChol;diaBP;glucose;heartRate;cigsPerDay;prevalentHyp;education
18,274,1,1,10,BMI;sysBP;age;totChol;diaBP;glucose;heartRate;cigsPerDay;prevalentHyp;education
18,275,1,1,10,BMI;sysBP;age;totChol;diaBP;glucose;heartRate;cigsPerDay;prevalentHyp;education
18,276,0,1,10,BMI;sysBP;age;totChol;diaBP;glucose;heartRate;cigsPerDay;prevalentHyp;education
18,277,0,1,10,BMI;sysBP;age;totChol;diaBP;glucose;heartRate;cigsPerDay;prevalentHyp;education
18,278,0,0,10,BMI;sysBP;age;totChol;diaBP;glucose;heartRate;cigsPerDay;prevalentHyp;education
18,279,0,1,10,BMI;sysBP;age;totChol;diaBP;glucose;heartRate;cigsPerDay;prevalentHyp;education
18,280,1,1,10,BMI;sysBP;age;totChol;diaBP;glucose;heartRate;cigsPerDay;prevalentHyp;education
18,281,0,1,10,BMI;sysBP;age;totChol;diaBP;glucose;heartRate;cigsPerDay;prevalentHyp;education
18,282,0,1,10,BMI;sysBP;age;totChol;diaBP;glucose;heartRate;cigsPerDay;prevalentHyp;education
18,283,1,1,10,BMI;sysBP;age;totChol;diaBP;glucose;heartRate;cigsPerDay;prevalentHyp;education
18,284,0,0,10,BMI;sysBP;age;totChol;diaBP;glucose;heartRate;cigsPerDay;prevalentHyp;education
18,285,0,0,10,BMI;sysBP;age;totChol;diaBP;glucose;heartRate;cigsPerDay;prevalentHyp;education
18,286,0,1,10,BMI;sysBP;age;totChol;diaBP;glucose;heartRate;cigsPerDay;prevalentHyp;education
18,287,1,1,10,BMI;sysBP;age;totChol;diaBP;glucose;heartRate;cigsPerDay;prevalentHyp;education
18,288,1,0,10,BMI;sysBP;age;totChol;diaBP;glucose;heartRate;cigsPerDay;prevalentHyp;education
18,289,0,0,10,BMI;sysBP;age;totChol;diaBP;glucose;heartRate;cigsPerDay;prevalentHyp;education
18,290,1,1,10,BMI;sysBP;age;totChol;diaBP;glucose;heartRate;cigsPerDay;prevalentHyp;education
18,291,1,1,10,BMI;sysBP;age;totChol;diaBP;glucose;heartRate;cigsPerDay;prevalentHyp;education
18,292,1,1,10,BMI;sysBP;age;totChol;diaBP;glucose;heartRate;cigsPerDay;prevalentHyp;education
18,293,0,1,10,BMI;sysBP;age;totChol;diaBP;glucose;heartRate;cigsPerDay;prevalentHyp;education
18,294,0,0,10,BMI;sysBP;age;totChol;diaBP;glucose;heartRate;cigsPerDay;prevalentHyp;education
18,295,0,1,10,BMI;sysBP;age;totChol;diaBP;glucose;heartRate;cigsPerDay;prevalentHyp;education
18,296,1,0,10,BMI;sysBP;age;totChol;diaBP;glucose;heartRate;cigsPerDay;prevalentHyp;education
18,297,0,0,10,BMI;sysBP;age;totChol;diaBP;glucose;heartRate;cigsPerDay;prevalentHyp;education
18,298,0,0,10,BMI;sysBP;age;totChol;diaBP;glucose;heartRate;cigsPerDay;prevalentHyp;education
18,299,0,1,10,BMI;sysBP;age;totChol;diaBP;glucose;heartRate;cigsPerDay;prevalentHyp;education
18,300,0,0,10,BMI;sysBP;age;totChol;diaBP;glucose;heartRate;cigsPerDay;prevalentHyp;education
18,301,1,1,10,BMI;sysBP;age;totChol;diaBP;glucose;heartRate;cigsPerDay;prevalentHyp;education
18,302,0,0,10,BMI;sysBP;age;totChol;diaBP;glucose;heartRate;cigsPerDay;prevalentHyp;education
18,303,1,0,10,BMI;sysBP;age;totChol;diaBP;glucose;heartRate;cigsPerDay;prevalentHyp;education
18,304,1,1,10,BMI;sysBP;age;totChol;diaBP;glucose;heartRate;cigsPerDay;prevalentHyp;education
18,305,1,1,10,BMI;sysBP;age;totChol;diaBP;glucose;heartRate;cigsPerDay;prevalentHyp;education
18,306,1,0,10,BMI;sysBP;age;totChol;diaBP;glucose;heartRate;cigsPerDay;prevalentHyp;education
18,307,1,0,10,BMI;sysBP;age;totChol;diaBP;glucose;heartRate;cigsPerDay;prevalentHyp;education
18,308,1,1,10,BMI;sysBP;age;totChol;diaBP;glucose;heartRate;cigsPerDay;prevalentHyp;education
18,309,0,1,10,BMI;sysBP;age;totChol;diaBP;glucose;heartRate;cigsPerDay;prevalentHyp;education
18,310,1,0,10,BMI;sysBP;age;totChol;diaBP;glucose;heartRate;cigsPerDay;prevalentHyp;education
18,311,1,1,10,BMI;sysBP;age;totChol;diaBP;glucose;heartRate;cigsPerDay;prevalentHyp;education
18,312,1,0,10,BMI;sysBP;age;totChol;diaBP;glucose;heartRate;cigsPerDay;prevalentHyp;education
18,313,0,1,10,BMI;sysBP;age;totChol;diaBP;glucose;heartRate;cigsPerDay;prevalentHyp;education
18,314,0,1,10,BMI;sysBP;age;totChol;diaBP;glucose;heartRate;cigsPerDay;prevalentHyp;education
18,315,0,0,10,BMI;sysBP;age;totChol;diaBP;glucose;heartRate;cigsPerDay;prevalentHyp;education
18,316,0,1,10,BMI;sysBP;age;totChol;diaBP;glucose;heartRate;cigsPerDay;prevalentHyp;education
18,317,0,0,10,BMI;sysBP;age;totChol;diaBP;glucose;heartRate;cigsPerDay;prevalentHyp;education
18,318,0,0,10,BMI;sysBP;age;totChol;diaBP;glucose;heartRate;cigsPerDay;prevalentHyp;education
18,319,0,1,10,BMI;sysBP;age;totChol;diaBP;glucose;heartRate;cigsPerDay;prevalentHyp;education
18,320,0,1,10,BMI;sysBP;age;totChol;diaBP;glucose;heartRate;cigsPerDay;prevalentHyp;education
18,321,0,1,10,BMI;sysBP;age;totChol;diaBP;glucose;heartRate;cigsPerDay;prevalentHyp;education
18,322,0,1,10,BMI;sysBP;age;totChol;diaBP;glucose;heartRate;cigsPerDay;prevalentHyp;education
18,323,0,1,10,BMI;sysBP;age;totChol;diaBP;glucose;heartRate;cigsPerDay;prevalentHyp;education
18,324,0,0,10,BMI;sysBP;age;totChol;diaBP;glucose;heartRate;cigsPerDay;prevalentHyp;education
18,325,0,1,10,BMI;sysBP;age;totChol;diaBP;glucose;heartRate;cigsPerDay;prevalentHyp;education
18,326,0,0,10,BMI;sysBP;age;totChol;diaBP;glucose;heartRate;cigsPerDay;prevalentHyp;education
18,327,0,0,10,BMI;sysBP;age;totChol;diaBP;glucose;heartRate;cigsPerDay;prevalentHyp;education
18,328,0,0,10,BMI;sysBP;age;totChol;diaBP;glucose;heartRate;cigsPerDay;prevalentHyp;education
18,329,1,1,10,BMI;sysBP;age;totChol;diaBP;glucose;heartRate;cigsPerDay;prevalentHyp;education
18,330,1,0,10,BMI;sysBP;age;totChol;diaBP;glucose;heartRate;cigsPerDay;prevalentHyp;education
18,331,0,1,10,BMI;sysBP;age;totChol;diaBP;glucose;heartRate;cigsPerDay;prevalentHyp;education
18,332,1,1,10,BMI;sysBP;age;totChol;diaBP;glucose;heartRate;cigsPerDay;prevalentHyp;education
18,333,0,0,10,BMI;sysBP;age;totChol;diaBP;glucose;heartRate;cigsPerDay;prevalentHyp;education
18,334,0,1,10,BMI;sysBP;age;totChol;diaBP;glucose;heartRate;cigsPerDay;prevalentHyp;education
18,335,1,0,10,BMI;sysBP;age;totChol;diaBP;glucose;heartRate;cigsPerDay;prevalentHyp;education
18,336,1,1,10,BMI;sysBP;age;totChol;diaBP;glucose;heartRate;cigsPerDay;prevalentHyp;education
18,337,1,1,10,BMI;sysBP;age;totChol;diaBP;glucose;heartRate;cigsPerDay;prevalentHyp;education
18,338,1,1,10,BMI;sysBP;age;totChol;diaBP;glucose;heartRate;cigsPerDay;prevalentHyp;education
18,339,1,1,10,BMI;sysBP;age;totChol;diaBP;glucose;heartRate;cigsPerDay;prevalentHyp;education
18,340,0,1,10,BMI;sysBP;age;totChol;diaBP;glucose;heartRate;cigsPerDay;prevalentHyp;education
18,341,1,1,10,BMI;sysBP;age;totChol;diaBP;glucose;heartRate;cigsPerDay;prevalentHyp;education
18,342,0,1,10,BMI;sysBP;age;totChol;diaBP;glucose;heartRate;cigsPerDay;prevalentHyp;education
18,343,1,0,10,BMI;sysBP;age;totChol;diaBP;glucose;heartRate;cigsPerDay;prevalentHyp;education
18,344,0,1,10,BMI;sysBP;age;totChol;diaBP;glucose;heartRate;cigsPerDay;prevalentHyp;education
18,345,1,0,10,BMI;sysBP;age;totChol;diaBP;glucose;heartRate;cigsPerDay;prevalentHyp;education
18,346,0,0,10,BMI;sysBP;age;totChol;diaBP;glucose;heartRate;cigsPerDay;prevalentHyp;education
18,347,0,0,10,BMI;sysBP;age;totChol;diaBP;glucose;heartRate;cigsPerDay;prevalentHyp;education
18,348,0,0,10,BMI;sysBP;age;totChol;diaBP;glucose;heartRate;cigsPerDay;prevalentHyp;education
18,349,1,0,10,BMI;sysBP;age;totChol;diaBP;glucose;heartRate;cigsPerDay;prevalentHyp;education
18,350,0,0,10,BMI;sysBP;age;totChol;diaBP;glucose;heartRate;cigsPerDay;prevalentHyp;education
18,351,1,0,10,BMI;sysBP;age;totChol;diaBP;glucose;heartRate;cigsPerDay;prevalentHyp;education
18,352,0,1,10,BMI;sysBP;age;totChol;diaBP;glucose;heartRate;cigsPerDay;prevalentHyp;education
18,353,1,1,10,BMI;sysBP;age;totChol;diaBP;glucose;heartRate;cigsPerDay;prevalentHyp;education
18,354,0,0,10,BMI;sysBP;age;totChol;diaBP;glucose;heartRate;cigsPerDay;prevalentHyp;education
18,355,0,1,10,BMI;sysBP;age;totChol;diaBP;glucose;heartRate;cigsPerDay;prevalentHyp;education
18,356,1,1,10,BMI;sysBP;age;totChol;diaBP;glucose;heartRate;cigsPerDay;prevalentHyp;education
18,357,0,0,10,BMI;sysBP;age;totChol;diaBP;glucose;heartRate;cigsPerDay;prevalentHyp;education
18,358,0,1,10,BMI;sysBP;age;totChol;diaBP;glucose;heartRate;cigsPerDay;prevalentHyp;education
18,359,0,0,10,BMI;sysBP;age;totChol;diaBP;glucose;heartRate;cigsPerDay;prevalentHyp;education
18,360,0,0,10,BMI;sysBP;age;totChol;diaBP;glucose;heartRate;cigsPerDay;prevalentHyp;education
18,361,1,1,10,BMI;sysBP;age;totChol;diaBP;glucose;heartRate;cigsPerDay;prevalentHyp;education
18,362,1,1,10,BMI;sysBP;age;totChol;diaBP;glucose;heartRate;cigsPerDay;prevalentHyp;education
18,363,1,1,10,BMI;sysBP;age;totChol;diaBP;glucose;heartRate;cigsPerDay;prevalentHyp;education
18,364,1,1,10,BMI;sysBP;age;totChol;diaBP;glucose;heartRate;cigsPerDay;prevalentHyp;education
18,365,0,1,10,BMI;sysBP;age;totChol;diaBP;glucose;heartRate;cigsPerDay;prevalentHyp;education
18,366,1,0,10,BMI;sysBP;age;totChol;diaBP;glucose;heartRate;cigsPerDay;prevalentHyp;education
18,367,1,1,10,BMI;sysBP;age;totChol;diaBP;glucose;heartRate;cigsPerDay;prevalentHyp;education
18,368,1,1,10,BMI;sysBP;age;totChol;diaBP;glucose;heartRate;cigsPerDay;prevalentHyp;education
18,369,1,0,10,BMI;sysBP;age;totChol;diaBP;glucose;heartRate;cigsPerDay;prevalentHyp;education
18,370,0,1,10,BMI;sysBP;age;totChol;diaBP;glucose;heartRate;cigsPerDay;prevalentHyp;education
18,371,0,1,10,BMI;sysBP;age;totChol;diaBP;glucose;heartRate;cigsPerDay;prevalentHyp;education
18,372,0,0,10,BMI;sysBP;age;totChol;diaBP;glucose;heartRate;cigsPerDay;prevalentHyp;education
18,373,1,1,10,BMI;sysBP;age;totChol;diaBP;glucose;heartRate;cigsPerDay;prevalentHyp;education
18,374,0,0,10,BMI;sysBP;age;totChol;diaBP;glucose;heartRate;cigsPerDay;prevalentHyp;education
18,375,1,1,10,BMI;sysBP;age;totChol;diaBP;glucose;heartRate;cigsPerDay;prevalentHyp;education
18,376,0,0,10,BMI;sysBP;age;totChol;diaBP;glucose;heartRate;cigsPerDay;prevalentHyp;education
18,377,1,1,10,BMI;sysBP;age;totChol;diaBP;glucose;heartRate;cigsPerDay;prevalentHyp;education
18,378,0,1,10,BMI;sysBP;age;totChol;diaBP;glucose;heartRate;cigsPerDay;prevalentHyp;education
18,379,0,0,10,BMI;sysBP;age;totChol;diaBP;glucose;heartRate;cigsPerDay;prevalentHyp;education
18,380,0,1,10,BMI;sysBP;age;totChol;diaBP;glucose;heartRate;cigsPerDay;prevalentHyp;education
18,381,0,1,10,BMI;sysBP;age;totChol;diaBP;glucose;heartRate;cigsPerDay;prevalentHyp;education
18,382,1,1,10,BMI;sysBP;age;totChol;diaBP;glucose;heartRate;cigsPerDay;prevalentHyp;education
18,383,1,1,10,BMI;sysBP;age;totChol;diaBP;glucose;heartRate;cigsPerDay;prevalentHyp;education
18,384,1,1,10,BMI;sysBP;age;totChol;diaBP;glucose;heartRate;cigsPerDay;prevalentHyp;education
18,385,0,1,10,BMI;sysBP;age;totChol;diaBP;glucose;heartRate;cigsPerDay;prevalentHyp;education
18,386,1,1,10,BMI;sysBP;age;totChol;diaBP;glucose;heartRate;cigsPerDay;prevalentHyp;education
18,387,0,1,10,BMI;sysBP;age;totChol;diaBP;glucose;heartRate;cigsPerDay;prevalentHyp;education
18,388,1,1,10,BMI;sysBP;age;totChol;diaBP;glucose;heartRate;cigsPerDay;prevalentHyp;education
18,389,0,0,10,BMI;sysBP;age;totChol;diaBP;glucose;heartRate;cigsPerDay;prevalentHyp;education
18,390,0,1,10,BMI;sysBP;age;totChol;diaBP;glucose;heartRate;cigsPerDay;prevalentHyp;education
18,391,1,1,10,BMI;sysBP;age;totChol;diaBP;glucose;heartRate;cigsPerDay;prevalentHyp;education
18,392,0,1,10,BMI;sysBP;age;totChol;diaBP;glucose;heartRate;cigsPerDay;prevalentHyp;education
18,393,1,1,10,BMI;sysBP;age;totChol;diaBP;glucose;heartRate;cigsPerDay;prevalentHyp;education
18,394,1,1,10,BMI;sysBP;age;totChol;diaBP;glucose;heartRate;cigsPerDay;prevalentHyp;education
18,395,1,1,10,BMI;sysBP;age;totChol;diaBP;glucose;heartRate;cigsPerDay;prevalentHyp;education
18,396,1,1,10,BMI;sysBP;age;totChol;diaBP;glucose;heartRate;cigsPerDay;prevalentHyp;education
18,397,0,1,10,BMI;sysBP;age;totChol;diaBP;glucose;heartRate;cigsPerDay;prevalentHyp;education
18,398,0,0,10,BMI;sysBP;age;totChol;diaBP;glucose;heartRate;cigsPerDay;prevalentHyp;education
18,399,1,1,10,BMI;sysBP;age;totChol;diaBP;glucose;heartRate;cigsPerDay;prevalentHyp;education
19,0,0,1,10,BMI;sysBP;age;totChol;diaBP;glucose;heartRate;cigsPerDay;prevalentHyp;education
19,1,0,0,10,BMI;sysBP;age;totChol;diaBP;glucose;heartRate;cigsPerDay;prevalentHyp;education
19,2,1,1,10,BMI;sysBP;age;totChol;diaBP;glucose;heartRate;cigsPerDay;prevalentHyp;education
19,3,0,1,10,BMI;sysBP;age;totChol;diaBP;glucose;heartRate;cigsPerDay;prevalentHyp;education
19,4,1,1,10,BMI;sysBP;age;totChol;diaBP;glucose;heartRate;cigsPerDay;prevalentHyp;education
19,5,1,1,10,BMI;sysBP;age;totChol;diaBP;glucose;heartRate;cigsPerDay;prevalentHyp;education
19,6,0,0,10,BMI;sysBP;age;totChol;diaBP;glucose;heartRate;cigsPerDay;prevalentHyp;education
19,7,1,1,10,BMI;sysBP;age;totChol;diaBP;glucose;heartRate;cigsPerDay;prevalentHyp;education
19,8,0,1,10,BMI;sysBP;age;totChol;diaBP;glucose;heartRate;cigsPerDay;prevalentHyp;education
19,9,1,1,10,BMI;sysBP;age;totChol;diaBP;glucose;heartRate;cigsPerDay;prevalentHyp;education
19,10,1,1,10,BMI;sysBP;age;totChol;diaBP;glucose;heartRate;cigsPerDay;prevalentHyp;education
19,11,0,1,10,BMI;sysBP;age;totChol;diaBP;glucose;heartRate;cigsPerDay;prevalentHyp;education
19,12,1,1,10,BMI;sysBP;age;totChol;diaBP;glucose;heartRate;cigsPerDay;prevalentHyp;education
19,13,1,1,10,BMI;sysBP;age;totChol;diaBP;glucose;heartRate;cigsPerDay;prevalentHyp;education
19,14,1,1,10,BMI;sysBP;age;totChol;diaBP;glucose;heartRate;cigsPerDay;prevalentHyp;education
19,15,1,1,10,BMI;sysBP;age;totChol;diaBP;glucose;heartRate;cigsPerDay;prevalentHyp;education
19,16,0,1,10,BMI;sysBP;age;totChol;diaBP;glucose;heartRate;cigsPerDay;prevalentHyp;education
19,17,0,1,10,BMI;sysBP;age;totChol;diaBP;glucose;heartRate;cigsPerDay;prevalentHyp;education
19,18,0,1,10,BMI;sysBP;age;totChol;diaBP;glucose;heartRate;cigsPerDay;prevalentHyp;education
19,19,0,0,10,BMI;sysBP;age;totChol;diaBP;glucose;heartRate;cigsPerDay;prevalentHyp;education
19,20,1,1,10,BMI;sysBP;age;totChol;diaBP;glucose;heartRate;cigsPerDay;prevalentHyp;education
19,21,1,1,10,BMI;sysBP;age;totChol;diaBP;glucose;heartRate;cigsPerDay;prevalentHyp;education
19,22,0,0,10,BMI;sysBP;age;totChol;diaBP;glucose;heartRate;cigsPerDay;prevalentHyp;education
19,23,0,1,10,BMI;sysBP;age;totChol;diaBP;glucose;heartRate;cigsPerDay;prevalentHyp;education
19,24,1,0,10,BMI;sysBP;age;totChol;diaBP;glucose;heartRate;cigsPerDay;prevalentHyp;education
19,25,0,1,10,BMI;sysBP;age;totChol;diaBP;glucose;heartRate;cigsPerDay;prevalentHyp;education
19,26,1,0,10,BMI;sysBP;age;totChol;diaBP;glucose;heartRate;cigsPerDay;prevalentHyp;education
19,27,0,1,10,BMI;sysBP;age;totChol;diaBP;glucose;heartRate;cigsPerDay;prevalentHyp;education
19,28,0,1,10,BMI;sysBP;age;totChol;diaBP;glucose;heartRate;cigsPerDay;prevalentHyp;education
19,29,1,1,10,BMI;sysBP;age;totChol;diaBP;glucose;heartRate;cigsPerDay;prevalentHyp;education
19,30,0,0,10,BMI;sysBP;age;totChol;diaBP;glucose;heartRate;cigsPerDay;prevalentHyp;education
19,31,1,1,10,BMI;sysBP;age;totChol;diaBP;glucose;heartRate;cigsPerDay;prevalentHyp;education
19,32,0,1,10,BMI;sysBP;age;totChol;diaBP;glucose;heartRate;cigsPerDay;prevalentHyp;education
19,33,1,1,10,BMI;sysBP;age;totChol;diaBP;glucose;heartRate;cigsPerDay;prevalentHyp;education
19,34,0,1,10,BMI;sysBP;age;totChol;diaBP;glucose;heartRate;cigsPerDay;prevalentHyp;education
19,35,1,1,10,BMI;sysBP;age;totChol;diaBP;glucose;heartRate;cigsPerDay;prevalentHyp;education
19,36,1,1,10,BMI;sysBP;age;totChol;diaBP;glucose;heartRate;cigsPerDay;prevalentHyp;education
19,37,0,1,10,BMI;sysBP;age;totChol;diaBP;glucose;heartRate;cigsPerDay;prevalentHyp;education
19,38,1,1,10,BMI;sysBP;age;totChol;diaBP;glucose;heartRate;cigsPerDay;prevalentHyp;education
19,39,1,1,10,BMI;sysBP;age;totChol;diaBP;glucose;heartRate;cigsPerDay;prevalentHyp;education
19,40,0,1,10,BMI;sysBP;age;totChol;diaBP;glucose;heartRate;cigsPerDay;prevalentHyp;education
19,41,1,1,10,BMI;sysBP;age;totChol;diaBP;glucose;heartRate;cigsPerDay;prevalentHyp;education
19,42,1,1,10,BMI;sysBP;age;totChol;diaBP;glucose;heartRate;cigsPerDay;prevalentHyp;education
19,43,1,1,10,BMI;sysBP;age;totChol;diaBP;glucose;heartRate;cigsPerDay;prevalentHyp;education
19,44,1,1,10,BMI;sysBP;age;totChol;diaBP;glucose;heartRate;cigsPerDay;prevalentHyp;education
19,45,0,1,10,BMI;sysBP;age;totChol;diaBP;glucose;heartRate;cigsPerDay;prevalentHyp;education
19,46,1,1,10,BMI;sysBP;age;totChol;diaBP;glucose;heartRate;cigsPerDay;prevalentHyp;education
19,47,1,1,10,BMI;sysBP;age;totChol;diaBP;glucose;heartRate;cigsPerDay;prevalentHyp;education
19,48,1,1,10,BMI;sysBP;age;totChol;diaBP;glucose;heartRate;cigsPerDay;prevalentHyp;education
19,49,1,0,10,BMI;sysBP;age;totChol;diaBP;glucose;heartRate;cigsPerDay;prevalentHyp;education
19,50,1,1,10,BMI;sysBP;age;totChol;diaBP;glucose;heartRate;cigsPerDay;prevalentHyp;education
19,51,0,1,10,BMI;sysBP;age;totChol;diaBP;glucose;heartRate;cigsPerDay;prevalentHyp;education
19,52,0,1,10,BMI;sysBP;age;totChol;diaBP;glucose;heartRate;cigsPerDay;prevalentHyp;education
19,53,1,1,10,BMI;sysBP;age;totChol;diaBP;glucose;heartRate;cigsPerDay;prevalentHyp;education
19,54,0,0,10,BMI;sysBP;age;totChol;diaBP;glucose;heartRate;cigsPerDay;prevalentHyp;education
19,55,1,1,10,BMI;sysBP;age;totChol;diaBP;glucose;heartRate;cigsPerDay;prevalentHyp;education
19,56,0,0,10,BMI;sysBP;age;totChol;diaBP;glucose;heartRate;cigsPerDay;prevalentHyp;education
19,57,1,1,10,BMI;sysBP;age;totChol;diaBP;glucose;heartRate;cigsPerDay;prevalentHyp;education
19,58,1,1,10,BMI;sysBP;age;totChol;diaBP;glucose;heartRate;cigsPerDay;prevalentHyp;education
19,59,1,1,10,BMI;sysBP;age;totChol;diaBP;glucose;heartRate;cigsPerDay;prevalentHyp;education
19,60,1,1,10,BMI;sysBP;age;totChol;diaBP;glucose;heartRate;cigsPerDay;prevalentHyp;education
19,61,0,1,10,BMI;sysBP;age;totChol;diaBP;glucose;heartRate;cigsPerDay;prevalentHyp;education
19,62,0,1,10,BMI;sysBP;age;totChol;diaBP;glucose;heartRate;cigsPerDay;prevalentHyp;education
19,63,1,1,10,BMI;sysBP;age;totChol;diaBP;glucose;heartRate;cigsPerDay;prevalentHyp;education
19,64,1,1,10,BMI;sysBP;age;totChol;diaBP;glucose;heartRate;cigsPerDay;prevalentHyp;education
19,65,1,1,10,BMI;sysBP;age;totChol;diaBP;glucose;heartRate;cigsPerDay;prevalentHyp;education
19,66,0,1,10,BMI;sysBP;age;totChol;diaBP;glucose;heartRate;cigsPerDay;prevalentHyp;education
19,67,0,0,10,BMI;sysBP;age;totChol;diaBP;glucose;heartRate;cigsPerDay;prevalentHyp;education
19,68,0,1,10,BMI;sysBP;age;totChol;diaBP;glucose;heartRate;cigsPerDay;prevalentHyp;education
19,69,1,1,10,BMI;sysBP;age;totChol;diaBP;glucose;heartRate;cigsPerDay;prevalentHyp;education
19,70,0,0,10,BMI;sysBP;age;totChol;diaBP;glucose;heartRate;cigsPerDay;prevalentHyp;education
19,71,1,1,10,BMI;sysBP;age;totChol;diaBP;glucose;heartRate;cigsPerDay;prevalentHyp;education
19,72,1,1,10,BMI;sysBP;age;totChol;diaBP;glucose;heartRate;cigsPerDay;prevalentHyp;education
19,73,1,1,10,BMI;sysBP;age;totChol;diaBP;glucose;heartRate;cigsPerDay;prevalentHyp;education
19,74,0,1,10,BMI;sysBP;age;totChol;diaBP;glucose;heartRate;cigsPerDay;prevalentHyp;education
19,75,0,1,10,BMI;sysBP;age;totChol;diaBP;glucose;heartRate;cigsPerDay;prevalentHyp;education
19,76,0,1,10,BMI;sysBP;age;totChol;diaBP;glucose;heartRate;cigsPerDay;prevalentHyp;education
19,77,0,1,10,BMI;sysBP;age;totChol;diaBP;glucose;heartRate;cigsPerDay;prevalentHyp;education
19,78,1,1,10,BMI;sysBP;age;totChol;diaBP;glucose;heartRate;cigsPerDay;prevalentHyp;education
19,79,0,1,10,BMI;sysBP;age;totChol;diaBP;glucose;heartRate;cigsPerDay;prevalentHyp;education
19,80,1,0,10,BMI;sysBP;age;totChol;diaBP;glucose;heartRate;cigsPerDay;prevalentHyp;education
19,81,1,1,10,BMI;sysBP;age;totChol;diaBP;glucose;heartRate;cigsPerDay;prevalentHyp;education
19,82,0,1,10,BMI;sysBP;age;totChol;diaBP;glucose;heartRate;cigsPerDay;prevalentHyp;education
19,83,0,1,10,BMI;sysBP;age;totChol;diaBP;glucose;heartRate;cigsPerDay;prevalentHyp;education
19,84,0,1,10,BMI;sysBP;age;totChol;diaBP;glucose;heartRate;cigsPerDay;prevalentHyp;education
19,85,1,1,10,BMI;sysBP;age;totChol;diaBP;glucose;heartRate;cigsPerDay;prevalentHyp;education
19,86,0,1,10,BMI;sysBP;age;totChol;diaBP;glucose;heartRate;cigsPerDay;prevalentHyp;education
19,87,0,1,10,BMI;sysBP;age;totChol;diaBP;glucose;heartRate;cigsPerDay;prevalentHyp;education
19,88,1,1,10,BMI;sysBP;age;totChol;diaBP;glucose;heartRate;cigsPerDay;prevalentHyp;education
19,89,1,1,10,BMI;sysBP;age;totChol;diaBP;glucose;heartRate;cigsPerDay;prevalentHyp;education
19,90,0,0,10,BMI;sysBP;age;totChol;diaBP;glucose;heartRate;cigsPerDay;prevalentHyp;education
19,91,0,0,10,BMI;sysBP;age;totChol;diaBP;glucose;heartRate;cigsPerDay;prevalentHyp;education
19,92,1,1,10,BMI;sysBP;age;totChol;diaBP;glucose;heartRate;cigsPerDay;prevalentHyp;education
19,93,0,1,10,BMI;sysBP;age;totChol;diaBP;glucose;heartRate;cigsPerDay;prevalentHyp;education
19,94,1,1,10,BMI;sysBP;age;totChol;diaBP;glucose;heartRate;cigsPerDay;prevalentHyp;education
19,95,0,1,10,BMI;sysBP;age;totChol;diaBP;glucose;heartRate;cigsPerDay;prevalentHyp;education
19,96,0,1,10,BMI;sysBP;age;totChol;diaBP;glucose;heartRate;cigsPerDay;prevalentHyp;education
19,97,0,1,10,BMI;sysBP;age;totChol;diaBP;glucose;heartRate;cigsPerDay;prevalentHyp;education
19,98,0,0,10,BMI;sysBP;age;totChol;diaBP;glucose;heartRate;cigsPerDay;prevalentHyp;education
19,99,1,1,10,BMI;sysBP;age;totChol;diaBP;glucose;heartRate;cigsPerDay;prevalentHyp;education
19,100,0,1,10,BMI;sysBP;age;totChol;diaBP;glucose;heartRate;cigsPerDay;prevalentHyp;education
19,101,1,0,10,BMI;sysBP;age;totChol;diaBP;glucose;heartRate;cigsPerDay;prevalentHyp;education
19,102,1,1,10,BMI;sysBP;age;totChol;diaBP;glucose;heartRate;cigsPerDay;prevalentHyp;education
19,103,1,1,10,BMI;sysBP;age;totChol;diaBP;glucose;heartRate;cigsPerDay;prevalentHyp;education
19,104,1,1,10,BMI;sysBP;age;totChol;diaBP;glucose;heartRate;cigsPerDay;prevalentHyp;education
19,105,1,1,10,BMI;sysBP;age;totChol;diaBP;glucose;heartRate;cigsPerDay;prevalentHyp;education
19,106,1,1,10,BMI;sysBP;age;totChol;diaBP;glucose;heartRate;cigsPerDay;prevalentHyp;education
19,107,1,1,10,BMI;sysBP;age;totChol;diaBP;glucose;heartRate;cigsPerDay;prevalentHyp;education
19,108,0,0,10,BMI;sysBP;age;totChol;diaBP;glucose;heartRate;cigsPerDay;prevalentHyp;education
19,109,0,1,10,BMI;sysBP;age;totChol;diaBP;glucose;heartRate;cigsPerDay;prevalentHyp;education
19,110,1,1,10,BMI;sysBP;age;totChol;diaBP;glucose;heartRate;cigsPerDay;prevalentHyp;education
19,111,0,1,10,BMI;sysBP;age;totChol;diaBP;glucose;heartRate;cigsPerDay;prevalentHyp;education
19,112,0,0,10,BMI;sysBP;age;totChol;diaBP;glucose;heartRate;cigsPerDay;prevalentHyp;education
19,113,0,1,10,BMI;sysBP;age;totChol;diaBP;glucose;heartRate;cigsPerDay;prevalentHyp;education
19,114,0,1,10,BMI;sysBP;age;totChol;diaBP;glucose;heartRate;cigsPerDay;prevalentHyp;education
19,115,1,1,10,BMI;sysBP;age;totChol;diaBP;glucose;heartRate;cigsPerDay;prevalentHyp;education
19,116,1,1,10,BMI;sysBP;age;totChol;diaBP;glucose;heartRate;cigsPerDay;prevalentHyp;education
19,117,0,1,10,BMI;sysBP;age;totChol;diaBP;glucose;heartRate;cigsPerDay;prevalentHyp;education
19,118,0,1,10,BMI;sysBP;age;totChol;diaBP;glucose;heartRate;cigsPerDay;prevalentHyp;education
19,119,0,1,10,BMI;sysBP;age;totChol;diaBP;glucose;heartRate;cigsPerDay;prevalentHyp;education
19,120,1,1,10,BMI;sysBP;age;totChol;diaBP;glucose;heartRate;cigsPerDay;prevalentHyp;education
19,121,1,1,10,BMI;sysBP;age;totChol;diaBP;glucose;heartRate;cigsPerDay;prevalentHyp;education
19,122,1,1,10,BMI;sysBP;age;totChol;diaBP;glucose;heartRate;cigsPerDay;prevalentHyp;education
19,123,0,0,10,BMI;sysBP;age;totChol;diaBP;glucose;heartRate;cigsPerDay;prevalentHyp;education
19,124,1,1,10,BMI;sysBP;age;totChol;diaBP;glucose;heartRate;cigsPerDay;prevalentHyp;education
19,125,1,1,10,BMI;sysBP;age;totChol;diaBP;glucose;heartRate;cigsPerDay;prevalentHyp;education
19,126,0,1,10,BMI;sysBP;age;totChol;diaBP;glucose;heartRate;cigsPerDay;prevalentHyp;education
19,127,0,1,10,BMI;sysBP;age;totChol;diaBP;glucose;heartRate;cigsPerDay;prevalentHyp;education
19,128,1,1,10,BMI;sysBP;age;totChol;diaBP;glucose;heartRate;cigsPerDay;prevalentHyp;education
19,129,0,1,10,BMI;sysBP;age;totChol;diaBP;glucose;heartRate;cigsPerDay;prevalentHyp;education
19,130,0,1,10,BMI;sysBP;age;totChol;diaBP;glucose;heartRate;cigsPerDay;prevalentHyp;education
19,131,1,1,10,BMI;sysBP;age;totChol;diaBP;glucose;heartRate;cigsPerDay;prevalentHyp;education
19,132,0,0,10,BMI;sysBP;age;totChol;diaBP;glucose;heartRate;cigsPerDay;prevalentHyp;education
19,133,1,1,10,BMI;sysBP;age;totChol;diaBP;glucose;heartRate;cigsPerDay;prevalentHyp;education
19,134,1,0,10,BMI;sysBP;age;totChol;diaBP;glucose;heartRate;cigsPerDay;prevalentHyp;education
19,135,1,1,10,BMI;sysBP;age;totChol;diaBP;glucose;heartRate;cigsPerDay;prevalentHyp;education
19,136,0,1,10,BMI;sysBP;age;totChol;diaBP;glucose;heartRate;cigsPerDay;prevalentHyp;education
19,137,0,1,10,BMI;sysBP;age;totChol;diaBP;glucose;heartRate;cigsPerDay;prevalentHyp;education
19,138,0,0,10,BMI;sysBP;age;totChol;diaBP;glucose;heartRate;cigsPerDay;prevalentHyp;education
19,139,0,0,10,BMI;sysBP;age;totChol;diaBP;glucose;heartRate;cigsPerDay;prevalentHyp;education
19,140,1,1,10,BMI;sysBP;age;totChol;diaBP;glucose;heartRate;cigsPerDay;prevalentHyp;education
19,141,1,1,10,BMI;sysBP;age;totChol;diaBP;glucose;heartRate;cigsPerDay;prevalentHyp;education
19,142,0,1,10,BMI;sysBP;age;totChol;diaBP;glucose;heartRate;cigsPerDay;prevalentHyp;education
19,143,1,1,10,BMI;sysBP;age;totChol;diaBP;glucose;heartRate;cigsPerDay;prevalentHyp;education
19,144,1,1,10,BMI;sysBP;age;totChol;diaBP;glucose;heartRate;cigsPerDay;prevalentHyp;education
19,145,0,1,10,BMI;sysBP;age;totChol;diaBP;glucose;heartRate;cigsPerDay;prevalentHyp;education
19,146,1,1,10,BMI;sysBP;age;totChol;diaBP;glucose;heartRate;cigsPerDay;prevalentHyp;education
19,147,1,0,10,BMI;sysBP;age;totChol;diaBP;glucose;heartRate;cigsPerDay;prevalentHyp;education
19,148,1,1,10,BMI;sysBP;age;totChol;diaBP;glucose;heartRate;cigsPerDay;prevalentHyp;education
19,149,0,0,10,BMI;sysBP;age;totChol;diaBP;glucose;heartRate;cigsPerDay;prevalentHyp;education
19,150,1,1,10,BMI;sysBP;age;totChol;diaBP;glucose;heartRate;cigsPerDay;prevalentHyp;education
19,151,0,0,10,BMI;sysBP;age;totChol;diaBP;glucose;heartRate;cigsPerDay;prevalentHyp;education
19,152,0,1,10,BMI;sysBP;age;totChol;diaBP;glucose;heartRate;cigsPerDay;prevalentHyp;education
19,153,1,1,10,BMI;sysBP;age;totChol;diaBP;glucose;heartRate;cigsPerDay;prevalentHyp;education
19,154,1,1,10,BMI;sysBP;age;totChol;diaBP;glucose;heartRate;cigsPerDay;prevalentHyp;education
19,155,1,1,10,BMI;sysBP;age;totChol;diaBP;glucose;heartRate;cigsPerDay;prevalentHyp;education
19,156,1,1,10,BMI;sysBP;age;totChol;diaBP;glucose;heartRate;cigsPerDay;prevalentHyp;education
19,157,1,1,10,BMI;sysBP;age;totChol;diaBP;glucose;heartRate;cigsPerDay;prevalentHyp;education
19,158,0,1,10,BMI;sysBP;age;totChol;diaBP;glucose;heartRate;cigsPerDay;prevalentHyp;education
19,159,0,0,10,BMI;sysBP;age;totChol;diaBP;glucose;heartRate;cigsPerDay;prevalentHyp;education
19,160,0,1,10,BMI;sysBP;age;totChol;diaBP;glucose;heartRate;cigsPerDay;prevalentHyp;education
19,161,0,0,10,BMI;sysBP;age;totChol;diaBP;glucose;heartRate;cigsPerDay;prevalentHyp;education
19,162,0,1,10,BMI;sysBP;age;totChol;diaBP;glucose;heartRate;cigsPerDay;prevalentHyp;education
19,163,1,1,10,BMI;sysBP;age;totChol;diaBP;glucose;heartRate;cigsPerDay;prevalentHyp;education
19,164,0,1,10,BMI;sysBP;age;totChol;diaBP;glucose;heartRate;cigsPerDay;prevalentHyp;education
19,165,1,1,10,BMI;sysBP;age;totChol;diaBP;glucose;heartRate;cigsPerDay;prevalentHyp;education
19,166,0,1,10,BMI;sysBP;age;totChol;diaBP;glucose;heartRate;cigsPerDay;prevalentHyp;education
19,167,1,0,10,BMI;sysBP;age;totChol;diaBP;glucose;heartRate;cigsPerDay;prevalentHyp;education
19,168,1,1,10,BMI;sysBP;age;totChol;diaBP;glucose;heartRate;cigsPerDay;prevalentHyp;education
19,169,0,0,10,BMI;sysBP;age;totChol;diaBP;glucose;heartRate;cigsPerDay;prevalentHyp;education
19,170,1,1,10,BMI;sysBP;age;totChol;diaBP;glucose;heartRate;cigsPerDay;prevalentHyp;education
19,171,1,1,10,BMI;sysBP;age;totChol;diaBP;glucose;heartRate;cigsPerDay;prevalentHyp;education
19,172,1,1,10,BMI;sysBP;age;totChol;diaBP;glucose;heartRate;cigsPerDay;prevalentHyp;education
19,173,1,1,10,BMI;sysBP;age;totChol;diaBP;glucose;heartRate;cigsPerDay;prevalentHyp;education
19,174,1,1,10,BMI;sysBP;age;totChol;diaBP;glucose;heartRate;cigsPerDay;prevalentHyp;education
19,175,0,1,10,BMI;sysBP;age;totChol;diaBP;glucose;heartRate;cigsPerDay;prevalentHyp;education
19,176,1,1,10,BMI;sysBP;age;totChol;diaBP;glucose;heartRate;cigsPerDay;prevalentHyp;education
19,177,0,1,10,BMI;sysBP;age;totChol;diaBP;glucose;heartRate;cigsPerDay;prevalentHyp;education
19,178,1,0,10,BMI;sysBP;age;totChol;diaBP;glucose;heartRate;cigsPerDay;prevalentHyp;education
19,179,1,1,10,BMI;sysBP;age;totChol;diaBP;glucose;heartRate;cigsPerDay;prevalentHyp;education
19,180,1,1,10,BMI;sysBP;age;totChol;diaBP;glucose;heartRate;cigsPerDay;prevalentHyp;education
19,181,1,1,10,BMI;sysBP;age;totChol;diaBP;glucose;heartRate;cigsPerDay;prevalentHyp;education
19,182,1,0,10,BMI;sysBP;age;totChol;diaBP;glucose;heartRate;cigsPerDay;prevalentHyp;education
19,183,1,1,10,BMI;sysBP;age;totChol;diaBP;glucose;heartRate;cigsPerDay;prevalentHyp;education
19,184,1,1,10,BMI;sysBP;age;totChol;diaBP;glucose;heartRate;cigsPerDay;prevalentHyp;education
19,185,1,1,10,BMI;sysBP;age;totChol;diaBP;glucose;heartRate;cigsPerDay;prevalentHyp;education
19,186,0,0,10,BMI;sysBP;age;totChol;diaBP;glucose;heartRate;cigsPerDay;prevalentHyp;education
19,187,0,1,10,BMI;sysBP;age;totChol;diaBP;glucose;heartRate;cigsPerDay;prevalentHyp;education
19,188,0,1,10,BMI;sysBP;age;totChol;diaBP;glucose;heartRate;cigsPerDay;prevalentHyp;education
19,189,1,1,10,BMI;sysBP;age;totChol;diaBP;glucose;heartRate;cigsPerDay;prevalentHyp;education
19,190,1,1,10,BMI;sysBP;age;totChol;diaBP;glucose;heartRate;cigsPerDay;prevalentHyp;education
19,191,1,1,10,BMI;sysBP;age;totChol;diaBP;glucose;heartRate;cigsPerDay;prevalentHyp;education
19,192,0,1,10,BMI;sysBP;age;totChol;diaBP;glucose;heartRate;cigsPerDay;prevalentHyp;education
19,193,1,1,10,BMI;sysBP;age;totChol;diaBP;glucose;heartRate;cigsPerDay;prevalentHyp;education
19,194,0,1,10,BMI;sysBP;age;totChol;diaBP;glucose;heartRate;cigsPerDay;prevalentHyp;education
19,195,0,1,10,BMI;sysBP;age;totChol;diaBP;glucose;heartRate;cigsPerDay;prevalentHyp;education
19,196,0,1,10,BMI;sysBP;age;totChol;diaBP;glucose;heartRate;cigsPerDay;prevalentHyp;education
19,197,0,1,10,BMI;sysBP;age;totChol;diaBP;glucose;heartRate;cigsPerDay;prevalentHyp;education
19,198,0,1,10,BMI;sysBP;age;totChol;diaBP;glucose;heartRate;cigsPerDay;prevalentHyp;education
19,199,0,1,10,BMI;sysBP;age;totChol;diaBP;glucose;heartRate;cigsPerDay;prevalentHyp;education
19,200,1,1,10,BMI;sysBP;age;totChol;diaBP;glucose;heartRate;cigsPerDay;prevalentHyp;education
19,201,0,1,10,BMI;sysBP;age;totChol;diaBP;glucose;heartRate;cigsPerDay;prevalentHyp;education
19,202,0,1,10,BMI;sysBP;age;totChol;diaBP;glucose;heartRate;cigsPerDay;prevalentHyp;education
19,203,0,0,10,BMI;sysBP;age;totChol;diaBP;glucose;heartRate;cigsPerDay;prevalentHyp;education
19,204,0,0,10,BMI;sysBP;age;totChol;diaBP;glucose;heartRate;cigsPerDay;prevalentHyp;education
19,205,1,1,10,BMI;sysBP;age;totChol;diaBP;glucose;heartRate;cigsPerDay;prevalentHyp;education
19,206,1,0,10,BMI;sysBP;age;totChol;diaBP;glucose;heartRate;cigsPerDay;prevalentHyp;education
19,207,1,1,10,BMI;sysBP;age;totChol;diaBP;glucose;heartRate;cigsPerDay;prevalentHyp;education
19,208,0,1,10,BMI;sysBP;age;totChol;diaBP;glucose;heartRate;cigsPerDay;prevalentHyp;education
19,209,1,1,10,BMI;sysBP;age;totChol;diaBP;glucose;heartRate;cigsPerDay;prevalentHyp;education
19,210,0,0,10,BMI;sysBP;age;totChol;diaBP;glucose;heartRate;cigsPerDay;prevalentHyp;education
19,211,1,0,10,BMI;sysBP;age;totChol;diaBP;glucose;heartRate;cigsPerDay;prevalentHyp;education
19,212,1,1,10,BMI;sysBP;age;totChol;diaBP;glucose;heartRate;cigsPerDay;prevalentHyp;education
19,213,0,1,10,BMI;sysBP;age;totChol;diaBP;glucose;heartRate;cigsPerDay;prevalentHyp;education
19,214,0,1,10,BMI;sysBP;age;totChol;diaBP;glucose;heartRate;cigsPerDay;prevalentHyp;education
19,215,1,1,10,BMI;sysBP;age;totChol;diaBP;glucose;heartRate;cigsPerDay;prevalentHyp;education
19,216,0,1,10,BMI;sysBP;age;totChol;diaBP;glucose;heartRate;cigsPerDay;prevalentHyp;education
19,217,0,1,10,BMI;sysBP;age;totChol;diaBP;glucose;heartRate;cigsPerDay;prevalentHyp;education
19,218,0,1,10,BMI;sysBP;age;totChol;diaBP;glucose;heartRate;cigsPerDay;prevalentHyp;education
19,219,0,1,10,BMI;sysBP;age;totChol;diaBP;glucose;heartRate;cigsPerDay;prevalentHyp;education
19,220,0,1,10,BMI;sysBP;age;totChol;diaBP;glucose;heartRate;cigsPerDay;prevalentHyp;education
19,221,1,1,10,BMI;sysBP;age;totChol;diaBP;glucose;heartRate;cigsPerDay;prevalentHyp;education
19,222,0,1,10,BMI;sysBP;age;totChol;diaBP;glucose;heartRate;cigsPerDay;prevalentHyp;education
19,223,1,1,10,BMI;sysBP;age;totChol;diaBP;glucose;heartRate;cigsPerDay;prevalentHyp;education
19,224,1,0,10,BMI;sysBP;age;totChol;diaBP;glucose;heartRate;cigsPerDay;prevalentHyp;education
19,225,1,1,10,BMI;sysBP;age;totChol;diaBP;glucose;heartRate;cigsPerDay;prevalentHyp;education
19,226,1,1,10,BMI;sysBP;age;totChol;diaBP;glucose;heartRate;cigsPerDay;prevalentHyp;education
19,227,0,1,10,BMI;sysBP;age;totChol;diaBP;glucose;heartRate;cigsPerDay;prevalentHyp;education
19,228,1,1,10,BMI;sysBP;age;totChol;diaBP;glucose;heartRate;cigsPerDay;prevalentHyp;education
19,229,0,1,10,BMI;sysBP;age;totChol;diaBP;glucose;heartRate;cigsPerDay;prevalentHyp;education
19,230,1,1,10,BMI;sysBP;age;totChol;diaBP;glucose;heartRate;cigsPerDay;prevalentHyp;education
19,231,0,0,10,BMI;sysBP;age;totChol;diaBP;glucose;heartRate;cigsPerDay;prevalentHyp;education
19,232,0,0,10,BMI;sysBP;age;totChol;diaBP;glucose;heartRate;cigsPerDay;prevalentHyp;education
19,233,1,1,10,BMI;sysBP;age;totChol;diaBP;glucose;heartRate;cigsPerDay;prevalentHyp;education
19,234,1,1,10,BMI;sysBP;age;totChol;diaBP;glucose;heartRate;cigsPerDay;prevalentHyp;education
19,235,0,1,10,BMI;sysBP;age;totChol;diaBP;glucose;heartRate;cigsPerDay;prevalentHyp;education
19,236,0,0,10,BMI;sysBP;age;totChol;diaBP;glucose;heartRate;cigsPerDay;prevalentHyp;education
19,237,0,1,10,BMI;sysBP;age;totChol;diaBP;glucose;heartRate;cigsPerDay;prevalentHyp;education
19,238,0,1,10,BMI;sysBP;age;totChol;diaBP;glucose;heartRate;cigsPerDay;prevalentHyp;education
19,239,0,1,10,BMI;sysBP;age;totChol;diaBP;glucose;heartRate;cigsPerDay;prevalentHyp;education
19,240,0,1,10,BMI;sysBP;age;totChol;diaBP;glucose;heartRate;cigsPerDay;prevalentHyp;education
19,241,1,1,10,BMI;sysBP;age;totChol;diaBP;glucose;heartRate;cigsPerDay;prevalentHyp;education
19,242,1,1,10,BMI;sysBP;age;totChol;diaBP;glucose;heartRate;cigsPerDay;prevalentHyp;education
19,243,0,1,10,BMI;sysBP;age;totChol;diaBP;glucose;heartRate;cigsPerDay;prevalentHyp;education
19,244,1,1,10,BMI;sysBP;age;totChol;diaBP;glucose;heartRate;cigsPerDay;prevalentHyp;education
19,245,1,1,10,BMI;sysBP;age;totChol;diaBP;glucose;heartRate;cigsPerDay;prevalentHyp;education
19,246,0,1,10,BMI;sysBP;age;totChol;diaBP;glucose;heartRate;cigsPerDay;prevalentHyp;education
19,247,1,1,10,BMI;sysBP;age;totChol;diaBP;glucose;heartRate;cigsPerDay;prevalentHyp;education
19,248,0,1,10,BMI;sysBP;age;totChol;diaBP;glucose;heartRate;cigsPerDay;prevalentHyp;education
19,249,0,1,10,BMI;sysBP;age;totChol;diaBP;glucose;heartRate;cigsPerDay;prevalentHyp;education
19,250,1,1,10,BMI;sysBP;age;totChol;diaBP;glucose;heartRate;cigsPerDay;prevalentHyp;education
19,251,0,1,10,BMI;sysBP;age;totChol;diaBP;glucose;heartRate;cigsPerDay;prevalentHyp;education
19,252,1,1,10,BMI;sysBP;age;totChol;diaBP;glucose;heartRate;cigsPerDay;prevalentHyp;education
19,253,0,0,10,BMI;sysBP;age;totChol;diaBP;glucose;heartRate;cigsPerDay;prevalentHyp;education
19,254,1,1,10,BMI;sysBP;age;totChol;diaBP;glucose;heartRate;cigsPerDay;prevalentHyp;education
19,255,0,1,10,BMI;sysBP;age;totChol;diaBP;glucose;heartRate;cigsPerDay;prevalentHyp;education
19,256,1,1,10,BMI;sysBP;age;totChol;diaBP;glucose;heartRate;cigsPerDay;prevalentHyp;education
19,257,1,1,10,BMI;sysBP;age;totChol;diaBP;glucose;heartRate;cigsPerDay;prevalentHyp;education
19,258,0,1,10,BMI;sysBP;age;totChol;diaBP;glucose;heartRate;cigsPerDay;prevalentHyp;education
19,259,1,1,10,BMI;sysBP;age;totChol;diaBP;glucose;heartRate;cigsPerDay;prevalentHyp;education
19,260,1,1,10,BMI;sysBP;age;totChol;diaBP;glucose;heartRate;cigsPerDay;prevalentHyp;education
19,261,1,1,10,BMI;sysBP;age;totChol;diaBP;glucose;heartRate;cigsPerDay;prevalentHyp;education
19,262,1,1,10,BMI;sysBP;age;totChol;diaBP;glucose;heartRate;cigsPerDay;prevalentHyp;education
19,263,1,1,10,BMI;sysBP;age;totChol;diaBP;glucose;heartRate;cigsPerDay;prevalentHyp;education
19,264,1,1,10,BMI;sysBP;age;totChol;diaBP;glucose;heartRate;cigsPerDay;prevalentHyp;education
19,265,1,0,10,BMI;sysBP;age;totChol;diaBP;glucose;heartRate;cigsPerDay;prevalentHyp;education
19,266,0,1,10,BMI;sysBP;age;totChol;diaBP;glucose;heartRate;cigsPerDay;prevalentHyp;education
19,267,0,1,10,BMI;sysBP;age;totChol;diaBP;glucose;heartRate;cigsPerDay;prevalentHyp;education
19,268,0,1,10,BMI;sysBP;age;totChol;diaBP;glucose;heartRate;cigsPerDay;prevalentHyp;education
19,269,1,1,10,BMI;sysBP;age;totChol;diaBP;glucose;heartRate;cigsPerDay;prevalentHyp;education
19,270,1,1,10,BMI;sysBP;age;totChol;diaBP;glucose;heartRate;cigsPerDay;prevalentHyp;education
19,271,0,1,10,BMI;sysBP;age;totChol;diaBP;glucose;heartRate;cigsPerDay;prevalentHyp;education
19,272,0,1,10,BMI;sysBP;age;totChol;diaBP;glucose;heartRate;cigsPerDay;prevalentHyp;education
19,273,0,1,10,BMI;sysBP;age;totChol;diaBP;glucose;heartRate;cigsPerDay;prevalentHyp;education
19,274,1,1,10,BMI;sysBP;age;totChol;diaBP;glucose;heartRate;cigsPerDay;prevalentHyp;education
19,275,1,1,10,BMI;sysBP;age;totChol;diaBP;glucose;heartRate;cigsPerDay;prevalentHyp;education
19,276,0,1,10,BMI;sysBP;age;totChol;diaBP;glucose;heartRate;cigsPerDay;prevalentHyp;education
19,277,0,1,10,BMI;sysBP;age;totChol;diaBP;glucose;heartRate;cigsPerDay;prevalentHyp;education
19,278,0,0,10,BMI;sysBP;age;totChol;diaBP;glucose;heartRate;cigsPerDay;prevalentHyp;education
19,279,0,1,10,BMI;sysBP;age;totChol;diaBP;glucose;heartRate;cigsPerDay;prevalentHyp;education
19,280,1,1,10,BMI;sysBP;age;totChol;diaBP;glucose;heartRate;cigsPerDay;prevalentHyp;education
19,281,0,1,10,BMI;sysBP;age;totChol;diaBP;glucose;heartRate;cigsPerDay;prevalentHyp;education
19,282,0,1,10,BMI;sysBP;age;totChol;diaBP;glucose;heartRate;cigsPerDay;prevalentHyp;education
19,283,1,1,10,BMI;sysBP;age;totChol;diaBP;glucose;heartRate;cigsPerDay;prevalentHyp;education
19,284,0,1,10,BMI;sysBP;age;totChol;diaBP;glucose;heartRate;cigsPerDay;prevalentHyp;education
19,285,0,0,10,BMI;sysBP;age;totChol;diaBP;glucose;heartRate;cigsPerDay;prevalentHyp;education
19,286,0,1,10,BMI;sysBP;age;totChol;diaBP;glucose;heartRate;cigsPerDay;prevalentHyp;education
19,287,1,1,10,BMI;sysBP;age;totChol;diaBP;glucose;heartRate;cigsPerDay;prevalentHyp;education
19,288,1,1,10,BMI;sysBP;age;totChol;diaBP;glucose;heartRate;cigsPerDay;prevalentHyp;education
19,289,0,1,10,BMI;sysBP;age;totChol;diaBP;glucose;heartRate;cigsPerDay;prevalentHyp;education
19,290,1,1,10,BMI;sysBP;age;totChol;diaBP;glucose;heartRate;cigsPerDay;prevalentHyp;education
19,291,1,1,10,BMI;sysBP;age;totChol;diaBP;glucose;heartRate;cigsPerDay;prevalentHyp;education
19,292,1,1,10,BMI;sysBP;age;totChol;diaBP;glucose;heartRate;cigsPerDay;prevalentHyp;education
19,293,0,1,10,BMI;sysBP;age;totChol;diaBP;glucose;heartRate;cigsPerDay;prevalentHyp;education
19,294,0,1,10,BMI;sysBP;age;totChol;diaBP;glucose;heartRate;cigsPerDay;prevalentHyp;education
19,295,0,1,10,BMI;sysBP;age;totChol;diaBP;glucose;heartRate;cigsPerDay;prevalentHyp;education
19,296,1,1,10,BMI;sysBP;age;totChol;diaBP;glucose;heartRate;cigsPerDay;prevalentHyp;education
19,297,0,1,10,BMI;sysBP;age;totChol;diaBP;glucose;heartRate;cigsPerDay;prevalentHyp;education
19,298,0,0,10,BMI;sysBP;age;totChol;diaBP;glucose;heartRate;cigsPerDay;prevalentHyp;education
19,299,0,1,10,BMI;sysBP;age;totChol;diaBP;glucose;heartRate;cigsPerDay;prevalentHyp;education
19,300,0,1,10,BMI;sysBP;age;totChol;diaBP;glucose;heartRate;cigsPerDay;prevalentHyp;education
19,301,1,1,10,BMI;sysBP;age;totChol;diaBP;glucose;heartRate;cigsPerDay;prevalentHyp;education
19,302,0,1,10,BMI;sysBP;age;totChol;diaBP;glucose;heartRate;cigsPerDay;prevalentHyp;education
19,303,1,0,10,BMI;sysBP;age;totChol;diaBP;glucose;heartRate;cigsPerDay;prevalentHyp;education
19,304,1,1,10,BMI;sysBP;age;totChol;diaBP;glucose;heartRate;cigsPerDay;prevalentHyp;education
19,305,1,1,10,BMI;sysBP;age;totChol;diaBP;glucose;heartRate;cigsPerDay;prevalentHyp;education
19,306,1,1,10,BMI;sysBP;age;totChol;diaBP;glucose;heartRate;cigsPerDay;prevalentHyp;education
19,307,1,1,10,BMI;sysBP;age;totChol;diaBP;glucose;heartRate;cigsPerDay;prevalentHyp;education
19,308,1,1,10,BMI;sysBP;age;totChol;diaBP;glucose;heartRate;cigsPerDay;prevalentHyp;education
19,309,0,1,10,BMI;sysBP;age;totChol;diaBP;glucose;heartRate;cigsPerDay;prevalentHyp;education
19,310,1,1,10,BMI;sysBP;age;totChol;diaBP;glucose;heartRate;cigsPerDay;prevalentHyp;education
19,311,1,1,10,BMI;sysBP;age;totChol;diaBP;glucose;heartRate;cigsPerDay;prevalentHyp;education
19,312,1,0,10,BMI;sysBP;age;totChol;diaBP;glucose;heartRate;cigsPerDay;prevalentHyp;education
19,313,0,1,10,BMI;sysBP;age;totChol;diaBP;glucose;heartRate;cigsPerDay;prevalentHyp;education
19,314,0,1,10,BMI;sysBP;age;totChol;diaBP;glucose;heartRate;cigsPerDay;prevalentHyp;education
19,315,0,1,10,BMI;sysBP;age;totChol;diaBP;glucose;heartRate;cigsPerDay;prevalentHyp;education
19,316,0,1,10,BMI;sysBP;age;totChol;diaBP;glucose;heartRate;cigsPerDay;prevalentHyp;education
19,317,0,1,10,BMI;sysBP;age;totChol;diaBP;glucose;heartRate;cigsPerDay;prevalentHyp;education
19,318,0,0,10,BMI;sysBP;age;totChol;diaBP;glucose;heartRate;cigsPerDay;prevalentHyp;education
19,319,0,1,10,BMI;sysBP;age;totChol;diaBP;glucose;heartRate;cigsPerDay;prevalentHyp;education
19,320,0,1,10,BMI;sysBP;age;totChol;diaBP;glucose;heartRate;cigsPerDay;prevalentHyp;education
19,321,0,1,10,BMI;sysBP;age;totChol;diaBP;glucose;heartRate;cigsPerDay;prevalentHyp;education
19,322,0,1,10,BMI;sysBP;age;totChol;diaBP;glucose;heartRate;cigsPerDay;prevalentHyp;education
19,323,0,1,10,BMI;sysBP;age;totChol;diaBP;glucose;heartRate;cigsPerDay;prevalentHyp;education
19,324,0,1,10,BMI;sysBP;age;totChol;diaBP;glucose;heartRate;cigsPerDay;prevalentHyp;education
19,325,0,1,10,BMI;sysBP;age;totChol;diaBP;glucose;heartRate;cigsPerDay;prevalentHyp;education
19,326,0,1,10,BMI;sysBP;age;totChol;diaBP;glucose;heartRate;cigsPerDay;prevalentHyp;education
19,327,0,1,10,BMI;sysBP;age;totChol;diaBP;glucose;heartRate;cigsPerDay;prevalentHyp;education
19,328,0,0,10,BMI;sysBP;age;totChol;diaBP;glucose;heartRate;cigsPerDay;prevalentHyp;education
19,329,1,1,10,BMI;sysBP;age;totChol;diaBP;glucose;heartRate;cigsPerDay;prevalentHyp;education
19,330,1,1,10,BMI;sysBP;age;totChol;diaBP;glucose;heartRate;cigsPerDay;prevalentHyp;education
19,331,0,1,10,BMI;sysBP;age;totChol;diaBP;glucose;heartRate;cigsPerDay;prevalentHyp;education
19,332,1,1,10,BMI;sysBP;age;totChol;diaBP;glucose;heartRate;cigsPerDay;prevalentHyp;education
19,333,0,0,10,BMI;sysBP;age;totChol;diaBP;glucose;heartRate;cigsPerDay;prevalentHyp;education
19,334,0,1,10,BMI;sysBP;age;totChol;diaBP;glucose;heartRate;cigsPerDay;prevalentHyp;education
19,335,1,0,10,BMI;sysBP;age;totChol;diaBP;glucose;heartRate;cigsPerDay;prevalentHyp;education
19,336,1,1,10,BMI;sysBP;age;totChol;diaBP;glucose;heartRate;cigsPerDay;prevalentHyp;education
19,337,1,1,10,BMI;sysBP;age;totChol;diaBP;glucose;heartRate;cigsPerDay;prevalentHyp;education
19,338,1,1,10,BMI;sysBP;age;totChol;diaBP;glucose;heartRate;cigsPerDay;prevalentHyp;education
19,339,1,1,10,BMI;sysBP;age;totChol;diaBP;glucose;heartRate;cigsPerDay;prevalentHyp;education
19,340,0,1,10,BMI;sysBP;age;totChol;diaBP;glucose;heartRate;cigsPerDay;prevalentHyp;education
19,341,1,1,10,BMI;sysBP;age;totChol;diaBP;glucose;heartRate;cigsPerDay;prevalentHyp;education
19,342,0,1,10,BMI;sysBP;age;totChol;diaBP;glucose;heartRate;cigsPerDay;prevalentHyp;education
19,343,1,1,10,BMI;sysBP;age;totChol;diaBP;glucose;heartRate;cigsPerDay;prevalentHyp;education
19,344,0,1,10,BMI;sysBP;age;totChol;diaBP;glucose;heartRate;cigsPerDay;prevalentHyp;education
19,345,1,0,10,BMI;sysBP;age;totChol;diaBP;glucose;heartRate;cigsPerDay;prevalentHyp;education
19,346,0,0,10,BMI;sysBP;age;totChol;diaBP;glucose;heartRate;cigsPerDay;prevalentHyp;education
19,347,0,0,10,BMI;sysBP;age;totChol;diaBP;glucose;heartRate;cigsPerDay;prevalentHyp;education
19,348,0,1,10,BMI;sysBP;age;totChol;diaBP;glucose;heartRate;cigsPerDay;prevalentHyp;education
19,349,1,1,10,BMI;sysBP;age;totChol;diaBP;glucose;heartRate;cigsPerDay;prevalentHyp;education
19,350,0,0,10,BMI;sysBP;age;totChol;diaBP;glucose;heartRate;cigsPerDay;prevalentHyp;education
19,351,1,1,10,BMI;sysBP;age;totChol;diaBP;glucose;heartRate;cigsPerDay;prevalentHyp;education
19,352,0,1,10,BMI;sysBP;age;totChol;diaBP;glucose;heartRate;cigsPerDay;prevalentHyp;education
19,353,1,1,10,BMI;sysBP;age;totChol;diaBP;glucose;heartRate;cigsPerDay;prevalentHyp;education
19,354,0,1,10,BMI;sysBP;age;totChol;diaBP;glucose;heartRate;cigsPerDay;prevalentHyp;education
19,355,0,1,10,BMI;sysBP;age;totChol;diaBP;glucose;heartRate;cigsPerDay;prevalentHyp;education
19,356,1,1,10,BMI;sysBP;age;totChol;diaBP;glucose;heartRate;cigsPerDay;prevalentHyp;education
19,357,0,0,10,BMI;sysBP;age;totChol;diaBP;glucose;heartRate;cigsPerDay;prevalentHyp;education
19,358,0,1,10,BMI;sysBP;age;totChol;diaBP;glucose;heartRate;cigsPerDay;prevalentHyp;education
19,359,0,0,10,BMI;sysBP;age;totChol;diaBP;glucose;heartRate;cigsPerDay;prevalentHyp;education
19,360,0,1,10,BMI;sysBP;age;totChol;diaBP;glucose;heartRate;cigsPerDay;prevalentHyp;education
19,361,1,1,10,BMI;sysBP;age;totChol;diaBP;glucose;heartRate;cigsPerDay;prevalentHyp;education
19,362,1,1,10,BMI;sysBP;age;totChol;diaBP;glucose;heartRate;cigsPerDay;prevalentHyp;education
19,363,1,1,10,BMI;sysBP;age;totChol;diaBP;glucose;heartRate;cigsPerDay;prevalentHyp;education
19,364,1,1,10,BMI;sysBP;age;totChol;diaBP;glucose;heartRate;cigsPerDay;prevalentHyp;education
19,365,0,1,10,BMI;sysBP;age;totChol;diaBP;glucose;heartRate;cigsPerDay;prevalentHyp;education
19,366,1,1,10,BMI;sysBP;age;totChol;diaBP;glucose;heartRate;cigsPerDay;prevalentHyp;education
19,367,1,1,10,BMI;sysBP;age;totChol;diaBP;glucose;heartRate;cigsPerDay;prevalentHyp;education
19,368,1,1,10,BMI;sysBP;age;totChol;diaBP;glucose;heartRate;cigsPerDay;prevalentHyp;education
19,369,1,1,10,BMI;sysBP;age;totChol;diaBP;glucose;heartRate;cigsPerDay;prevalentHyp;education
19,370,0,1,10,BMI;sysBP;age;totChol;diaBP;glucose;heartRate;cigsPerDay;prevalentHyp;education
19,371,0,1,10,BMI;sysBP;age;totChol;diaBP;glucose;heartRate;cigsPerDay;prevalentHyp;education
19,372,0,1,10,BMI;sysBP;age;totChol;diaBP;glucose;heartRate;cigsPerDay;prevalentHyp;education
19,373,1,1,10,BMI;sysBP;age;totChol;diaBP;glucose;heartRate;cigsPerDay;prevalentHyp;education
19,374,0,1,10,BMI;sysBP;age;totChol;diaBP;glucose;heartRate;cigsPerDay;prevalentHyp;education
19,375,1,1,10,BMI;sysBP;age;totChol;diaBP;glucose;heartRate;cigsPerDay;prevalentHyp;education
19,376,0,0,10,BMI;sysBP;age;totChol;diaBP;glucose;heartRate;cigsPerDay;prevalentHyp;education
19,377,1,1,10,BMI;sysBP;age;totChol;diaBP;glucose;heartRate;cigsPerDay;prevalentHyp;education
19,378,0,1,10,BMI;sysBP;age;totChol;diaBP;glucose;heartRate;cigsPerDay;prevalentHyp;education
19,379,0,0,10,BMI;sysBP;age;totChol;diaBP;glucose;heartRate;cigsPerDay;prevalentHyp;education
19,380,0,1,10,BMI;sysBP;age;totChol;diaBP;glucose;heartRate;cigsPerDay;prevalentHyp;education
19,381,0,1,10,BMI;sysBP;age;totChol;diaBP;glucose;heartRate;cigsPerDay;prevalentHyp;education
19,382,1,1,10,BMI;sysBP;age;totChol;diaBP;glucose;heartRate;cigsPerDay;prevalentHyp;education
19,383,1,1,10,BMI;sysBP;age;totChol;diaBP;glucose;heartRate;cigsPerDay;prevalentHyp;education
19,384,1,1,10,BMI;sysBP;age;totChol;diaBP;glucose;heartRate;cigsPerDay;prevalentHyp;education
19,385,0,1,10,BMI;sysBP;age;totChol;diaBP;glucose;heartRate;cigsPerDay;prevalentHyp;education
19,386,1,1,10,BMI;sysBP;age;totChol;diaBP;glucose;heartRate;cigsPerDay;prevalentHyp;education
19,387,0,1,10,BMI;sysBP;age;totChol;diaBP;glucose;heartRate;cigsPerDay;prevalentHyp;education
19,388,1,1,10,BMI;sysBP;age;totChol;diaBP;glucose;heartRate;cigsPerDay;prevalentHyp;education
19,389,0,1,10,BMI;sysBP;age;totChol;diaBP;glucose;heartRate;cigsPerDay;prevalentHyp;education
19,390,0,1,10,BMI;sysBP;age;totChol;diaBP;glucose;heartRate;cigsPerDay;prevalentHyp;education
19,391,1,1,10,BMI;sysBP;age;totChol;diaBP;glucose;heartRate;cigsPerDay;prevalentHyp;education
19,392,0,1,10,BMI;sysBP;age;totChol;diaBP;glucose;heartRate;cigsPerDay;prevalentHyp;education
19,393,1,1,10,BMI;sysBP;age;totChol;diaBP;glucose;heartRate;cigsPerDay;prevalentHyp;education
19,394,1,1,10,BMI;sysBP;age;totChol;diaBP;glucose;heartRate;cigsPerDay;prevalentHyp;education
19,395,1,1,10,BMI;sysBP;age;totChol;diaBP;glucose;heartRate;cigsPerDay;prevalentHyp;education
19,396,1,1,10,BMI;sysBP;age;totChol;diaBP;glucose;heartRate;cigsPerDay;prevalentHyp;education
19,397,0,1,10,BMI;sysBP;age;totChol;diaBP;glucose;heartRate;cigsPerDay;prevalentHyp;education
19,398,0,0,10,BMI;sysBP;age;totChol;diaBP;glucose;heartRate;cigsPerDay;prevalentHyp;education
19,399,1,1,10,BMI;sysBP;age;totChol;diaBP;glucose;heartRate;cigsPerDay;prevalentHyp;education
