0,0,0,1,3,height;age;ap_lo
0,1,0,1,4,ap_hi;ap_lo;weight;age
0,2,0,1,3,height;weight;age
0,3,0,0,3,height;ap_hi;weight
0,4,1,0,4,weight;ap_lo;age;height
0,5,0,0,4,age;ap_lo;height;ap_hi
0,6,0,1,3,ap_lo;age;height
0,7,0,1,4,weight;height;age;ap_hi
0,8,0,0,4,ap_hi;ap_lo;age;height
0,9,1,0,4,height;ap_lo;age;weight
0,10,0,1,4,weight;height;ap_hi;ap_lo
0,11,1,1,3,ap_lo;height;age
0,12,0,0,4,ap_lo;ap_hi;age;weight
0,13,0,1,4,ap_lo;age;ap_hi;height
0,14,0,1,3,height;age;ap_hi
0,15,0,1,3,height;age;ap_lo
0,16,1,1,4,age;height;ap_lo;ap_hi
0,17,0,1,3,height;ap_lo;ap_hi
0,18,0,0,3,ap_hi;ap_lo;weight
0,19,1,1,4,weight;ap_lo;height;ap_hi
0,20,0,1,3,ap_lo;weight;height
0,21,1,1,4,weight;age;height;ap_lo
0,22,1,0,4,weight;height;age;ap_hi
0,23,0,0,3,ap_hi;age;weight
0,24,1,1,3,weight;ap_lo;age
0,25,1,1,4,ap_hi;age;weight;ap_lo
0,26,1,1,3,weight;ap_hi;ap_lo
0,27,0,0,4,age;ap_hi;ap_lo;height
0,28,0,0,4,weight;ap_lo;age;height
0,29,0,1,4,height;ap_lo;weight;age
0,30,1,0,3,age;ap_hi;weight
0,31,1,1,4,ap_lo;weight;height;ap_hi
0,32,0,1,3,ap_lo;weight;height
0,33,1,0,3,age;ap_hi;height
0,34,1,1,4,weight;ap_lo;height;ap_hi
0,35,1,1,3,height;ap_hi;ap_lo
0,36,0,0,3,ap_lo;weight;age
0,37,0,0,3,age;ap_hi;ap_lo
0,38,0,0,4,age;ap_hi;ap_lo;height
0,39,1,1,4,ap_lo;ap_hi;weight;height
0,40,1,1,4,ap_lo;ap_hi;weight;age
0,41,1,1,3,weight;ap_lo;ap_hi
0,42,1,0,4,weight;ap_lo;height;ap_hi
0,43,0,1,4,ap_hi;weight;ap_lo;age
0,44,1,1,4,age;height;ap_lo;weight
0,45,1,1,4,ap_hi;weight;ap_lo;height
0,46,0,0,3,age;height;ap_hi
0,47,0,0,4,height;ap_hi;ap_lo;weight
0,48,1,1,3,weight;height;age
0,49,0,0,4,ap_hi;height;ap_lo;age
0,50,0,0,4,height;weight;age;ap_lo
0,51,0,0,3,height;age;weight
0,52,1,1,3,ap_hi;age;ap_lo
0,53,0,1,4,height;ap_hi;ap_lo;weight
0,54,1,1,3,ap_hi;height;age
0,55,1,0,3,age;height;ap_lo
0,56,0,0,4,height;ap_hi;ap_lo;age
0,57,1,1,3,age;height;ap_hi
0,58,1,1,3,ap_lo;age;ap_hi
0,59,0,1,3,weight;ap_hi;ap_lo
0,60,1,1,4,ap_hi;ap_lo;age;height
0,61,1,1,3,age;ap_lo;weight
0,62,0,0,4,weight;ap_lo;age;height
0,63,1,1,3,ap_hi;age;ap_lo
0,64,0,0,4,age;weight;ap_hi;ap_lo
0,65,0,1,4,height;weight;age;ap_lo
0,66,0,1,4,age;height;ap_hi;weight
0,67,0,0,3,height;ap_hi;weight
0,68,1,1,4,ap_lo;height;age;ap_hi
0,69,0,1,4,weight;age;ap_lo;ap_hi
0,70,1,1,3,weight;ap_lo;age
0,71,1,1,3,weight;ap_hi;ap_lo
0,72,0,1,3,age;ap_hi;height
0,73,0,1,4,ap_lo;age;height;weight
0,74,1,1,3,ap_hi;ap_lo;height
0,75,1,0,3,age;height;ap_hi
0,76,0,0,4,height;ap_lo;age;weight
0,77,1,0,4,height;weight;ap_lo;ap_hi
0,78,0,0,3,age;weight;height
0,79,1,1,3,ap_hi;ap_lo;height
0,80,0,0,3,height;ap_lo;age
0,81,1,1,4,weight;ap_lo;age;height
0,82,1,1,3,ap_hi;ap_lo;height
0,83,1,1,4,ap_hi;ap_lo;age;height
0,84,1,1,3,weight;height;ap_lo
0,85,0,0,3,ap_hi;weight;age
0,86,0,1,3,ap_hi;weight;ap_lo
0,87,0,1,3,height;age;ap_lo
0,88,0,0,3,ap_lo;age;weight
0,89,1,1,4,height;age;ap_lo;weight
0,90,1,1,4,ap_lo;ap_hi;weight;height
0,91,1,0,4,ap_hi;ap_lo;age;weight
0,92,0,0,3,ap_lo;height;age
0,93,1,0,3,ap_hi;age;weight
0,94,0,1,4,ap_lo;weight;age;height
0,95,1,0,4,height;age;weight;ap_lo
0,96,0,1,3,age;weight;ap_hi
0,97,1,1,3,height;ap_hi;ap_lo
0,98,1,1,3,ap_lo;weight;ap_hi
0,99,0,1,3,ap_hi;weight;height
0,100,0,1,3,age;ap_lo;height
0,101,1,0,3,ap_hi;age;weight
0,102,0,0,3,height;weight;ap_lo
0,103,1,1,4,ap_hi;age;ap_lo;weight
0,104,0,0,4,height;weight;ap_hi;age
0,105,0,0,4,ap_hi;height;weight;age
0,106,0,0,4,age;height;weight;ap_lo
0,107,0,0,4,age;weight;ap_hi;ap_lo
0,108,1,1,4,ap_lo;ap_hi;height;age
0,109,0,0,3,height;ap_hi;weight
0,110,0,1,4,weight;height;age;ap_hi
0,111,0,0,3,age;ap_hi;ap_lo
0,112,0,1,4,ap_hi;height;weight;ap_lo
0,113,0,1,4,age;ap_hi;ap_lo;weight
0,114,1,1,4,ap_lo;height;weight;ap_hi
0,115,1,1,4,age;height;ap_hi;weight
0,116,1,0,4,weight;height;ap_lo;age
0,117,0,1,3,age;ap_lo;ap_hi
0,118,0,0,3,age;ap_hi;height
0,119,1,1,3,ap_lo;ap_hi;age
0,120,0,0,3,ap_lo;weight;height
0,121,1,1,3,height;age;weight
0,122,0,1,3,ap_lo;ap_hi;age
0,123,1,1,3,ap_hi;ap_lo;height
0,124,1,1,4,ap_lo;weight;height;ap_hi
0,125,0,1,3,age;ap_hi;ap_lo
0,126,0,1,3,height;weight;ap_hi
0,127,1,0,4,age;weight;height;ap_lo
0,128,0,0,4,ap_lo;age;ap_hi;weight
0,129,0,1,4,weight;ap_lo;ap_hi;age
0,130,0,0,3,ap_lo;ap_hi;weight
0,131,0,1,4,height;ap_hi;age;ap_lo
0,132,1,0,4,height;ap_lo;age;weight
0,133,0,1,4,weight;ap_hi;ap_lo;height
0,134,0,0,3,age;height;ap_lo
0,135,1,1,4,ap_lo;weight;height;ap_hi
0,136,1,1,4,ap_lo;ap_hi;weight;height
0,137,1,1,4,age;ap_lo;height;weight
0,138,1,1,3,weight;ap_lo;height
0,139,1,0,4,ap_hi;age;ap_lo;height
0,140,1,1,3,age;ap_hi;height
0,141,1,1,3,weight;age;height
0,142,0,0,3,age;ap_lo;ap_hi
0,143,1,1,3,height;ap_hi;ap_lo
0,144,0,0,3,height;age;ap_lo
0,145,0,1,3,ap_lo;height;age
0,146,0,0,4,ap_lo;age;ap_hi;weight
0,147,1,1,3,weight;ap_hi;height
0,148,0,1,3,ap_lo;height;ap_hi
0,149,1,0,3,age;weight;height
0,150,0,1,3,weight;height;ap_lo
0,151,1,1,3,height;ap_lo;weight
0,152,0,0,4,height;age;weight;ap_hi
0,153,1,0,3,height;weight;ap_lo
0,154,0,1,4,ap_lo;weight;age;ap_hi
0,155,1,1,3,weight;ap_hi;ap_lo
0,156,1,1,4,height;ap_hi;ap_lo;age
0,157,0,1,3,age;ap_hi;weight
0,158,1,1,3,ap_lo;height;ap_hi
0,159,0,0,3,ap_lo;age;height
0,160,0,0,3,age;ap_lo;ap_hi
0,161,0,1,4,weight;ap_lo;age;height
0,162,0,1,3,height;age;ap_lo
0,163,0,0,3,ap_lo;age;ap_hi
0,164,0,0,4,age;weight;ap_hi;ap_lo
0,165,0,1,3,height;ap_hi;ap_lo
0,166,1,1,4,height;ap_lo;ap_hi;age
0,167,0,1,3,height;age;weight
0,168,1,1,3,weight;age;ap_hi
0,169,1,0,3,ap_lo;height;weight
0,170,1,1,4,ap_lo;weight;age;ap_hi
0,171,1,0,4,ap_lo;ap_hi;age;weight
0,172,1,0,3,age;weight;height
0,173,0,0,3,ap_lo;weight;ap_hi
0,174,1,0,3,ap_lo;ap_hi;weight
0,175,1,1,4,age;ap_hi;ap_lo;weight
0,176,1,1,4,weight;ap_lo;height;ap_hi
0,177,1,1,3,weight;age;height
0,178,0,1,4,ap_hi;age;weight;height
0,179,0,0,3,weight;age;ap_lo
0,180,1,1,3,age;ap_hi;ap_lo
0,181,0,1,3,age;height;ap_hi
0,182,1,0,4,weight;ap_lo;height;ap_hi
0,183,0,0,3,height;ap_lo;ap_hi
0,184,0,1,4,weight;age;ap_lo;height
0,185,1,1,3,weight;age;ap_lo
0,186,1,1,3,age;height;ap_hi
0,187,1,1,3,weight;ap_hi;age
0,188,0,1,3,age;height;ap_hi
0,189,0,1,4,ap_lo;ap_hi;weight;age
0,190,0,0,3,height;ap_lo;weight
0,191,0,0,3,ap_hi;height;weight
0,192,0,0,4,age;ap_hi;ap_lo;weight
0,193,1,1,3,weight;height;ap_hi
0,194,1,1,4,age;ap_lo;height;weight
0,195,1,1,3,ap_lo;ap_hi;age
0,196,1,0,4,age;height;ap_hi;ap_lo
0,197,1,1,4,weight;ap_hi;age;ap_lo
0,198,0,1,3,height;weight;ap_hi
0,199,1,1,3,height;ap_lo;age
0,200,1,0,4,height;ap_lo;weight;ap_hi
0,201,0,1,3,weight;age;ap_hi
0,202,0,1,3,age;weight;height
0,203,0,1,4,ap_lo;height;weight;age
0,204,0,0,4,weight;ap_lo;ap_hi;age
0,205,0,0,3,age;ap_hi;height
0,206,1,1,3,height;ap_lo;ap_hi
0,207,0,0,3,age;weight;ap_hi
0,208,1,1,4,ap_lo;weight;age;ap_hi
0,209,0,1,3,ap_lo;age;weight
0,210,1,1,3,height;age;ap_lo
0,211,1,1,4,height;age;weight;ap_hi
0,212,0,0,3,weight;ap_hi;height
0,213,0,1,3,height;ap_hi;weight
0,214,0,0,4,ap_lo;height;weight;age
0,215,1,1,3,weight;ap_hi;height
0,216,0,0,4,height;weight;ap_lo;age
0,217,1,1,4,ap_hi;ap_lo;age;height
0,218,0,0,4,ap_lo;height;ap_hi;weight
0,219,0,0,4,height;ap_hi;age;weight
0,220,1,1,4,weight;age;height;ap_hi
0,221,0,0,3,ap_lo;ap_hi;age
0,222,0,0,3,ap_lo;ap_hi;weight
0,223,1,1,3,weight;ap_lo;height
0,224,0,1,3,age;weight;height
0,225,1,1,3,weight;height;ap_lo
0,226,0,0,3,height;age;ap_lo
0,227,1,1,3,age;height;ap_lo
0,228,0,0,3,weight;ap_hi;age
0,229,0,1,3,weight;age;ap_hi
0,230,1,1,3,ap_lo;weight;age
0,231,0,1,3,weight;ap_hi;age
0,232,1,1,4,ap_hi;height;age;ap_lo
0,233,0,1,4,ap_lo;weight;height;age
0,234,1,1,3,age;ap_lo;weight
0,235,1,0,4,weight;age;ap_lo;ap_hi
0,236,1,1,3,age;weight;ap_lo
0,237,0,1,4,height;ap_lo;age;ap_hi
0,238,1,1,3,ap_lo;weight;ap_hi
0,239,1,1,4,ap_hi;ap_lo;weight;height
0,240,1,1,3,height;ap_lo;age
0,241,1,1,4,ap_lo;ap_hi;height;weight
0,242,0,0,4,age;ap_lo;ap_hi;height
0,243,0,0,4,height;weight;ap_hi;age
0,244,1,1,4,ap_hi;ap_lo;age;weight
0,245,1,1,3,weight;age;ap_hi
0,246,1,1,4,age;height;ap_lo;ap_hi
0,247,1,1,4,age;ap_hi;ap_lo;height
0,248,1,1,3,height;ap_lo;ap_hi
0,249,1,0,4,age;ap_hi;height;ap_lo
0,250,1,1,3,ap_lo;weight;ap_hi
0,251,0,0,4,weight;ap_hi;ap_lo;height
0,252,0,0,3,ap_hi;age;ap_lo
0,253,0,1,4,age;ap_lo;height;weight
0,254,1,0,4,ap_hi;height;ap_lo;weight
0,255,1,1,3,age;ap_lo;ap_hi
0,256,0,1,4,ap_hi;weight;height;age
0,257,0,1,3,ap_hi;weight;ap_lo
0,258,0,0,4,weight;height;ap_lo;age
0,259,1,1,4,ap_hi;age;height;weight
0,260,0,0,3,height;weight;ap_lo
0,261,1,1,3,ap_lo;weight;age
0,262,1,1,4,height;ap_lo;age;weight
0,263,1,1,3,ap_hi;weight;age
0,264,1,1,4,ap_hi;weight;age;height
0,265,0,0,4,height;ap_lo;weight;ap_hi
0,266,0,1,3,weight;age;height
0,267,1,1,3,height;weight;age
0,268,0,0,3,ap_lo;age;weight
0,269,1,1,4,ap_hi;height;weight;age
0,270,1,1,4,height;ap_hi;age;weight
0,271,1,1,4,height;ap_lo;weight;age
0,272,0,1,3,ap_hi;age;weight
0,273,1,1,4,ap_hi;ap_lo;age;height
0,274,0,1,3,age;ap_lo;weight
0,275,1,1,4,height;ap_hi;ap_lo;weight
0,276,1,1,4,height;ap_hi;weight;age
0,277,0,0,3,weight;height;ap_hi
0,278,1,1,3,height;age;ap_hi
0,279,0,0,3,ap_hi;weight;ap_lo
0,280,0,1,3,ap_hi;ap_lo;age
0,281,0,0,4,ap_hi;height;weight;ap_lo
0,282,1,1,3,height;ap_lo;age
0,283,1,1,4,ap_hi;ap_lo;weight;height
0,284,1,1,4,age;height;ap_lo;weight
0,285,0,0,4,ap_hi;age;weight;height
0,286,1,1,4,ap_lo;ap_hi;height;weight
0,287,1,1,3,age;weight;ap_lo
0,288,1,1,4,ap_lo;height;ap_hi;age
0,289,0,0,4,ap_hi;age;ap_lo;height
0,290,0,0,3,height;weight;age
0,291,0,1,3,age;height;weight
0,292,0,0,4,weight;height;age;ap_hi
0,293,1,0,4,ap_lo;ap_hi;weight;height
0,294,1,0,4,weight;ap_hi;age;ap_lo
0,295,1,0,3,ap_lo;ap_hi;height
0,296,0,1,4,ap_hi;ap_lo;height;weight
0,297,1,0,3,age;ap_hi;ap_lo
0,298,1,1,4,ap_lo;ap_hi;height;weight
0,299,1,1,4,ap_hi;ap_lo;age;height
0,300,0,0,3,height;age;weight
0,301,1,0,3,ap_lo;height;age
0,302,1,1,4,age;height;ap_hi;weight
0,303,1,1,4,weight;ap_hi;age;ap_lo
0,304,0,1,3,age;weight;ap_hi
0,305,0,0,3,ap_hi;ap_lo;age
0,306,1,0,3,weight;ap_lo;height
0,307,0,0,4,age;height;ap_lo;ap_hi
0,308,0,0,4,ap_lo;age;height;ap_hi
0,309,0,1,3,weight;height;age
0,310,0,0,3,age;ap_hi;height
0,311,0,1,4,ap_hi;age;weight;ap_lo
0,312,0,1,4,height;ap_hi;ap_lo;weight
0,313,0,1,3,height;ap_hi;ap_lo
0,314,1,1,3,ap_lo;height;ap_hi
0,315,1,1,4,weight;height;ap_hi;age
0,316,1,1,3,ap_hi;age;height
0,317,1,1,4,ap_lo;age;height;weight
0,318,0,0,4,ap_hi;weight;height;age
0,319,1,1,3,ap_hi;weight;ap_lo
0,320,1,1,4,ap_hi;ap_lo;age;height
0,321,1,1,4,ap_lo;age;height;weight
0,322,1,1,4,ap_lo;ap_hi;height;age
0,323,0,0,4,weight;age;ap_hi;ap_lo
0,324,0,0,4,ap_lo;ap_hi;age;height
0,325,0,1,4,age;ap_hi;ap_lo;weight
0,326,1,1,3,weight;height;age
0,327,1,0,3,height;weight;ap_lo
0,328,0,0,3,height;age;ap_hi
0,329,1,0,4,ap_hi;ap_lo;height;age
0,330,0,0,4,ap_lo;height;age;ap_hi
0,331,1,1,4,age;ap_lo;weight;height
0,332,0,0,4,ap_hi;weight;height;ap_lo
0,333,0,0,4,ap_hi;age;ap_lo;weight
0,334,1,1,4,age;weight;height;ap_lo
0,335,1,1,3,weight;ap_lo;age
0,336,0,1,4,weight;ap_lo;ap_hi;height
0,337,0,0,4,ap_lo;ap_hi;weight;age
0,338,0,1,4,age;weight;ap_hi;ap_lo
0,339,0,0,3,ap_lo;height;weight
0,340,1,1,4,height;ap_hi;ap_lo;age
0,341,1,1,3,height;ap_hi;ap_lo
0,342,1,1,4,height;ap_lo;ap_hi;age
0,343,1,0,4,ap_lo;ap_hi;height;weight
0,344,1,1,4,ap_hi;ap_lo;weight;height
0,345,1,1,4,ap_hi;height;weight;age
0,346,0,0,4,age;weight;ap_lo;height
0,347,0,0,3,height;ap_lo;age
0,348,1,1,4,weight;age;height;ap_hi
0,349,0,0,4,height;ap_hi;ap_lo;age
0,350,1,1,3,weight;age;height
0,351,1,1,4,ap_hi;ap_lo;age;weight
0,352,0,0,4,ap_lo;weight;ap_hi;height
0,353,1,1,3,height;ap_hi;weight
0,354,1,0,3,age;weight;ap_lo
0,355,1,1,3,height;ap_lo;weight
0,356,1,1,4,age;ap_hi;ap_lo;weight
0,357,1,1,3,ap_hi;height;age
0,358,1,1,3,weight;height;ap_hi
0,359,1,0,3,height;weight;age
0,360,1,1,3,height;ap_hi;age
0,361,0,0,3,weight;ap_hi;ap_lo
0,362,1,1,4,weight;height;ap_hi;ap_lo
0,363,1,1,4,age;ap_lo;height;weight
0,364,1,1,4,ap_hi;ap_lo;age;height
0,365,1,0,4,ap_lo;ap_hi;age;height
0,366,0,0,3,age;ap_hi;height
0,367,1,1,4,weight;age;ap_hi;ap_lo
0,368,1,1,4,height;age;ap_hi;ap_lo
0,369,0,1,4,age;height;ap_hi;ap_lo
0,370,1,1,3,age;ap_hi;height
0,371,0,0,3,height;age;weight
0,372,1,1,4,age;height;ap_hi;weight
0,373,1,0,3,weight;age;height
0,374,1,1,4,age;height;weight;ap_hi
0,375,0,0,3,weight;ap_lo;ap_hi
0,376,1,0,3,ap_lo;height;ap_hi
0,377,1,0,3,age;ap_hi;weight
0,378,0,1,4,age;height;ap_hi;weight
0,379,0,1,4,weight;age;height;ap_hi
0,380,1,0,4,height;weight;ap_hi;age
0,381,1,1,4,height;age;weight;ap_lo
0,382,0,1,3,age;ap_lo;weight
0,383,1,0,4,weight;ap_hi;age;ap_lo
0,384,1,1,4,ap_hi;age;weight;height
0,385,0,1,4,weight;ap_hi;age;height
0,386,0,1,3,height;weight;ap_hi
0,387,1,1,4,height;weight;age;ap_hi
0,388,0,1,4,age;ap_lo;ap_hi;weight
0,389,0,0,4,height;ap_hi;weight;age
0,390,1,1,3,age;weight;ap_hi
0,391,1,0,3,age;ap_hi;height
0,392,0,0,3,ap_hi;age;ap_lo
0,393,1,1,4,height;weight;ap_hi;age
0,394,0,0,4,weight;age;ap_lo;height
0,395,1,1,4,age;ap_lo;height;weight
0,396,1,1,4,ap_lo;age;ap_hi;height
0,397,1,1,4,ap_lo;height;age;weight
0,398,0,0,3,weight;ap_lo;ap_hi
0,399,0,1,4,height;ap_hi;ap_lo;weight
0,400,1,0,3,height;age;ap_lo
0,401,1,1,4,weight;ap_hi;ap_lo;age
0,402,0,1,4,ap_hi;weight;ap_lo;height
0,403,0,1,4,ap_lo;ap_hi;weight;age
0,404,0,1,4,ap_lo;age;ap_hi;weight
0,405,0,0,3,age;ap_hi;ap_lo
0,406,0,1,3,height;weight;ap_lo
0,407,1,1,3,height;ap_lo;age
0,408,1,1,3,ap_lo;ap_hi;weight
0,409,0,1,3,height;ap_lo;weight
0,410,0,0,3,ap_hi;weight;ap_lo
0,411,0,0,4,age;ap_hi;weight;height
0,412,0,0,3,height;ap_lo;weight
0,413,1,1,4,ap_hi;ap_lo;height;age
0,414,0,0,4,weight;height;age;ap_hi
0,415,0,0,3,age;weight;ap_hi
0,416,0,1,4,weight;ap_hi;height;age
0,417,0,1,3,height;weight;age
0,418,0,0,4,age;height;ap_hi;ap_lo
0,419,1,1,4,ap_hi;weight;age;ap_lo
0,420,1,0,3,weight;age;ap_lo
0,421,0,0,3,ap_lo;age;weight
0,422,1,1,4,ap_hi;age;ap_lo;height
0,423,0,1,3,ap_lo;age;weight
0,424,1,1,3,ap_lo;weight;ap_hi
0,425,1,1,4,age;weight;ap_hi;ap_lo
0,426,1,0,3,ap_lo;ap_hi;height
0,427,1,1,4,weight;ap_hi;height;ap_lo
0,428,0,0,4,weight;ap_hi;age;ap_lo
0,429,1,1,3,ap_hi;ap_lo;weight
0,430,1,0,4,ap_lo;height;age;ap_hi
0,431,1,1,3,ap_lo;weight;height
0,432,1,1,4,age;ap_hi;weight;height
0,433,1,1,4,age;weight;height;ap_lo
0,434,1,1,4,ap_hi;weight;ap_lo;age
0,435,1,1,4,ap_hi;ap_lo;age;height
0,436,1,1,3,ap_hi;weight;age
0,437,1,1,3,ap_hi;age;height
0,438,0,0,4,height;ap_lo;age;weight
0,439,0,1,4,height;age;weight;ap_hi
0,440,1,0,4,age;height;ap_lo;ap_hi
0,441,0,0,3,weight;ap_lo;age
0,442,0,0,4,ap_hi;ap_lo;height;weight
0,443,0,0,4,height;weight;age;ap_hi
0,444,0,0,4,weight;ap_hi;age;height
0,445,0,1,4,ap_lo;weight;ap_hi;height
0,446,0,1,3,age;weight;height
0,447,1,1,3,weight;age;ap_lo
0,448,0,1,4,ap_hi;ap_lo;age;height
0,449,0,1,3,weight;age;ap_hi
0,450,0,1,3,weight;age;ap_lo
0,451,0,1,3,weight;age;ap_lo
0,452,1,1,4,ap_hi;weight;age;ap_lo
0,453,1,0,3,height;ap_lo;age
0,454,1,1,3,ap_lo;age;weight
0,455,0,0,4,age;height;ap_lo;ap_hi
0,456,0,1,4,ap_lo;height;age;weight
0,457,0,0,3,weight;height;age
0,458,1,1,4,ap_hi;age;ap_lo;height
0,459,1,1,3,weight;ap_lo;height
0,460,1,1,4,height;weight;ap_lo;ap_hi
0,461,1,0,4,weight;ap_lo;age;height
0,462,0,1,4,height;weight;age;ap_lo
0,463,0,0,4,height;ap_lo;weight;ap_hi
0,464,1,1,3,ap_hi;weight;ap_lo
0,465,1,1,3,ap_lo;weight;height
0,466,1,1,3,weight;age;ap_hi
0,467,1,1,3,ap_lo;ap_hi;height
0,468,0,1,3,age;height;weight
0,469,1,1,3,ap_lo;weight;age
0,470,1,1,4,weight;height;age;ap_lo
0,471,1,1,3,ap_hi;ap_lo;age
0,472,0,1,3,ap_lo;age;height
0,473,1,1,3,ap_hi;height;weight
0,474,1,0,4,height;weight;ap_lo;ap_hi
0,475,0,1,4,height;ap_lo;weight;age
0,476,0,1,3,height;ap_lo;ap_hi
0,477,0,0,4,weight;ap_lo;ap_hi;height
0,478,0,0,4,ap_hi;ap_lo;age;weight
0,479,0,0,4,age;ap_lo;ap_hi;height
0,480,0,1,4,ap_lo;age;height;weight
0,481,1,1,3,ap_hi;age;weight
0,482,1,1,3,weight;ap_lo;age
0,483,1,1,4,weight;ap_hi;height;ap_lo
0,484,0,0,4,height;weight;ap_hi;age
0,485,1,0,4,weight;ap_hi;ap_lo;age
0,486,1,1,4,weight;height;ap_lo;ap_hi
0,487,1,1,3,age;weight;ap_lo
0,488,1,1,4,ap_lo;height;weight;ap_hi
0,489,1,1,4,age;weight;height;ap_hi
0,490,0,1,4,age;ap_lo;weight;ap_hi
0,491,0,1,3,age;weight;ap_hi
0,492,0,0,4,ap_lo;ap_hi;height;age
0,493,1,1,3,ap_hi;age;weight
0,494,1,1,3,age;ap_hi;height
0,495,1,1,3,ap_lo;height;ap_hi
0,496,1,1,4,ap_lo;height;weight;age
0,497,1,1,3,age;height;ap_lo
0,498,0,0,3,age;height;ap_hi
0,499,0,0,4,ap_lo;weight;ap_hi;height
0,500,0,0,4,ap_lo;age;weight;height
0,501,1,1,4,ap_hi;age;ap_lo;weight
0,502,1,1,3,age;weight;height
0,503,0,1,3,age;ap_hi;height
0,504,0,0,3,ap_lo;age;ap_hi
0,505,0,0,3,weight;age;ap_lo
0,506,0,1,3,age;height;weight
0,507,1,1,4,age;ap_hi;height;ap_lo
0,508,0,0,4,ap_lo;weight;height;age
0,509,0,1,3,weight;ap_hi;height
0,510,1,1,3,ap_hi;ap_lo;height
0,511,0,1,4,weight;height;ap_lo;ap_hi
0,512,1,1,4,age;weight;height;ap_hi
0,513,1,1,3,ap_hi;ap_lo;weight
0,514,1,1,4,ap_hi;age;height;weight
0,515,0,0,4,height;ap_hi;weight;ap_lo
0,516,1,1,4,ap_hi;ap_lo;age;height
0,517,1,1,4,height;age;weight;ap_hi
0,518,0,1,3,weight;ap_lo;age
0,519,1,1,4,age;ap_hi;weight;height
0,520,1,1,3,weight;ap_lo;height
0,521,0,1,3,ap_hi;weight;ap_lo
0,522,0,0,3,height;ap_hi;age
0,523,1,0,3,ap_lo;ap_hi;weight
0,524,1,1,4,ap_hi;age;weight;height
0,525,0,1,3,ap_lo;weight;age
0,526,0,1,3,ap_hi;height;age
0,527,1,1,3,age;ap_lo;height
0,528,0,1,4,ap_lo;age;height;ap_hi
0,529,1,1,4,age;ap_hi;height;ap_lo
0,530,0,1,4,ap_lo;ap_hi;height;weight
0,531,1,1,3,ap_hi;ap_lo;weight
0,532,0,1,4,weight;ap_lo;age;ap_hi
0,533,1,1,4,ap_lo;ap_hi;weight;age
0,534,0,1,4,age;ap_lo;height;weight
0,535,1,1,3,age;height;weight
0,536,1,1,4,ap_lo;height;weight;age
0,537,1,1,4,weight;height;age;ap_lo
0,538,0,1,3,age;weight;ap_lo
0,539,1,0,4,ap_hi;age;height;ap_lo
0,540,1,1,3,age;weight;height
0,541,1,1,3,height;age;ap_hi
0,542,1,1,4,height;age;ap_hi;ap_lo
0,543,1,1,4,ap_hi;weight;height;ap_lo
0,544,1,0,4,weight;ap_hi;height;ap_lo
0,545,0,0,4,height;weight;ap_lo;ap_hi
0,546,0,0,4,ap_hi;weight;ap_lo;height
0,547,0,1,3,age;ap_hi;ap_lo
0,548,0,0,3,ap_hi;age;ap_lo
0,549,1,1,4,ap_lo;height;ap_hi;weight
0,550,1,1,3,height;age;ap_hi
0,551,1,1,3,ap_hi;ap_lo;weight
0,552,0,1,3,weight;ap_lo;ap_hi
0,553,1,1,4,ap_hi;weight;height;ap_lo
0,554,0,1,3,age;ap_hi;ap_lo
0,555,0,1,3,age;height;ap_hi
0,556,1,1,3,height;age;weight
0,557,1,1,3,ap_lo;ap_hi;height
0,558,1,1,4,height;ap_hi;weight;ap_lo
0,559,1,1,4,age;height;ap_hi;weight
0,560,1,1,4,age;height;weight;ap_lo
0,561,0,1,3,weight;age;height
0,562,0,1,4,height;age;ap_hi;weight
0,563,0,1,3,height;ap_hi;ap_lo
0,564,1,1,4,ap_lo;age;height;ap_hi
0,565,1,1,3,ap_hi;age;height
0,566,0,1,4,height;ap_lo;age;ap_hi
0,567,1,0,4,ap_lo;weight;height;ap_hi
0,568,1,1,4,ap_hi;ap_lo;weight;age
0,569,0,1,3,weight;height;ap_lo
0,570,1,1,4,height;ap_hi;weight;age
0,571,1,1,3,weight;ap_lo;age
0,572,0,0,3,age;weight;ap_hi
0,573,1,0,3,ap_lo;height;age
0,574,1,1,4,height;age;ap_lo;ap_hi
0,575,0,1,4,weight;ap_hi;age;ap_lo
0,576,1,1,4,weight;age;ap_hi;height
0,577,1,1,4,weight;age;height;ap_hi
0,578,1,0,3,weight;ap_hi;age
0,579,0,1,3,height;ap_lo;ap_hi
0,580,1,1,4,weight;ap_lo;age;height
0,581,1,1,4,weight;height;ap_lo;age
0,582,0,0,3,weight;height;age
0,583,0,0,4,age;ap_lo;ap_hi;weight
0,584,0,0,4,ap_hi;height;weight;age
0,585,1,1,3,weight;age;height
0,586,0,1,4,weight;ap_lo;age;height
0,587,0,0,3,height;ap_lo;age
0,588,1,1,4,height;weight;ap_hi;age
0,589,1,1,4,age;height;ap_hi;weight
0,590,1,1,4,age;weight;height;ap_lo
0,591,0,1,3,height;weight;age
0,592,0,0,3,age;ap_lo;height
0,593,0,0,4,ap_hi;weight;ap_lo;height
0,594,0,0,3,ap_hi;height;age
0,595,1,1,3,height;weight;age
0,596,1,1,4,age;ap_hi;weight;ap_lo
0,597,0,0,4,weight;ap_lo;height;ap_hi
0,598,0,1,3,ap_lo;height;ap_hi
0,599,0,1,4,ap_lo;weight;age;height
0,600,1,0,3,weight;ap_hi;ap_lo
0,601,1,1,4,weight;ap_hi;height;ap_lo
0,602,1,1,3,weight;ap_hi;ap_lo
0,603,1,1,4,ap_hi;age;weight;height
0,604,0,0,4,ap_lo;weight;height;ap_hi
0,605,0,1,4,weight;ap_lo;height;age
0,606,1,1,3,age;weight;ap_hi
0,607,1,1,3,ap_hi;weight;height
0,608,0,0,3,ap_lo;ap_hi;age
0,609,0,0,4,height;age;ap_hi;weight
0,610,1,1,3,ap_hi;weight;age
0,611,1,1,3,weight;ap_hi;age
0,612,0,0,3,weight;ap_lo;ap_hi
0,613,0,0,4,height;weight;ap_lo;ap_hi
0,614,0,1,4,ap_hi;height;age;weight
0,615,0,0,4,age;ap_hi;height;ap_lo
0,616,0,0,3,weight;ap_lo;ap_hi
0,617,0,1,3,height;age;ap_lo
0,618,0,0,4,age;ap_hi;height;ap_lo
0,619,1,1,3,weight;age;ap_hi
0,620,0,1,4,height;ap_hi;ap_lo;age
0,621,1,1,4,age;ap_lo;weight;ap_hi
0,622,0,0,3,age;ap_hi;ap_lo
0,623,1,1,4,weight;age;ap_hi;height
0,624,1,1,3,ap_lo;ap_hi;height
0,625,0,0,3,weight;height;ap_lo
0,626,1,1,3,age;height;ap_hi
0,627,0,1,4,ap_hi;height;weight;ap_lo
0,628,0,0,3,ap_hi;ap_lo;age
0,629,0,1,4,age;weight;height;ap_lo
0,630,0,1,3,ap_lo;ap_hi;weight
0,631,1,0,3,height;weight;ap_lo
0,632,1,1,4,age;ap_lo;height;ap_hi
0,633,0,0,3,ap_lo;age;weight
0,634,0,1,3,ap_hi;ap_lo;weight
0,635,1,1,3,ap_lo;ap_hi;age
0,636,1,1,3,ap_lo;ap_hi;age
0,637,0,1,4,ap_lo;weight;ap_hi;height
0,638,1,1,3,ap_lo;age;weight
0,639,0,0,4,weight;ap_hi;age;height
0,640,1,1,4,ap_lo;age;height;weight
0,641,1,1,4,height;weight;age;ap_lo
0,642,1,1,4,weight;ap_lo;age;height
0,643,0,1,4,age;ap_hi;ap_lo;height
0,644,1,0,4,height;ap_hi;weight;age
0,645,1,1,4,ap_lo;height;age;ap_hi
0,646,0,0,4,age;weight;ap_lo;ap_hi
0,647,0,1,3,age;ap_hi;height
0,648,0,1,3,age;ap_lo;ap_hi
0,649,0,1,4,ap_hi;age;weight;height
0,650,1,1,3,weight;height;age
0,651,0,0,3,weight;age;ap_hi
0,652,0,0,3,ap_hi;weight;ap_lo
0,653,0,1,4,height;ap_hi;weight;age
0,654,0,0,3,ap_lo;ap_hi;weight
0,655,0,1,3,weight;height;ap_lo
0,656,0,0,4,weight;age;height;ap_hi
0,657,0,0,3,ap_hi;age;ap_lo
0,658,1,1,3,weight;ap_hi;ap_lo
0,659,0,0,3,age;height;weight
0,660,1,1,4,weight;ap_hi;height;ap_lo
0,661,0,0,3,ap_hi;height;weight
0,662,0,1,4,ap_lo;ap_hi;height;age
0,663,0,1,4,height;ap_lo;age;weight
0,664,1,0,4,ap_lo;height;ap_hi;age
0,665,1,1,3,age;ap_lo;weight
0,666,0,0,3,ap_hi;weight;age
0,667,1,0,4,weight;ap_lo;height;ap_hi
0,668,1,1,4,ap_lo;ap_hi;weight;age
0,669,1,1,3,age;weight;height
0,670,0,1,3,weight;height;age
0,671,0,0,3,ap_lo;ap_hi;age
0,672,0,0,4,age;ap_lo;ap_hi;height
0,673,0,0,3,age;ap_lo;height
0,674,1,1,3,age;ap_hi;ap_lo
0,675,1,1,4,ap_lo;height;ap_hi;age
0,676,1,1,4,ap_hi;height;weight;age
0,677,1,1,3,age;weight;ap_lo
0,678,0,0,4,height;ap_lo;weight;ap_hi
0,679,1,1,4,weight;ap_hi;age;height
0,680,0,1,4,height;age;ap_lo;weight
0,681,0,0,3,ap_lo;ap_hi;weight
0,682,0,0,4,weight;ap_lo;height;age
0,683,1,1,4,ap_lo;ap_hi;weight;age
0,684,0,1,4,ap_hi;weight;age;ap_lo
0,685,1,1,4,ap_lo;age;height;ap_hi
0,686,1,1,4,ap_hi;height;ap_lo;weight
0,687,0,0,4,weight;age;ap_lo;height
0,688,1,1,4,weight;ap_lo;height;ap_hi
0,689,1,1,4,weight;age;ap_hi;ap_lo
0,690,0,0,3,ap_lo;ap_hi;weight
0,691,0,0,4,age;weight;ap_hi;ap_lo
0,692,0,1,3,ap_lo;weight;ap_hi
0,693,0,0,3,age;ap_hi;ap_lo
0,694,0,0,4,height;ap_hi;weight;ap_lo
0,695,1,1,4,ap_lo;height;ap_hi;age
0,696,0,1,4,ap_hi;weight;ap_lo;age
0,697,1,1,3,ap_hi;height;age
0,698,1,0,4,age;ap_lo;height;ap_hi
0,699,1,1,4,weight;age;height;ap_lo
0,700,0,0,3,height;age;weight
0,701,0,0,4,ap_hi;age;ap_lo;weight
0,702,0,0,4,ap_hi;height;weight;ap_lo
0,703,0,0,3,weight;ap_hi;age
0,704,0,1,4,ap_lo;age;height;ap_hi
0,705,1,1,4,weight;age;ap_hi;height
0,706,1,0,3,age;ap_hi;weight
0,707,1,1,4,ap_lo;ap_hi;height;age
0,708,0,1,4,weight;ap_lo;height;ap_hi
0,709,0,1,4,ap_lo;weight;height;age
0,710,0,0,3,age;weight;ap_hi
0,711,0,0,4,weight;ap_lo;height;ap_hi
0,712,1,1,3,age;ap_hi;weight
0,713,1,1,4,age;height;ap_lo;weight
0,714,1,0,3,ap_lo;age;height
0,715,1,0,3,height;ap_hi;ap_lo
0,716,1,1,3,weight;age;ap_lo
0,717,0,0,3,ap_lo;weight;ap_hi
0,718,0,1,3,weight;height;ap_lo
0,719,1,0,3,height;ap_lo;age
0,720,0,1,4,age;ap_lo;weight;height
0,721,1,1,3,height;ap_hi;weight
0,722,0,1,4,height;age;ap_lo;ap_hi
0,723,1,1,4,age;weight;height;ap_hi
0,724,1,1,4,age;ap_lo;ap_hi;height
0,725,1,1,4,height;weight;ap_hi;ap_lo
0,726,1,1,3,age;ap_hi;height
0,727,1,1,4,ap_lo;height;ap_hi;weight
0,728,1,1,3,height;ap_hi;ap_lo
0,729,1,0,4,ap_hi;weight;age;height
0,730,1,1,4,ap_hi;height;ap_lo;weight
0,731,1,1,3,ap_hi;weight;age
0,732,0,1,3,weight;ap_lo;height
0,733,0,0,3,weight;age;height
0,734,0,0,4,age;ap_lo;weight;ap_hi
0,735,0,1,3,age;weight;ap_hi
0,736,0,0,4,height;ap_lo;weight;age
0,737,1,1,3,age;ap_hi;ap_lo
0,738,0,1,4,ap_lo;height;ap_hi;weight
0,739,1,0,3,weight;height;age
0,740,0,0,4,height;age;ap_hi;ap_lo
0,741,0,1,3,ap_hi;ap_lo;weight
0,742,0,1,4,age;height;ap_lo;weight
0,743,0,1,4,weight;age;height;ap_hi
0,744,1,0,4,ap_lo;height;age;weight
0,745,0,0,4,weight;ap_lo;age;ap_hi
0,746,0,1,4,weight;ap_hi;ap_lo;age
0,747,0,1,4,age;ap_lo;weight;height
0,748,0,0,4,height;age;ap_hi;ap_lo
0,749,0,1,3,ap_lo;height;weight
0,750,0,0,3,ap_lo;age;ap_hi
0,751,0,0,3,age;ap_hi;weight
0,752,0,1,4,height;weight;ap_hi;ap_lo
0,753,1,0,3,age;height;ap_hi
0,754,0,1,4,age;ap_hi;ap_lo;height
0,755,0,1,3,age;weight;height
0,756,1,1,4,height;ap_hi;age;weight
0,757,0,0,3,ap_lo;weight;height
0,758,1,0,4,weight;age;ap_hi;ap_lo
0,759,1,1,3,ap_hi;weight;ap_lo
0,760,1,0,4,age;weight;height;ap_lo
0,761,0,0,4,height;ap_hi;age;ap_lo
0,762,1,1,3,weight;age;height
0,763,0,1,3,weight;height;ap_lo
0,764,0,0,4,weight;ap_hi;ap_lo;age
0,765,0,0,3,age;ap_hi;ap_lo
0,766,1,1,3,height;weight;ap_lo
0,767,0,1,3,height;ap_hi;age
0,768,0,1,3,age;ap_hi;weight
0,769,1,0,4,ap_hi;ap_lo;age;weight
0,770,0,0,3,ap_lo;age;ap_hi
0,771,0,0,4,height;ap_lo;weight;ap_hi
0,772,1,1,3,ap_hi;weight;ap_lo
0,773,0,0,4,age;ap_hi;weight;ap_lo
0,774,1,1,4,ap_hi;height;age;weight
0,775,0,0,4,weight;ap_hi;height;age
0,776,0,0,4,ap_lo;height;weight;age
0,777,1,0,3,ap_hi;weight;height
0,778,1,0,4,weight;height;ap_hi;age
0,779,0,1,3,height;age;weight
0,780,0,1,4,ap_lo;weight;ap_hi;height
0,781,0,0,4,height;ap_hi;ap_lo;age
0,782,1,1,4,ap_hi;ap_lo;age;weight
0,783,1,1,3,age;ap_lo;ap_hi
0,784,1,1,4,weight;ap_hi;ap_lo;height
0,785,1,1,3,age;ap_hi;weight
0,786,0,0,4,ap_lo;height;age;ap_hi
0,787,0,1,3,age;height;weight
0,788,1,1,3,height;weight;ap_hi
0,789,1,1,3,ap_hi;age;height
0,790,0,0,3,weight;height;age
0,791,0,0,4,weight;ap_lo;height;ap_hi
0,792,0,1,3,age;ap_lo;weight
0,793,0,1,3,age;weight;ap_lo
0,794,0,0,4,height;weight;age;ap_lo
0,795,0,1,4,ap_lo;age;ap_hi;height
0,796,0,0,3,weight;age;ap_lo
0,797,0,1,3,ap_lo;ap_hi;weight
0,798,0,0,3,height;age;ap_hi
0,799,0,0,3,age;height;ap_hi
0,800,0,1,4,ap_lo;height;ap_hi;weight
0,801,0,1,4,weight;age;ap_hi;ap_lo
0,802,0,0,3,weight;height;age
0,803,0,1,3,ap_lo;weight;age
0,804,1,1,4,ap_lo;age;weight;ap_hi
0,805,1,1,3,weight;height;age
0,806,0,1,4,ap_lo;ap_hi;age;height
0,807,1,1,3,ap_lo;ap_hi;age
0,808,0,0,3,ap_lo;height;ap_hi
0,809,1,1,3,ap_hi;age;weight
0,810,0,0,3,height;age;weight
0,811,1,1,4,age;ap_hi;ap_lo;height
0,812,0,0,3,age;ap_lo;ap_hi
0,813,0,0,4,ap_hi;height;ap_lo;age
0,814,0,0,3,height;ap_lo;age
0,815,0,1,3,weight;ap_lo;age
0,816,0,0,4,ap_lo;ap_hi;age;weight
0,817,0,0,4,ap_lo;ap_hi;age;weight
0,818,1,1,4,height;ap_hi;ap_lo;weight
0,819,0,0,4,height;age;ap_lo;weight
0,820,1,1,4,weight;ap_lo;age;ap_hi
0,821,0,0,3,ap_hi;age;weight
0,822,0,1,4,ap_hi;height;age;weight
0,823,0,1,3,weight;height;age
0,824,1,1,3,ap_hi;age;height
0,825,0,0,3,ap_hi;age;height
0,826,0,1,4,height;ap_lo;weight;age
0,827,1,1,3,ap_lo;age;weight
0,828,1,1,3,height;ap_hi;ap_lo
0,829,0,1,4,height;weight;ap_lo;age
0,830,1,1,4,ap_hi;ap_lo;weight;height
0,831,0,0,3,age;ap_lo;weight
0,832,0,1,4,age;height;ap_lo;weight
0,833,1,1,3,ap_hi;ap_lo;age
0,834,1,1,3,age;ap_hi;ap_lo
0,835,0,0,3,height;ap_hi;ap_lo
0,836,0,1,4,weight;age;height;ap_lo
0,837,0,0,3,height;age;weight
0,838,0,0,3,ap_lo;weight;height
0,839,0,0,3,ap_hi;ap_lo;height
0,840,0,0,4,height;ap_lo;ap_hi;age
0,841,0,1,3,ap_lo;weight;height
0,842,0,1,4,height;age;ap_hi;weight
0,843,1,1,4,age;ap_lo;height;weight
0,844,0,1,4,age;ap_lo;ap_hi;height
0,845,0,1,3,ap_lo;weight;ap_hi
0,846,0,0,3,height;weight;ap_hi
0,847,1,0,3,height;age;ap_lo
0,848,0,1,3,ap_hi;height;age
0,849,1,1,4,ap_lo;age;ap_hi;weight
0,850,1,0,4,height;ap_lo;ap_hi;age
0,851,0,0,3,ap_hi;height;age
0,852,0,0,3,ap_lo;age;ap_hi
0,853,1,1,3,weight;ap_hi;age
0,854,1,1,3,weight;ap_lo;height
0,855,1,1,4,height;age;ap_lo;ap_hi
0,856,0,0,4,ap_hi;ap_lo;age;height
0,857,1,1,4,age;ap_lo;height;weight
0,858,1,1,4,age;ap_lo;weight;ap_hi
0,859,0,0,4,ap_lo;height;age;ap_hi
0,860,1,1,4,height;age;weight;ap_hi
0,861,1,1,3,ap_hi;ap_lo;weight
0,862,1,1,4,weight;height;ap_hi;ap_lo
0,863,0,0,3,ap_hi;age;height
0,864,1,1,3,weight;ap_lo;ap_hi
0,865,0,1,4,ap_lo;age;ap_hi;height
0,866,1,1,4,ap_hi;ap_lo;height;weight
0,867,1,1,3,weight;ap_hi;age
0,868,1,0,4,height;age;ap_hi;ap_lo
0,869,1,1,4,ap_hi;ap_lo;height;weight
0,870,0,1,3,height;age;ap_lo
0,871,1,1,4,height;age;ap_hi;ap_lo
0,872,0,0,4,weight;ap_lo;age;ap_hi
0,873,0,0,3,height;age;ap_hi
0,874,0,0,3,ap_hi;age;height
0,875,0,0,4,height;ap_lo;age;weight
0,876,1,1,3,height;ap_lo;ap_hi
0,877,0,0,3,ap_lo;ap_hi;age
0,878,1,1,4,ap_lo;ap_hi;weight;height
0,879,1,1,4,age;height;weight;ap_hi
0,880,1,1,4,ap_lo;weight;ap_hi;height
0,881,1,1,3,height;weight;ap_hi
0,882,1,1,3,weight;age;ap_lo
0,883,1,1,4,ap_lo;weight;height;age
0,884,0,0,4,height;age;ap_hi;weight
0,885,1,1,3,age;ap_hi;height
0,886,0,0,4,height;age;ap_hi;ap_lo
0,887,1,1,4,weight;ap_lo;ap_hi;age
0,888,0,1,3,ap_hi;ap_lo;age
0,889,1,1,4,height;age;weight;ap_hi
0,890,0,0,3,ap_hi;height;weight
0,891,0,0,3,ap_lo;height;weight
0,892,0,1,4,ap_hi;weight;ap_lo;height
0,893,1,0,4,height;ap_hi;age;weight
0,894,0,1,3,height;age;ap_hi
0,895,1,1,4,weight;age;ap_hi;height
0,896,0,0,3,ap_lo;height;weight
0,897,1,0,3,weight;height;ap_hi
0,898,1,1,3,weight;height;ap_hi
0,899,0,0,4,ap_hi;weight;height;age
0,900,0,1,3,weight;age;ap_lo
0,901,0,0,4,weight;ap_lo;age;ap_hi
0,902,1,0,3,height;ap_hi;weight
0,903,1,1,3,ap_lo;weight;ap_hi
0,904,1,1,3,height;weight;age
0,905,0,0,3,ap_lo;age;ap_hi
0,906,0,0,4,weight;height;ap_lo;ap_hi
0,907,1,1,3,age;ap_lo;ap_hi
0,908,0,0,3,weight;ap_hi;ap_lo
0,909,1,0,3,ap_lo;height;weight
0,910,0,0,3,ap_lo;weight;ap_hi
0,911,0,1,4,age;ap_hi;height;weight
0,912,1,0,4,age;weight;ap_hi;ap_lo
0,913,0,0,4,ap_lo;ap_hi;age;weight
0,914,1,1,4,weight;ap_lo;height;age
0,915,1,1,3,height;weight;age
0,916,0,1,3,height;age;weight
0,917,0,0,4,ap_hi;age;height;weight
0,918,0,0,4,ap_hi;height;weight;ap_lo
0,919,1,0,3,height;ap_hi;weight
0,920,1,1,4,ap_hi;age;ap_lo;weight
0,921,1,0,4,age;ap_hi;height;ap_lo
0,922,0,1,4,height;age;ap_hi;weight
0,923,0,0,3,weight;ap_lo;ap_hi
0,924,1,1,4,ap_lo;weight;ap_hi;age
0,925,1,1,3,weight;ap_hi;ap_lo
0,926,1,1,3,weight;height;ap_hi
0,927,1,1,4,ap_lo;ap_hi;age;weight
0,928,1,1,4,ap_hi;weight;height;age
0,929,0,0,4,age;weight;height;ap_lo
0,930,0,0,3,ap_lo;weight;height
0,931,1,0,4,height;ap_lo;weight;ap_hi
0,932,0,1,4,weight;age;ap_hi;height
0,933,1,1,4,ap_hi;weight;height;age
0,934,1,1,3,ap_hi;weight;age
0,935,1,1,3,ap_hi;ap_lo;age
0,936,0,1,3,age;height;ap_lo
0,937,1,0,3,height;weight;ap_hi
0,938,1,1,4,ap_lo;ap_hi;age;weight
0,939,1,1,3,ap_lo;weight;age
0,940,0,0,4,height;weight;age;ap_hi
0,941,0,1,3,ap_lo;height;ap_hi
0,942,0,1,4,weight;height;ap_hi;ap_lo
0,943,0,0,4,weight;ap_hi;ap_lo;age
0,944,1,1,3,height;ap_lo;weight
0,945,0,0,4,age;height;ap_lo;ap_hi
0,946,0,0,4,ap_lo;height;weight;age
0,947,0,0,4,ap_lo;age;ap_hi;height
0,948,1,1,4,age;ap_hi;weight;ap_lo
0,949,0,1,4,ap_hi;age;height;weight
0,950,0,1,3,ap_hi;weight;ap_lo
0,951,0,1,4,age;ap_hi;weight;ap_lo
0,952,0,1,4,ap_hi;weight;height;ap_lo
0,953,1,0,3,ap_hi;height;weight
0,954,0,1,3,height;ap_lo;age
0,955,0,0,4,height;ap_lo;age;ap_hi
0,956,1,1,4,ap_lo;height;ap_hi;weight
0,957,0,0,3,ap_hi;age;height
0,958,0,1,3,height;ap_hi;weight
0,959,1,1,4,ap_lo;ap_hi;age;height
0,960,1,1,4,height;ap_lo;weight;age
0,961,0,1,4,ap_lo;age;height;ap_hi
0,962,0,0,4,ap_hi;age;weight;ap_lo
0,963,0,0,4,ap_lo;weight;age;ap_hi
0,964,1,1,3,age;ap_lo;ap_hi
0,965,1,1,4,ap_lo;age;height;weight
0,966,1,1,3,height;ap_lo;weight
0,967,1,1,3,height;age;weight
0,968,1,1,4,ap_lo;weight;age;height
0,969,1,1,4,ap_lo;ap_hi;height;weight
0,970,0,0,4,ap_lo;ap_hi;weight;age
0,971,1,1,3,ap_hi;weight;height
0,972,1,1,4,ap_hi;weight;age;ap_lo
0,973,0,0,3,ap_lo;ap_hi;weight
0,974,1,1,3,ap_lo;height;weight
0,975,1,1,3,age;ap_hi;height
0,976,1,1,4,ap_lo;age;ap_hi;weight
0,977,0,0,4,ap_lo;age;ap_hi;weight
0,978,1,1,4,height;ap_lo;age;weight
0,979,0,1,3,ap_hi;age;weight
0,980,1,1,3,ap_lo;weight;height
0,981,0,0,3,ap_hi;age;ap_lo
0,982,0,0,3,weight;ap_lo;age
0,983,1,1,3,weight;ap_hi;age
0,984,1,0,3,age;ap_hi;ap_lo
0,985,1,0,4,weight;ap_hi;ap_lo;age
0,986,1,1,4,ap_hi;ap_lo;height;age
0,987,1,1,4,height;ap_lo;age;weight
0,988,1,0,3,height;ap_hi;ap_lo
0,989,1,1,3,height;ap_hi;age
0,990,1,0,3,age;weight;height
0,991,0,1,3,age;ap_lo;weight
0,992,1,0,4,age;ap_lo;weight;height
0,993,0,0,4,height;ap_hi;ap_lo;weight
0,994,1,0,3,weight;age;ap_lo
0,995,1,1,3,weight;height;ap_lo
0,996,1,1,3,height;ap_hi;weight
0,997,0,1,4,weight;ap_hi;ap_lo;age
0,998,1,1,3,weight;ap_lo;age
0,999,1,1,3,height;ap_lo;ap_hi
1,0,0,0,4,weight;age;ap_lo;ap_hi
1,1,0,1,3,weight;height;age
1,2,0,0,3,height;ap_lo;ap_hi
1,3,0,0,4,ap_hi;height;age;ap_lo
1,4,1,0,4,height;age;ap_lo;weight
1,5,0,0,4,ap_lo;ap_hi;weight;height
1,6,0,0,3,ap_hi;weight;ap_lo
1,7,0,0,4,height;ap_hi;age;weight
1,8,0,0,3,age;weight;height
1,9,1,0,4,height;ap_hi;weight;age
1,10,0,1,4,height;ap_lo;weight;ap_hi
1,11,1,1,4,weight;ap_hi;height;ap_lo
1,12,0,0,4,age;height;ap_lo;weight
1,13,0,0,3,weight;ap_hi;ap_lo
1,14,0,0,3,height;ap_hi;age
1,15,0,1,4,weight;age;height;ap_lo
1,16,1,1,4,weight;ap_lo;height;age
1,17,0,1,3,age;height;ap_lo
1,18,0,0,3,age;weight;ap_hi
1,19,1,1,3,ap_lo;age;height
1,20,0,1,4,ap_lo;ap_hi;age;height
1,21,1,1,4,weight;ap_lo;age;ap_hi
1,22,1,0,3,ap_lo;height;ap_hi
1,23,0,0,3,ap_lo;weight;age
1,24,1,0,3,weight;ap_lo;ap_hi
1,25,1,1,3,weight;height;ap_lo
1,26,1,1,4,weight;ap_hi;age;height
1,27,0,1,3,age;ap_lo;weight
1,28,0,0,4,ap_hi;weight;height;ap_lo
1,29,0,0,3,height;ap_lo;weight
1,30,1,0,4,weight;age;height;ap_hi
1,31,1,1,3,ap_hi;ap_lo;age
1,32,0,0,4,age;height;weight;ap_lo
1,33,1,0,3,age;ap_lo;weight
1,34,1,1,3,height;ap_hi;ap_lo
1,35,1,1,3,weight;ap_lo;age
1,36,0,0,3,ap_hi;weight;age
1,37,0,1,4,height;age;ap_lo;weight
1,38,0,1,3,height;ap_lo;weight
1,39,1,1,4,weight;ap_hi;height;age
1,40,1,1,4,ap_hi;height;weight;age
1,41,1,1,4,age;ap_hi;height;weight
1,42,1,0,4,age;ap_hi;ap_lo;height
1,43,0,1,3,ap_hi;age;ap_lo
1,44,1,1,4,ap_hi;ap_lo;weight;age
1,45,1,1,3,height;ap_hi;ap_lo
1,46,0,0,4,weight;ap_hi;age;height
1,47,0,0,4,ap_hi;ap_lo;age;height
1,48,1,1,4,weight;ap_hi;ap_lo;age
1,49,0,0,4,age;ap_lo;height;ap_hi
1,50,0,0,4,ap_lo;ap_hi;age;height
1,51,0,1,4,age;height;ap_lo;weight
1,52,1,1,4,ap_lo;age;ap_hi;weight
1,53,0,1,4,weight;age;ap_lo;ap_hi
1,54,1,1,4,ap_lo;age;ap_hi;weight
1,55,1,0,4,weight;height;ap_lo;age
1,56,0,0,3,ap_hi;height;age
1,57,1,1,4,ap_lo;age;weight;height
1,58,1,1,3,ap_hi;weight;age
1,59,0,0,4,age;height;weight;ap_hi
1,60,1,0,3,weight;ap_lo;ap_hi
1,61,1,1,4,weight;age;height;ap_hi
1,62,0,0,4,age;weight;ap_hi;height
1,63,1,1,3,age;ap_lo;height
1,64,0,0,3,height;ap_hi;age
1,65,0,0,3,age;weight;ap_hi
1,66,0,1,3,ap_hi;age;ap_lo
1,67,0,1,4,weight;height;age;ap_lo
1,68,1,1,3,ap_lo;height;weight
1,69,0,1,4,weight;ap_hi;height;age
1,70,1,1,4,height;ap_hi;ap_lo;weight
1,71,1,1,4,height;ap_lo;age;ap_hi
1,72,0,1,4,height;ap_hi;age;ap_lo
1,73,0,1,3,height;ap_lo;age
1,74,1,1,4,ap_hi;weight;ap_lo;age
1,75,1,0,4,age;height;ap_hi;weight
1,76,0,1,3,ap_lo;age;height
1,77,1,0,3,ap_hi;weight;height
1,78,0,0,4,age;height;ap_hi;weight
1,79,1,1,3,ap_lo;height;age
1,80,0,0,3,ap_lo;ap_hi;age
1,81,1,0,3,height;weight;age
1,82,1,1,4,ap_hi;age;ap_lo;height
1,83,1,1,4,weight;ap_hi;ap_lo;height
1,84,1,1,3,weight;age;ap_lo
1,85,0,0,4,weight;height;age;ap_hi
1,86,0,1,4,ap_hi;height;ap_lo;weight
1,87,0,1,4,ap_lo;weight;ap_hi;height
1,88,0,0,3,ap_hi;age;height
1,89,1,0,3,weight;age;height
1,90,1,1,3,weight;ap_hi;age
1,91,1,1,4,height;age;weight;ap_lo
1,92,0,0,4,height;age;ap_hi;weight
1,93,1,0,4,age;ap_hi;weight;ap_lo
1,94,0,0,3,weight;ap_hi;ap_lo
1,95,1,0,4,ap_lo;ap_hi;weight;age
1,96,0,1,4,ap_lo;weight;age;height
1,97,1,1,4,ap_hi;ap_lo;weight;height
1,98,1,1,4,ap_lo;weight;height;ap_hi
1,99,0,0,3,height;ap_lo;ap_hi
1,100,0,1,3,height;age;ap_lo
1,101,1,0,3,height;ap_hi;age
1,102,0,0,3,weight;ap_lo;ap_hi
1,103,1,0,4,ap_lo;age;weight;ap_hi
1,104,0,0,4,height;age;weight;ap_hi
1,105,0,0,4,weight;age;ap_hi;ap_lo
1,106,0,0,3,age;ap_hi;weight
1,107,0,0,3,ap_lo;age;ap_hi
1,108,1,0,4,age;ap_lo;weight;height
1,109,0,0,4,ap_lo;age;height;weight
1,110,0,1,3,ap_lo;height;weight
1,111,0,0,3,weight;height;age
1,112,0,1,3,age;ap_lo;height
1,113,0,1,4,weight;age;height;ap_lo
1,114,1,1,3,age;ap_hi;ap_lo
1,115,1,0,3,ap_hi;height;ap_lo
1,116,1,1,4,ap_hi;age;weight;ap_lo
1,117,0,1,3,age;ap_lo;weight
1,118,0,0,4,ap_lo;height;weight;ap_hi
1,119,1,1,3,height;weight;age
1,120,0,0,4,ap_hi;height;weight;age
1,121,1,0,3,ap_lo;ap_hi;height
1,122,0,1,3,ap_lo;height;weight
1,123,1,1,3,age;height;weight
1,124,1,1,4,weight;height;ap_hi;age
1,125,0,1,4,weight;age;ap_lo;height
1,126,0,1,3,weight;ap_hi;height
1,127,1,1,3,ap_lo;ap_hi;height
1,128,0,0,4,ap_lo;ap_hi;weight;height
1,129,0,1,4,age;ap_hi;height;weight
1,130,0,0,3,ap_lo;height;ap_hi
1,131,0,0,4,ap_lo;weight;ap_hi;age
1,132,1,0,4,weight;ap_lo;height;ap_hi
1,133,0,0,4,ap_lo;weight;ap_hi;height
1,134,0,0,4,height;weight;age;ap_hi
1,135,1,0,3,age;ap_lo;ap_hi
1,136,1,1,3,ap_lo;ap_hi;weight
1,137,1,1,4,age;ap_hi;ap_lo;weight
1,138,1,1,4,ap_lo;weight;age;height
1,139,1,0,4,height;weight;ap_lo;ap_hi
1,140,1,1,4,ap_lo;height;ap_hi;age
1,141,1,1,4,ap_hi;age;ap_lo;weight
1,142,0,1,4,weight;ap_lo;ap_hi;height
1,143,1,1,4,age;ap_hi;height;weight
1,144,0,0,3,ap_hi;height;ap_lo
1,145,0,1,4,weight;height;ap_hi;ap_lo
1,146,0,0,4,ap_hi;age;height;ap_lo
1,147,1,1,4,age;ap_lo;height;ap_hi
1,148,0,1,4,weight;ap_hi;ap_lo;age
1,149,1,1,4,age;weight;ap_hi;height
1,150,0,0,4,ap_hi;ap_lo;weight;age
1,151,1,1,4,height;ap_hi;age;ap_lo
1,152,0,0,3,ap_lo;age;weight
1,153,1,1,3,weight;height;age
1,154,0,1,3,ap_lo;height;ap_hi
1,155,1,0,3,weight;ap_hi;height
1,156,1,0,3,weight;ap_hi;ap_lo
1,157,0,1,3,ap_lo;height;weight
1,158,1,1,3,ap_hi;height;age
1,159,0,0,3,ap_lo;height;ap_hi
1,160,0,0,4,ap_hi;ap_lo;height;age
1,161,0,0,3,ap_hi;ap_lo;height
1,162,0,1,4,ap_hi;ap_lo;weight;age
1,163,0,1,3,ap_hi;height;weight
1,164,0,0,4,age;ap_lo;ap_hi;height
1,165,0,0,4,age;ap_hi;ap_lo;weight
1,166,1,1,3,weight;ap_lo;height
1,167,0,1,3,ap_lo;height;age
1,168,1,1,4,ap_lo;age;height;weight
1,169,1,1,3,age;height;ap_lo
1,170,1,1,4,ap_lo;weight;age;height
1,171,1,0,3,weight;height;ap_lo
1,172,1,1,3,ap_hi;age;ap_lo
1,173,0,0,4,age;ap_lo;height;ap_hi
1,174,1,0,4,weight;ap_lo;ap_hi;height
1,175,1,0,3,ap_hi;ap_lo;age
1,176,1,1,3,ap_hi;height;weight
1,177,1,0,4,weight;ap_hi;ap_lo;height
1,178,0,0,3,weight;age;ap_hi
1,179,0,0,3,weight;height;age
1,180,1,1,3,weight;ap_lo;ap_hi
1,181,0,1,3,ap_hi;ap_lo;age
1,182,1,0,3,weight;ap_hi;age
1,183,0,1,3,weight;height;ap_hi
1,184,0,1,3,age;ap_lo;weight
1,185,1,1,3,ap_lo;weight;height
1,186,1,1,4,weight;age;ap_hi;height
1,187,1,0,3,weight;age;height
1,188,0,1,3,age;weight;ap_hi
1,189,0,1,4,ap_lo;height;age;ap_hi
1,190,0,0,3,height;ap_hi;age
1,191,0,0,4,ap_lo;weight;height;age
1,192,0,0,3,weight;ap_hi;ap_lo
1,193,1,1,4,ap_hi;height;age;weight
1,194,1,1,3,weight;ap_lo;ap_hi
1,195,1,1,4,height;ap_hi;age;weight
1,196,1,0,4,weight;height;ap_lo;ap_hi
1,197,1,1,4,height;age;ap_hi;ap_lo
1,198,0,1,3,weight;age;ap_hi
1,199,1,1,4,weight;ap_hi;age;height
1,200,1,0,4,ap_lo;height;age;weight
1,201,0,0,3,ap_lo;height;ap_hi
1,202,0,0,3,ap_lo;ap_hi;height
1,203,0,0,3,ap_lo;ap_hi;height
1,204,0,0,3,height;ap_hi;age
1,205,0,0,3,ap_hi;ap_lo;weight
1,206,1,1,3,weight;height;ap_hi
1,207,0,0,4,age;height;ap_lo;ap_hi
1,208,1,0,3,ap_lo;height;weight
1,209,0,1,4,ap_lo;age;weight;height
1,210,1,1,4,weight;age;ap_lo;height
1,211,1,0,3,age;ap_hi;height
1,212,0,0,3,age;ap_hi;ap_lo
1,213,0,1,3,age;ap_hi;ap_lo
1,214,0,0,4,ap_lo;weight;height;ap_hi
1,215,1,1,3,weight;height;ap_hi
1,216,0,0,3,weight;ap_lo;height
1,217,1,1,4,height;ap_lo;weight;ap_hi
1,218,0,1,3,age;ap_lo;weight
1,219,0,0,3,age;height;weight
1,220,1,0,4,age;weight;ap_lo;ap_hi
1,221,0,1,3,ap_lo;height;age
1,222,0,0,4,ap_hi;height;age;weight
1,223,1,0,4,ap_lo;height;ap_hi;weight
1,224,0,0,4,ap_hi;ap_lo;height;weight
1,225,1,1,4,height;ap_lo;ap_hi;age
1,226,0,0,3,age;height;ap_hi
1,227,1,1,4,age;ap_hi;ap_lo;height
1,228,0,0,3,ap_lo;age;height
1,229,0,0,4,height;ap_hi;weight;ap_lo
1,230,1,1,4,ap_hi;weight;age;height
1,231,0,0,3,ap_hi;height;age
1,232,1,1,4,age;height;weight;ap_hi
1,233,0,1,3,ap_lo;age;ap_hi
1,234,1,0,4,height;ap_hi;ap_lo;age
1,235,1,1,4,height;ap_hi;age;weight
1,236,1,1,4,ap_hi;ap_lo;height;age
1,237,0,1,4,ap_hi;weight;ap_lo;age
1,238,1,1,4,ap_lo;age;height;weight
1,239,1,0,3,ap_lo;ap_hi;height
1,240,1,0,3,ap_hi;age;weight
1,241,1,1,3,age;height;ap_lo
1,242,0,1,4,age;ap_lo;weight;ap_hi
1,243,0,0,4,height;age;weight;ap_lo
1,244,1,1,4,height;age;ap_lo;weight
1,245,1,1,4,height;age;ap_hi;weight
1,246,1,1,4,weight;ap_hi;age;height
1,247,1,1,3,weight;height;ap_hi
1,248,1,1,3,ap_hi;height;ap_lo
1,249,1,1,4,age;height;weight;ap_hi
1,250,1,0,4,ap_hi;age;weight;height
1,251,0,1,4,ap_lo;ap_hi;age;weight
1,252,0,0,3,age;height;ap_hi
1,253,0,1,4,age;weight;ap_lo;ap_hi
1,254,1,0,4,ap_hi;ap_lo;weight;height
1,255,1,1,4,ap_lo;weight;height;ap_hi
1,256,0,0,3,height;weight;ap_hi
1,257,0,0,4,age;height;ap_hi;ap_lo
1,258,0,0,3,height;weight;ap_lo
1,259,1,1,4,age;weight;ap_hi;ap_lo
1,260,0,0,4,weight;ap_lo;ap_hi;age
1,261,1,0,4,ap_hi;ap_lo;age;weight
1,262,1,1,3,height;weight;ap_hi
1,263,1,1,3,age;ap_hi;height
1,264,1,1,4,ap_lo;age;height;ap_hi
1,265,0,0,3,ap_lo;weight;height
1,266,0,0,3,weight;height;ap_hi
1,267,1,1,4,height;ap_lo;weight;age
1,268,0,0,4,height;weight;age;ap_hi
1,269,1,1,4,ap_lo;ap_hi;height;age
1,270,1,1,3,age;weight;ap_hi
1,271,1,1,3,ap_lo;ap_hi;weight
1,272,0,1,4,ap_lo;height;ap_hi;weight
1,273,1,1,4,height;ap_lo;ap_hi;weight
1,274,0,1,3,height;age;ap_hi
1,275,1,0,3,height;age;weight
1,276,1,1,4,height;ap_lo;weight;ap_hi
1,277,0,0,4,age;height;ap_hi;weight
1,278,1,1,3,ap_lo;age;ap_hi
1,279,0,0,4,weight;age;height;ap_lo
1,280,0,1,4,ap_hi;height;weight;age
1,281,0,0,4,age;height;ap_lo;ap_hi
1,282,1,0,3,ap_lo;weight;height
1,283,1,1,3,ap_lo;ap_hi;age
1,284,1,1,3,height;age;ap_lo
1,285,0,0,4,ap_hi;ap_lo;height;age
1,286,1,1,4,ap_lo;weight;height;age
1,287,1,1,4,ap_hi;age;ap_lo;weight
1,288,1,1,4,ap_hi;age;height;ap_lo
1,289,0,1,4,age;ap_lo;height;weight
1,290,0,0,3,ap_hi;age;weight
1,291,0,0,3,weight;ap_hi;height
1,292,0,0,3,weight;age;ap_hi
1,293,1,0,4,age;ap_lo;weight;height
1,294,1,0,4,ap_hi;height;ap_lo;age
1,295,1,1,4,ap_hi;ap_lo;weight;height
1,296,0,0,4,ap_hi;age;weight;ap_lo
1,297,1,1,4,ap_hi;weight;ap_lo;age
1,298,1,0,3,ap_hi;ap_lo;height
1,299,1,1,3,ap_hi;ap_lo;weight
1,300,0,0,4,ap_lo;ap_hi;height;age
1,301,1,1,3,ap_lo;ap_hi;weight
1,302,1,1,3,age;ap_lo;height
1,303,1,0,3,height;weight;ap_hi
1,304,0,0,3,ap_lo;ap_hi;height
1,305,0,0,3,height;age;ap_hi
1,306,1,0,4,ap_lo;age;weight;height
1,307,0,0,3,height;weight;age
1,308,0,0,3,ap_hi;ap_lo;height
1,309,0,1,3,age;height;ap_lo
1,310,0,0,3,age;height;ap_lo
1,311,0,0,4,height;ap_lo;weight;ap_hi
1,312,0,1,3,height;ap_hi;age
1,313,0,1,4,weight;ap_hi;ap_lo;height
1,314,1,1,4,height;ap_hi;weight;age
1,315,1,1,3,weight;ap_lo;age
1,316,1,1,4,age;ap_hi;weight;ap_lo
1,317,1,1,4,weight;ap_lo;height;age
1,318,0,0,4,ap_lo;height;ap_hi;age
1,319,1,1,3,ap_lo;age;height
1,320,1,0,4,ap_lo;height;ap_hi;weight
1,321,1,0,4,weight;age;ap_lo;ap_hi
1,322,1,1,3,weight;ap_hi;age
1,323,0,0,4,ap_hi;age;ap_lo;height
1,324,0,0,3,weight;ap_hi;age
1,325,0,1,3,ap_hi;height;age
1,326,1,1,4,ap_hi;ap_lo;age;height
1,327,1,0,3,ap_lo;ap_hi;weight
1,328,0,1,4,ap_lo;age;height;weight
1,329,1,1,4,ap_hi;weight;height;ap_lo
1,330,0,0,3,ap_lo;ap_hi;height
1,331,1,0,3,ap_lo;height;ap_hi
1,332,0,0,4,weight;age;ap_hi;height
1,333,0,0,3,height;age;ap_hi
1,334,1,1,4,weight;ap_lo;age;height
1,335,1,1,3,ap_lo;age;height
1,336,0,0,3,weight;height;ap_hi
1,337,0,0,3,age;ap_lo;weight
1,338,0,0,3,weight;age;height
1,339,0,1,3,weight;height;ap_hi
1,340,1,1,3,age;weight;ap_hi
1,341,1,1,4,ap_hi;ap_lo;weight;age
1,342,1,1,4,height;ap_lo;ap_hi;age
1,343,1,1,4,height;ap_hi;age;weight
1,344,1,1,3,ap_lo;weight;age
1,345,1,1,4,weight;height;ap_lo;ap_hi
1,346,0,0,3,height;age;weight
1,347,0,0,4,height;ap_lo;ap_hi;age
1,348,1,1,4,age;height;ap_lo;weight
1,349,0,0,3,weight;ap_lo;ap_hi
1,350,1,1,4,height;age;weight;ap_lo
1,351,1,1,4,age;ap_hi;ap_lo;weight
1,352,0,1,3,height;ap_lo;age
1,353,1,1,3,height;ap_hi;ap_lo
1,354,1,0,4,ap_lo;ap_hi;weight;age
1,355,1,1,4,weight;height;ap_lo;age
1,356,1,1,4,weight;ap_hi;ap_lo;age
1,357,1,1,3,weight;age;ap_hi
1,358,1,1,3,weight;height;ap_lo
1,359,1,0,3,height;ap_hi;weight
1,360,1,1,4,weight;ap_hi;height;ap_lo
1,361,0,0,3,ap_lo;ap_hi;age
1,362,1,1,4,age;ap_hi;weight;ap_lo
1,363,1,1,4,ap_hi;age;weight;ap_lo
1,364,1,1,3,height;weight;ap_lo
1,365,1,1,3,height;weight;ap_lo
1,366,0,0,4,weight;ap_hi;ap_lo;age
1,367,1,1,3,age;height;ap_lo
1,368,1,1,4,ap_hi;height;weight;ap_lo
1,369,0,1,4,ap_lo;age;ap_hi;height
1,370,1,1,3,ap_hi;weight;age
1,371,0,0,4,ap_lo;age;weight;height
1,372,1,1,4,ap_hi;ap_lo;height;age
1,373,1,1,3,age;height;ap_lo
1,374,1,1,4,height;ap_hi;age;ap_lo
1,375,0,0,4,age;height;ap_hi;weight
1,376,1,0,3,weight;ap_hi;age
1,377,1,0,4,age;ap_lo;weight;ap_hi
1,378,0,0,4,ap_hi;age;ap_lo;height
1,379,0,1,3,weight;height;age
1,380,1,0,4,age;ap_lo;weight;height
1,381,1,1,4,ap_lo;height;age;ap_hi
1,382,0,1,4,ap_hi;height;ap_lo;age
1,383,1,1,3,age;height;ap_lo
1,384,1,1,3,age;ap_hi;ap_lo
1,385,0,0,3,weight;height;age
1,386,0,0,4,weight;age;ap_lo;ap_hi
1,387,1,1,4,height;age;ap_hi;ap_lo
1,388,0,1,3,age;height;ap_lo
1,389,0,0,4,ap_hi;ap_lo;height;age
1,390,1,1,3,height;ap_lo;weight
1,391,1,0,4,ap_lo;weight;ap_hi;age
1,392,0,0,4,age;ap_hi;weight;ap_lo
1,393,1,1,3,ap_lo;weight;ap_hi
1,394,0,0,3,age;weight;height
1,395,1,1,4,weight;age;height;ap_hi
1,396,1,1,3,ap_lo;height;ap_hi
1,397,1,1,4,weight;height;age;ap_hi
1,398,0,0,3,weight;age;ap_lo
1,399,0,1,4,age;height;ap_lo;weight
1,400,1,0,4,height;weight;age;ap_lo
1,401,1,1,4,weight;height;ap_lo;ap_hi
1,402,0,0,3,age;ap_hi;height
1,403,0,1,4,ap_lo;ap_hi;weight;age
1,404,0,1,3,age;ap_lo;height
1,405,0,1,4,age;ap_lo;ap_hi;weight
1,406,0,0,4,age;height;weight;ap_hi
1,407,1,0,4,height;ap_hi;age;weight
1,408,1,1,4,ap_lo;height;ap_hi;age
1,409,0,1,4,age;weight;ap_lo;ap_hi
1,410,0,0,4,ap_hi;age;ap_lo;weight
1,411,0,0,3,ap_lo;height;ap_hi
1,412,0,0,4,age;ap_lo;weight;ap_hi
1,413,1,1,3,ap_hi;weight;age
1,414,0,0,3,weight;ap_hi;height
1,415,0,0,4,age;height;weight;ap_hi
1,416,0,0,3,age;ap_hi;height
1,417,0,1,4,ap_hi;ap_lo;age;weight
1,418,0,0,4,height;age;ap_lo;ap_hi
1,419,1,0,4,weight;height;ap_hi;ap_lo
1,420,1,0,4,ap_hi;age;weight;ap_lo
1,421,0,0,3,weight;age;ap_lo
1,422,1,1,3,ap_lo;age;weight
1,423,0,1,3,ap_lo;height;age
1,424,1,1,3,ap_lo;height;weight
1,425,1,1,4,ap_lo;ap_hi;age;height
1,426,1,1,4,ap_hi;age;height;weight
1,427,1,1,4,ap_hi;weight;ap_lo;age
1,428,0,0,4,ap_hi;height;ap_lo;weight
1,429,1,0,3,height;age;ap_hi
1,430,1,0,4,ap_lo;ap_hi;age;weight
1,431,1,1,4,ap_lo;height;weight;age
1,432,1,1,3,ap_lo;age;weight
1,433,1,1,3,height;ap_lo;ap_hi
1,434,1,0,4,age;ap_lo;ap_hi;height
1,435,1,1,4,ap_lo;height;age;weight
1,436,1,1,3,ap_hi;height;weight
1,437,1,1,3,age;ap_lo;height
1,438,0,0,3,ap_lo;weight;ap_hi
1,439,0,1,4,age;ap_lo;weight;ap_hi
1,440,1,1,4,ap_lo;height;weight;age
1,441,0,0,4,age;weight;ap_hi;height
1,442,0,0,4,ap_lo;age;height;ap_hi
1,443,0,0,3,height;ap_hi;ap_lo
1,444,0,0,4,ap_hi;weight;ap_lo;height
1,445,0,1,4,height;ap_hi;ap_lo;age
1,446,0,0,3,weight;ap_lo;ap_hi
1,447,1,1,4,ap_hi;ap_lo;age;weight
1,448,0,1,3,height;ap_lo;ap_hi
1,449,0,0,4,ap_lo;age;weight;ap_hi
1,450,0,1,4,ap_lo;ap_hi;weight;age
1,451,0,1,3,ap_lo;height;weight
1,452,1,1,3,weight;ap_lo;ap_hi
1,453,1,1,4,ap_hi;weight;age;ap_lo
1,454,1,0,4,height;ap_hi;weight;ap_lo
1,455,0,1,3,ap_lo;ap_hi;weight
1,456,0,1,3,age;ap_lo;weight
1,457,0,1,4,ap_lo;ap_hi;height;age
1,458,1,0,3,age;weight;height
1,459,1,0,3,age;weight;height
1,460,1,1,4,height;weight;age;ap_lo
1,461,1,1,4,ap_lo;height;weight;ap_hi
1,462,0,0,4,age;weight;ap_hi;height
1,463,0,0,3,ap_lo;weight;height
1,464,1,1,4,ap_hi;weight;age;ap_lo
1,465,1,0,3,ap_lo;age;ap_hi
1,466,1,1,3,weight;height;ap_hi
1,467,1,1,3,age;weight;ap_lo
1,468,0,1,3,ap_hi;weight;age
1,469,1,1,3,ap_hi;age;height
1,470,1,1,4,age;ap_lo;height;ap_hi
1,471,1,1,4,ap_lo;ap_hi;weight;age
1,472,0,0,4,ap_lo;height;weight;ap_hi
1,473,1,1,4,height;weight;age;ap_lo
1,474,1,0,4,weight;ap_hi;age;height
1,475,0,1,3,weight;age;ap_lo
1,476,0,0,4,ap_lo;height;ap_hi;age
1,477,0,0,4,ap_lo;ap_hi;age;weight
1,478,0,0,4,weight;ap_hi;age;height
1,479,0,0,3,ap_hi;age;weight
1,480,0,1,4,ap_lo;age;height;weight
1,481,1,0,3,ap_hi;height;ap_lo
1,482,1,1,3,ap_hi;age;height
1,483,1,1,3,ap_hi;weight;age
1,484,0,0,3,ap_lo;age;ap_hi
1,485,1,1,4,height;ap_hi;weight;ap_lo
1,486,1,1,4,weight;ap_hi;height;ap_lo
1,487,1,0,3,ap_hi;height;ap_lo
1,488,1,0,4,height;ap_lo;weight;age
1,489,1,1,4,ap_hi;age;weight;ap_lo
1,490,0,1,3,age;ap_lo;height
1,491,0,0,3,height;weight;age
1,492,0,0,4,height;age;weight;ap_lo
1,493,1,0,3,weight;height;age
1,494,1,1,4,age;ap_hi;ap_lo;height
1,495,1,1,3,age;ap_lo;weight
1,496,1,0,4,age;ap_hi;height;weight
1,497,1,0,3,weight;ap_lo;ap_hi
1,498,0,1,4,weight;ap_lo;age;ap_hi
1,499,0,0,3,ap_lo;age;height
1,500,0,0,3,age;height;weight
1,501,1,1,4,age;weight;ap_hi;height
1,502,1,1,3,weight;ap_hi;height
1,503,0,1,4,age;ap_lo;weight;ap_hi
1,504,0,0,4,height;ap_lo;ap_hi;weight
1,505,0,0,3,ap_lo;ap_hi;weight
1,506,0,0,4,height;age;ap_lo;weight
1,507,1,1,4,ap_lo;weight;ap_hi;height
1,508,0,0,3,age;ap_hi;ap_lo
1,509,0,0,3,ap_hi;age;height
1,510,1,1,4,ap_lo;ap_hi;height;age
1,511,0,1,4,age;ap_lo;ap_hi;height
1,512,1,1,4,height;age;ap_lo;weight
1,513,1,1,3,weight;ap_lo;height
1,514,1,1,3,weight;ap_hi;height
1,515,0,0,4,weight;height;age;ap_lo
1,516,1,1,3,weight;age;ap_lo
1,517,1,1,3,age;weight;height
1,518,0,0,4,weight;ap_lo;height;ap_hi
1,519,1,1,4,height;ap_lo;age;weight
1,520,1,1,3,ap_hi;ap_lo;weight
1,521,0,1,3,weight;height;ap_hi
1,522,0,0,4,ap_hi;age;weight;ap_lo
1,523,1,1,4,height;ap_lo;age;ap_hi
1,524,1,1,4,age;height;weight;ap_lo
1,525,0,1,4,age;ap_hi;ap_lo;weight
1,526,0,1,4,ap_hi;weight;age;ap_lo
1,527,1,1,3,height;weight;ap_hi
1,528,0,0,3,ap_hi;weight;height
1,529,1,1,4,weight;height;ap_lo;age
1,530,0,1,4,ap_lo;age;height;ap_hi
1,531,1,1,3,ap_hi;ap_lo;height
1,532,0,1,3,ap_lo;age;ap_hi
1,533,1,1,3,age;weight;height
1,534,0,1,3,age;ap_hi;height
1,535,1,1,3,age;ap_hi;weight
1,536,1,1,4,height;ap_hi;age;weight
1,537,1,1,4,age;ap_lo;height;ap_hi
1,538,0,0,3,height;weight;ap_hi
1,539,1,0,3,weight;ap_hi;ap_lo
1,540,1,0,4,age;ap_hi;ap_lo;weight
1,541,1,0,3,weight;height;ap_lo
1,542,1,1,3,ap_lo;age;weight
1,543,1,1,4,height;ap_lo;weight;ap_hi
1,544,1,0,4,ap_lo;weight;age;height
1,545,0,0,4,height;ap_hi;ap_lo;age
1,546,0,0,3,age;ap_lo;ap_hi
1,547,0,0,3,age;weight;height
1,548,0,0,4,ap_hi;height;ap_lo;weight
1,549,1,1,3,ap_hi;height;weight
1,550,1,1,3,weight;ap_hi;age
1,551,1,1,4,ap_hi;age;height;weight
1,552,0,1,4,ap_lo;ap_hi;height;age
1,553,1,0,4,weight;ap_lo;height;age
1,554,0,1,3,height;ap_hi;ap_lo
1,555,0,1,4,age;ap_lo;weight;height
1,556,1,1,3,age;ap_lo;height
1,557,1,0,3,weight;height;ap_hi
1,558,1,0,3,weight;ap_hi;height
1,559,1,1,4,ap_hi;ap_lo;height;weight
1,560,1,1,4,ap_lo;weight;age;height
1,561,0,1,4,height;age;ap_hi;ap_lo
1,562,0,0,3,weight;age;ap_lo
1,563,0,0,3,height;age;ap_hi
1,564,1,1,4,height;weight;ap_hi;age
1,565,1,1,3,ap_hi;weight;height
1,566,0,1,4,age;ap_lo;height;ap_hi
1,567,1,1,3,height;weight;age
1,568,1,1,4,age;weight;height;ap_hi
1,569,0,1,4,weight;height;ap_lo;ap_hi
1,570,1,1,3,ap_lo;height;weight
1,571,1,1,3,ap_lo;ap_hi;weight
1,572,0,1,4,ap_lo;age;ap_hi;height
1,573,1,1,3,height;weight;ap_lo
1,574,1,1,3,ap_lo;height;age
1,575,0,1,4,ap_hi;ap_lo;weight;age
1,576,1,1,3,weight;ap_lo;ap_hi
1,577,1,1,4,weight;ap_lo;height;age
1,578,1,0,4,height;ap_lo;age;weight
1,579,0,0,4,ap_hi;ap_lo;age;height
1,580,1,1,4,ap_lo;height;weight;ap_hi
1,581,1,1,4,height;ap_lo;weight;ap_hi
1,582,0,1,4,age;ap_lo;weight;height
1,583,0,0,4,age;ap_lo;ap_hi;weight
1,584,0,0,3,ap_hi;age;weight
1,585,1,1,3,ap_lo;ap_hi;age
1,586,0,0,3,age;ap_hi;ap_lo
1,587,0,1,3,age;ap_hi;height
1,588,1,1,4,weight;height;age;ap_hi
1,589,1,1,3,height;ap_lo;weight
1,590,1,1,4,weight;height;ap_lo;ap_hi
1,591,0,1,4,height;age;ap_lo;ap_hi
1,592,0,0,4,weight;age;height;ap_lo
1,593,0,1,4,ap_hi;ap_lo;height;age
1,594,0,1,3,ap_lo;age;weight
1,595,1,1,4,age;ap_hi;weight;ap_lo
1,596,1,1,3,height;weight;age
1,597,0,1,4,weight;height;ap_hi;age
1,598,0,1,4,ap_lo;weight;height;age
1,599,0,1,3,ap_hi;weight;ap_lo
1,600,1,0,4,age;height;weight;ap_lo
1,601,1,1,4,ap_lo;weight;height;ap_hi
1,602,1,1,4,age;ap_lo;ap_hi;height
1,603,1,1,4,age;weight;height;ap_hi
1,604,0,0,3,ap_lo;age;ap_hi
1,605,0,1,3,weight;ap_lo;age
1,606,1,1,3,height;ap_lo;weight
1,607,1,1,4,height;weight;ap_lo;age
1,608,0,1,3,age;weight;ap_lo
1,609,0,1,4,height;age;weight;ap_lo
1,610,1,1,4,ap_hi;age;ap_lo;weight
1,611,1,1,4,height;age;ap_lo;ap_hi
1,612,0,0,3,weight;ap_lo;ap_hi
1,613,0,0,4,ap_lo;weight;height;ap_hi
1,614,0,1,3,height;ap_hi;weight
1,615,0,0,3,ap_hi;height;ap_lo
1,616,0,0,3,ap_hi;weight;ap_lo
1,617,0,1,4,age;weight;height;ap_lo
1,618,0,0,4,weight;ap_lo;height;ap_hi
1,619,1,1,4,height;ap_hi;ap_lo;weight
1,620,0,0,3,ap_hi;ap_lo;height
1,621,1,1,4,height;weight;ap_lo;ap_hi
1,622,0,0,3,ap_lo;height;ap_hi
1,623,1,0,3,ap_hi;height;age
1,624,1,1,4,height;age;ap_lo;ap_hi
1,625,0,0,4,ap_hi;ap_lo;height;weight
1,626,1,1,4,weight;height;ap_hi;ap_lo
1,627,0,0,3,height;ap_lo;weight
1,628,0,0,3,age;height;weight
1,629,0,0,4,ap_hi;height;age;ap_lo
1,630,0,1,4,ap_hi;height;age;weight
1,631,1,0,4,ap_lo;ap_hi;weight;age
1,632,1,1,3,ap_hi;weight;ap_lo
1,633,0,0,3,weight;ap_lo;height
1,634,0,1,4,age;weight;ap_hi;height
1,635,1,1,4,height;age;weight;ap_hi
1,636,1,0,4,weight;ap_lo;ap_hi;height
1,637,0,0,3,age;ap_lo;height
1,638,1,1,4,weight;ap_lo;height;ap_hi
1,639,0,0,4,ap_hi;weight;height;age
1,640,1,1,4,ap_lo;height;age;ap_hi
1,641,1,0,3,weight;height;ap_lo
1,642,1,1,3,age;ap_hi;height
1,643,0,1,4,ap_lo;age;height;weight
1,644,1,0,3,ap_hi;age;weight
1,645,1,1,4,ap_hi;height;age;ap_lo
1,646,0,0,3,weight;height;age
1,647,0,0,3,weight;age;height
1,648,0,1,4,age;ap_hi;weight;height
1,649,0,0,3,weight;age;height
1,650,1,1,3,height;weight;age
1,651,0,0,3,ap_hi;height;age
1,652,0,0,3,ap_hi;height;weight
1,653,0,1,4,ap_lo;height;age;weight
1,654,0,0,3,height;ap_lo;weight
1,655,0,1,4,ap_hi;ap_lo;age;weight
1,656,0,0,4,height;ap_hi;ap_lo;weight
1,657,0,1,3,age;ap_lo;height
1,658,1,1,4,age;ap_lo;weight;height
1,659,0,0,3,age;height;weight
1,660,1,1,4,ap_hi;height;weight;age
1,661,0,0,3,age;ap_hi;height
1,662,0,1,4,weight;age;ap_lo;ap_hi
1,663,0,0,4,height;weight;ap_hi;age
1,664,1,0,4,age;height;ap_hi;ap_lo
1,665,1,0,3,ap_hi;age;ap_lo
1,666,0,0,4,ap_hi;weight;age;ap_lo
1,667,1,0,3,weight;ap_lo;ap_hi
1,668,1,1,4,age;weight;ap_hi;height
1,669,1,0,3,weight;height;ap_lo
1,670,0,0,3,age;ap_hi;height
1,671,0,1,4,height;ap_lo;age;ap_hi
1,672,0,0,4,ap_hi;age;height;weight
1,673,0,1,3,ap_lo;height;ap_hi
1,674,1,1,4,age;ap_hi;weight;height
1,675,1,1,3,ap_lo;height;ap_hi
1,676,1,1,3,ap_hi;weight;ap_lo
1,677,1,1,3,age;ap_hi;ap_lo
1,678,0,0,4,age;height;weight;ap_hi
1,679,1,0,4,weight;height;ap_hi;ap_lo
1,680,0,1,4,age;weight;ap_hi;ap_lo
1,681,0,1,4,ap_lo;height;age;ap_hi
1,682,0,0,3,age;weight;ap_hi
1,683,1,1,4,weight;age;ap_hi;height
1,684,0,1,3,ap_hi;weight;age
1,685,1,0,3,weight;age;ap_hi
1,686,1,1,4,ap_hi;weight;height;age
1,687,0,0,3,ap_hi;weight;age
1,688,1,1,4,ap_hi;ap_lo;height;weight
1,689,1,1,3,weight;ap_hi;ap_lo
1,690,0,0,4,ap_lo;ap_hi;height;age
1,691,0,0,3,weight;ap_lo;ap_hi
1,692,0,0,3,age;ap_lo;ap_hi
1,693,0,1,4,ap_lo;age;height;weight
1,694,0,0,4,age;height;ap_hi;ap_lo
1,695,1,1,4,ap_lo;height;age;weight
1,696,0,1,4,ap_lo;age;ap_hi;height
1,697,1,1,4,ap_lo;age;weight;height
1,698,1,0,4,age;ap_hi;ap_lo;height
1,699,1,1,3,ap_lo;weight;age
1,700,0,0,3,height;weight;ap_hi
1,701,0,0,4,weight;height;ap_lo;ap_hi
1,702,0,0,4,age;ap_hi;ap_lo;weight
1,703,0,1,3,age;ap_lo;weight
1,704,0,1,3,ap_hi;age;weight
1,705,1,1,4,weight;ap_hi;height;age
1,706,1,0,3,weight;height;ap_hi
1,707,1,1,4,ap_lo;ap_hi;age;weight
1,708,0,0,3,ap_hi;ap_lo;height
1,709,0,1,3,height;age;weight
1,710,0,1,4,height;ap_hi;ap_lo;age
1,711,0,0,4,weight;ap_hi;ap_lo;age
1,712,1,1,3,weight;ap_hi;height
1,713,1,1,3,ap_lo;ap_hi;age
1,714,1,1,3,ap_lo;height;age
1,715,1,1,4,height;ap_hi;ap_lo;weight
1,716,1,1,3,ap_lo;height;weight
1,717,0,0,3,ap_lo;weight;height
1,718,0,0,3,age;ap_lo;weight
1,719,1,0,4,ap_hi;weight;ap_lo;height
1,720,0,1,3,ap_lo;height;weight
1,721,1,1,4,height;age;weight;ap_hi
1,722,0,1,4,age;ap_lo;height;ap_hi
1,723,1,1,3,ap_lo;ap_hi;age
1,724,1,1,4,age;height;ap_lo;weight
1,725,1,1,4,height;weight;ap_lo;ap_hi
1,726,1,1,3,ap_hi;age;weight
1,727,1,1,3,age;ap_lo;ap_hi
1,728,1,1,3,ap_lo;weight;ap_hi
1,729,1,1,4,ap_lo;age;ap_hi;weight
1,730,1,1,4,age;height;ap_lo;weight
1,731,1,1,4,height;ap_lo;weight;age
1,732,0,1,4,height;weight;ap_lo;age
1,733,0,0,3,age;ap_hi;ap_lo
1,734,0,1,3,age;ap_lo;height
1,735,0,0,4,weight;height;ap_hi;age
1,736,0,0,4,height;weight;ap_lo;age
1,737,1,1,4,height;ap_lo;weight;age
1,738,0,1,3,weight;ap_lo;height
1,739,1,1,4,ap_hi;ap_lo;age;weight
1,740,0,0,3,weight;ap_lo;height
1,741,0,1,4,height;ap_hi;age;weight
1,742,0,0,3,age;weight;ap_hi
1,743,0,0,4,height;weight;age;ap_lo
1,744,1,0,3,height;ap_lo;ap_hi
1,745,0,0,4,ap_lo;height;age;ap_hi
1,746,0,0,3,ap_lo;ap_hi;height
1,747,0,0,4,ap_lo;age;height;ap_hi
1,748,0,0,4,weight;height;ap_hi;age
1,749,0,1,4,height;weight;ap_lo;age
1,750,0,0,3,age;ap_lo;ap_hi
1,751,0,0,4,age;ap_hi;height;weight
1,752,0,1,3,weight;ap_lo;age
1,753,1,0,4,height;weight;ap_hi;ap_lo
1,754,0,1,4,age;ap_lo;height;ap_hi
1,755,0,1,4,height;age;weight;ap_lo
1,756,1,1,3,ap_lo;weight;age
1,757,0,0,4,ap_lo;ap_hi;height;weight
1,758,1,1,3,age;ap_hi;ap_lo
1,759,1,0,3,height;ap_lo;age
1,760,1,1,4,height;weight;ap_lo;age
1,761,0,0,3,ap_hi;age;ap_lo
1,762,1,1,3,height;ap_lo;weight
1,763,0,1,4,ap_hi;age;height;ap_lo
1,764,0,0,4,weight;age;height;ap_hi
1,765,0,1,3,height;age;weight
1,766,1,1,4,ap_hi;weight;height;ap_lo
1,767,0,1,3,height;ap_lo;ap_hi
1,768,0,1,4,ap_lo;ap_hi;age;weight
1,769,1,0,3,age;weight;ap_hi
1,770,0,0,3,ap_hi;height;weight
1,771,0,0,3,ap_hi;age;ap_lo
1,772,1,1,4,ap_hi;ap_lo;age;weight
1,773,0,0,3,age;weight;ap_hi
1,774,1,1,4,age;weight;ap_lo;height
1,775,0,0,3,age;ap_hi;height
1,776,0,0,3,ap_hi;age;height
1,777,1,1,3,weight;height;age
1,778,1,1,3,age;ap_lo;height
1,779,0,1,3,age;height;weight
1,780,0,1,3,ap_hi;weight;age
1,781,0,1,3,ap_lo;height;age
1,782,1,1,4,age;height;ap_lo;weight
1,783,1,1,4,weight;height;ap_hi;ap_lo
1,784,1,1,4,ap_lo;ap_hi;age;height
1,785,1,1,3,ap_hi;height;ap_lo
1,786,0,0,4,height;ap_hi;ap_lo;weight
1,787,0,1,4,age;ap_hi;ap_lo;weight
1,788,1,1,3,weight;ap_hi;height
1,789,1,1,4,age;weight;height;ap_lo
1,790,0,0,3,weight;age;height
1,791,0,1,3,height;ap_lo;age
1,792,0,1,3,weight;age;height
1,793,0,0,3,ap_hi;age;weight
1,794,0,0,3,weight;age;ap_lo
1,795,0,0,4,ap_hi;ap_lo;age;weight
1,796,0,1,3,weight;height;age
1,797,0,1,3,height;weight;ap_lo
1,798,0,0,4,ap_hi;age;ap_lo;weight
1,799,0,0,3,age;ap_lo;ap_hi
1,800,0,0,4,weight;ap_hi;ap_lo;age
1,801,0,1,4,ap_hi;weight;height;ap_lo
1,802,0,1,4,age;ap_hi;weight;ap_lo
1,803,0,1,3,ap_lo;ap_hi;weight
1,804,1,1,3,weight;ap_hi;height
1,805,1,1,4,age;ap_hi;height;ap_lo
1,806,0,1,4,ap_hi;ap_lo;height;weight
1,807,1,1,3,ap_hi;ap_lo;weight
1,808,0,0,3,weight;age;ap_hi
1,809,1,1,3,age;ap_lo;weight
1,810,0,0,4,height;ap_hi;weight;ap_lo
1,811,1,0,3,ap_hi;height;ap_lo
1,812,0,1,3,weight;ap_lo;age
1,813,0,0,4,ap_hi;weight;height;ap_lo
1,814,0,1,3,age;ap_lo;height
1,815,0,0,3,height;age;ap_hi
1,816,0,0,3,ap_hi;ap_lo;age
1,817,0,0,4,age;weight;ap_hi;ap_lo
1,818,1,1,4,height;ap_lo;weight;age
1,819,0,0,4,weight;height;ap_lo;ap_hi
1,820,1,1,3,age;height;weight
1,821,0,0,4,height;weight;age;ap_hi
1,822,0,1,4,ap_lo;weight;ap_hi;height
1,823,0,1,4,age;height;weight;ap_hi
1,824,1,1,4,ap_lo;age;ap_hi;height
1,825,0,0,4,height;age;ap_lo;ap_hi
1,826,0,1,3,ap_hi;age;weight
1,827,1,0,4,age;height;ap_lo;ap_hi
1,828,1,1,3,ap_hi;ap_lo;height
1,829,0,1,4,age;ap_hi;height;weight
1,830,1,1,4,ap_lo;height;weight;ap_hi
1,831,0,0,3,ap_hi;ap_lo;age
1,832,0,0,3,ap_lo;ap_hi;height
1,833,1,1,4,height;weight;ap_hi;age
1,834,1,1,3,height;ap_hi;age
1,835,0,1,4,height;ap_hi;age;weight
1,836,0,1,3,height;ap_lo;age
1,837,0,1,3,age;ap_lo;height
1,838,0,1,4,ap_lo;ap_hi;age;height
1,839,0,0,3,ap_hi;weight;age
1,840,0,0,4,ap_lo;height;ap_hi;age
1,841,0,0,3,age;weight;ap_hi
1,842,0,1,4,weight;age;height;ap_lo
1,843,1,1,4,ap_lo;age;weight;height
1,844,0,1,4,ap_lo;weight;height;age
1,845,0,1,4,height;ap_lo;weight;ap_hi
1,846,0,0,3,ap_hi;ap_lo;height
1,847,1,0,4,weight;age;ap_hi;height
1,848,0,1,3,ap_lo;ap_hi;age
1,849,1,1,3,height;age;weight
1,850,1,0,4,height;ap_hi;age;weight
1,851,0,0,3,height;ap_hi;age
1,852,0,0,4,ap_lo;weight;age;height
1,853,1,1,4,age;ap_lo;weight;height
1,854,1,1,3,ap_hi;age;height
1,855,1,1,4,weight;age;height;ap_hi
1,856,0,0,4,ap_lo;height;weight;ap_hi
1,857,1,1,4,ap_lo;height;ap_hi;weight
1,858,1,0,4,ap_lo;height;weight;ap_hi
1,859,0,1,4,weight;height;ap_lo;age
1,860,1,1,4,ap_lo;weight;age;ap_hi
1,861,1,1,4,ap_hi;ap_lo;weight;height
1,862,1,1,4,ap_hi;age;ap_lo;height
1,863,0,0,3,ap_hi;height;age
1,864,1,1,4,height;ap_lo;weight;age
1,865,0,1,4,ap_hi;age;height;weight
1,866,1,1,4,weight;height;ap_hi;age
1,867,1,1,4,weight;height;age;ap_lo
1,868,1,0,3,weight;ap_lo;ap_hi
1,869,1,1,4,ap_lo;weight;height;age
1,870,0,1,3,ap_hi;age;ap_lo
1,871,1,1,3,ap_lo;weight;age
1,872,0,0,4,ap_hi;ap_lo;height;weight
1,873,0,0,3,height;age;weight
1,874,0,0,4,ap_hi;ap_lo;age;weight
1,875,0,0,3,ap_lo;weight;height
1,876,1,1,4,age;weight;height;ap_lo
1,877,0,0,3,weight;ap_lo;age
1,878,1,1,3,ap_lo;weight;height
1,879,1,1,3,ap_lo;ap_hi;height
1,880,1,1,3,ap_hi;weight;age
1,881,1,1,4,weight;ap_hi;age;height
1,882,1,1,3,height;ap_lo;ap_hi
1,883,1,1,3,height;age;ap_lo
1,884,0,0,4,height;weight;ap_lo;ap_hi
1,885,1,1,3,age;weight;ap_lo
1,886,0,0,4,age;ap_hi;ap_lo;weight
1,887,1,1,3,ap_lo;weight;height
1,888,0,1,4,age;ap_hi;weight;ap_lo
1,889,1,0,4,weight;ap_hi;age;ap_lo
1,890,0,0,4,ap_hi;age;weight;height
1,891,0,1,4,ap_lo;age;ap_hi;weight
1,892,0,1,4,age;height;ap_lo;weight
1,893,1,0,4,age;ap_lo;weight;height
1,894,0,0,3,height;weight;ap_lo
1,895,1,1,3,height;ap_hi;weight
1,896,0,1,3,ap_lo;height;weight
1,897,1,0,4,height;ap_hi;weight;age
1,898,1,1,3,age;ap_hi;weight
1,899,0,1,4,weight;height;ap_lo;age
1,900,0,1,4,ap_lo;weight;height;age
1,901,0,0,3,weight;age;ap_hi
1,902,1,0,3,age;weight;ap_hi
1,903,1,1,4,ap_lo;weight;height;ap_hi
1,904,1,0,4,ap_hi;weight;ap_lo;age
1,905,0,0,4,ap_lo;age;weight;height
1,906,0,0,4,weight;age;ap_hi;ap_lo
1,907,1,1,3,weight;height;ap_hi
1,908,0,0,3,ap_lo;weight;ap_hi
1,909,1,1,3,height;ap_hi;ap_lo
1,910,0,0,4,height;ap_hi;age;weight
1,911,0,1,4,weight;height;age;ap_hi
1,912,1,0,3,height;ap_hi;age
1,913,0,0,4,ap_hi;weight;ap_lo;height
1,914,1,1,3,ap_lo;age;weight
1,915,1,0,3,ap_lo;height;age
1,916,0,0,4,age;ap_hi;height;weight
1,917,0,0,3,ap_hi;age;ap_lo
1,918,0,0,4,ap_lo;weight;ap_hi;age
1,919,1,0,4,height;weight;ap_lo;ap_hi
1,920,1,1,4,age;ap_hi;weight;height
1,921,1,0,4,ap_hi;age;weight;height
1,922,0,1,3,ap_hi;weight;height
1,923,0,1,4,age;weight;height;ap_lo
1,924,1,1,3,ap_hi;ap_lo;weight
1,925,1,0,4,ap_hi;weight;height;age
1,926,1,1,4,age;ap_lo;height;weight
1,927,1,0,4,height;weight;ap_lo;age
1,928,1,1,3,age;weight;height
1,929,0,1,4,weight;ap_lo;age;height
1,930,0,0,4,ap_hi;weight;ap_lo;height
1,931,1,0,3,ap_lo;ap_hi;weight
1,932,0,0,4,height;ap_lo;age;ap_hi
1,933,1,1,3,age;weight;ap_lo
1,934,1,1,4,weight;height;ap_hi;age
1,935,1,1,4,weight;height;ap_lo;ap_hi
1,936,0,0,3,ap_lo;weight;height
1,937,1,0,4,ap_lo;age;weight;height
1,938,1,1,3,age;ap_hi;ap_lo
1,939,1,0,4,height;weight;age;ap_hi
1,940,0,0,3,ap_hi;height;ap_lo
1,941,0,1,3,height;weight;ap_hi
1,942,0,1,3,ap_lo;weight;height
1,943,0,0,3,ap_hi;ap_lo;weight
1,944,1,1,4,weight;ap_hi;height;age
1,945,0,0,4,height;weight;ap_lo;age
1,946,0,0,3,weight;age;ap_hi
1,947,0,0,4,weight;height;age;ap_hi
1,948,1,1,3,age;height;weight
1,949,0,1,4,ap_lo;age;weight;height
1,950,0,1,4,height;ap_lo;ap_hi;age
1,951,0,0,4,ap_hi;height;age;ap_lo
1,952,0,1,3,weight;ap_hi;age
1,953,1,0,4,ap_hi;height;age;weight
1,954,0,0,4,age;height;ap_hi;weight
1,955,0,0,4,ap_hi;ap_lo;weight;age
1,956,1,1,4,age;ap_hi;height;weight
1,957,0,1,3,weight;age;ap_hi
1,958,0,0,4,ap_lo;ap_hi;height;weight
1,959,1,1,4,age;ap_hi;weight;height
1,960,1,1,3,ap_lo;age;weight
1,961,0,0,3,ap_hi;weight;height
1,962,0,1,3,age;ap_hi;height
1,963,0,0,4,ap_hi;age;ap_lo;height
1,964,1,1,4,ap_lo;ap_hi;height;weight
1,965,1,1,4,weight;height;ap_hi;ap_lo
1,966,1,0,4,ap_lo;ap_hi;age;weight
1,967,1,1,3,height;age;ap_lo
1,968,1,1,4,ap_lo;age;ap_hi;weight
1,969,1,0,3,ap_hi;age;height
1,970,0,0,4,height;age;ap_lo;ap_hi
1,971,1,1,3,ap_hi;age;weight
1,972,1,0,3,height;weight;age
1,973,0,1,3,ap_lo;weight;height
1,974,1,1,3,ap_lo;weight;age
1,975,1,1,3,ap_hi;height;weight
1,976,1,1,3,ap_hi;age;height
1,977,0,1,3,height;weight;ap_lo
1,978,1,1,4,height;age;ap_lo;weight
1,979,0,0,3,height;weight;ap_lo
1,980,1,1,3,weight;age;ap_lo
1,981,0,1,3,weight;ap_lo;age
1,982,0,0,4,weight;ap_lo;age;ap_hi
1,983,1,1,4,age;height;ap_hi;weight
1,984,1,1,3,age;ap_lo;height
1,985,1,0,4,age;ap_lo;ap_hi;height
1,986,1,1,4,ap_lo;height;ap_hi;age
1,987,1,1,4,ap_hi;height;age;ap_lo
1,988,1,0,4,height;ap_lo;weight;ap_hi
1,989,1,0,4,height;ap_hi;weight;ap_lo
1,990,1,0,4,ap_lo;weight;ap_hi;age
1,991,0,1,4,weight;age;height;ap_lo
1,992,1,1,4,age;height;weight;ap_lo
1,993,0,0,4,height;ap_hi;age;ap_lo
1,994,1,1,3,age;ap_lo;ap_hi
1,995,1,0,4,height;age;ap_hi;ap_lo
1,996,1,1,4,ap_hi;height;age;weight
1,997,0,0,4,ap_hi;weight;ap_lo;height
1,998,1,1,3,height;age;weight
1,999,1,1,4,weight;ap_lo;height;ap_hi
2,0,0,1,3,height;age;weight
2,1,0,1,4,weight;ap_hi;height;ap_lo
2,2,0,1,3,weight;height;age
2,3,0,1,3,ap_hi;height;weight
2,4,1,1,4,height;ap_hi;age;weight
2,5,0,1,4,ap_hi;ap_lo;weight;height
2,6,0,1,3,height;weight;ap_hi
2,7,0,1,4,weight;age;height;ap_hi
2,8,0,1,4,ap_hi;age;ap_lo;weight
2,9,1,0,3,height;ap_lo;ap_hi
2,10,0,1,3,height;ap_lo;weight
2,11,1,1,3,ap_hi;height;weight
2,12,0,0,4,ap_hi;weight;age;ap_lo
2,13,0,1,3,ap_hi;age;weight
2,14,0,1,4,height;ap_hi;ap_lo;age
2,15,0,0,4,ap_hi;age;ap_lo;height
2,16,1,1,4,ap_hi;ap_lo;height;weight
2,17,0,0,4,age;weight;ap_lo;height
2,18,0,0,3,age;ap_hi;weight
2,19,1,1,4,weight;ap_lo;ap_hi;height
2,20,0,1,3,height;weight;age
2,21,1,1,4,weight;ap_lo;height;age
2,22,1,0,4,ap_lo;ap_hi;height;age
2,23,0,0,4,weight;age;ap_lo;ap_hi
2,24,1,1,3,weight;ap_hi;age
2,25,1,1,3,weight;height;ap_lo
2,26,1,1,4,ap_hi;age;weight;height
2,27,0,1,3,ap_lo;weight;height
2,28,0,0,3,ap_lo;height;age
2,29,0,1,4,weight;ap_hi;height;age
2,30,1,0,4,ap_lo;age;ap_hi;height
2,31,1,1,3,ap_lo;height;age
2,32,0,1,3,height;ap_lo;age
2,33,1,0,3,height;ap_lo;weight
2,34,1,1,3,ap_lo;age;weight
2,35,1,1,3,height;ap_hi;weight
2,36,0,1,4,age;weight;ap_lo;ap_hi
2,37,0,1,3,ap_lo;age;ap_hi
2,38,0,1,4,ap_lo;height;ap_hi;weight
2,39,1,1,4,age;height;ap_hi;ap_lo
2,40,1,1,3,age;ap_lo;weight
2,41,1,1,4,age;ap_hi;ap_lo;height
2,42,1,0,3,age;weight;ap_hi
2,43,0,1,4,ap_hi;ap_lo;height;age
2,44,1,1,4,ap_hi;ap_lo;height;age
2,45,1,1,3,age;ap_hi;ap_lo
2,46,0,0,4,weight;age;ap_hi;ap_lo
2,47,0,0,3,ap_lo;height;age
2,48,1,1,4,ap_lo;ap_hi;age;weight
2,49,0,0,4,weight;age;ap_hi;ap_lo
2,50,0,0,4,ap_lo;weight;age;height
2,51,0,1,3,ap_lo;age;weight
2,52,1,1,3,ap_lo;ap_hi;height
2,53,0,1,3,weight;ap_lo;age
2,54,1,1,3,age;weight;height
2,55,1,0,3,age;weight;ap_hi
2,56,0,0,4,height;age;ap_hi;ap_lo
2,57,1,1,3,height;age;weight
2,58,1,1,3,weight;age;ap_hi
2,59,0,1,3,ap_hi;age;weight
2,60,1,1,3,age;ap_lo;height
2,61,1,1,3,ap_lo;height;weight
2,62,0,0,4,ap_hi;height;age;ap_lo
2,63,1,1,4,weight;height;ap_hi;age
2,64,0,1,4,height;ap_hi;weight;age
2,65,0,1,4,weight;age;ap_lo;height
2,66,0,1,3,ap_lo;ap_hi;height
2,67,0,1,4,height;ap_lo;age;weight
2,68,1,1,3,age;ap_hi;weight
2,69,0,1,4,ap_lo;height;age;ap_hi
2,70,1,1,3,age;ap_hi;height
2,71,1,1,3,height;age;ap_lo
2,72,0,1,4,age;ap_hi;ap_lo;weight
2,73,0,1,3,ap_lo;age;weight
2,74,1,1,3,height;weight;age
2,75,1,0,3,ap_hi;weight;ap_lo
2,76,0,0,3,age;ap_hi;height
2,77,1,0,3,age;ap_lo;ap_hi
2,78,0,0,4,age;height;ap_hi;ap_lo
2,79,1,0,4,ap_hi;weight;ap_lo;age
2,80,0,0,4,weight;ap_hi;height;ap_lo
2,81,1,1,4,height;ap_hi;ap_lo;age
2,82,1,1,3,ap_lo;age;height
2,83,1,1,4,weight;ap_hi;ap_lo;age
2,84,1,1,4,height;weight;ap_hi;age
2,85,0,0,3,height;ap_hi;ap_lo
2,86,0,1,3,age;ap_hi;height
2,87,0,1,3,height;age;weight
2,88,0,0,4,age;height;weight;ap_lo
2,89,1,1,3,ap_lo;age;height
2,90,1,1,3,ap_hi;ap_lo;height
2,91,1,1,3,height;ap_hi;weight
2,92,0,0,4,ap_lo;age;weight;height
2,93,1,0,4,ap_hi;ap_lo;age;weight
2,94,0,0,3,age;ap_hi;height
2,95,1,0,3,ap_lo;ap_hi;weight
2,96,0,1,4,weight;height;ap_hi;age
2,97,1,1,3,weight;ap_hi;ap_lo
2,98,1,1,4,height;age;weight;ap_hi
2,99,0,1,4,ap_hi;ap_lo;age;weight
2,100,0,1,3,weight;ap_lo;ap_hi
2,101,1,1,3,ap_hi;height;age
2,102,0,1,4,height;age;weight;ap_lo
2,103,1,1,4,height;age;ap_lo;weight
2,104,0,0,4,weight;ap_lo;ap_hi;height
2,105,0,0,3,ap_lo;height;weight
2,106,0,0,3,ap_lo;height;weight
2,107,0,0,3,ap_lo;ap_hi;height
2,108,1,1,3,height;age;weight
2,109,0,1,4,weight;age;height;ap_lo
2,110,0,1,4,ap_hi;age;weight;height
2,111,0,0,4,height;ap_lo;age;ap_hi
2,112,0,1,4,height;weight;ap_lo;age
2,113,0,1,4,ap_lo;ap_hi;weight;age
2,114,1,1,3,height;age;ap_hi
2,115,1,1,4,ap_hi;weight;age;height
2,116,1,0,4,ap_hi;height;age;ap_lo
2,117,0,1,4,age;height;ap_hi;ap_lo
2,118,0,0,4,height;weight;ap_hi;age
2,119,1,1,4,ap_lo;weight;age;height
2,120,0,0,3,ap_lo;height;age
2,121,1,1,4,ap_lo;age;height;ap_hi
2,122,0,1,4,weight;height;ap_lo;ap_hi
2,123,1,1,3,ap_lo;age;height
2,124,1,1,4,height;age;ap_hi;ap_lo
2,125,0,1,4,ap_lo;age;ap_hi;weight
2,126,0,1,3,age;height;ap_hi
2,127,1,1,3,ap_lo;age;weight
2,128,0,1,3,ap_lo;weight;age
2,129,0,1,4,ap_hi;age;height;weight
2,130,0,1,4,weight;ap_hi;height;ap_lo
2,131,0,1,4,age;height;ap_hi;weight
2,132,1,1,4,ap_lo;height;age;weight
2,133,0,1,4,height;age;weight;ap_lo
2,134,0,1,3,ap_lo;height;weight
2,135,1,0,3,ap_hi;ap_lo;weight
2,136,1,1,3,ap_lo;height;age
2,137,1,1,4,ap_lo;ap_hi;weight;age
2,138,1,1,4,age;height;ap_lo;weight
2,139,1,0,4,ap_lo;age;ap_hi;height
2,140,1,0,4,ap_hi;weight;ap_lo;age
2,141,1,1,3,weight;ap_hi;age
2,142,0,0,4,age;ap_lo;weight;ap_hi
2,143,1,1,3,ap_hi;height;ap_lo
2,144,0,0,3,age;height;weight
2,145,0,1,3,ap_lo;weight;ap_hi
2,146,0,0,3,age;ap_hi;ap_lo
2,147,1,1,4,height;age;ap_hi;ap_lo
2,148,0,1,3,ap_lo;weight;ap_hi
2,149,1,1,4,ap_hi;weight;ap_lo;age
2,150,0,0,3,weight;age;ap_hi
2,151,1,1,3,height;ap_lo;age
2,152,0,0,4,age;ap_lo;ap_hi;height
2,153,1,0,4,age;ap_hi;weight;height
2,154,0,1,4,weight;age;ap_hi;ap_lo
2,155,1,1,4,age;ap_hi;ap_lo;weight
2,156,1,0,3,height;age;ap_lo
2,157,0,1,4,weight;height;ap_hi;age
2,158,1,1,4,ap_hi;weight;age;height
2,159,0,0,4,ap_hi;ap_lo;height;weight
2,160,0,1,3,height;ap_lo;weight
2,161,0,1,3,ap_lo;ap_hi;weight
2,162,0,1,3,height;ap_lo;age
2,163,0,1,4,ap_lo;age;height;weight
2,164,0,0,4,weight;ap_hi;ap_lo;age
2,165,0,1,4,weight;height;ap_hi;age
2,166,1,1,3,age;weight;height
2,167,0,1,3,age;height;weight
2,168,1,1,4,height;age;weight;ap_lo
2,169,1,1,3,height;ap_hi;age
2,170,1,1,3,ap_hi;weight;height
2,171,1,1,3,weight;height;ap_lo
2,172,1,1,3,age;height;ap_lo
2,173,0,0,3,height;ap_hi;age
2,174,1,1,4,height;ap_lo;ap_hi;age
2,175,1,1,4,ap_hi;height;ap_lo;weight
2,176,1,1,3,ap_lo;ap_hi;age
2,177,1,1,4,ap_hi;height;age;ap_lo
2,178,0,0,4,height;ap_hi;weight;ap_lo
2,179,0,1,4,age;ap_lo;weight;height
2,180,1,1,4,ap_lo;weight;age;height
2,181,0,1,4,ap_lo;ap_hi;age;height
2,182,1,0,3,ap_lo;ap_hi;weight
2,183,0,0,3,weight;age;ap_hi
2,184,0,1,3,ap_lo;age;height
2,185,1,1,4,height;ap_hi;ap_lo;weight
2,186,1,1,3,height;weight;age
2,187,1,1,4,age;ap_hi;height;ap_lo
2,188,0,1,3,ap_hi;weight;ap_lo
2,189,0,1,4,ap_hi;weight;age;height
2,190,0,1,3,height;weight;age
2,191,0,0,4,age;ap_lo;height;ap_hi
2,192,0,0,3,ap_hi;height;weight
2,193,1,1,3,ap_hi;age;ap_lo
2,194,1,1,3,age;ap_hi;weight
2,195,1,1,4,ap_hi;height;ap_lo;weight
2,196,1,0,4,ap_lo;weight;height;ap_hi
2,197,1,1,3,ap_lo;age;ap_hi
2,198,0,1,4,ap_hi;weight;height;ap_lo
2,199,1,1,3,height;ap_lo;weight
2,200,1,0,4,age;ap_hi;height;weight
2,201,0,0,3,ap_lo;age;weight
2,202,0,0,4,age;ap_hi;height;weight
2,203,0,1,4,ap_lo;weight;ap_hi;age
2,204,0,0,3,weight;age;ap_hi
2,205,0,0,4,ap_hi;age;ap_lo;height
2,206,1,0,3,age;weight;height
2,207,0,0,3,ap_hi;age;height
2,208,1,1,4,weight;ap_lo;height;ap_hi
2,209,0,0,4,age;ap_hi;height;ap_lo
2,210,1,1,3,ap_hi;weight;ap_lo
2,211,1,1,3,weight;ap_lo;age
2,212,0,0,4,ap_hi;age;weight;height
2,213,0,1,4,ap_lo;weight;height;ap_hi
2,214,0,1,3,ap_hi;weight;ap_lo
2,215,1,1,4,ap_lo;ap_hi;weight;height
2,216,0,1,4,height;ap_hi;ap_lo;age
2,217,1,1,4,ap_lo;ap_hi;height;weight
2,218,0,0,3,ap_hi;ap_lo;height
2,219,0,0,4,ap_hi;ap_lo;age;height
2,220,1,1,3,weight;ap_hi;ap_lo
2,221,0,0,3,age;ap_hi;height
2,222,0,1,3,weight;ap_lo;height
2,223,1,0,4,age;ap_hi;ap_lo;weight
2,224,0,1,3,ap_lo;ap_hi;weight
2,225,1,1,4,weight;age;ap_hi;height
2,226,0,0,3,age;ap_lo;ap_hi
2,227,1,0,4,weight;ap_lo;height;ap_hi
2,228,0,0,4,age;weight;ap_hi;height
2,229,0,1,3,ap_lo;ap_hi;weight
2,230,1,1,4,ap_lo;weight;age;ap_hi
2,231,0,1,3,weight;age;ap_lo
2,232,1,1,4,weight;ap_lo;ap_hi;height
2,233,0,1,4,ap_hi;weight;ap_lo;height
2,234,1,1,3,ap_hi;weight;age
2,235,1,1,4,age;weight;height;ap_hi
2,236,1,1,4,ap_hi;height;weight;ap_lo
2,237,0,1,4,weight;ap_hi;ap_lo;height
2,238,1,1,3,weight;height;age
2,239,1,1,4,ap_hi;weight;age;height
2,240,1,0,4,ap_lo;height;age;ap_hi
2,241,1,1,4,ap_hi;height;ap_lo;weight
2,242,0,1,3,ap_lo;height;weight
2,243,0,0,3,ap_hi;ap_lo;weight
2,244,1,1,4,age;ap_lo;weight;ap_hi
2,245,1,1,4,weight;age;ap_lo;ap_hi
2,246,1,1,3,age;ap_hi;ap_lo
2,247,1,1,4,ap_hi;age;weight;ap_lo
2,248,1,1,4,ap_hi;height;ap_lo;weight
2,249,1,1,4,height;age;ap_lo;weight
2,250,1,1,3,height;weight;ap_hi
2,251,0,0,3,height;ap_hi;age
2,252,0,0,4,ap_hi;age;height;weight
2,253,0,1,3,ap_hi;age;weight
2,254,1,0,4,ap_lo;weight;age;height
2,255,1,1,3,weight;age;ap_hi
2,256,0,0,3,ap_hi;weight;height
2,257,0,0,3,age;ap_lo;ap_hi
2,258,0,1,4,height;weight;ap_lo;age
2,259,1,1,3,ap_lo;age;ap_hi
2,260,0,0,4,age;height;weight;ap_lo
2,261,1,0,3,height;ap_hi;ap_lo
2,262,1,1,4,height;ap_lo;ap_hi;weight
2,263,1,1,3,age;ap_hi;ap_lo
2,264,1,1,3,height;ap_hi;weight
2,265,0,0,3,ap_hi;ap_lo;height
2,266,0,1,4,height;weight;ap_lo;age
2,267,1,1,4,ap_hi;age;ap_lo;weight
2,268,0,0,3,ap_hi;ap_lo;weight
2,269,1,1,4,ap_hi;age;ap_lo;height
2,270,1,1,4,height;ap_hi;ap_lo;age
2,271,1,1,4,ap_hi;weight;ap_lo;height
2,272,0,1,4,ap_lo;ap_hi;height;age
2,273,1,1,3,age;ap_lo;ap_hi
2,274,0,0,3,ap_lo;age;weight
2,275,1,1,3,ap_lo;age;height
2,276,1,1,4,weight;ap_lo;ap_hi;age
2,277,0,1,3,weight;ap_hi;height
2,278,1,1,3,ap_lo;height;age
2,279,0,0,3,ap_hi;weight;ap_lo
2,280,0,1,4,age;ap_hi;height;ap_lo
2,281,0,1,4,ap_hi;height;weight;age
2,282,1,0,4,age;ap_hi;height;ap_lo
2,283,1,1,3,weight;height;age
2,284,1,1,3,height;age;ap_lo
2,285,0,0,4,weight;height;age;ap_hi
2,286,1,1,4,age;ap_hi;height;weight
2,287,1,1,4,height;age;ap_lo;weight
2,288,1,1,3,age;ap_lo;ap_hi
2,289,0,0,3,age;weight;ap_lo
2,290,0,1,3,weight;age;height
2,291,0,1,4,ap_hi;age;weight;ap_lo
2,292,0,0,4,height;ap_hi;ap_lo;age
2,293,1,0,4,ap_hi;weight;age;ap_lo
2,294,1,0,4,ap_hi;age;weight;ap_lo
2,295,1,1,4,weight;height;ap_hi;ap_lo
2,296,0,1,4,weight;ap_lo;ap_hi;age
2,297,1,0,3,height;age;ap_hi
2,298,1,0,3,age;ap_hi;height
2,299,1,1,4,weight;ap_hi;age;ap_lo
2,300,0,0,3,ap_hi;ap_lo;age
2,301,1,0,3,height;ap_hi;age
2,302,1,1,4,weight;ap_hi;ap_lo;age
2,303,1,0,3,ap_lo;age;ap_hi
2,304,0,1,4,ap_lo;ap_hi;weight;age
2,305,0,0,4,ap_hi;height;age;ap_lo
2,306,1,1,3,height;weight;age
2,307,0,0,3,ap_lo;height;age
2,308,0,0,3,weight;age;ap_hi
2,309,0,1,3,ap_hi;weight;ap_lo
2,310,0,0,4,ap_hi;age;weight;height
2,311,0,1,3,ap_lo;weight;height
2,312,0,1,4,weight;ap_lo;ap_hi;height
2,313,0,1,3,height;weight;ap_lo
2,314,1,1,3,weight;ap_hi;ap_lo
2,315,1,1,3,ap_lo;height;age
2,316,1,1,4,height;age;ap_lo;weight
2,317,1,0,3,weight;ap_hi;ap_lo
2,318,0,0,3,ap_lo;age;ap_hi
2,319,1,1,4,ap_hi;ap_lo;height;weight
2,320,1,1,3,height;ap_hi;ap_lo
2,321,1,0,4,height;weight;ap_lo;ap_hi
2,322,1,1,4,age;weight;height;ap_lo
2,323,0,0,3,ap_hi;age;height
2,324,0,0,3,weight;age;height
2,325,0,1,3,ap_hi;age;ap_lo
2,326,1,1,3,height;weight;ap_lo
2,327,1,1,3,ap_lo;weight;age
2,328,0,0,3,ap_lo;ap_hi;height
2,329,1,1,4,height;age;ap_hi;weight
2,330,0,1,4,weight;ap_lo;age;height
2,331,1,1,3,weight;ap_hi;height
2,332,0,1,4,ap_lo;weight;height;age
2,333,0,0,3,weight;age;ap_hi
2,334,1,1,3,ap_lo;ap_hi;height
2,335,1,1,3,age;height;ap_hi
2,336,0,0,3,ap_hi;age;weight
2,337,0,0,4,weight;ap_hi;height;ap_lo
2,338,0,1,4,height;ap_hi;ap_lo;weight
2,339,0,1,3,ap_hi;age;ap_lo
2,340,1,1,4,ap_hi;height;weight;ap_lo
2,341,1,1,4,age;weight;ap_hi;height
2,342,1,1,4,height;weight;ap_lo;ap_hi
2,343,1,1,3,weight;age;ap_lo
2,344,1,1,3,ap_hi;age;ap_lo
2,345,1,1,3,age;height;ap_hi
2,346,0,0,3,age;ap_hi;weight
2,347,0,0,3,ap_hi;age;height
2,348,1,1,3,ap_lo;height;weight
2,349,0,0,3,weight;height;ap_hi
2,350,1,1,4,height;weight;ap_hi;ap_lo
2,351,1,1,4,age;ap_hi;height;weight
2,352,0,1,4,ap_hi;ap_lo;weight;height
2,353,1,1,3,weight;age;ap_lo
2,354,1,0,4,age;weight;ap_lo;height
2,355,1,1,4,ap_lo;weight;height;ap_hi
2,356,1,1,3,ap_hi;weight;height
2,357,1,1,3,ap_hi;age;ap_lo
2,358,1,0,3,height;age;weight
2,359,1,1,3,weight;age;ap_lo
2,360,1,1,3,ap_hi;ap_lo;height
2,361,0,0,3,age;height;ap_hi
2,362,1,1,3,weight;ap_lo;age
2,363,1,1,3,weight;ap_lo;age
2,364,1,1,3,weight;ap_hi;age
2,365,1,0,3,ap_lo;age;ap_hi
2,366,0,0,4,height;age;ap_hi;ap_lo
2,367,1,1,3,weight;height;ap_lo
2,368,1,1,4,ap_hi;weight;height;age
2,369,0,0,3,ap_lo;weight;height
2,370,1,1,3,weight;ap_lo;age
2,371,0,1,3,height;weight;ap_lo
2,372,1,1,4,height;weight;age;ap_hi
2,373,1,1,4,weight;age;ap_lo;height
2,374,1,1,3,ap_hi;weight;height
2,375,0,0,3,ap_hi;weight;age
2,376,1,0,4,ap_hi;age;weight;height
2,377,1,1,4,ap_lo;age;height;weight
2,378,0,1,4,ap_hi;ap_lo;weight;age
2,379,0,1,3,height;weight;ap_lo
2,380,1,0,3,height;age;ap_hi
2,381,1,1,4,age;ap_hi;ap_lo;height
2,382,0,1,4,ap_lo;weight;height;age
2,383,1,0,3,ap_lo;height;age
2,384,1,1,4,weight;age;ap_hi;height
2,385,0,0,3,age;height;ap_lo
2,386,0,0,3,age;ap_hi;ap_lo
2,387,1,1,3,ap_lo;weight;age
2,388,0,1,4,age;height;ap_hi;weight
2,389,0,0,3,age;weight;ap_hi
2,390,1,1,4,ap_lo;ap_hi;age;height
2,391,1,1,4,height;age;weight;ap_hi
2,392,0,0,3,height;ap_lo;age
2,393,1,1,3,height;age;ap_lo
2,394,0,0,4,age;height;ap_lo;ap_hi
2,395,1,1,3,height;weight;ap_lo
2,396,1,1,4,weight;ap_lo;age;ap_hi
2,397,1,1,4,height;weight;ap_hi;ap_lo
2,398,0,0,3,age;height;weight
2,399,0,1,3,age;ap_hi;weight
2,400,1,1,4,ap_lo;age;height;ap_hi
2,401,1,1,4,weight;age;ap_lo;height
2,402,0,1,3,age;weight;ap_lo
2,403,0,1,4,ap_hi;height;age;weight
2,404,0,0,4,age;ap_hi;ap_lo;height
2,405,0,1,4,ap_lo;height;ap_hi;weight
2,406,0,0,4,age;ap_hi;weight;ap_lo
2,407,1,1,4,ap_lo;age;height;ap_hi
2,408,1,1,4,weight;height;age;ap_lo
2,409,0,1,3,weight;height;age
2,410,0,0,3,ap_hi;age;height
2,411,0,1,3,height;ap_lo;ap_hi
2,412,0,1,4,weight;age;height;ap_hi
2,413,1,1,4,age;weight;height;ap_hi
2,414,0,1,3,weight;age;ap_lo
2,415,0,1,3,ap_hi;ap_lo;weight
2,416,0,0,4,age;height;ap_hi;weight
2,417,0,1,3,weight;ap_lo;age
2,418,0,1,4,height;ap_lo;ap_hi;weight
2,419,1,0,3,height;ap_lo;ap_hi
2,420,1,1,4,height;ap_hi;ap_lo;weight
2,421,0,0,4,age;weight;ap_hi;ap_lo
2,422,1,1,4,age;height;ap_lo;weight
2,423,0,0,4,ap_hi;weight;age;ap_lo
2,424,1,1,4,age;height;weight;ap_hi
2,425,1,1,4,age;ap_hi;height;ap_lo
2,426,1,1,3,ap_hi;ap_lo;age
2,427,1,1,3,ap_lo;height;age
2,428,0,1,3,height;ap_hi;weight
2,429,1,1,3,height;age;weight
2,430,1,0,3,height;age;weight
2,431,1,1,4,ap_lo;height;age;ap_hi
2,432,1,1,3,weight;age;ap_lo
2,433,1,1,4,ap_hi;weight;ap_lo;height
2,434,1,0,3,weight;ap_hi;height
2,435,1,1,3,age;ap_hi;weight
2,436,1,1,4,ap_hi;weight;age;ap_lo
2,437,1,1,3,ap_lo;height;ap_hi
2,438,0,0,3,ap_hi;age;weight
2,439,0,1,4,age;weight;ap_lo;ap_hi
2,440,1,0,3,weight;ap_hi;ap_lo
2,441,0,0,4,age;weight;ap_lo;ap_hi
2,442,0,1,4,age;weight;ap_lo;height
2,443,0,1,4,ap_lo;height;age;weight
2,444,0,1,3,height;weight;ap_hi
2,445,0,1,4,ap_lo;ap_hi;height;weight
2,446,0,1,3,weight;ap_lo;height
2,447,1,1,3,weight;ap_hi;age
2,448,0,1,4,age;height;ap_hi;weight
2,449,0,0,3,height;ap_hi;ap_lo
2,450,0,1,3,ap_lo;age;height
2,451,0,1,3,ap_lo;age;ap_hi
2,452,1,1,4,ap_hi;ap_lo;age;height
2,453,1,1,4,ap_lo;age;weight;height
2,454,1,1,4,age;weight;ap_lo;ap_hi
2,455,0,1,4,ap_lo;height;ap_hi;age
2,456,0,1,3,ap_lo;ap_hi;height
2,457,0,1,3,ap_lo;ap_hi;weight
2,458,1,1,3,weight;age;height
2,459,1,1,3,weight;height;age
2,460,1,1,4,ap_hi;height;age;weight
2,461,1,1,4,age;ap_hi;ap_lo;height
2,462,0,1,4,weight;age;height;ap_lo
2,463,0,1,3,ap_lo;height;age
2,464,1,1,4,height;ap_lo;age;ap_hi
2,465,1,1,4,ap_lo;height;weight;age
2,466,1,1,3,age;ap_hi;height
2,467,1,1,4,age;weight;height;ap_lo
2,468,0,1,4,weight;height;ap_lo;ap_hi
2,469,1,1,3,height;age;ap_hi
2,470,1,1,4,ap_hi;ap_lo;height;age
2,471,1,1,4,height;weight;age;ap_hi
2,472,0,0,4,age;ap_lo;ap_hi;weight
2,473,1,1,4,height;ap_lo;ap_hi;weight
2,474,1,0,4,ap_hi;ap_lo;age;weight
2,475,0,1,4,ap_lo;ap_hi;weight;age
2,476,0,1,4,height;age;ap_hi;ap_lo
2,477,0,1,4,ap_hi;age;ap_lo;weight
2,478,0,0,4,height;age;ap_hi;ap_lo
2,479,0,0,3,ap_hi;age;height
2,480,0,1,4,ap_hi;age;height;ap_lo
2,481,1,1,4,ap_hi;ap_lo;height;weight
2,482,1,1,4,ap_lo;height;weight;ap_hi
2,483,1,1,3,ap_hi;age;ap_lo
2,484,0,0,3,weight;ap_hi;age
2,485,1,1,3,weight;ap_lo;ap_hi
2,486,1,1,4,age;height;ap_lo;weight
2,487,1,1,4,height;age;ap_lo;ap_hi
2,488,1,1,4,age;height;ap_hi;weight
2,489,1,1,3,height;ap_lo;weight
2,490,0,0,4,age;ap_hi;ap_lo;height
2,491,0,1,3,height;ap_lo;weight
2,492,0,0,3,weight;age;ap_hi
2,493,1,1,4,height;ap_hi;age;ap_lo
2,494,1,1,3,height;ap_hi;ap_lo
2,495,1,1,4,age;ap_hi;height;weight
2,496,1,0,4,age;height;ap_hi;ap_lo
2,497,1,1,3,ap_lo;weight;age
2,498,0,0,4,ap_hi;weight;height;age
2,499,0,0,4,ap_hi;height;age;ap_lo
2,500,0,1,4,height;ap_hi;weight;ap_lo
2,501,1,1,3,age;ap_hi;height
2,502,1,1,3,weight;age;height
2,503,0,1,4,ap_hi;age;ap_lo;weight
2,504,0,0,3,height;age;weight
2,505,0,0,4,height;age;ap_hi;ap_lo
2,506,0,0,3,age;weight;ap_lo
2,507,1,1,4,age;weight;ap_lo;height
2,508,0,0,3,weight;age;ap_lo
2,509,0,1,4,ap_lo;ap_hi;weight;age
2,510,1,1,3,age;ap_hi;height
2,511,0,1,4,weight;ap_lo;age;height
2,512,1,1,4,ap_lo;height;weight;age
2,513,1,1,4,ap_lo;ap_hi;weight;height
2,514,1,1,3,height;ap_hi;ap_lo
2,515,0,1,4,ap_lo;height;ap_hi;weight
2,516,1,1,4,age;height;weight;ap_hi
2,517,1,1,4,age;ap_lo;weight;ap_hi
2,518,0,0,3,ap_lo;ap_hi;height
2,519,1,1,4,age;weight;ap_hi;ap_lo
2,520,1,1,4,ap_hi;ap_lo;weight;height
2,521,0,1,3,ap_lo;weight;height
2,522,0,1,3,ap_hi;ap_lo;age
2,523,1,1,4,age;weight;ap_hi;height
2,524,1,1,3,age;height;ap_lo
2,525,0,1,4,height;weight;ap_lo;ap_hi
2,526,0,1,3,height;ap_hi;weight
2,527,1,1,3,ap_hi;age;height
2,528,0,1,4,ap_lo;ap_hi;weight;height
2,529,1,1,3,weight;height;ap_lo
2,530,0,1,4,ap_hi;height;weight;ap_lo
2,531,1,1,3,height;ap_lo;ap_hi
2,532,0,1,4,ap_lo;height;weight;ap_hi
2,533,1,1,4,ap_hi;height;weight;ap_lo
2,534,0,1,3,weight;height;ap_lo
2,535,1,1,4,age;weight;height;ap_hi
2,536,1,1,4,ap_lo;height;weight;age
2,537,1,1,3,age;height;ap_lo
2,538,0,1,3,ap_hi;ap_lo;height
2,539,1,0,4,age;ap_lo;weight;ap_hi
2,540,1,0,4,height;ap_lo;weight;ap_hi
2,541,1,1,3,height;ap_lo;age
2,542,1,1,3,ap_lo;weight;height
2,543,1,1,4,age;weight;ap_lo;height
2,544,1,1,4,ap_hi;weight;age;ap_lo
2,545,0,0,4,age;height;ap_hi;ap_lo
2,546,0,0,3,ap_lo;weight;age
2,547,0,1,4,ap_hi;height;age;weight
2,548,0,0,3,age;height;ap_hi
2,549,1,1,4,ap_lo;height;age;weight
2,550,1,1,4,height;ap_hi;age;weight
2,551,1,1,3,weight;age;ap_lo
2,552,0,1,3,height;ap_hi;weight
2,553,1,1,3,ap_hi;ap_lo;weight
2,554,0,1,3,weight;ap_lo;age
2,555,0,1,3,ap_lo;age;ap_hi
2,556,1,1,3,height;age;ap_lo
2,557,1,1,3,weight;ap_lo;ap_hi
2,558,1,0,3,age;height;ap_hi
2,559,1,1,3,age;ap_lo;ap_hi
2,560,1,1,3,ap_hi;ap_lo;height
2,561,0,1,3,ap_lo;weight;ap_hi
2,562,0,1,4,ap_lo;height;weight;age
2,563,0,1,3,ap_lo;weight;height
2,564,1,1,3,ap_hi;height;age
2,565,1,1,4,ap_hi;age;weight;ap_lo
2,566,0,1,3,weight;ap_lo;ap_hi
2,567,1,1,3,ap_hi;weight;height
2,568,1,1,3,age;ap_lo;weight
2,569,0,1,4,weight;height;age;ap_lo
2,570,1,1,3,age;height;ap_lo
2,571,1,1,4,height;weight;ap_lo;ap_hi
2,572,0,0,3,ap_hi;weight;age
2,573,1,0,3,weight;age;ap_hi
2,574,1,1,3,weight;age;ap_hi
2,575,0,1,4,ap_hi;age;height;weight
2,576,1,1,4,weight;age;ap_lo;ap_hi
2,577,1,1,3,height;age;ap_lo
2,578,1,1,3,age;height;weight
2,579,0,0,4,ap_hi;ap_lo;height;age
2,580,1,1,3,ap_lo;weight;ap_hi
2,581,1,1,4,ap_hi;height;weight;ap_lo
2,582,0,0,3,weight;ap_lo;age
2,583,0,1,4,ap_hi;height;ap_lo;weight
2,584,0,0,4,height;age;ap_hi;ap_lo
2,585,1,1,3,ap_lo;weight;height
2,586,0,0,4,ap_lo;age;ap_hi;weight
2,587,0,1,3,weight;ap_hi;height
2,588,1,1,4,height;ap_hi;age;weight
2,589,1,1,3,ap_lo;age;weight
2,590,1,1,4,age;ap_hi;weight;height
2,591,0,1,3,ap_lo;weight;ap_hi
2,592,0,0,3,ap_lo;ap_hi;weight
2,593,0,0,3,weight;ap_hi;height
2,594,0,0,3,age;height;ap_lo
2,595,1,1,3,height;ap_lo;age
2,596,1,1,4,ap_lo;height;age;weight
2,597,0,0,3,height;ap_lo;weight
2,598,0,1,4,ap_hi;ap_lo;height;age
2,599,0,1,3,age;ap_lo;height
2,600,1,0,4,ap_lo;age;ap_hi;weight
2,601,1,1,3,age;weight;height
2,602,1,1,4,age;weight;ap_lo;height
2,603,1,1,3,age;height;weight
2,604,0,0,3,age;weight;height
2,605,0,1,3,ap_lo;weight;ap_hi
2,606,1,1,4,age;weight;ap_lo;height
2,607,1,1,4,ap_lo;weight;ap_hi;age
2,608,0,0,4,ap_hi;age;weight;ap_lo
2,609,0,0,4,age;ap_hi;height;weight
2,610,1,1,3,ap_hi;height;ap_lo
2,611,1,1,3,ap_lo;age;height
2,612,0,0,3,ap_hi;weight;height
2,613,0,1,4,ap_lo;weight;ap_hi;height
2,614,0,0,3,ap_lo;age;height
2,615,0,0,4,weight;ap_hi;ap_lo;height
2,616,0,1,4,height;ap_lo;age;ap_hi
2,617,0,1,3,age;ap_hi;height
2,618,0,0,3,ap_hi;weight;age
2,619,1,1,3,height;age;weight
2,620,0,1,3,ap_hi;age;ap_lo
2,621,1,1,3,weight;height;ap_lo
2,622,0,1,3,ap_lo;age;height
2,623,1,1,3,height;ap_hi;age
2,624,1,1,3,ap_lo;weight;age
2,625,0,0,4,ap_hi;ap_lo;age;height
2,626,1,1,4,height;ap_hi;weight;ap_lo
2,627,0,1,4,height;weight;ap_hi;age
2,628,0,0,4,weight;height;ap_hi;ap_lo
2,629,0,1,3,ap_hi;age;weight
2,630,0,1,3,age;ap_hi;ap_lo
2,631,1,0,3,age;ap_lo;ap_hi
2,632,1,1,3,ap_hi;height;weight
2,633,0,1,4,weight;ap_lo;height;age
2,634,0,1,4,ap_lo;height;weight;age
2,635,1,1,3,height;weight;age
2,636,1,1,4,ap_hi;height;age;weight
2,637,0,0,4,age;weight;height;ap_lo
2,638,1,1,3,height;ap_lo;weight
2,639,0,0,4,ap_hi;height;weight;age
2,640,1,1,4,ap_hi;weight;height;age
2,641,1,1,4,ap_lo;weight;age;height
2,642,1,1,3,height;weight;ap_hi
2,643,0,1,4,ap_lo;height;ap_hi;weight
2,644,1,0,4,ap_hi;ap_lo;age;weight
2,645,1,1,3,weight;ap_hi;age
2,646,0,0,4,age;ap_lo;ap_hi;height
2,647,0,1,3,ap_lo;age;height
2,648,0,1,4,ap_hi;height;age;weight
2,649,0,1,3,ap_lo;weight;age
2,650,1,1,3,height;age;ap_lo
2,651,0,0,4,weight;age;ap_lo;ap_hi
2,652,0,1,3,age;ap_lo;weight
2,653,0,1,3,ap_lo;age;ap_hi
2,654,0,0,4,ap_hi;age;ap_lo;height
2,655,0,1,3,weight;age;height
2,656,0,1,4,ap_lo;ap_hi;weight;height
2,657,0,0,3,ap_lo;height;age
2,658,1,1,3,weight;ap_hi;ap_lo
2,659,0,1,4,ap_hi;height;ap_lo;age
2,660,1,1,4,ap_hi;age;height;weight
2,661,0,0,4,weight;age;height;ap_hi
2,662,0,1,4,ap_lo;ap_hi;age;height
2,663,0,1,4,ap_lo;age;ap_hi;height
2,664,1,0,3,ap_hi;age;weight
2,665,1,1,4,weight;height;ap_lo;age
2,666,0,1,3,ap_lo;weight;age
2,667,1,0,4,height;ap_hi;age;ap_lo
2,668,1,1,3,weight;height;ap_lo
2,669,1,0,3,ap_hi;ap_lo;weight
2,670,0,0,3,age;ap_lo;ap_hi
2,671,0,1,3,height;age;weight
2,672,0,1,4,ap_lo;age;weight;height
2,673,0,1,4,height;ap_lo;weight;ap_hi
2,674,1,1,3,height;ap_lo;ap_hi
2,675,1,1,3,weight;height;ap_hi
2,676,1,1,3,ap_hi;height;ap_lo
2,677,1,1,4,weight;height;ap_hi;age
2,678,0,0,4,weight;ap_hi;age;ap_lo
2,679,1,1,4,ap_lo;height;ap_hi;age
2,680,0,0,3,ap_hi;height;ap_lo
2,681,0,1,3,weight;height;ap_hi
2,682,0,0,3,height;ap_lo;weight
2,683,1,1,4,ap_hi;ap_lo;age;height
2,684,0,1,3,ap_hi;age;ap_lo
2,685,1,0,3,ap_hi;ap_lo;age
2,686,1,1,3,height;ap_lo;age
2,687,0,0,4,ap_lo;age;ap_hi;height
2,688,1,1,4,age;weight;ap_hi;height
2,689,1,1,3,ap_lo;weight;height
2,690,0,1,4,ap_lo;age;height;weight
2,691,0,0,3,height;ap_lo;age
2,692,0,0,3,ap_hi;weight;age
2,693,0,0,4,age;ap_hi;height;ap_lo
2,694,0,0,4,height;weight;ap_lo;ap_hi
2,695,1,1,4,age;weight;ap_lo;ap_hi
2,696,0,1,3,age;height;weight
2,697,1,1,3,height;weight;ap_lo
2,698,1,0,4,ap_hi;weight;age;ap_lo
2,699,1,1,3,ap_lo;ap_hi;weight
2,700,0,0,3,ap_lo;ap_hi;age
2,701,0,0,3,age;ap_lo;ap_hi
2,702,0,1,4,ap_lo;height;weight;ap_hi
2,703,0,1,3,ap_lo;height;ap_hi
2,704,0,1,3,ap_hi;ap_lo;age
2,705,1,0,3,height;ap_hi;age
2,706,1,1,4,height;age;ap_lo;weight
2,707,1,1,4,height;weight;ap_hi;age
2,708,0,0,3,ap_lo;ap_hi;age
2,709,0,1,4,age;ap_lo;ap_hi;weight
2,710,0,0,4,height;age;weight;ap_hi
2,711,0,0,3,height;weight;ap_lo
2,712,1,1,3,height;ap_lo;ap_hi
2,713,1,1,4,height;ap_hi;weight;ap_lo
2,714,1,1,4,ap_lo;weight;height;ap_hi
2,715,1,0,4,age;ap_hi;height;ap_lo
2,716,1,1,4,ap_lo;age;weight;ap_hi
2,717,0,0,4,weight;ap_hi;height;ap_lo
2,718,0,1,3,age;ap_lo;ap_hi
2,719,1,1,4,weight;ap_hi;ap_lo;age
2,720,0,0,3,weight;age;ap_hi
2,721,1,0,3,ap_lo;age;height
2,722,0,1,4,ap_hi;height;weight;ap_lo
2,723,1,1,4,age;ap_hi;weight;ap_lo
2,724,1,1,4,weight;ap_hi;age;ap_lo
2,725,1,1,4,weight;height;ap_lo;ap_hi
2,726,1,1,4,weight;height;ap_lo;age
2,727,1,1,4,age;height;ap_hi;ap_lo
2,728,1,1,4,weight;ap_lo;age;ap_hi
2,729,1,0,4,weight;ap_hi;ap_lo;age
2,730,1,1,4,ap_hi;weight;ap_lo;age
2,731,1,1,4,height;ap_hi;weight;age
2,732,0,0,4,height;ap_hi;weight;ap_lo
2,733,0,0,4,age;height;weight;ap_hi
2,734,0,1,3,ap_lo;ap_hi;height
2,735,0,0,3,ap_hi;weight;age
2,736,0,0,3,age;height;ap_hi
2,737,1,1,4,ap_lo;ap_hi;height;age
2,738,0,1,4,weight;ap_hi;ap_lo;height
2,739,1,1,3,height;ap_lo;ap_hi
2,740,0,1,4,ap_lo;height;weight;age
2,741,0,1,4,height;ap_lo;age;weight
2,742,0,0,4,age;ap_lo;height;ap_hi
2,743,0,0,4,ap_hi;height;weight;ap_lo
2,744,1,1,4,ap_hi;height;weight;age
2,745,0,0,4,weight;ap_hi;height;age
2,746,0,1,4,ap_lo;ap_hi;height;age
2,747,0,1,4,ap_lo;weight;height;ap_hi
2,748,0,1,4,ap_lo;height;age;weight
2,749,0,0,3,age;ap_hi;height
2,750,0,1,4,ap_lo;age;height;ap_hi
2,751,0,1,3,age;ap_lo;height
2,752,0,1,4,ap_lo;ap_hi;height;age
2,753,1,0,3,height;weight;age
2,754,0,1,3,age;ap_lo;height
2,755,0,1,3,ap_lo;age;weight
2,756,1,1,3,ap_hi;height;age
2,757,0,1,3,weight;ap_lo;height
2,758,1,0,3,age;weight;ap_hi
2,759,1,1,3,height;ap_hi;ap_lo
2,760,1,0,3,ap_hi;ap_lo;weight
2,761,0,1,4,age;weight;ap_lo;ap_hi
2,762,1,1,4,ap_lo;height;weight;ap_hi
2,763,0,1,4,ap_hi;ap_lo;height;weight
2,764,0,0,4,ap_hi;weight;age;ap_lo
2,765,0,1,3,ap_lo;weight;ap_hi
2,766,1,1,4,ap_hi;ap_lo;weight;height
2,767,0,1,4,ap_lo;height;ap_hi;age
2,768,0,1,3,age;weight;height
2,769,1,1,4,ap_lo;age;height;weight
2,770,0,1,3,height;weight;ap_lo
2,771,0,1,3,ap_hi;weight;age
2,772,1,1,3,height;ap_hi;weight
2,773,0,0,3,age;ap_hi;weight
2,774,1,1,4,ap_hi;height;age;weight
2,775,0,0,4,height;age;ap_lo;ap_hi
2,776,0,0,3,height;age;ap_hi
2,777,1,1,4,ap_lo;weight;height;ap_hi
2,778,1,1,3,ap_hi;ap_lo;height
2,779,0,1,4,weight;height;age;ap_lo
2,780,0,1,4,ap_hi;ap_lo;weight;height
2,781,0,1,4,ap_hi;weight;age;ap_lo
2,782,1,1,3,ap_hi;height;ap_lo
2,783,1,1,4,ap_lo;weight;ap_hi;height
2,784,1,1,4,ap_hi;height;weight;age
2,785,1,1,4,age;ap_lo;ap_hi;weight
2,786,0,1,3,ap_hi;height;weight
2,787,0,1,4,weight;ap_hi;ap_lo;age
2,788,1,1,3,ap_hi;age;ap_lo
2,789,1,1,3,age;height;weight
2,790,0,0,4,weight;age;ap_hi;height
2,791,0,0,4,weight;ap_hi;height;age
2,792,0,1,3,height;ap_lo;weight
2,793,0,1,4,ap_lo;age;weight;ap_hi
2,794,0,0,4,ap_hi;weight;ap_lo;height
2,795,0,1,4,height;age;ap_hi;weight
2,796,0,1,3,age;weight;ap_lo
2,797,0,1,4,weight;ap_lo;height;age
2,798,0,0,3,ap_hi;height;ap_lo
2,799,0,0,4,ap_hi;age;height;ap_lo
2,800,0,0,4,height;age;weight;ap_hi
2,801,0,1,4,ap_lo;height;ap_hi;weight
2,802,0,1,4,height;ap_hi;ap_lo;weight
2,803,0,1,3,weight;ap_lo;ap_hi
2,804,1,1,4,weight;ap_lo;height;age
2,805,1,1,3,age;height;ap_lo
2,806,0,1,4,weight;age;ap_lo;ap_hi
2,807,1,1,3,weight;ap_hi;height
2,808,0,1,4,age;ap_lo;height;ap_hi
2,809,1,1,3,ap_lo;height;ap_hi
2,810,0,1,3,ap_lo;height;ap_hi
2,811,1,1,4,ap_hi;weight;height;age
2,812,0,1,4,ap_hi;age;weight;ap_lo
2,813,0,0,3,age;ap_hi;ap_lo
2,814,0,1,4,ap_lo;ap_hi;height;weight
2,815,0,0,3,ap_hi;height;age
2,816,0,0,3,age;weight;height
2,817,0,0,3,weight;ap_hi;age
2,818,1,1,4,height;ap_hi;weight;age
2,819,0,0,4,age;ap_hi;ap_lo;weight
2,820,1,1,4,ap_lo;age;weight;ap_hi
2,821,0,0,3,weight;ap_lo;age
2,822,0,1,4,weight;ap_lo;height;ap_hi
2,823,0,1,4,ap_hi;ap_lo;weight;height
2,824,1,1,3,ap_lo;ap_hi;age
2,825,0,0,3,weight;ap_hi;age
2,826,0,0,3,ap_hi;age;ap_lo
2,827,1,0,3,ap_lo;weight;ap_hi
2,828,1,1,4,ap_lo;ap_hi;age;height
2,829,0,1,4,age;weight;ap_hi;height
2,830,1,1,3,height;ap_lo;ap_hi
2,831,0,1,3,ap_hi;height;weight
2,832,0,1,4,ap_lo;height;weight;ap_hi
2,833,1,1,3,ap_hi;weight;age
2,834,1,1,4,ap_hi;height;age;weight
2,835,0,1,3,height;age;weight
2,836,0,1,4,age;ap_lo;height;ap_hi
2,837,0,1,3,weight;height;ap_lo
2,838,0,0,4,height;ap_lo;ap_hi;weight
2,839,0,0,3,age;weight;ap_hi
2,840,0,0,4,ap_hi;ap_lo;age;height
2,841,0,1,4,age;height;ap_hi;weight
2,842,0,1,3,age;ap_hi;height
2,843,1,1,3,ap_lo;height;ap_hi
2,844,0,1,3,ap_lo;height;ap_hi
2,845,0,1,3,ap_lo;height;age
2,846,0,1,4,age;height;ap_hi;weight
2,847,1,1,3,age;ap_lo;height
2,848,0,1,3,weight;age;ap_hi
2,849,1,1,4,height;ap_hi;weight;ap_lo
2,850,1,0,4,age;ap_lo;ap_hi;weight
2,851,0,1,3,age;ap_lo;height
2,852,0,0,3,height;weight;age
2,853,1,1,3,weight;ap_hi;age
2,854,1,1,4,height;age;weight;ap_hi
2,855,1,1,3,ap_lo;height;weight
2,856,0,1,3,height;age;weight
2,857,1,1,3,ap_hi;ap_lo;weight
2,858,1,1,4,ap_hi;age;ap_lo;weight
2,859,0,1,3,age;ap_hi;weight
2,860,1,1,3,ap_lo;weight;height
2,861,1,1,3,age;ap_lo;ap_hi
2,862,1,1,4,age;weight;ap_hi;ap_lo
2,863,0,0,4,ap_lo;age;weight;height
2,864,1,1,4,age;ap_hi;weight;height
2,865,0,1,4,ap_hi;ap_lo;weight;height
2,866,1,1,4,ap_hi;age;height;weight
2,867,1,1,4,ap_hi;ap_lo;weight;age
2,868,1,1,4,age;ap_hi;weight;height
2,869,1,1,4,ap_lo;age;ap_hi;height
2,870,0,1,3,height;ap_lo;weight
2,871,1,1,3,weight;age;ap_lo
2,872,0,1,4,ap_hi;ap_lo;age;height
2,873,0,0,4,age;ap_hi;height;weight
2,874,0,0,4,age;ap_hi;ap_lo;height
2,875,0,1,3,ap_hi;height;weight
2,876,1,1,4,ap_lo;weight;height;ap_hi
2,877,0,0,3,age;weight;ap_hi
2,878,1,1,4,height;age;weight;ap_hi
2,879,1,1,3,weight;age;ap_lo
2,880,1,1,4,ap_lo;weight;height;ap_hi
2,881,1,1,3,ap_hi;height;age
2,882,1,1,3,ap_lo;ap_hi;weight
2,883,1,1,4,height;ap_hi;ap_lo;age
2,884,0,0,4,weight;age;height;ap_hi
2,885,1,1,4,ap_lo;weight;age;ap_hi
2,886,0,1,3,weight;ap_lo;height
2,887,1,1,4,height;ap_lo;weight;age
2,888,0,1,4,ap_lo;age;weight;height
2,889,1,1,3,height;ap_lo;age
2,890,0,0,3,weight;ap_lo;ap_hi
2,891,0,1,4,weight;height;ap_lo;age
2,892,0,1,4,ap_lo;weight;ap_hi;age
2,893,1,0,3,weight;ap_lo;ap_hi
2,894,0,1,3,weight;ap_hi;height
2,895,1,1,4,age;ap_hi;height;weight
2,896,0,1,4,ap_hi;ap_lo;weight;age
2,897,1,0,3,height;age;ap_hi
2,898,1,1,4,ap_lo;age;height;ap_hi
2,899,0,0,4,height;weight;age;ap_lo
2,900,0,0,4,ap_hi;height;age;weight
2,901,0,0,3,ap_hi;weight;age
2,902,1,0,3,age;weight;ap_hi
2,903,1,1,3,age;ap_lo;weight
2,904,1,0,4,ap_hi;height;ap_lo;age
2,905,0,0,4,height;weight;ap_hi;age
2,906,0,0,3,age;height;weight
2,907,1,1,4,age;weight;ap_lo;ap_hi
2,908,0,1,3,height;weight;ap_lo
2,909,1,1,3,weight;height;age
2,910,0,0,3,age;ap_lo;ap_hi
2,911,0,1,4,weight;age;ap_hi;ap_lo
2,912,1,1,4,ap_lo;weight;age;ap_hi
2,913,0,0,3,ap_lo;height;weight
2,914,1,1,3,height;ap_lo;weight
2,915,1,1,4,height;age;ap_hi;weight
2,916,0,1,3,height;ap_hi;weight
2,917,0,1,3,height;weight;ap_hi
2,918,0,1,4,weight;ap_hi;age;height
2,919,1,1,4,ap_lo;weight;ap_hi;height
2,920,1,1,4,weight;ap_hi;age;ap_lo
2,921,1,1,4,age;height;weight;ap_lo
2,922,0,1,4,age;ap_hi;ap_lo;weight
2,923,0,1,3,height;ap_hi;weight
2,924,1,1,4,age;height;weight;ap_hi
2,925,1,0,3,age;height;ap_hi
2,926,1,1,4,ap_lo;height;ap_hi;weight
2,927,1,1,4,height;age;weight;ap_hi
2,928,1,1,4,ap_lo;weight;age;height
2,929,0,1,4,weight;ap_hi;height;ap_lo
2,930,0,0,3,height;ap_lo;age
2,931,1,0,4,height;age;ap_hi;ap_lo
2,932,0,1,3,ap_lo;weight;ap_hi
2,933,1,1,3,weight;height;age
2,934,1,1,4,age;height;ap_lo;ap_hi
2,935,1,1,4,ap_hi;age;ap_lo;weight
2,936,0,1,4,ap_lo;weight;age;ap_hi
2,937,1,0,4,height;ap_hi;weight;ap_lo
2,938,1,1,4,height;ap_hi;ap_lo;weight
2,939,1,0,4,weight;ap_lo;ap_hi;height
2,940,0,0,3,weight;ap_hi;age
2,941,0,1,3,height;weight;ap_hi
2,942,0,1,4,age;weight;height;ap_hi
2,943,0,1,3,ap_lo;weight;height
2,944,1,1,4,weight;ap_hi;ap_lo;height
2,945,0,1,3,weight;ap_lo;height
2,946,0,0,3,age;weight;height
2,947,0,0,3,ap_hi;age;weight
2,948,1,1,4,ap_lo;weight;age;ap_hi
2,949,0,1,4,ap_hi;age;height;ap_lo
2,950,0,1,4,ap_hi;ap_lo;age;height
2,951,0,1,4,height;ap_lo;age;weight
2,952,0,1,4,ap_lo;height;ap_hi;age
2,953,1,1,4,weight;ap_hi;age;ap_lo
2,954,0,0,4,ap_hi;weight;ap_lo;height
2,955,0,1,4,ap_lo;height;ap_hi;weight
2,956,1,1,3,ap_lo;weight;height
2,957,0,1,4,ap_lo;ap_hi;weight;height
2,958,0,0,4,ap_lo;age;height;ap_hi
2,959,1,1,4,ap_hi;ap_lo;age;height
2,960,1,1,4,height;ap_hi;weight;ap_lo
2,961,0,1,3,age;ap_hi;ap_lo
2,962,0,0,3,ap_lo;weight;ap_hi
2,963,0,1,3,weight;age;ap_lo
2,964,1,1,4,ap_hi;height;age;weight
2,965,1,1,3,height;age;ap_hi
2,966,1,1,4,ap_lo;age;ap_hi;weight
2,967,1,1,4,weight;age;ap_hi;height
2,968,1,1,4,height;ap_hi;ap_lo;age
2,969,1,1,4,height;ap_lo;weight;age
2,970,0,0,4,ap_hi;age;height;weight
2,971,1,1,4,ap_hi;age;ap_lo;weight
2,972,1,0,4,ap_hi;ap_lo;age;height
2,973,0,1,3,height;age;weight
2,974,1,1,4,ap_hi;ap_lo;weight;age
2,975,1,1,3,ap_lo;weight;age
2,976,1,1,3,ap_lo;ap_hi;height
2,977,0,1,4,ap_hi;height;weight;ap_lo
2,978,1,1,4,height;weight;ap_hi;age
2,979,0,1,3,ap_hi;weight;age
2,980,1,1,3,weight;ap_hi;age
2,981,0,1,4,ap_hi;height;age;ap_lo
2,982,0,0,3,ap_hi;age;weight
2,983,1,1,3,weight;ap_hi;ap_lo
2,984,1,1,3,age;ap_lo;height
2,985,1,1,4,ap_lo;age;ap_hi;height
2,986,1,1,3,weight;height;ap_lo
2,987,1,0,4,height;age;ap_lo;ap_hi
2,988,1,1,4,height;ap_hi;age;ap_lo
2,989,1,1,4,ap_hi;height;ap_lo;age
2,990,1,1,3,weight;age;ap_lo
2,991,0,0,3,ap_hi;age;height
2,992,1,1,4,age;ap_lo;weight;height
2,993,0,0,3,age;ap_lo;height
2,994,1,1,3,weight;ap_lo;height
2,995,1,1,3,height;weight;age
2,996,1,1,3,age;ap_hi;ap_lo
2,997,0,1,3,ap_hi;height;weight
2,998,1,1,4,ap_hi;ap_lo;weight;age
2,999,1,1,3,height;ap_hi;age
3,0,0,1,3,age;weight;height
3,1,0,1,4,weight;height;age;ap_lo
3,2,0,0,4,height;ap_lo;weight;age
3,3,0,0,3,ap_hi;age;weight
3,4,1,1,4,weight;ap_hi;ap_lo;height
3,5,0,0,3,ap_hi;weight;age
3,6,0,0,3,height;weight;ap_lo
3,7,0,0,3,age;weight;ap_hi
3,8,0,1,3,ap_hi;ap_lo;age
3,9,1,1,4,age;height;ap_lo;weight
3,10,0,0,4,ap_hi;height;age;ap_lo
3,11,1,1,3,age;weight;height
3,12,0,0,3,weight;height;ap_lo
3,13,0,1,3,age;weight;ap_hi
3,14,0,1,4,ap_hi;height;weight;age
3,15,0,1,3,ap_hi;height;weight
3,16,1,1,3,ap_hi;age;weight
3,17,0,0,3,age;ap_hi;weight
3,18,0,0,4,height;ap_lo;ap_hi;weight
3,19,1,1,4,ap_lo;weight;height;ap_hi
3,20,0,1,4,height;ap_lo;weight;ap_hi
3,21,1,1,3,ap_hi;ap_lo;height
3,22,1,0,3,ap_lo;ap_hi;weight
3,23,0,1,3,height;weight;ap_lo
3,24,1,1,3,height;weight;age
3,25,1,1,3,ap_lo;weight;height
3,26,1,1,4,weight;ap_hi;age;height
3,27,0,0,4,ap_hi;weight;height;ap_lo
3,28,0,1,3,age;ap_lo;weight
3,29,0,0,3,height;weight;ap_lo
3,30,1,1,3,age;weight;ap_lo
3,31,1,1,4,age;weight;ap_hi;height
3,32,0,1,4,ap_hi;age;ap_lo;weight
3,33,1,0,3,ap_hi;height;weight
3,34,1,1,3,height;weight;ap_lo
3,35,1,1,4,age;height;weight;ap_hi
3,36,0,1,4,weight;ap_hi;height;age
3,37,0,1,3,age;ap_hi;weight
3,38,0,1,3,ap_lo;weight;height
3,39,1,1,4,weight;height;ap_lo;age
3,40,1,1,4,weight;ap_hi;age;height
3,41,1,1,4,weight;ap_hi;ap_lo;age
3,42,1,0,4,ap_lo;weight;age;height
3,43,0,0,3,ap_lo;height;ap_hi
3,44,1,1,3,age;height;ap_hi
3,45,1,1,3,weight;ap_lo;ap_hi
3,46,0,1,3,age;ap_lo;height
3,47,0,0,4,ap_lo;ap_hi;height;weight
3,48,1,1,3,ap_lo;height;ap_hi
3,49,0,0,4,weight;height;ap_hi;ap_lo
3,50,0,0,3,height;ap_lo;age
3,51,0,1,4,height;age;ap_hi;weight
3,52,1,1,3,ap_hi;ap_lo;height
3,53,0,1,3,height;age;ap_hi
3,54,1,1,4,age;ap_lo;height;ap_hi
3,55,1,0,3,ap_lo;weight;ap_hi
3,56,0,0,3,ap_hi;height;age
3,57,1,1,3,height;weight;ap_hi
3,58,1,1,4,height;weight;ap_hi;age
3,59,0,0,3,ap_hi;age;height
3,60,1,1,3,age;height;ap_lo
3,61,1,1,3,age;weight;ap_hi
3,62,0,1,4,ap_hi;ap_lo;age;height
3,63,1,1,4,ap_hi;weight;ap_lo;age
3,64,0,1,3,weight;height;ap_hi
3,65,0,0,4,height;weight;age;ap_lo
3,66,0,1,4,weight;ap_hi;age;height
3,67,0,0,3,ap_hi;height;ap_lo
3,68,1,1,3,ap_lo;age;weight
3,69,0,1,4,ap_hi;age;ap_lo;height
3,70,1,1,3,height;ap_lo;weight
3,71,1,1,4,ap_hi;weight;height;ap_lo
3,72,0,1,4,ap_hi;ap_lo;height;weight
3,73,0,1,4,ap_lo;height;ap_hi;weight
3,74,1,1,4,weight;ap_hi;ap_lo;height
3,75,1,1,3,ap_hi;ap_lo;age
3,76,0,0,4,height;ap_lo;weight;age
3,77,1,1,3,ap_lo;age;weight
3,78,0,0,3,ap_lo;ap_hi;height
3,79,1,0,3,height;ap_lo;ap_hi
3,80,0,1,4,age;ap_hi;height;weight
3,81,1,1,4,height;age;ap_lo;weight
3,82,1,1,3,weight;age;height
3,83,1,1,4,height;ap_hi;age;ap_lo
3,84,1,1,3,ap_hi;weight;ap_lo
3,85,0,1,4,height;age;ap_lo;weight
3,86,0,1,4,ap_lo;ap_hi;age;weight
3,87,0,1,4,age;ap_lo;ap_hi;weight
3,88,0,0,4,height;weight;ap_lo;age
3,89,1,1,4,ap_lo;height;weight;age
3,90,1,1,3,weight;ap_hi;height
3,91,1,0,3,ap_hi;ap_lo;weight
3,92,0,1,3,age;height;weight
3,93,1,0,4,age;weight;height;ap_hi
3,94,0,0,4,weight;height;ap_lo;ap_hi
3,95,1,0,4,ap_hi;ap_lo;age;weight
3,96,0,1,3,ap_lo;ap_hi;height
3,97,1,1,3,weight;ap_hi;height
3,98,1,1,3,age;height;ap_hi
3,99,0,1,3,weight;ap_lo;height
3,100,0,0,4,height;ap_lo;age;ap_hi
3,101,1,0,4,height;weight;ap_lo;ap_hi
3,102,0,0,3,weight;ap_hi;ap_lo
3,103,1,0,4,age;weight;height;ap_hi
3,104,0,0,4,ap_lo;weight;ap_hi;age
3,105,0,0,4,ap_lo;weight;age;ap_hi
3,106,0,0,4,ap_lo;age;ap_hi;height
3,107,0,0,3,weight;age;ap_hi
3,108,1,1,3,weight;height;ap_hi
3,109,0,0,3,height;age;ap_hi
3,110,0,1,3,ap_lo;age;weight
3,111,0,0,4,height;ap_hi;weight;age
3,112,0,1,3,height;ap_hi;age
3,113,0,1,3,age;weight;ap_lo
3,114,1,1,4,ap_hi;age;weight;ap_lo
3,115,1,1,3,weight;ap_hi;ap_lo
3,116,1,1,3,height;ap_lo;ap_hi
3,117,0,1,4,age;ap_lo;weight;ap_hi
3,118,0,0,4,weight;age;ap_hi;ap_lo
3,119,1,1,3,ap_lo;age;height
3,120,0,1,4,weight;ap_hi;height;ap_lo
3,121,1,1,3,weight;height;ap_lo
3,122,0,1,4,ap_lo;ap_hi;age;weight
3,123,1,1,4,age;ap_lo;weight;height
3,124,1,1,3,height;ap_hi;age
3,125,0,1,3,age;height;weight
3,126,0,1,3,height;ap_hi;weight
3,127,1,1,4,ap_hi;ap_lo;weight;height
3,128,0,1,4,weight;height;ap_lo;age
3,129,0,1,4,ap_lo;age;weight;height
3,130,0,0,3,age;ap_lo;height
3,131,0,1,3,ap_lo;weight;age
3,132,1,1,4,ap_hi;age;weight;height
3,133,0,0,3,ap_lo;height;age
3,134,0,1,4,weight;age;height;ap_lo
3,135,1,0,4,ap_hi;ap_lo;age;height
3,136,1,1,3,ap_lo;age;weight
3,137,1,1,3,ap_hi;height;weight
3,138,1,1,3,ap_lo;ap_hi;weight
3,139,1,0,4,weight;age;height;ap_hi
3,140,1,1,4,age;height;ap_lo;weight
3,141,1,1,4,age;ap_hi;weight;ap_lo
3,142,0,1,4,ap_hi;ap_lo;weight;age
3,143,1,1,4,ap_hi;weight;age;ap_lo
3,144,0,0,3,weight;age;ap_hi
3,145,0,1,4,weight;age;height;ap_hi
3,146,0,1,3,ap_lo;weight;age
3,147,1,1,4,height;ap_lo;age;ap_hi
3,148,0,1,4,ap_hi;weight;age;ap_lo
3,149,1,1,3,weight;ap_lo;age
3,150,0,0,3,ap_hi;age;weight
3,151,1,1,3,age;weight;ap_hi
3,152,0,0,4,ap_hi;ap_lo;age;weight
3,153,1,1,4,age;height;ap_hi;weight
3,154,0,1,3,weight;ap_hi;height
3,155,1,1,3,weight;ap_hi;ap_lo
3,156,1,1,3,height;age;ap_lo
3,157,0,1,3,weight;ap_lo;age
3,158,1,1,3,height;ap_hi;weight
3,159,0,0,3,ap_hi;weight;ap_lo
3,160,0,1,3,age;ap_lo;weight
3,161,0,1,4,weight;height;age;ap_lo
3,162,0,1,4,ap_lo;height;ap_hi;age
3,163,0,1,4,ap_lo;age;height;ap_hi
3,164,0,0,3,ap_lo;weight;ap_hi
3,165,0,1,3,weight;ap_lo;age
3,166,1,1,4,age;ap_lo;ap_hi;weight
3,167,0,1,4,height;ap_lo;weight;ap_hi
3,168,1,1,3,ap_hi;weight;height
3,169,1,1,4,height;ap_lo;ap_hi;weight
3,170,1,1,3,height;age;weight
3,171,1,1,4,age;ap_hi;ap_lo;weight
3,172,1,1,3,ap_hi;height;age
3,173,0,0,3,height;age;weight
3,174,1,1,4,ap_hi;weight;height;age
3,175,1,1,3,ap_lo;age;height
3,176,1,1,3,ap_hi;height;weight
3,177,1,0,4,age;weight;ap_lo;height
3,178,0,1,4,ap_lo;ap_hi;height;age
3,179,0,0,4,height;weight;ap_lo;ap_hi
3,180,1,1,3,ap_lo;height;weight
3,181,0,1,4,ap_lo;weight;age;height
3,182,1,1,4,ap_hi;age;weight;height
3,183,0,0,4,weight;height;age;ap_hi
3,184,0,1,4,age;ap_lo;weight;height
3,185,1,1,3,ap_hi;age;height
3,186,1,0,3,ap_hi;ap_lo;height
3,187,1,1,3,height;ap_lo;ap_hi
3,188,0,1,3,height;ap_lo;weight
3,189,0,1,3,ap_lo;age;ap_hi
3,190,0,0,3,height;ap_lo;weight
3,191,0,0,4,height;ap_lo;ap_hi;weight
3,192,0,1,3,ap_lo;age;height
3,193,1,1,4,weight;ap_hi;height;age
3,194,1,1,3,ap_lo;age;weight
3,195,1,0,3,ap_lo;height;weight
3,196,1,0,3,height;ap_hi;ap_lo
3,197,1,1,3,ap_hi;ap_lo;weight
3,198,0,1,3,weight;height;ap_hi
3,199,1,1,3,height;ap_hi;ap_lo
3,200,1,0,4,ap_lo;weight;age;ap_hi
3,201,0,0,3,weight;ap_hi;ap_lo
3,202,0,0,3,weight;ap_lo;ap_hi
3,203,0,1,4,weight;height;ap_hi;ap_lo
3,204,0,0,4,height;ap_lo;weight;age
3,205,0,1,3,height;weight;ap_lo
3,206,1,1,3,ap_hi;height;ap_lo
3,207,0,0,4,weight;height;ap_hi;ap_lo
3,208,1,0,3,weight;age;ap_hi
3,209,0,1,3,weight;ap_hi;age
3,210,1,0,3,height;ap_hi;ap_lo
3,211,1,0,3,height;ap_lo;weight
3,212,0,0,4,age;ap_hi;height;ap_lo
3,213,0,1,3,height;weight;ap_hi
3,214,0,0,3,weight;ap_hi;age
3,215,1,1,3,ap_hi;ap_lo;weight
3,216,0,0,3,weight;age;height
3,217,1,1,3,weight;age;ap_hi
3,218,0,0,4,height;age;ap_lo;ap_hi
3,219,0,0,4,ap_lo;height;ap_hi;weight
3,220,1,0,4,age;weight;height;ap_hi
3,221,0,1,3,weight;height;ap_lo
3,222,0,0,4,ap_lo;ap_hi;weight;age
3,223,1,0,4,ap_lo;height;ap_hi;age
3,224,0,1,4,height;ap_hi;ap_lo;weight
3,225,1,0,3,ap_hi;height;ap_lo
3,226,0,0,3,height;age;ap_lo
3,227,1,0,4,ap_hi;weight;ap_lo;age
3,228,0,0,3,age;height;ap_hi
3,229,0,1,3,weight;age;ap_lo
3,230,1,1,3,ap_lo;ap_hi;height
3,231,0,1,4,weight;height;ap_hi;ap_lo
3,232,1,1,3,weight;height;ap_lo
3,233,0,1,4,age;ap_lo;weight;ap_hi
3,234,1,1,3,weight;age;ap_hi
3,235,1,1,4,age;weight;height;ap_hi
3,236,1,1,4,ap_lo;age;height;ap_hi
3,237,0,1,4,ap_lo;weight;ap_hi;height
3,238,1,1,4,ap_hi;ap_lo;age;weight
3,239,1,1,3,weight;ap_hi;age
3,240,1,1,4,ap_hi;age;weight;height
3,241,1,1,4,ap_hi;height;weight;age
3,242,0,1,4,ap_hi;ap_lo;weight;height
3,243,0,1,3,age;weight;height
3,244,1,1,4,age;ap_lo;height;ap_hi
3,245,1,1,3,ap_lo;weight;age
3,246,1,1,3,ap_lo;weight;age
3,247,1,1,4,weight;ap_hi;ap_lo;height
3,248,1,1,4,age;ap_hi;ap_lo;weight
3,249,1,0,4,age;height;ap_hi;ap_lo
3,250,1,1,3,ap_hi;height;weight
3,251,0,0,4,ap_lo;age;height;ap_hi
3,252,0,1,4,ap_lo;height;weight;age
3,253,0,1,4,ap_lo;weight;age;ap_hi
3,254,1,0,4,height;age;ap_lo;weight
3,255,1,1,3,height;ap_lo;ap_hi
3,256,0,1,4,height;ap_lo;age;ap_hi
3,257,0,1,3,ap_lo;ap_hi;weight
3,258,0,0,4,age;height;ap_hi;ap_lo
3,259,1,1,4,height;weight;ap_lo;age
3,260,0,0,3,ap_lo;weight;ap_hi
3,261,1,0,4,ap_hi;age;height;ap_lo
3,262,1,1,3,age;ap_hi;height
3,263,1,1,4,weight;height;ap_hi;ap_lo
3,264,1,1,3,ap_hi;weight;age
3,265,0,0,3,ap_hi;age;weight
3,266,0,1,4,weight;height;ap_lo;age
3,267,1,1,3,height;ap_lo;age
3,268,0,0,3,height;weight;ap_lo
3,269,1,1,4,age;height;ap_lo;weight
3,270,1,1,3,age;weight;ap_lo
3,271,1,1,3,height;ap_hi;age
3,272,0,1,3,ap_lo;ap_hi;weight
3,273,1,1,4,weight;age;height;ap_hi
3,274,0,1,4,weight;ap_lo;height;age
3,275,1,1,4,ap_hi;ap_lo;height;age
3,276,1,1,3,age;ap_lo;ap_hi
3,277,0,1,3,ap_hi;age;ap_lo
3,278,1,1,4,ap_lo;ap_hi;weight;height
3,279,0,0,3,weight;ap_hi;height
3,280,0,1,3,weight;ap_lo;ap_hi
3,281,0,1,3,height;age;weight
3,282,1,1,3,weight;height;ap_lo
3,283,1,1,4,ap_hi;weight;age;height
3,284,1,0,3,height;weight;ap_hi
3,285,0,0,3,ap_lo;weight;height
3,286,1,1,3,ap_hi;weight;height
3,287,1,1,4,ap_lo;ap_hi;age;weight
3,288,1,1,4,height;ap_lo;ap_hi;weight
3,289,0,1,4,age;weight;height;ap_lo
3,290,0,1,3,ap_lo;weight;height
3,291,0,1,4,height;ap_lo;age;weight
3,292,0,1,4,weight;ap_lo;age;height
3,293,1,0,4,weight;ap_lo;ap_hi;height
3,294,1,1,4,weight;height;ap_hi;age
3,295,1,1,4,ap_lo;weight;height;age
3,296,0,1,3,ap_lo;height;weight
3,297,1,0,4,ap_hi;weight;ap_lo;height
3,298,1,1,3,height;ap_lo;age
3,299,1,1,3,weight;height;ap_lo
3,300,0,0,3,age;ap_lo;ap_hi
3,301,1,1,3,ap_lo;height;weight
3,302,1,1,4,ap_lo;ap_hi;age;weight
3,303,1,1,4,age;height;ap_hi;weight
3,304,0,1,4,ap_hi;ap_lo;height;weight
3,305,0,0,4,weight;ap_hi;height;age
3,306,1,0,4,height;ap_lo;ap_hi;weight
3,307,0,0,4,ap_hi;age;height;weight
3,308,0,0,4,ap_lo;height;weight;age
3,309,0,0,3,ap_hi;ap_lo;weight
3,310,0,1,3,ap_lo;age;weight
3,311,0,1,4,ap_lo;age;weight;ap_hi
3,312,0,1,3,ap_hi;ap_lo;height
3,313,0,1,3,weight;height;age
3,314,1,1,3,height;weight;age
3,315,1,1,4,ap_lo;height;weight;age
3,316,1,1,4,weight;ap_lo;age;ap_hi
3,317,1,1,4,height;ap_hi;weight;age
3,318,0,0,4,ap_hi;weight;ap_lo;height
3,319,1,0,3,age;ap_lo;ap_hi
3,320,1,1,4,ap_hi;weight;age;height
3,321,1,0,4,ap_hi;height;age;ap_lo
3,322,1,1,3,ap_hi;height;ap_lo
3,323,0,0,3,ap_hi;height;age
3,324,0,0,3,ap_hi;age;ap_lo
3,325,0,1,3,height;weight;ap_lo
3,326,1,1,4,age;weight;ap_lo;height
3,327,1,1,4,weight;ap_hi;age;height
3,328,0,1,3,weight;ap_hi;ap_lo
3,329,1,1,4,weight;age;height;ap_hi
3,330,0,0,3,ap_hi;height;weight
3,331,1,0,3,age;ap_hi;ap_lo
3,332,0,0,4,weight;age;ap_hi;height
3,333,0,1,4,ap_hi;ap_lo;age;height
3,334,1,1,3,age;weight;ap_hi
3,335,1,1,4,ap_hi;age;ap_lo;weight
3,336,0,1,3,ap_lo;age;height
3,337,0,0,4,ap_lo;ap_hi;height;weight
3,338,0,1,3,age;ap_lo;ap_hi
3,339,0,1,3,age;ap_lo;ap_hi
3,340,1,1,4,height;ap_lo;age;ap_hi
3,341,1,1,4,ap_hi;age;ap_lo;weight
3,342,1,1,3,height;weight;ap_lo
3,343,1,1,3,weight;ap_lo;height
3,344,1,1,4,ap_lo;age;weight;ap_hi
3,345,1,1,3,ap_hi;ap_lo;weight
3,346,0,0,4,height;age;weight;ap_lo
3,347,0,0,4,weight;ap_hi;age;ap_lo
3,348,1,1,4,ap_lo;height;weight;age
3,349,0,0,4,ap_lo;weight;ap_hi;height
3,350,1,1,4,weight;ap_lo;age;height
3,351,1,1,3,age;height;ap_lo
3,352,0,1,4,age;weight;height;ap_lo
3,353,1,1,4,height;age;ap_hi;ap_lo
3,354,1,0,3,ap_hi;age;ap_lo
3,355,1,1,4,ap_lo;height;ap_hi;weight
3,356,1,1,3,height;weight;age
3,357,1,1,4,height;ap_lo;weight;age
3,358,1,1,3,age;weight;height
3,359,1,0,3,age;height;ap_hi
3,360,1,1,4,height;age;ap_hi;weight
3,361,0,1,3,age;ap_lo;ap_hi
3,362,1,1,3,ap_lo;ap_hi;height
3,363,1,1,4,weight;height;ap_hi;age
3,364,1,1,4,ap_hi;weight;ap_lo;height
3,365,1,0,4,ap_lo;ap_hi;age;height
3,366,0,1,3,weight;ap_lo;ap_hi
3,367,1,1,3,age;height;ap_hi
3,368,1,1,4,height;ap_lo;ap_hi;age
3,369,0,1,4,age;ap_lo;ap_hi;height
3,370,1,1,4,weight;ap_lo;ap_hi;height
3,371,0,1,3,weight;height;age
3,372,1,1,3,age;weight;height
3,373,1,0,4,ap_hi;height;ap_lo;age
3,374,1,1,3,weight;age;ap_lo
3,375,0,0,3,ap_hi;ap_lo;weight
3,376,1,0,3,age;ap_hi;height
3,377,1,1,3,ap_hi;age;height
3,378,0,1,3,age;ap_lo;height
3,379,0,1,3,height;age;ap_hi
3,380,1,0,3,ap_hi;height;weight
3,381,1,1,4,ap_lo;height;weight;ap_hi
3,382,0,1,3,ap_lo;ap_hi;height
3,383,1,0,4,height;weight;age;ap_lo
3,384,1,1,4,weight;ap_lo;ap_hi;height
3,385,0,1,4,ap_lo;age;ap_hi;weight
3,386,0,1,4,ap_lo;ap_hi;age;height
3,387,1,1,3,ap_lo;ap_hi;height
3,388,0,1,3,ap_lo;height;weight
3,389,0,1,4,age;height;weight;ap_lo
3,390,1,1,3,ap_lo;weight;ap_hi
3,391,1,1,3,height;weight;ap_lo
3,392,0,0,4,height;age;weight;ap_hi
3,393,1,1,3,ap_hi;weight;age
3,394,0,0,3,weight;age;ap_lo
3,395,1,1,3,ap_lo;ap_hi;weight
3,396,1,1,4,ap_hi;ap_lo;weight;height
3,397,1,1,4,ap_hi;height;weight;ap_lo
3,398,0,1,4,weight;ap_hi;ap_lo;age
3,399,0,1,3,ap_hi;height;weight
3,400,1,1,3,age;weight;ap_hi
3,401,1,1,3,height;age;weight
3,402,0,1,3,height;weight;ap_hi
3,403,0,1,3,age;ap_hi;weight
3,404,0,1,3,age;weight;height
3,405,0,1,4,ap_hi;age;weight;height
3,406,0,0,4,ap_lo;height;weight;age
3,407,1,1,4,weight;ap_lo;age;height
3,408,1,1,3,weight;ap_hi;ap_lo
3,409,0,1,3,height;ap_hi;weight
3,410,0,0,4,height;ap_hi;age;weight
3,411,0,0,4,ap_lo;height;age;weight
3,412,0,1,4,weight;age;ap_lo;height
3,413,1,1,3,age;weight;height
3,414,0,1,4,weight;ap_lo;age;ap_hi
3,415,0,1,3,age;weight;ap_lo
3,416,0,0,3,age;weight;height
3,417,0,0,3,ap_lo;height;weight
3,418,0,1,3,weight;ap_hi;ap_lo
3,419,1,0,3,ap_lo;ap_hi;weight
3,420,1,0,4,weight;height;age;ap_hi
3,421,0,0,4,ap_lo;ap_hi;weight;height
3,422,1,0,3,ap_hi;ap_lo;height
3,423,0,0,3,age;ap_lo;weight
3,424,1,1,3,ap_hi;weight;height
3,425,1,1,4,age;weight;ap_lo;ap_hi
3,426,1,1,4,ap_lo;weight;height;age
3,427,1,1,3,ap_lo;weight;ap_hi
3,428,0,0,4,ap_hi;weight;height;ap_lo
3,429,1,1,3,height;weight;ap_lo
3,430,1,0,4,age;weight;ap_lo;ap_hi
3,431,1,1,3,age;ap_lo;ap_hi
3,432,1,1,4,ap_hi;age;weight;height
3,433,1,1,4,height;ap_lo;weight;age
3,434,1,1,3,height;weight;age
3,435,1,1,4,height;age;ap_lo;weight
3,436,1,1,3,weight;age;ap_hi
3,437,1,1,4,age;ap_lo;weight;ap_hi
3,438,0,0,3,ap_hi;height;weight
3,439,0,1,3,weight;ap_lo;height
3,440,1,0,3,ap_lo;ap_hi;weight
3,441,0,0,3,weight;ap_hi;height
3,442,0,0,4,height;age;weight;ap_hi
3,443,0,1,3,ap_lo;ap_hi;weight
3,444,0,1,4,age;height;ap_lo;weight
3,445,0,1,3,weight;height;ap_hi
3,446,0,1,4,height;age;ap_hi;weight
3,447,1,1,4,height;weight;ap_hi;ap_lo
3,448,0,1,4,height;weight;ap_hi;age
3,449,0,1,3,ap_lo;height;ap_hi
3,450,0,0,4,height;ap_hi;age;ap_lo
3,451,0,1,4,age;weight;height;ap_lo
3,452,1,1,3,age;ap_hi;weight
3,453,1,1,3,ap_lo;ap_hi;age
3,454,1,0,3,weight;height;ap_hi
3,455,0,1,4,ap_lo;age;height;weight
3,456,0,1,3,ap_lo;age;height
3,457,0,0,4,height;ap_lo;weight;ap_hi
3,458,1,1,4,ap_hi;height;weight;age
3,459,1,0,3,ap_lo;age;ap_hi
3,460,1,1,3,ap_lo;height;age
3,461,1,1,4,height;ap_lo;weight;ap_hi
3,462,0,0,4,ap_hi;height;age;weight
3,463,0,0,4,ap_hi;weight;height;age
3,464,1,1,4,ap_lo;height;age;weight
3,465,1,1,3,age;weight;height
3,466,1,1,3,height;ap_lo;ap_hi
3,467,1,1,3,height;ap_lo;weight
3,468,0,1,4,ap_lo;age;ap_hi;weight
3,469,1,1,3,ap_hi;ap_lo;height
3,470,1,1,3,ap_hi;height;ap_lo
3,471,1,0,3,age;height;ap_lo
3,472,0,0,3,ap_hi;height;ap_lo
3,473,1,1,3,age;weight;height
3,474,1,1,3,height;age;ap_hi
3,475,0,1,3,age;weight;height
3,476,0,1,4,weight;ap_lo;ap_hi;height
3,477,0,1,4,weight;height;age;ap_lo
3,478,0,0,3,ap_lo;height;age
3,479,0,0,4,weight;ap_lo;ap_hi;age
3,480,0,1,3,height;ap_hi;ap_lo
3,481,1,1,3,age;height;weight
3,482,1,1,4,weight;ap_hi;height;ap_lo
3,483,1,1,3,age;ap_hi;weight
3,484,0,1,3,height;age;ap_lo
3,485,1,0,3,ap_lo;age;height
3,486,1,1,3,height;weight;ap_hi
3,487,1,1,4,ap_lo;ap_hi;height;weight
3,488,1,1,3,ap_lo;age;ap_hi
3,489,1,1,4,ap_hi;age;weight;height
3,490,0,0,4,weight;height;ap_hi;ap_lo
3,491,0,1,4,height;ap_hi;age;weight
3,492,0,0,3,height;weight;ap_hi
3,493,1,1,3,weight;ap_lo;height
3,494,1,1,3,height;ap_lo;ap_hi
3,495,1,1,3,ap_hi;height;age
3,496,1,1,3,weight;ap_hi;ap_lo
3,497,1,1,4,ap_lo;height;weight;ap_hi
3,498,0,0,4,weight;age;ap_hi;height
3,499,0,0,4,weight;height;ap_lo;ap_hi
3,500,0,0,3,weight;ap_hi;ap_lo
3,501,1,1,4,height;ap_hi;ap_lo;weight
3,502,1,1,4,height;weight;age;ap_lo
3,503,0,1,4,height;age;ap_hi;ap_lo
3,504,0,0,4,height;ap_lo;weight;age
3,505,0,0,3,ap_hi;height;age
3,506,0,0,4,ap_hi;weight;height;ap_lo
3,507,1,1,3,height;age;ap_hi
3,508,0,0,3,ap_lo;height;ap_hi
3,509,0,1,4,ap_hi;age;height;ap_lo
3,510,1,1,4,height;ap_hi;age;ap_lo
3,511,0,1,4,ap_lo;ap_hi;weight;age
3,512,1,1,4,ap_lo;age;weight;height
3,513,1,1,3,ap_lo;height;weight
3,514,1,1,3,age;ap_hi;ap_lo
3,515,0,0,3,age;ap_lo;weight
3,516,1,1,3,ap_lo;age;ap_hi
3,517,1,1,4,ap_lo;ap_hi;height;weight
3,518,0,0,3,ap_hi;weight;ap_lo
3,519,1,1,4,weight;ap_lo;ap_hi;age
3,520,1,1,3,ap_hi;height;ap_lo
3,521,0,1,4,ap_hi;ap_lo;weight;age
3,522,0,0,3,weight;age;ap_hi
3,523,1,1,3,ap_lo;height;age
3,524,1,0,3,ap_hi;age;weight
3,525,0,0,4,height;age;ap_hi;ap_lo
3,526,0,1,4,age;ap_lo;weight;height
3,527,1,1,3,age;ap_lo;height
3,528,0,1,3,age;ap_lo;ap_hi
3,529,1,1,4,ap_lo;height;ap_hi;age
3,530,0,1,4,ap_hi;height;weight;age
3,531,1,1,4,ap_hi;age;ap_lo;weight
3,532,0,1,4,height;ap_hi;age;ap_lo
3,533,1,1,3,ap_hi;ap_lo;age
3,534,0,1,4,age;height;weight;ap_lo
3,535,1,1,4,ap_lo;height;ap_hi;age
3,536,1,1,3,weight;age;height
3,537,1,1,3,height;ap_lo;weight
3,538,0,1,3,height;ap_hi;age
3,539,1,0,4,ap_hi;age;ap_lo;weight
3,540,1,1,3,weight;height;age
3,541,1,1,3,weight;ap_lo;height
3,542,1,1,3,age;ap_lo;ap_hi
3,543,1,1,3,ap_hi;height;age
3,544,1,1,3,height;ap_lo;weight
3,545,0,1,3,height;ap_hi;ap_lo
3,546,0,0,4,weight;ap_hi;height;age
3,547,0,1,4,age;ap_lo;ap_hi;height
3,548,0,0,3,ap_lo;weight;age
3,549,1,1,3,weight;ap_lo;age
3,550,1,1,3,ap_lo;height;age
3,551,1,1,3,ap_hi;ap_lo;height
3,552,0,1,3,age;ap_hi;ap_lo
3,553,1,0,4,ap_lo;age;height;weight
3,554,0,1,4,weight;height;ap_lo;ap_hi
3,555,0,1,3,height;weight;ap_hi
3,556,1,1,4,weight;ap_hi;height;age
3,557,1,1,3,ap_hi;age;height
3,558,1,1,3,age;ap_hi;ap_lo
3,559,1,1,3,age;ap_lo;weight
3,560,1,1,3,ap_lo;ap_hi;weight
3,561,0,1,3,weight;age;ap_lo
3,562,0,1,4,age;height;ap_lo;ap_hi
3,563,0,1,4,ap_lo;height;age;ap_hi
3,564,1,1,4,ap_hi;age;weight;height
3,565,1,1,3,ap_lo;ap_hi;height
3,566,0,1,4,age;ap_lo;height;weight
3,567,1,1,4,weight;height;ap_lo;age
3,568,1,1,3,ap_hi;weight;age
3,569,0,1,3,height;ap_lo;age
3,570,1,1,3,age;ap_lo;height
3,571,1,0,4,age;weight;ap_lo;height
3,572,0,0,4,ap_hi;age;ap_lo;height
3,573,1,1,3,height;ap_lo;ap_hi
3,574,1,1,4,age;weight;ap_hi;height
3,575,0,1,3,weight;height;ap_lo
3,576,1,1,3,age;weight;ap_lo
3,577,1,1,3,height;weight;ap_lo
3,578,1,0,4,height;ap_hi;weight;ap_lo
3,579,0,0,3,age;ap_hi;ap_lo
3,580,1,0,3,height;weight;ap_hi
3,581,1,0,3,ap_hi;height;ap_lo
3,582,0,0,4,age;height;weight;ap_hi
3,583,0,1,4,weight;age;ap_hi;height
3,584,0,0,4,height;ap_hi;weight;age
3,585,1,1,4,ap_lo;height;age;weight
3,586,0,1,3,height;ap_lo;ap_hi
3,587,0,1,3,weight;ap_hi;age
3,588,1,1,3,weight;height;ap_lo
3,589,1,1,4,height;ap_hi;ap_lo;weight
3,590,1,1,3,ap_lo;weight;age
3,591,0,1,3,age;ap_lo;height
3,592,0,1,3,age;ap_lo;weight
3,593,0,0,3,weight;height;ap_hi
3,594,0,0,4,weight;age;ap_hi;height
3,595,1,1,3,age;height;ap_lo
3,596,1,1,4,height;weight;age;ap_hi
3,597,0,0,4,weight;ap_lo;height;ap_hi
3,598,0,0,4,age;height;weight;ap_lo
3,599,0,1,3,ap_hi;weight;ap_lo
3,600,1,0,3,age;height;ap_hi
3,601,1,1,4,ap_lo;weight;ap_hi;age
3,602,1,1,3,ap_hi;height;age
3,603,1,1,4,ap_hi;weight;age;height
3,604,0,1,3,age;ap_lo;weight
3,605,0,1,4,ap_hi;ap_lo;weight;age
3,606,1,1,3,ap_lo;ap_hi;age
3,607,1,1,4,ap_lo;age;height;weight
3,608,0,0,4,ap_lo;height;age;ap_hi
3,609,0,1,3,ap_lo;weight;age
3,610,1,1,3,ap_hi;weight;ap_lo
3,611,1,1,3,ap_lo;height;ap_hi
3,612,0,0,4,ap_hi;height;weight;age
3,613,0,1,3,weight;ap_lo;height
3,614,0,1,4,ap_lo;weight;ap_hi;age
3,615,0,0,4,ap_lo;ap_hi;weight;height
3,616,0,0,4,ap_hi;age;ap_lo;height
3,617,0,1,4,ap_lo;height;age;weight
3,618,0,0,4,ap_lo;weight;age;ap_hi
3,619,1,1,4,height;age;weight;ap_hi
3,620,0,0,4,ap_hi;height;ap_lo;weight
3,621,1,1,4,ap_hi;ap_lo;weight;age
3,622,0,1,4,ap_hi;age;ap_lo;height
3,623,1,1,4,weight;ap_hi;ap_lo;height
3,624,1,1,4,ap_lo;weight;ap_hi;age
3,625,0,1,4,weight;ap_lo;age;height
3,626,1,1,4,weight;height;age;ap_lo
3,627,0,1,4,ap_lo;ap_hi;weight;age
3,628,0,0,3,age;height;weight
3,629,0,0,4,height;ap_hi;ap_lo;age
3,630,0,1,3,age;ap_hi;height
3,631,1,1,3,age;height;weight
3,632,1,1,4,ap_hi;height;age;ap_lo
3,633,0,1,3,ap_lo;weight;height
3,634,0,1,4,weight;ap_hi;age;ap_lo
3,635,1,1,4,ap_lo;height;weight;ap_hi
3,636,1,1,3,height;ap_lo;age
3,637,0,0,3,height;age;weight
3,638,1,1,4,ap_hi;weight;ap_lo;height
3,639,0,0,4,age;ap_lo;weight;height
3,640,1,1,3,height;weight;ap_hi
3,641,1,0,3,age;ap_hi;height
3,642,1,1,3,age;weight;height
3,643,0,1,3,ap_lo;ap_hi;age
3,644,1,0,3,weight;ap_lo;age
3,645,1,1,4,height;age;ap_lo;ap_hi
3,646,0,0,4,weight;ap_hi;ap_lo;height
3,647,0,0,4,weight;ap_lo;height;ap_hi
3,648,0,1,4,height;ap_lo;weight;age
3,649,0,1,4,weight;height;ap_hi;age
3,650,1,1,3,height;weight;age
3,651,0,1,3,height;weight;ap_hi
3,652,0,0,4,age;height;weight;ap_hi
3,653,0,0,3,ap_hi;weight;ap_lo
3,654,0,1,3,ap_lo;height;age
3,655,0,1,3,height;age;ap_lo
3,656,0,0,4,height;age;ap_hi;weight
3,657,0,1,3,height;age;ap_lo
3,658,1,1,3,age;ap_hi;height
3,659,0,0,4,height;ap_lo;ap_hi;weight
3,660,1,1,4,ap_hi;age;ap_lo;weight
3,661,0,0,4,ap_hi;ap_lo;weight;height
3,662,0,1,3,height;age;weight
3,663,0,1,3,age;weight;ap_lo
3,664,1,0,4,weight;age;height;ap_lo
3,665,1,1,3,weight;ap_hi;ap_lo
3,666,0,1,3,ap_hi;age;height
3,667,1,0,4,age;ap_hi;height;ap_lo
3,668,1,1,3,age;weight;ap_hi
3,669,1,1,3,weight;ap_lo;height
3,670,0,1,3,age;ap_lo;height
3,671,0,0,3,ap_hi;weight;age
3,672,0,0,4,height;age;ap_lo;ap_hi
3,673,0,0,4,ap_hi;age;weight;height
3,674,1,1,3,age;weight;height
3,675,1,1,4,ap_hi;age;weight;height
3,676,1,1,4,weight;age;height;ap_lo
3,677,1,1,3,weight;height;ap_hi
3,678,0,0,3,ap_lo;ap_hi;height
3,679,1,1,4,ap_hi;age;weight;height
3,680,0,1,3,weight;ap_hi;height
3,681,0,0,3,ap_hi;height;ap_lo
3,682,0,0,3,weight;age;ap_hi
3,683,1,1,4,weight;height;ap_lo;age
3,684,0,1,4,ap_lo;ap_hi;height;age
3,685,1,1,3,age;ap_hi;weight
3,686,1,1,3,age;height;ap_lo
3,687,0,0,4,age;height;ap_lo;ap_hi
3,688,1,1,4,weight;ap_hi;ap_lo;height
3,689,1,1,4,weight;height;age;ap_lo
3,690,0,1,4,height;age;ap_hi;weight
3,691,0,0,4,weight;ap_lo;age;ap_hi
3,692,0,1,4,ap_lo;height;age;ap_hi
3,693,0,1,3,ap_lo;weight;height
3,694,0,1,3,height;ap_lo;age
3,695,1,1,4,ap_hi;age;weight;ap_lo
3,696,0,1,4,weight;height;age;ap_hi
3,697,1,1,4,ap_hi;height;age;ap_lo
3,698,1,1,3,ap_hi;weight;height
3,699,1,1,4,weight;height;age;ap_hi
3,700,0,1,3,ap_lo;ap_hi;weight
3,701,0,1,3,weight;ap_lo;age
3,702,0,0,3,weight;age;ap_hi
3,703,0,0,3,ap_hi;weight;height
3,704,0,1,3,height;age;weight
3,705,1,0,4,weight;ap_lo;height;age
3,706,1,0,4,height;weight;age;ap_hi
3,707,1,1,4,age;ap_hi;height;ap_lo
3,708,0,1,4,ap_hi;ap_lo;age;weight
3,709,0,1,4,ap_hi;weight;height;ap_lo
3,710,0,1,4,height;age;ap_lo;ap_hi
3,711,0,0,3,ap_hi;weight;age
3,712,1,1,4,height;ap_hi;weight;ap_lo
3,713,1,1,4,ap_lo;age;ap_hi;weight
3,714,1,1,3,age;ap_lo;ap_hi
3,715,1,1,4,ap_lo;ap_hi;weight;height
3,716,1,1,3,age;weight;ap_lo
3,717,0,1,3,ap_lo;ap_hi;age
3,718,0,1,4,ap_lo;age;weight;height
3,719,1,1,4,ap_lo;ap_hi;age;weight
3,720,0,0,4,height;ap_lo;ap_hi;weight
3,721,1,0,3,age;height;weight
3,722,0,1,4,height;ap_lo;weight;age
3,723,1,1,4,weight;ap_lo;ap_hi;height
3,724,1,1,3,age;ap_lo;height
3,725,1,1,3,weight;ap_hi;age
3,726,1,1,4,ap_hi;age;ap_lo;height
3,727,1,1,3,age;ap_lo;height
3,728,1,1,3,height;ap_lo;age
3,729,1,1,4,height;ap_hi;age;weight
3,730,1,1,3,height;ap_hi;age
3,731,1,1,3,height;ap_hi;age
3,732,0,1,4,height;age;ap_hi;weight
3,733,0,1,3,ap_lo;height;age
3,734,0,0,3,ap_lo;ap_hi;height
3,735,0,0,4,height;weight;age;ap_hi
3,736,0,1,3,ap_lo;height;age
3,737,1,1,3,ap_lo;ap_hi;age
3,738,0,1,4,weight;ap_hi;age;ap_lo
3,739,1,1,3,ap_lo;height;weight
3,740,0,0,3,ap_lo;ap_hi;age
3,741,0,1,4,height;age;ap_lo;weight
3,742,0,0,4,ap_hi;weight;height;ap_lo
3,743,0,1,4,ap_lo;height;ap_hi;age
3,744,1,1,4,weight;age;ap_lo;height
3,745,0,0,4,ap_hi;age;ap_lo;weight
3,746,0,1,3,ap_hi;ap_lo;height
3,747,0,1,3,age;height;weight
3,748,0,0,3,height;ap_hi;weight
3,749,0,1,3,ap_hi;ap_lo;age
3,750,0,1,4,age;ap_lo;height;ap_hi
3,751,0,1,3,ap_hi;height;age
3,752,0,1,4,ap_lo;ap_hi;age;weight
3,753,1,1,3,weight;height;age
3,754,0,1,4,ap_hi;ap_lo;age;weight
3,755,0,0,4,ap_lo;weight;height;ap_hi
3,756,1,0,4,ap_lo;age;weight;ap_hi
3,757,0,1,3,age;ap_lo;height
3,758,1,1,3,height;weight;age
3,759,1,1,3,weight;height;ap_hi
3,760,1,0,3,weight;height;ap_hi
3,761,0,1,4,ap_hi;weight;ap_lo;age
3,762,1,1,4,ap_lo;ap_hi;age;height
3,763,0,1,3,age;weight;ap_hi
3,764,0,0,3,age;ap_hi;weight
3,765,0,0,3,height;ap_hi;ap_lo
3,766,1,1,3,ap_lo;age;weight
3,767,0,1,4,age;ap_lo;ap_hi;weight
3,768,0,1,4,weight;ap_hi;age;height
3,769,1,0,4,height;ap_hi;weight;ap_lo
3,770,0,0,3,ap_hi;height;weight
3,771,0,1,3,ap_lo;age;height
3,772,1,1,4,ap_hi;weight;age;ap_lo
3,773,0,1,4,age;height;ap_lo;ap_hi
3,774,1,1,3,weight;height;age
3,775,0,0,3,weight;age;ap_lo
3,776,0,1,4,height;age;weight;ap_lo
3,777,1,0,4,ap_lo;ap_hi;height;weight
3,778,1,0,3,ap_lo;ap_hi;age
3,779,0,1,4,height;ap_hi;age;ap_lo
3,780,0,1,4,height;weight;ap_hi;ap_lo
3,781,0,0,3,age;height;ap_lo
3,782,1,1,4,ap_hi;age;weight;height
3,783,1,1,4,ap_hi;age;ap_lo;weight
3,784,1,1,4,age;weight;ap_lo;ap_hi
3,785,1,1,4,ap_lo;age;ap_hi;height
3,786,0,0,4,ap_lo;weight;age;ap_hi
3,787,0,1,4,age;weight;ap_hi;ap_lo
3,788,1,1,3,weight;ap_hi;ap_lo
3,789,1,1,3,weight;age;height
3,790,0,0,4,age;ap_hi;ap_lo;weight
3,791,0,0,4,height;ap_lo;ap_hi;age
3,792,0,0,3,height;weight;ap_hi
3,793,0,1,3,age;weight;ap_lo
3,794,0,0,4,age;ap_hi;weight;ap_lo
3,795,0,1,3,weight;height;age
3,796,0,1,4,height;ap_lo;ap_hi;age
3,797,0,1,3,height;ap_lo;ap_hi
3,798,0,0,4,height;ap_hi;ap_lo;age
3,799,0,0,4,age;ap_lo;ap_hi;weight
3,800,0,0,3,ap_hi;ap_lo;height
3,801,0,1,3,weight;height;age
3,802,0,1,4,ap_hi;ap_lo;weight;age
3,803,0,0,4,weight;height;ap_hi;age
3,804,1,1,3,ap_lo;age;weight
3,805,1,1,4,height;age;ap_hi;ap_lo
3,806,0,1,4,ap_lo;age;height;ap_hi
3,807,1,1,3,ap_hi;age;weight
3,808,0,0,4,ap_hi;weight;ap_lo;height
3,809,1,1,3,height;age;ap_hi
3,810,0,1,3,ap_hi;age;height
3,811,1,1,4,ap_lo;ap_hi;weight;height
3,812,0,0,4,ap_lo;height;age;ap_hi
3,813,0,0,4,ap_lo;height;weight;ap_hi
3,814,0,1,3,weight;height;age
3,815,0,1,4,ap_lo;height;age;weight
3,816,0,0,4,age;ap_hi;ap_lo;weight
3,817,0,1,3,height;age;weight
3,818,1,1,4,height;age;weight;ap_hi
3,819,0,1,3,weight;age;height
3,820,1,1,3,ap_hi;weight;age
3,821,0,0,4,age;ap_hi;height;ap_lo
3,822,0,1,3,ap_lo;age;height
3,823,0,0,4,age;height;weight;ap_hi
3,824,1,1,3,weight;ap_lo;ap_hi
3,825,0,1,3,age;weight;ap_lo
3,826,0,1,3,weight;height;ap_lo
3,827,1,0,3,height;ap_hi;ap_lo
3,828,1,1,4,ap_hi;height;weight;ap_lo
3,829,0,1,4,age;ap_lo;ap_hi;height
3,830,1,1,3,age;height;ap_lo
3,831,0,0,4,age;weight;ap_hi;height
3,832,0,0,4,age;ap_hi;ap_lo;height
3,833,1,1,4,weight;height;ap_lo;ap_hi
3,834,1,1,3,age;weight;height
3,835,0,1,4,ap_lo;height;age;weight
3,836,0,1,3,ap_hi;weight;age
3,837,0,0,3,ap_lo;age;ap_hi
3,838,0,1,3,age;ap_lo;height
3,839,0,0,4,weight;height;ap_hi;ap_lo
3,840,0,0,4,ap_hi;weight;ap_lo;age
3,841,0,1,4,weight;age;ap_lo;height
3,842,0,1,3,height;ap_lo;ap_hi
3,843,1,1,4,age;weight;height;ap_hi
3,844,0,1,4,weight;age;ap_hi;height
3,845,0,1,4,ap_hi;age;height;ap_lo
3,846,0,0,3,ap_hi;height;ap_lo
3,847,1,0,4,age;weight;ap_lo;height
3,848,0,1,3,weight;age;ap_lo
3,849,1,1,4,weight;height;ap_hi;age
3,850,1,0,4,height;ap_hi;weight;age
3,851,0,0,4,ap_hi;height;ap_lo;weight
3,852,0,0,4,ap_lo;height;ap_hi;age
3,853,1,1,3,ap_hi;weight;height
3,854,1,1,4,height;weight;age;ap_lo
3,855,1,1,4,ap_lo;age;height;ap_hi
3,856,0,1,4,age;ap_hi;weight;ap_lo
3,857,1,1,3,weight;ap_lo;age
3,858,1,0,4,height;ap_hi;weight;age
3,859,0,1,4,ap_lo;weight;ap_hi;age
3,860,1,1,4,height;weight;ap_hi;ap_lo
3,861,1,1,3,ap_lo;height;weight
3,862,1,1,3,height;ap_hi;weight
3,863,0,0,4,ap_hi;weight;ap_lo;height
3,864,1,1,4,weight;height;ap_hi;ap_lo
3,865,0,1,4,age;weight;ap_lo;height
3,866,1,1,4,height;weight;age;ap_hi
3,867,1,1,4,ap_lo;weight;height;age
3,868,1,1,3,ap_hi;age;ap_lo
3,869,1,1,3,ap_hi;ap_lo;weight
3,870,0,1,3,ap_lo;weight;age
3,871,1,1,4,ap_hi;age;height;weight
3,872,0,0,3,ap_lo;ap_hi;height
3,873,0,0,3,age;height;weight
3,874,0,0,3,ap_hi;height;ap_lo
3,875,0,0,4,age;height;ap_hi;ap_lo
3,876,1,1,3,ap_hi;height;age
3,877,0,0,4,height;ap_lo;age;ap_hi
3,878,1,1,3,ap_lo;age;ap_hi
3,879,1,1,4,height;ap_hi;age;ap_lo
3,880,1,1,4,weight;ap_lo;ap_hi;height
3,881,1,1,3,ap_lo;weight;age
3,882,1,1,3,ap_hi;age;weight
3,883,1,1,3,height;age;ap_lo
3,884,0,0,3,age;weight;ap_lo
3,885,1,1,3,age;weight;ap_lo
3,886,0,0,3,age;weight;ap_hi
3,887,1,1,3,age;ap_lo;ap_hi
3,888,0,1,3,weight;age;height
3,889,1,1,4,ap_lo;ap_hi;age;weight
3,890,0,0,3,ap_hi;age;ap_lo
3,891,0,1,4,height;ap_lo;ap_hi;age
3,892,0,1,4,age;ap_lo;weight;height
3,893,1,0,3,height;ap_lo;ap_hi
3,894,0,1,3,ap_hi;age;weight
3,895,1,1,4,height;ap_hi;weight;age
3,896,0,1,3,height;weight;age
3,897,1,1,3,ap_lo;weight;age
3,898,1,1,4,ap_hi;height;ap_lo;age
3,899,0,0,4,age;ap_hi;height;weight
3,900,0,1,4,height;weight;ap_lo;age
3,901,0,0,3,age;ap_hi;ap_lo
3,902,1,1,4,ap_lo;weight;age;height
3,903,1,1,4,ap_lo;weight;height;age
3,904,1,1,3,ap_lo;age;weight
3,905,0,0,4,ap_hi;height;age;ap_lo
3,906,0,0,3,ap_hi;ap_lo;weight
3,907,1,1,3,weight;height;age
3,908,0,1,4,age;ap_lo;ap_hi;weight
3,909,1,1,3,height;ap_hi;weight
3,910,0,1,3,height;ap_hi;weight
3,911,0,1,4,age;weight;ap_hi;height
3,912,1,1,3,weight;height;age
3,913,0,1,4,weight;ap_lo;height;age
3,914,1,1,3,age;height;weight
3,915,1,1,3,weight;age;ap_lo
3,916,0,1,4,ap_lo;age;height;ap_hi
3,917,0,0,4,ap_hi;age;weight;ap_lo
3,918,0,0,4,ap_hi;height;ap_lo;weight
3,919,1,0,3,ap_lo;ap_hi;height
3,920,1,1,3,height;ap_hi;ap_lo
3,921,1,1,3,age;weight;ap_lo
3,922,0,1,4,ap_lo;age;ap_hi;weight
3,923,0,1,4,weight;height;age;ap_hi
3,924,1,1,4,age;height;ap_hi;ap_lo
3,925,1,1,3,weight;ap_lo;height
3,926,1,1,3,weight;ap_hi;age
3,927,1,1,4,age;weight;ap_hi;height
3,928,1,1,4,height;ap_hi;weight;ap_lo
3,929,0,1,3,age;height;weight
3,930,0,0,3,age;height;ap_lo
3,931,1,1,3,weight;age;height
3,932,0,1,3,ap_lo;age;height
3,933,1,1,4,height;age;weight;ap_lo
3,934,1,1,3,weight;height;ap_hi
3,935,1,1,3,ap_lo;height;weight
3,936,0,0,4,ap_hi;height;weight;age
3,937,1,0,4,ap_hi;ap_lo;age;weight
3,938,1,1,4,height;ap_hi;ap_lo;age
3,939,1,0,4,ap_hi;height;weight;age
3,940,0,1,3,weight;ap_hi;ap_lo
3,941,0,1,3,ap_hi;ap_lo;age
3,942,0,1,4,age;ap_hi;weight;height
3,943,0,0,3,ap_hi;age;ap_lo
3,944,1,1,3,ap_hi;ap_lo;age
3,945,0,0,3,age;height;ap_lo
3,946,0,0,3,age;weight;ap_lo
3,947,0,0,3,age;ap_lo;weight
3,948,1,1,4,height;weight;age;ap_lo
3,949,0,1,3,weight;ap_hi;ap_lo
3,950,0,1,3,height;ap_hi;age
3,951,0,1,3,weight;ap_hi;age
3,952,0,1,4,weight;age;ap_lo;height
3,953,1,1,3,weight;age;ap_hi
3,954,0,0,3,ap_hi;height;ap_lo
3,955,0,1,3,height;ap_lo;age
3,956,1,1,3,ap_lo;ap_hi;weight
3,957,0,1,3,height;ap_lo;age
3,958,0,1,3,ap_lo;height;weight
3,959,1,1,4,age;height;ap_lo;ap_hi
3,960,1,1,4,height;ap_lo;weight;age
3,961,0,1,3,ap_hi;age;ap_lo
3,962,0,1,4,ap_lo;ap_hi;age;height
3,963,0,0,3,ap_lo;age;ap_hi
3,964,1,1,4,weight;ap_hi;height;age
3,965,1,1,4,height;ap_lo;age;weight
3,966,1,0,4,ap_lo;age;ap_hi;height
3,967,1,1,3,ap_hi;weight;height
3,968,1,0,3,height;ap_hi;ap_lo
3,969,1,1,4,age;ap_lo;weight;ap_hi
3,970,0,0,4,age;ap_hi;ap_lo;height
3,971,1,1,4,age;height;ap_lo;weight
3,972,1,0,3,age;weight;height
3,973,0,0,4,weight;height;age;ap_hi
3,974,1,1,4,ap_hi;height;ap_lo;weight
3,975,1,1,4,ap_lo;weight;ap_hi;age
3,976,1,1,3,height;ap_hi;weight
3,977,0,1,4,ap_lo;height;ap_hi;age
3,978,1,1,4,weight;height;age;ap_lo
3,979,0,1,3,ap_lo;weight;age
3,980,1,1,4,ap_hi;ap_lo;height;age
3,981,0,1,3,weight;ap_hi;ap_lo
3,982,0,0,3,weight;ap_lo;ap_hi
3,983,1,1,3,height;ap_hi;age
3,984,1,0,3,height;age;weight
3,985,1,1,3,weight;age;ap_lo
3,986,1,1,4,ap_lo;height;ap_hi;age
3,987,1,0,3,ap_hi;weight;height
3,988,1,1,3,ap_lo;weight;age
3,989,1,1,4,ap_lo;height;ap_hi;weight
3,990,1,1,3,age;ap_lo;height
3,991,0,1,3,weight;height;ap_lo
3,992,1,1,3,age;ap_lo;weight
3,993,0,0,3,height;age;ap_hi
3,994,1,1,4,height;ap_lo;age;ap_hi
3,995,1,0,3,age;ap_hi;height
3,996,1,1,4,age;weight;ap_lo;height
3,997,0,0,3,ap_lo;height;weight
3,998,1,1,4,weight;ap_hi;age;height
3,999,1,1,3,height;weight;ap_hi
4,0,0,1,4,ap_lo;ap_hi;weight;age
4,1,0,1,4,ap_lo;ap_hi;weight;age
4,2,0,0,4,height;ap_lo;age;ap_hi
4,3,0,0,3,height;ap_hi;age
4,4,1,0,4,height;age;ap_lo;weight
4,5,0,0,4,age;weight;height;ap_lo
4,6,0,1,4,ap_hi;height;ap_lo;age
4,7,0,1,3,ap_lo;height;weight
4,8,0,0,3,weight;ap_lo;ap_hi
4,9,1,0,4,ap_lo;weight;height;ap_hi
4,10,0,1,4,ap_hi;ap_lo;age;weight
4,11,1,1,4,height;ap_hi;ap_lo;age
4,12,0,1,4,height;weight;ap_lo;age
4,13,0,1,3,ap_lo;ap_hi;weight
4,14,0,1,4,height;ap_lo;age;weight
4,15,0,1,4,ap_lo;weight;age;ap_hi
4,16,1,1,3,height;age;ap_lo
4,17,0,1,4,weight;ap_lo;height;age
4,18,0,1,4,age;ap_lo;height;ap_hi
4,19,1,0,3,age;weight;height
4,20,0,0,3,ap_hi;weight;height
4,21,1,1,4,age;ap_hi;height;ap_lo
4,22,1,1,3,age;weight;height
4,23,0,0,4,age;ap_lo;ap_hi;height
4,24,1,1,3,height;age;ap_hi
4,25,1,1,4,ap_lo;height;weight;age
4,26,1,1,3,weight;age;ap_lo
4,27,0,0,3,age;ap_lo;ap_hi
4,28,0,0,3,ap_lo;age;ap_hi
4,29,0,1,3,weight;ap_lo;age
4,30,1,0,4,weight;height;ap_lo;ap_hi
4,31,1,1,3,ap_lo;ap_hi;height
4,32,0,0,4,ap_hi;age;height;ap_lo
4,33,1,0,3,age;weight;ap_hi
4,34,1,1,4,ap_hi;weight;height;ap_lo
4,35,1,1,3,weight;height;ap_lo
4,36,0,0,4,weight;ap_hi;ap_lo;age
4,37,0,1,4,height;ap_hi;ap_lo;age
4,38,0,0,3,ap_hi;ap_lo;weight
4,39,1,1,3,ap_lo;weight;ap_hi
4,40,1,1,3,ap_lo;age;ap_hi
4,41,1,1,3,age;weight;ap_hi
4,42,1,0,4,age;height;ap_lo;ap_hi
4,43,0,1,4,weight;ap_hi;height;age
4,44,1,1,3,weight;height;ap_hi
4,45,1,1,3,height;ap_hi;ap_lo
4,46,0,1,3,weight;ap_hi;ap_lo
4,47,0,0,4,age;height;weight;ap_hi
4,48,1,1,4,height;age;ap_lo;weight
4,49,0,0,4,ap_lo;age;ap_hi;weight
4,50,0,0,4,height;age;ap_hi;weight
4,51,0,1,4,age;height;ap_hi;weight
4,52,1,1,3,height;age;ap_lo
4,53,0,1,3,ap_lo;age;weight
4,54,1,1,3,ap_hi;ap_lo;height
4,55,1,0,4,ap_lo;height;weight;ap_hi
4,56,0,0,4,ap_lo;height;ap_hi;age
4,57,1,1,3,age;height;weight
4,58,1,1,4,weight;height;ap_hi;age
4,59,0,0,4,ap_lo;ap_hi;age;weight
4,60,1,0,3,weight;height;ap_hi
4,61,1,1,3,age;weight;ap_lo
4,62,0,1,3,ap_lo;weight;age
4,63,1,1,3,age;ap_lo;height
4,64,0,0,3,weight;ap_lo;age
4,65,0,0,4,ap_lo;weight;ap_hi;height
4,66,0,1,3,age;ap_hi;weight
4,67,0,1,4,weight;ap_hi;age;height
4,68,1,1,3,age;ap_lo;ap_hi
4,69,0,1,4,age;height;ap_lo;ap_hi
4,70,1,1,4,weight;age;ap_lo;height
4,71,1,1,3,ap_lo;age;weight
4,72,0,1,4,height;weight;ap_lo;age
4,73,0,0,4,age;height;ap_hi;ap_lo
4,74,1,1,3,age;ap_lo;ap_hi
4,75,1,1,4,height;ap_lo;ap_hi;age
4,76,0,0,4,age;height;ap_lo;ap_hi
4,77,1,1,3,age;height;weight
4,78,0,0,3,ap_hi;height;ap_lo
4,79,1,1,3,height;ap_hi;weight
4,80,0,1,3,weight;height;age
4,81,1,0,4,weight;ap_lo;ap_hi;height
4,82,1,1,3,ap_lo;weight;ap_hi
4,83,1,1,4,weight;height;ap_hi;age
4,84,1,1,4,height;ap_lo;weight;ap_hi
4,85,0,1,3,weight;height;age
4,86,0,1,4,height;ap_lo;age;weight
4,87,0,1,3,ap_hi;weight;age
4,88,0,0,3,weight;age;ap_lo
4,89,1,0,3,ap_hi;weight;height
4,90,1,1,4,ap_lo;age;height;ap_hi
4,91,1,1,4,weight;age;ap_lo;height
4,92,0,1,4,weight;height;ap_lo;age
4,93,1,0,4,ap_lo;height;weight;age
4,94,0,1,4,height;age;weight;ap_lo
4,95,1,0,3,ap_hi;ap_lo;weight
4,96,0,1,4,ap_hi;age;weight;ap_lo
4,97,1,1,3,weight;ap_hi;ap_lo
4,98,1,1,3,height;weight;ap_hi
4,99,0,0,3,weight;ap_hi;ap_lo
4,100,0,0,4,height;ap_lo;age;ap_hi
4,101,1,0,4,age;height;ap_lo;ap_hi
4,102,0,0,4,age;ap_lo;height;ap_hi
4,103,1,1,4,weight;age;height;ap_hi
4,104,0,0,4,height;weight;age;ap_lo
4,105,0,0,3,height;weight;ap_hi
4,106,0,0,3,ap_hi;age;ap_lo
4,107,0,0,3,ap_lo;age;ap_hi
4,108,1,1,4,age;ap_hi;ap_lo;weight
4,109,0,0,3,ap_hi;ap_lo;weight
4,110,0,1,4,ap_hi;height;weight;age
4,111,0,0,4,age;ap_hi;weight;height
4,112,0,1,3,age;ap_lo;weight
4,113,0,1,4,ap_hi;weight;height;age
4,114,1,1,4,age;ap_lo;weight;ap_hi
4,115,1,1,3,weight;ap_hi;age
4,116,1,1,4,ap_lo;age;ap_hi;weight
4,117,0,1,3,ap_lo;height;weight
4,118,0,0,4,ap_lo;weight;height;age
4,119,1,1,4,age;height;weight;ap_lo
4,120,0,1,3,height;ap_hi;age
4,121,1,1,4,age;ap_hi;height;weight
4,122,0,1,3,ap_hi;ap_lo;height
4,123,1,1,3,weight;ap_lo;ap_hi
4,124,1,1,3,ap_hi;weight;age
4,125,0,0,4,weight;ap_hi;ap_lo;height
4,126,0,1,3,ap_lo;height;age
4,127,1,1,4,age;weight;ap_lo;height
4,128,0,0,4,ap_hi;height;age;ap_lo
4,129,0,1,4,height;weight;ap_lo;ap_hi
4,130,0,1,3,weight;height;ap_lo
4,131,0,1,3,ap_lo;ap_hi;age
4,132,1,0,4,ap_lo;weight;height;ap_hi
4,133,0,0,4,age;weight;ap_lo;ap_hi
4,134,0,0,4,ap_hi;ap_lo;age;weight
4,135,1,1,3,height;age;ap_lo
4,136,1,0,3,ap_hi;ap_lo;age
4,137,1,1,3,ap_hi;height;age
4,138,1,1,3,age;ap_lo;height
4,139,1,0,3,ap_hi;ap_lo;weight
4,140,1,1,3,age;weight;ap_lo
4,141,1,1,4,age;height;ap_lo;weight
4,142,0,1,4,ap_hi;ap_lo;weight;age
4,143,1,1,4,ap_lo;weight;age;ap_hi
4,144,0,0,4,ap_hi;age;weight;ap_lo
4,145,0,1,4,weight;age;ap_lo;ap_hi
4,146,0,0,4,age;weight;ap_lo;ap_hi
4,147,1,1,3,ap_hi;height;ap_lo
4,148,0,1,3,height;age;weight
4,149,1,0,3,height;age;ap_lo
4,150,0,0,4,height;age;weight;ap_hi
4,151,1,1,4,ap_lo;height;weight;ap_hi
4,152,0,0,4,weight;age;ap_hi;ap_lo
4,153,1,1,3,weight;height;ap_lo
4,154,0,1,3,height;ap_hi;weight
4,155,1,1,4,age;ap_lo;height;weight
4,156,1,0,3,weight;height;ap_lo
4,157,0,1,4,age;ap_lo;ap_hi;height
4,158,1,1,3,height;age;weight
4,159,0,0,3,weight;ap_lo;ap_hi
4,160,0,0,4,ap_lo;ap_hi;height;age
4,161,0,0,3,height;weight;ap_lo
4,162,0,1,4,age;weight;ap_lo;ap_hi
4,163,0,1,4,age;weight;ap_hi;height
4,164,0,1,3,ap_lo;height;age
4,165,0,0,3,ap_hi;ap_lo;height
4,166,1,1,4,age;height;ap_lo;ap_hi
4,167,0,0,4,ap_lo;ap_hi;weight;height
4,168,1,1,4,weight;height;ap_hi;ap_lo
4,169,1,1,3,ap_lo;weight;height
4,170,1,1,3,ap_hi;height;age
4,171,1,1,4,height;weight;ap_hi;age
4,172,1,1,4,age;weight;ap_lo;ap_hi
4,173,0,0,4,height;age;ap_lo;weight
4,174,1,0,3,ap_lo;height;ap_hi
4,175,1,1,4,age;ap_lo;weight;height
4,176,1,1,4,ap_hi;age;ap_lo;height
4,177,1,1,3,ap_lo;age;ap_hi
4,178,0,1,4,ap_lo;weight;height;age
4,179,0,0,3,ap_lo;age;height
4,180,1,1,3,weight;ap_lo;age
4,181,0,1,3,weight;height;ap_hi
4,182,1,1,4,ap_hi;height;ap_lo;age
4,183,0,0,3,weight;ap_hi;age
4,184,0,1,4,weight;ap_lo;ap_hi;age
4,185,1,1,3,weight;ap_lo;age
4,186,1,0,3,age;ap_hi;ap_lo
4,187,1,1,4,ap_hi;height;ap_lo;age
4,188,0,1,4,ap_lo;weight;age;height
4,189,0,1,3,age;ap_hi;ap_lo
4,190,0,0,3,ap_lo;height;ap_hi
4,191,0,0,4,ap_lo;ap_hi;age;height
4,192,0,1,3,age;ap_lo;weight
4,193,1,1,3,height;weight;ap_hi
4,194,1,1,3,height;age;ap_lo
4,195,1,1,3,height;ap_lo;age
4,196,1,1,3,weight;height;ap_lo
4,197,1,1,3,weight;age;ap_lo
4,198,0,1,4,height;ap_hi;age;weight
4,199,1,1,3,ap_hi;ap_lo;weight
4,200,1,0,3,age;ap_hi;ap_lo
4,201,0,1,3,age;ap_hi;weight
4,202,0,0,3,ap_lo;age;height
4,203,0,1,4,height;ap_hi;weight;ap_lo
4,204,0,0,3,age;weight;ap_hi
4,205,0,0,4,ap_lo;age;ap_hi;height
4,206,1,1,4,age;ap_lo;ap_hi;weight
4,207,0,0,3,age;ap_hi;weight
4,208,1,0,4,height;age;ap_hi;weight
4,209,0,0,4,ap_hi;height;age;ap_lo
4,210,1,1,3,weight;age;ap_lo
4,211,1,1,3,age;ap_lo;height
4,212,0,0,3,weight;ap_hi;height
4,213,0,1,3,height;weight;age
4,214,0,0,4,height;ap_hi;age;weight
4,215,1,1,4,height;ap_lo;ap_hi;weight
4,216,0,0,3,age;weight;ap_hi
4,217,1,1,3,ap_lo;height;age
4,218,0,1,4,weight;ap_lo;height;age
4,219,0,0,4,ap_lo;height;age;weight
4,220,1,1,4,ap_lo;height;ap_hi;age
4,221,0,1,4,ap_hi;weight;ap_lo;height
4,222,0,0,3,ap_lo;ap_hi;weight
4,223,1,1,3,age;weight;ap_lo
4,224,0,1,3,ap_lo;age;weight
4,225,1,0,4,ap_lo;ap_hi;weight;height
4,226,0,0,3,ap_hi;ap_lo;age
4,227,1,0,4,weight;ap_lo;height;ap_hi
4,228,0,0,4,ap_hi;height;age;weight
4,229,0,1,3,age;weight;height
4,230,1,1,3,age;ap_hi;weight
4,231,0,0,3,ap_hi;weight;height
4,232,1,1,3,height;age;ap_lo
4,233,0,1,3,age;ap_hi;ap_lo
4,234,1,1,4,weight;height;ap_hi;ap_lo
4,235,1,1,4,height;age;weight;ap_lo
4,236,1,1,3,height;ap_lo;ap_hi
4,237,0,1,4,ap_lo;age;ap_hi;height
4,238,1,1,4,height;ap_lo;age;weight
4,239,1,0,3,height;age;ap_hi
4,240,1,1,4,ap_lo;height;age;weight
4,241,1,0,3,ap_lo;age;ap_hi
4,242,0,1,4,ap_lo;weight;age;height
4,243,0,0,3,ap_lo;ap_hi;age
4,244,1,1,4,height;ap_hi;ap_lo;weight
4,245,1,0,4,age;weight;ap_lo;height
4,246,1,1,4,ap_lo;weight;age;ap_hi
4,247,1,0,3,height;weight;ap_hi
4,248,1,1,4,ap_hi;ap_lo;height;age
4,249,1,1,3,weight;ap_hi;height
4,250,1,1,4,weight;height;ap_lo;ap_hi
4,251,0,0,4,weight;height;ap_lo;ap_hi
4,252,0,0,3,age;height;ap_hi
4,253,0,0,3,ap_lo;ap_hi;weight
4,254,1,0,4,weight;ap_hi;height;ap_lo
4,255,1,1,3,height;ap_hi;ap_lo
4,256,0,1,3,height;ap_lo;weight
4,257,0,1,4,age;ap_lo;weight;ap_hi
4,258,0,0,3,ap_lo;age;weight
4,259,1,1,3,age;ap_lo;weight
4,260,0,0,4,ap_lo;ap_hi;age;height
4,261,1,0,4,age;ap_hi;ap_lo;height
4,262,1,1,3,ap_lo;ap_hi;weight
4,263,1,1,3,height;ap_lo;age
4,264,1,1,4,weight;age;ap_lo;height
4,265,0,1,3,age;weight;height
4,266,0,1,3,ap_hi;ap_lo;age
4,267,1,1,3,height;weight;ap_hi
4,268,0,0,3,ap_hi;weight;height
4,269,1,1,3,ap_hi;age;ap_lo
4,270,1,1,4,ap_lo;ap_hi;weight;age
4,271,1,1,3,age;height;ap_lo
4,272,0,1,3,height;ap_hi;ap_lo
4,273,1,1,3,ap_hi;age;weight
4,274,0,0,3,ap_lo;age;weight
4,275,1,1,3,ap_lo;height;age
4,276,1,1,3,weight;ap_lo;ap_hi
4,277,0,0,4,age;ap_hi;weight;height
4,278,1,1,4,ap_hi;age;ap_lo;height
4,279,0,0,3,age;ap_lo;ap_hi
4,280,0,1,3,ap_hi;weight;age
4,281,0,0,4,height;weight;age;ap_hi
4,282,1,0,4,ap_hi;weight;ap_lo;height
4,283,1,1,4,height;ap_lo;weight;ap_hi
4,284,1,0,4,ap_hi;age;height;ap_lo
4,285,0,0,4,ap_hi;age;height;weight
4,286,1,1,4,height;ap_hi;weight;age
4,287,1,1,4,ap_hi;ap_lo;weight;height
4,288,1,0,3,ap_lo;height;weight
4,289,0,0,3,ap_hi;age;ap_lo
4,290,0,1,4,age;weight;ap_hi;height
4,291,0,0,3,ap_lo;ap_hi;height
4,292,0,0,4,age;ap_hi;weight;ap_lo
4,293,1,0,4,age;height;ap_hi;ap_lo
4,294,1,0,4,ap_hi;ap_lo;age;height
4,295,1,1,3,age;weight;ap_lo
4,296,0,1,3,ap_hi;weight;age
4,297,1,0,4,height;weight;age;ap_lo
4,298,1,0,4,age;ap_hi;weight;ap_lo
4,299,1,1,3,ap_lo;age;height
4,300,0,0,3,ap_hi;height;ap_lo
4,301,1,0,4,height;ap_lo;age;ap_hi
4,302,1,1,4,ap_lo;ap_hi;height;age
4,303,1,1,3,height;ap_lo;age
4,304,0,1,4,weight;ap_lo;ap_hi;height
4,305,0,0,4,age;weight;ap_hi;height
4,306,1,1,4,age;height;weight;ap_lo
4,307,0,0,3,ap_hi;height;weight
4,308,0,0,3,height;ap_lo;ap_hi
4,309,0,1,4,ap_lo;weight;age;height
4,310,0,1,4,weight;ap_lo;age;ap_hi
4,311,0,0,3,ap_lo;height;ap_hi
4,312,0,1,3,age;height;ap_lo
4,313,0,1,4,age;ap_hi;weight;ap_lo
4,314,1,1,4,age;ap_lo;height;weight
4,315,1,1,4,ap_lo;age;weight;height
4,316,1,1,4,ap_hi;age;weight;height
4,317,1,0,3,age;weight;ap_lo
4,318,0,0,3,ap_hi;weight;ap_lo
4,319,1,1,4,age;ap_lo;height;ap_hi
4,320,1,1,4,age;ap_hi;height;weight
4,321,1,0,4,age;ap_hi;weight;height
4,322,1,0,3,ap_lo;height;weight
4,323,0,0,4,age;height;ap_lo;weight
4,324,0,0,3,ap_lo;age;weight
4,325,0,1,3,ap_hi;weight;age
4,326,1,1,3,height;age;weight
4,327,1,0,4,ap_hi;weight;ap_lo;height
4,328,0,1,4,height;ap_lo;weight;ap_hi
4,329,1,1,3,age;height;weight
4,330,0,0,4,height;weight;ap_hi;age
4,331,1,1,3,weight;ap_lo;age
4,332,0,1,4,weight;height;ap_lo;age
4,333,0,0,4,weight;ap_hi;ap_lo;height
4,334,1,1,3,age;weight;height
4,335,1,1,4,height;ap_lo;ap_hi;age
4,336,0,1,3,ap_lo;height;weight
4,337,0,1,4,height;ap_hi;age;weight
4,338,0,1,3,age;height;ap_lo
4,339,0,1,3,weight;ap_lo;age
4,340,1,1,4,ap_lo;weight;age;ap_hi
4,341,1,1,3,height;ap_lo;ap_hi
4,342,1,1,3,ap_hi;weight;height
4,343,1,1,4,height;weight;ap_hi;age
4,344,1,0,3,weight;ap_lo;age
4,345,1,0,3,ap_hi;age;height
4,346,0,0,4,ap_hi;weight;height;age
4,347,0,0,3,age;ap_hi;weight
4,348,1,1,4,age;ap_hi;ap_lo;height
4,349,0,0,3,age;weight;height
4,350,1,1,4,weight;ap_hi;age;ap_lo
4,351,1,1,3,weight;ap_hi;height
4,352,0,0,4,height;weight;ap_hi;ap_lo
4,353,1,1,4,weight;height;ap_hi;ap_lo
4,354,1,0,4,height;ap_lo;age;ap_hi
4,355,1,1,4,weight;ap_hi;height;ap_lo
4,356,1,1,3,weight;height;age
4,357,1,1,4,ap_lo;ap_hi;weight;height
4,358,1,1,4,ap_lo;weight;ap_hi;age
4,359,1,1,3,weight;ap_hi;age
4,360,1,1,3,ap_lo;weight;height
4,361,0,1,4,age;ap_lo;weight;ap_hi
4,362,1,1,3,age;ap_lo;weight
4,363,1,1,3,weight;ap_hi;height
4,364,1,1,4,height;ap_hi;ap_lo;weight
4,365,1,1,4,weight;height;ap_hi;ap_lo
4,366,0,0,3,age;height;ap_hi
4,367,1,1,3,height;weight;ap_lo
4,368,1,1,4,ap_lo;ap_hi;weight;height
4,369,0,0,4,ap_lo;ap_hi;age;weight
4,370,1,1,3,age;ap_hi;weight
4,371,0,1,3,height;weight;ap_hi
4,372,1,0,3,height;weight;age
4,373,1,0,3,ap_hi;age;height
4,374,1,1,3,age;ap_lo;height
4,375,0,0,4,height;weight;ap_hi;age
4,376,1,0,3,weight;age;height
4,377,1,0,4,weight;age;height;ap_lo
4,378,0,1,4,weight;height;ap_hi;age
4,379,0,1,4,height;weight;ap_lo;ap_hi
4,380,1,0,4,ap_lo;age;height;weight
4,381,1,1,4,height;ap_lo;weight;ap_hi
4,382,0,1,3,height;ap_lo;weight
4,383,1,0,4,weight;age;ap_lo;ap_hi
4,384,1,1,4,ap_hi;weight;height;age
4,385,0,1,4,ap_lo;ap_hi;height;weight
4,386,0,0,4,age;ap_hi;weight;height
4,387,1,1,4,ap_hi;height;ap_lo;age
4,388,0,0,4,weight;age;ap_lo;ap_hi
4,389,0,0,3,age;height;ap_hi
4,390,1,1,4,weight;ap_hi;ap_lo;age
4,391,1,0,3,ap_lo;ap_hi;height
4,392,0,0,3,ap_hi;age;ap_lo
4,393,1,1,3,ap_hi;height;age
4,394,0,0,4,ap_hi;height;age;weight
4,395,1,1,4,ap_hi;weight;height;age
4,396,1,1,4,age;ap_hi;ap_lo;weight
4,397,1,1,4,ap_hi;height;age;ap_lo
4,398,0,0,3,height;ap_hi;weight
4,399,0,1,4,age;height;ap_lo;weight
4,400,1,1,4,ap_lo;ap_hi;age;height
4,401,1,1,4,height;ap_hi;ap_lo;age
4,402,0,1,3,height;weight;ap_hi
4,403,0,1,4,weight;age;ap_lo;ap_hi
4,404,0,1,3,height;age;ap_hi
4,405,0,1,3,height;age;ap_hi
4,406,0,0,4,ap_hi;ap_lo;age;height
4,407,1,1,4,age;weight;ap_lo;height
4,408,1,1,3,age;ap_hi;ap_lo
4,409,0,0,3,ap_hi;age;ap_lo
4,410,0,0,3,height;weight;age
4,411,0,0,3,ap_lo;height;ap_hi
4,412,0,0,3,age;weight;height
4,413,1,1,3,age;ap_hi;weight
4,414,0,0,4,ap_lo;age;weight;ap_hi
4,415,0,0,3,height;ap_hi;age
4,416,0,1,3,height;ap_lo;age
4,417,0,1,3,weight;age;ap_hi
4,418,0,0,4,age;ap_lo;ap_hi;weight
4,419,1,1,3,age;weight;ap_hi
4,420,1,0,4,ap_hi;age;ap_lo;weight
4,421,0,0,3,age;height;ap_lo
4,422,1,0,4,height;ap_lo;ap_hi;age
4,423,0,0,4,age;ap_lo;ap_hi;height
4,424,1,1,3,ap_lo;height;ap_hi
4,425,1,1,3,ap_lo;ap_hi;weight
4,426,1,1,3,height;age;ap_hi
4,427,1,1,4,ap_lo;height;ap_hi;weight
4,428,0,0,4,ap_lo;age;height;weight
4,429,1,1,3,height;age;weight
4,430,1,0,4,age;ap_lo;ap_hi;height
4,431,1,1,4,age;height;ap_lo;ap_hi
4,432,1,1,4,weight;ap_hi;age;height
4,433,1,1,3,age;ap_lo;height
4,434,1,0,3,ap_hi;weight;height
4,435,1,1,4,ap_lo;height;age;weight
4,436,1,1,3,ap_hi;weight;age
4,437,1,1,4,height;ap_hi;ap_lo;weight
4,438,0,0,3,height;weight;ap_lo
4,439,0,1,4,height;weight;ap_hi;ap_lo
4,440,1,0,3,ap_hi;age;height
4,441,0,0,3,height;age;ap_hi
4,442,0,0,3,weight;ap_lo;ap_hi
4,443,0,1,3,ap_lo;height;age
4,444,0,0,4,weight;height;ap_lo;ap_hi
4,445,0,0,4,ap_hi;age;weight;height
4,446,0,1,4,weight;height;age;ap_hi
4,447,1,1,3,height;age;ap_hi
4,448,0,1,3,ap_hi;age;ap_lo
4,449,0,1,4,weight;height;ap_hi;age
4,450,0,0,3,ap_lo;weight;ap_hi
4,451,0,1,3,height;weight;age
4,452,1,1,4,age;weight;height;ap_hi
4,453,1,1,3,ap_hi;weight;age
4,454,1,0,3,ap_hi;height;ap_lo
4,455,0,0,3,ap_lo;height;age
4,456,0,1,4,ap_hi;height;age;ap_lo
4,457,0,0,3,ap_hi;height;ap_lo
4,458,1,1,3,height;ap_lo;weight
4,459,1,0,4,age;weight;ap_lo;ap_hi
4,460,1,1,4,height;weight;age;ap_hi
4,461,1,1,3,weight;age;height
4,462,0,0,3,ap_hi;height;weight
4,463,0,0,4,height;age;ap_lo;ap_hi
4,464,1,0,3,weight;height;ap_hi
4,465,1,1,4,ap_lo;age;weight;ap_hi
4,466,1,1,4,ap_lo;age;height;ap_hi
4,467,1,1,3,ap_lo;weight;age
4,468,0,1,3,ap_lo;age;ap_hi
4,469,1,1,3,ap_hi;height;age
4,470,1,1,4,weight;ap_lo;height;ap_hi
4,471,1,1,4,ap_hi;age;height;weight
4,472,0,1,3,age;weight;ap_lo
4,473,1,1,4,ap_hi;age;height;ap_lo
4,474,1,0,3,height;weight;ap_lo
4,475,0,0,3,ap_hi;ap_lo;age
4,476,0,1,3,age;height;ap_hi
4,477,0,0,4,ap_lo;weight;ap_hi;age
4,478,0,0,3,age;weight;height
4,479,0,0,4,weight;ap_hi;height;ap_lo
4,480,0,1,4,ap_lo;ap_hi;height;age
4,481,1,1,3,weight;age;ap_hi
4,482,1,1,3,ap_hi;age;weight
4,483,1,1,4,weight;height;age;ap_hi
4,484,0,1,4,weight;age;ap_lo;ap_hi
4,485,1,1,4,ap_lo;ap_hi;age;weight
4,486,1,1,3,ap_lo;height;weight
4,487,1,1,4,ap_hi;height;age;weight
4,488,1,1,4,height;ap_lo;age;ap_hi
4,489,1,1,4,ap_lo;height;ap_hi;age
4,490,0,0,3,height;age;weight
4,491,0,0,4,height;weight;age;ap_hi
4,492,0,0,3,weight;age;ap_lo
4,493,1,1,4,age;weight;ap_lo;ap_hi
4,494,1,1,4,height;ap_lo;age;weight
4,495,1,1,3,ap_hi;age;weight
4,496,1,1,4,height;ap_hi;age;ap_lo
4,497,1,1,3,height;ap_lo;age
4,498,0,1,3,ap_lo;height;ap_hi
4,499,0,1,4,ap_hi;ap_lo;height;weight
4,500,0,0,4,ap_hi;height;ap_lo;age
4,501,1,1,3,ap_lo;ap_hi;height
4,502,1,1,4,weight;ap_lo;ap_hi;height
4,503,0,1,4,ap_hi;weight;height;age
4,504,0,0,3,height;ap_hi;weight
4,505,0,0,3,height;age;ap_hi
4,506,0,1,3,age;weight;height
4,507,1,1,4,age;ap_hi;weight;height
4,508,0,1,3,ap_lo;age;weight
4,509,0,1,4,height;ap_hi;weight;age
4,510,1,1,3,height;ap_hi;age
4,511,0,1,3,weight;ap_lo;age
4,512,1,1,3,ap_hi;weight;height
4,513,1,1,4,height;weight;age;ap_hi
4,514,1,1,4,age;ap_hi;ap_lo;height
4,515,0,0,4,ap_hi;age;weight;ap_lo
4,516,1,1,3,weight;height;ap_hi
4,517,1,0,4,ap_lo;age;height;ap_hi
4,518,0,0,4,height;ap_lo;weight;ap_hi
4,519,1,1,4,ap_hi;height;ap_lo;weight
4,520,1,1,4,age;ap_lo;ap_hi;weight
4,521,0,1,3,weight;ap_lo;age
4,522,0,1,3,height;age;ap_hi
4,523,1,1,3,weight;ap_lo;age
4,524,1,0,3,weight;height;ap_lo
4,525,0,1,4,ap_lo;age;height;weight
4,526,0,1,4,ap_lo;weight;age;ap_hi
4,527,1,1,3,age;ap_hi;weight
4,528,0,0,4,ap_lo;weight;age;ap_hi
4,529,1,1,4,age;ap_hi;ap_lo;weight
4,530,0,1,4,height;weight;age;ap_lo
4,531,1,0,4,age;weight;ap_lo;height
4,532,0,1,3,ap_lo;ap_hi;weight
4,533,1,1,4,weight;height;ap_lo;age
4,534,0,0,3,ap_hi;height;ap_lo
4,535,1,1,4,ap_hi;age;ap_lo;weight
4,536,1,1,3,height;age;ap_lo
4,537,1,1,4,weight;ap_lo;height;age
4,538,0,1,4,ap_lo;height;ap_hi;age
4,539,1,0,4,weight;ap_hi;age;height
4,540,1,1,3,ap_lo;weight;ap_hi
4,541,1,1,4,height;age;weight;ap_lo
4,542,1,1,3,ap_hi;height;weight
4,543,1,1,3,age;height;ap_hi
4,544,1,1,4,ap_lo;height;weight;ap_hi
4,545,0,0,4,weight;ap_hi;height;ap_lo
4,546,0,0,4,height;ap_lo;age;ap_hi
4,547,0,1,4,ap_hi;weight;age;ap_lo
4,548,0,0,4,height;ap_lo;age;ap_hi
4,549,1,1,4,weight;height;ap_lo;ap_hi
4,550,1,1,3,age;ap_lo;height
4,551,1,1,4,ap_hi;height;weight;ap_lo
4,552,0,1,3,weight;ap_lo;ap_hi
4,553,1,1,4,age;weight;ap_lo;ap_hi
4,554,0,1,4,ap_hi;weight;height;ap_lo
4,555,0,1,4,weight;height;ap_hi;age
4,556,1,1,4,ap_lo;age;weight;height
4,557,1,1,4,ap_hi;age;height;ap_lo
4,558,1,1,3,age;ap_lo;weight
4,559,1,1,3,age;weight;ap_lo
4,560,1,1,4,ap_hi;ap_lo;weight;age
4,561,0,1,3,height;ap_lo;age
4,562,0,0,4,height;weight;ap_lo;age
4,563,0,0,3,ap_hi;ap_lo;height
4,564,1,1,3,ap_hi;ap_lo;weight
4,565,1,1,4,weight;age;height;ap_hi
4,566,0,1,3,ap_lo;height;age
4,567,1,0,4,height;ap_hi;age;ap_lo
4,568,1,1,4,ap_hi;ap_lo;height;age
4,569,0,1,3,weight;height;ap_hi
4,570,1,1,4,ap_hi;height;weight;age
4,571,1,1,4,ap_lo;age;weight;height
4,572,0,0,4,age;height;ap_hi;ap_lo
4,573,1,1,3,ap_hi;weight;age
4,574,1,1,4,ap_hi;height;ap_lo;weight
4,575,0,1,3,ap_hi;ap_lo;age
4,576,1,0,4,weight;height;ap_lo;age
4,577,1,1,4,weight;ap_lo;ap_hi;height
4,578,1,0,3,weight;age;ap_hi
4,579,0,0,4,weight;age;ap_lo;ap_hi
4,580,1,0,4,age;weight;height;ap_hi
4,581,1,0,4,ap_hi;age;height;ap_lo
4,582,0,0,4,age;weight;ap_lo;height
4,583,0,1,3,ap_hi;ap_lo;age
4,584,0,0,4,age;height;ap_lo;ap_hi
4,585,1,1,4,age;ap_hi;height;weight
4,586,0,0,3,weight;height;ap_hi
4,587,0,1,4,age;weight;height;ap_hi
4,588,1,1,3,height;weight;ap_hi
4,589,1,1,3,weight;ap_hi;age
4,590,1,1,4,ap_lo;weight;age;ap_hi
4,591,0,1,4,age;ap_hi;ap_lo;height
4,592,0,0,4,weight;height;ap_lo;age
4,593,0,0,4,height;ap_lo;ap_hi;weight
4,594,0,1,3,ap_lo;height;ap_hi
4,595,1,1,3,age;ap_lo;ap_hi
4,596,1,1,4,height;age;weight;ap_hi
4,597,0,1,3,weight;ap_lo;age
4,598,0,1,3,height;ap_lo;age
4,599,0,1,3,weight;age;ap_lo
4,600,1,0,3,weight;ap_hi;height
4,601,1,1,3,ap_hi;age;height
4,602,1,1,3,height;weight;ap_hi
4,603,1,1,4,ap_lo;ap_hi;height;weight
4,604,0,0,4,ap_hi;ap_lo;weight;age
4,605,0,0,3,ap_lo;ap_hi;age
4,606,1,1,3,ap_lo;height;weight
4,607,1,1,4,ap_hi;age;ap_lo;weight
4,608,0,1,3,age;ap_hi;weight
4,609,0,0,4,ap_lo;weight;height;age
4,610,1,1,3,age;ap_hi;ap_lo
4,611,1,1,3,ap_hi;ap_lo;height
4,612,0,1,4,height;ap_hi;ap_lo;age
4,613,0,1,3,height;weight;age
4,614,0,1,4,ap_hi;weight;ap_lo;height
4,615,0,0,3,height;age;ap_lo
4,616,0,1,3,weight;height;age
4,617,0,0,4,ap_hi;ap_lo;height;age
4,618,0,1,4,weight;ap_lo;height;age
4,619,1,1,4,age;ap_hi;height;weight
4,620,0,0,4,weight;ap_hi;ap_lo;height
4,621,1,1,4,weight;height;age;ap_hi
4,622,0,1,4,age;weight;ap_lo;height
4,623,1,1,4,height;ap_lo;age;ap_hi
4,624,1,1,3,ap_lo;ap_hi;weight
4,625,0,0,4,height;weight;ap_hi;ap_lo
4,626,1,1,4,height;age;ap_lo;weight
4,627,0,1,3,height;ap_lo;weight
4,628,0,0,3,age;weight;height
4,629,0,0,3,ap_hi;height;age
4,630,0,1,3,ap_hi;ap_lo;age
4,631,1,0,4,ap_lo;height;age;weight
4,632,1,1,4,age;ap_hi;ap_lo;weight
4,633,0,0,3,weight;age;ap_lo
4,634,0,1,3,height;age;weight
4,635,1,1,4,ap_hi;weight;age;ap_lo
4,636,1,1,3,ap_lo;weight;age
4,637,0,0,3,age;weight;height
4,638,1,1,3,age;weight;ap_lo
4,639,0,0,3,age;ap_hi;ap_lo
4,640,1,1,4,age;ap_lo;height;weight
4,641,1,0,4,age;weight;height;ap_lo
4,642,1,1,3,ap_lo;height;ap_hi
4,643,0,0,3,ap_lo;ap_hi;height
4,644,1,0,4,ap_lo;weight;ap_hi;age
4,645,1,1,3,age;height;ap_lo
4,646,0,0,3,ap_lo;age;weight
4,647,0,1,4,weight;height;age;ap_lo
4,648,0,0,3,height;age;weight
4,649,0,1,4,height;ap_hi;ap_lo;weight
4,650,1,1,3,ap_hi;weight;age
4,651,0,0,3,ap_hi;age;ap_lo
4,652,0,0,4,age;ap_lo;weight;ap_hi
4,653,0,1,4,height;ap_hi;age;weight
4,654,0,0,3,ap_hi;age;height
4,655,0,1,3,age;weight;ap_lo
4,656,0,0,3,age;ap_hi;ap_lo
4,657,0,1,4,ap_hi;weight;ap_lo;age
4,658,1,1,3,age;ap_lo;weight
4,659,0,1,4,age;height;weight;ap_lo
4,660,1,1,3,ap_lo;height;age
4,661,0,0,4,weight;ap_hi;ap_lo;age
4,662,0,1,4,height;age;ap_lo;ap_hi
4,663,0,1,4,weight;ap_hi;ap_lo;height
4,664,1,0,3,ap_hi;age;ap_lo
4,665,1,1,4,height;ap_lo;ap_hi;weight
4,666,0,1,4,age;ap_hi;weight;ap_lo
4,667,1,0,4,ap_lo;weight;age;height
4,668,1,1,4,weight;age;ap_hi;height
4,669,1,1,4,weight;age;height;ap_lo
4,670,0,1,3,ap_lo;age;ap_hi
4,671,0,1,4,height;ap_lo;weight;age
4,672,0,0,4,ap_hi;height;weight;ap_lo
4,673,0,0,3,age;ap_hi;height
4,674,1,1,4,age;ap_hi;ap_lo;height
4,675,1,1,3,ap_hi;weight;height
4,676,1,1,4,weight;ap_hi;height;age
4,677,1,1,4,weight;ap_lo;height;ap_hi
4,678,0,0,3,height;ap_lo;age
4,679,1,1,3,ap_hi;height;ap_lo
4,680,0,1,3,weight;ap_lo;height
4,681,0,0,4,age;height;ap_hi;ap_lo
4,682,0,0,3,weight;age;ap_lo
4,683,1,1,3,ap_hi;weight;ap_lo
4,684,0,1,4,height;age;ap_hi;weight
4,685,1,1,3,ap_lo;weight;height
4,686,1,1,3,weight;ap_lo;age
4,687,0,1,3,age;ap_lo;weight
4,688,1,1,4,ap_hi;height;ap_lo;weight
4,689,1,1,3,ap_hi;ap_lo;weight
4,690,0,0,4,ap_hi;weight;age;height
4,691,0,0,4,age;height;ap_hi;weight
4,692,0,1,3,ap_lo;age;height
4,693,0,0,3,weight;ap_lo;age
4,694,0,0,3,ap_hi;weight;height
4,695,1,1,4,height;age;ap_lo;weight
4,696,0,0,4,ap_hi;height;ap_lo;weight
4,697,1,1,4,height;age;weight;ap_lo
4,698,1,0,4,ap_hi;ap_lo;height;weight
4,699,1,1,3,ap_hi;weight;ap_lo
4,700,0,0,4,age;ap_hi;weight;ap_lo
4,701,0,1,3,age;weight;ap_lo
4,702,0,0,4,ap_lo;ap_hi;age;height
4,703,0,0,3,ap_lo;ap_hi;height
4,704,0,1,3,ap_hi;height;age
4,705,1,0,3,height;ap_hi;age
4,706,1,0,3,weight;height;ap_lo
4,707,1,1,3,height;age;weight
4,708,0,1,4,ap_lo;weight;age;ap_hi
4,709,0,0,4,height;age;ap_hi;ap_lo
4,710,0,0,4,age;ap_lo;height;ap_hi
4,711,0,0,4,age;height;ap_hi;weight
4,712,1,0,3,ap_lo;age;weight
4,713,1,1,4,age;ap_lo;weight;height
4,714,1,1,3,height;weight;age
4,715,1,1,3,height;age;ap_hi
4,716,1,0,3,ap_lo;height;weight
4,717,0,0,4,weight;height;age;ap_lo
4,718,0,1,4,ap_lo;age;height;weight
4,719,1,0,3,age;weight;height
4,720,0,1,3,ap_lo;height;age
4,721,1,1,4,height;ap_hi;age;ap_lo
4,722,0,1,4,ap_hi;weight;height;ap_lo
4,723,1,1,3,ap_hi;height;weight
4,724,1,1,3,ap_hi;age;ap_lo
4,725,1,1,4,ap_hi;weight;height;age
4,726,1,1,3,age;weight;ap_lo
4,727,1,1,3,ap_hi;ap_lo;age
4,728,1,1,4,weight;ap_lo;height;age
4,729,1,1,3,age;weight;ap_lo
4,730,1,1,4,age;ap_lo;weight;ap_hi
4,731,1,1,4,age;height;weight;ap_lo
4,732,0,1,3,ap_lo;weight;height
4,733,0,0,4,ap_lo;height;weight;age
4,734,0,1,3,age;ap_lo;height
4,735,0,1,4,age;ap_hi;ap_lo;weight
4,736,0,0,4,height;age;weight;ap_lo
4,737,1,1,3,weight;ap_lo;height
4,738,0,0,3,weight;ap_hi;ap_lo
4,739,1,1,3,ap_hi;age;weight
4,740,0,0,3,age;ap_lo;height
4,741,0,1,4,age;height;weight;ap_hi
4,742,0,0,4,weight;age;height;ap_hi
4,743,0,1,4,ap_hi;age;weight;ap_lo
4,744,1,1,4,ap_lo;weight;height;age
4,745,0,0,4,weight;ap_lo;age;ap_hi
4,746,0,0,3,age;height;weight
4,747,0,0,3,ap_hi;weight;ap_lo
4,748,0,1,3,ap_hi;ap_lo;weight
4,749,0,0,3,height;ap_hi;ap_lo
4,750,0,1,3,age;ap_lo;height
4,751,0,0,3,ap_lo;weight;ap_hi
4,752,0,1,4,age;ap_hi;height;weight
4,753,1,0,4,weight;height;ap_lo;age
4,754,0,1,4,ap_lo;height;age;ap_hi
4,755,0,0,4,age;ap_hi;height;ap_lo
4,756,1,0,3,height;ap_hi;ap_lo
4,757,0,1,4,ap_hi;age;weight;ap_lo
4,758,1,0,4,ap_lo;height;ap_hi;weight
4,759,1,1,3,height;age;weight
4,760,1,0,3,ap_hi;ap_lo;height
4,761,0,0,4,age;ap_lo;ap_hi;height
4,762,1,1,3,height;ap_hi;weight
4,763,0,1,4,ap_hi;height;weight;age
4,764,0,0,4,age;weight;ap_lo;height
4,765,0,0,3,weight;ap_hi;height
4,766,1,1,4,ap_hi;weight;height;ap_lo
4,767,0,1,4,ap_hi;age;ap_lo;weight
4,768,0,1,4,ap_hi;ap_lo;height;weight
4,769,1,1,3,height;age;weight
4,770,0,0,4,height;age;ap_lo;ap_hi
4,771,0,0,4,age;weight;ap_hi;ap_lo
4,772,1,1,4,height;ap_hi;ap_lo;age
4,773,0,0,3,height;age;ap_hi
4,774,1,1,3,weight;height;age
4,775,0,0,4,weight;ap_lo;age;height
4,776,0,0,4,ap_hi;height;weight;ap_lo
4,777,1,1,4,weight;ap_lo;height;age
4,778,1,0,4,height;age;ap_hi;ap_lo
4,779,0,1,3,height;ap_hi;ap_lo
4,780,0,1,3,age;ap_lo;height
4,781,0,1,4,ap_hi;age;weight;ap_lo
4,782,1,1,3,ap_hi;age;ap_lo
4,783,1,1,4,ap_lo;age;weight;height
4,784,1,1,4,ap_hi;weight;height;age
4,785,1,1,3,height;ap_hi;age
4,786,0,0,3,height;ap_hi;age
4,787,0,1,3,weight;ap_hi;age
4,788,1,1,3,weight;ap_hi;age
4,789,1,1,3,age;height;ap_hi
4,790,0,1,3,ap_lo;height;weight
4,791,0,0,3,age;height;weight
4,792,0,0,3,age;ap_lo;height
4,793,0,1,4,height;age;ap_hi;ap_lo
4,794,0,0,3,ap_lo;age;height
4,795,0,0,3,height;ap_lo;ap_hi
4,796,0,1,4,weight;age;height;ap_lo
4,797,0,1,4,weight;height;age;ap_lo
4,798,0,0,4,ap_hi;ap_lo;height;age
4,799,0,0,4,ap_lo;ap_hi;weight;age
4,800,0,0,4,height;ap_lo;weight;ap_hi
4,801,0,0,4,weight;height;age;ap_hi
4,802,0,1,3,ap_hi;weight;age
4,803,0,0,4,height;weight;age;ap_hi
4,804,1,1,3,height;ap_hi;weight
4,805,1,1,4,age;ap_lo;weight;height
4,806,0,1,4,weight;age;height;ap_lo
4,807,1,1,4,age;height;ap_lo;weight
4,808,0,1,4,weight;ap_lo;ap_hi;age
4,809,1,1,3,height;ap_hi;weight
4,810,0,0,4,age;ap_hi;ap_lo;weight
4,811,1,1,4,height;age;weight;ap_hi
4,812,0,1,4,height;ap_lo;ap_hi;weight
4,813,0,0,4,ap_hi;ap_lo;weight;height
4,814,0,0,4,weight;ap_hi;height;age
4,815,0,1,3,ap_hi;ap_lo;weight
4,816,0,1,3,height;ap_lo;weight
4,817,0,0,4,ap_lo;weight;height;ap_hi
4,818,1,1,3,ap_hi;weight;age
4,819,0,1,3,weight;ap_lo;height
4,820,1,1,4,age;weight;ap_lo;ap_hi
4,821,0,1,4,ap_lo;weight;age;height
4,822,0,1,4,weight;age;height;ap_hi
4,823,0,1,3,weight;ap_hi;age
4,824,1,1,3,weight;ap_hi;height
4,825,0,1,3,weight;ap_lo;height
4,826,0,1,3,ap_lo;weight;age
4,827,1,0,3,ap_hi;ap_lo;age
4,828,1,1,4,age;ap_lo;height;weight
4,829,0,1,4,age;ap_lo;ap_hi;weight
4,830,1,1,3,ap_lo;height;age
4,831,0,0,3,age;ap_hi;ap_lo
4,832,0,1,3,age;height;ap_hi
4,833,1,1,3,ap_lo;height;age
4,834,1,0,3,ap_hi;weight;ap_lo
4,835,0,0,3,age;ap_hi;ap_lo
4,836,0,1,3,weight;ap_lo;age
4,837,0,0,4,height;ap_lo;ap_hi;age
4,838,0,1,4,ap_hi;age;weight;ap_lo
4,839,0,1,3,age;weight;ap_lo
4,840,0,0,3,ap_hi;ap_lo;height
4,841,0,0,3,ap_lo;weight;ap_hi
4,842,0,1,3,weight;ap_hi;height
4,843,1,1,3,height;ap_hi;weight
4,844,0,0,4,weight;height;ap_hi;ap_lo
4,845,0,1,3,ap_hi;age;ap_lo
4,846,0,1,4,weight;ap_lo;height;age
4,847,1,0,4,weight;ap_lo;height;ap_hi
4,848,0,1,3,ap_hi;ap_lo;age
4,849,1,1,4,ap_hi;weight;age;height
4,850,1,0,4,ap_lo;ap_hi;weight;age
4,851,0,0,4,height;age;weight;ap_lo
4,852,0,0,4,ap_hi;weight;height;ap_lo
4,853,1,1,3,height;ap_hi;age
4,854,1,1,3,weight;age;ap_hi
4,855,1,1,3,ap_lo;height;weight
4,856,0,1,3,ap_lo;weight;age
4,857,1,1,3,height;weight;ap_hi
4,858,1,1,3,height;ap_lo;ap_hi
4,859,0,0,4,weight;age;ap_lo;ap_hi
4,860,1,1,4,weight;ap_lo;age;height
4,861,1,1,4,weight;age;height;ap_lo
4,862,1,1,4,height;ap_hi;weight;ap_lo
4,863,0,0,3,ap_hi;height;age
4,864,1,1,3,ap_lo;height;weight
4,865,0,0,3,ap_hi;weight;ap_lo
4,866,1,1,4,ap_hi;weight;height;age
4,867,1,1,3,ap_lo;ap_hi;weight
4,868,1,1,3,weight;height;ap_hi
4,869,1,1,3,ap_hi;height;ap_lo
4,870,0,0,3,height;weight;ap_lo
4,871,1,1,3,ap_hi;height;age
4,872,0,0,3,ap_hi;ap_lo;weight
4,873,0,0,4,ap_hi;ap_lo;height;weight
4,874,0,0,4,age;height;weight;ap_hi
4,875,0,1,4,height;ap_lo;weight;age
4,876,1,1,4,height;weight;ap_hi;age
4,877,0,0,4,age;ap_lo;height;ap_hi
4,878,1,1,4,weight;ap_lo;height;ap_hi
4,879,1,1,3,height;ap_lo;weight
4,880,1,1,3,height;weight;age
4,881,1,1,3,weight;age;height
4,882,1,1,3,age;height;weight
4,883,1,1,4,height;ap_hi;ap_lo;age
4,884,0,0,4,height;weight;ap_lo;age
4,885,1,1,4,ap_lo;ap_hi;age;height
4,886,0,0,3,ap_lo;weight;age
4,887,1,1,3,weight;height;age
4,888,0,0,4,weight;height;ap_lo;ap_hi
4,889,1,0,3,height;age;ap_hi
4,890,0,0,4,ap_hi;age;weight;ap_lo
4,891,0,1,3,ap_lo;height;age
4,892,0,1,4,height;age;weight;ap_hi
4,893,1,1,3,ap_lo;height;weight
4,894,0,0,4,ap_lo;age;weight;height
4,895,1,1,4,ap_hi;weight;height;ap_lo
4,896,0,1,3,age;height;weight
4,897,1,0,4,ap_hi;weight;height;ap_lo
4,898,1,1,4,height;age;weight;ap_lo
4,899,0,0,4,age;ap_hi;ap_lo;height
4,900,0,0,4,ap_hi;weight;ap_lo;age
4,901,0,0,4,ap_lo;height;ap_hi;age
4,902,1,0,4,weight;age;ap_lo;ap_hi
4,903,1,1,3,ap_hi;age;height
4,904,1,1,3,height;age;weight
4,905,0,0,3,ap_hi;weight;ap_lo
4,906,0,0,4,ap_lo;age;weight;ap_hi
4,907,1,1,4,ap_hi;height;ap_lo;age
4,908,0,0,4,weight;height;ap_lo;ap_hi
4,909,1,1,3,age;ap_lo;ap_hi
4,910,0,0,4,height;weight;ap_hi;ap_lo
4,911,0,1,3,age;ap_hi;weight
4,912,1,1,3,age;height;ap_lo
4,913,0,0,3,weight;ap_lo;ap_hi
4,914,1,1,4,age;ap_hi;ap_lo;weight
4,915,1,1,3,ap_hi;height;ap_lo
4,916,0,1,4,height;ap_lo;weight;ap_hi
4,917,0,0,4,ap_lo;height;ap_hi;age
4,918,0,1,3,height;ap_hi;age
4,919,1,1,3,ap_hi;age;height
4,920,1,1,3,weight;height;age
4,921,1,0,3,ap_lo;weight;height
4,922,0,1,4,height;age;weight;ap_lo
4,923,0,1,4,height;ap_hi;age;ap_lo
4,924,1,1,4,ap_lo;height;ap_hi;weight
4,925,1,1,4,ap_lo;age;weight;height
4,926,1,1,4,weight;height;ap_hi;ap_lo
4,927,1,0,3,weight;age;height
4,928,1,1,4,age;ap_hi;height;ap_lo
4,929,0,0,3,ap_hi;weight;age
4,930,0,0,3,weight;ap_hi;height
4,931,1,1,3,height;ap_lo;age
4,932,0,1,4,age;ap_hi;height;weight
4,933,1,1,4,ap_lo;ap_hi;weight;height
4,934,1,1,4,ap_hi;weight;ap_lo;height
4,935,1,1,4,ap_lo;ap_hi;weight;age
4,936,0,0,3,height;age;weight
4,937,1,0,4,ap_lo;age;ap_hi;weight
4,938,1,1,4,weight;age;height;ap_lo
4,939,1,0,3,height;ap_hi;ap_lo
4,940,0,1,3,ap_lo;height;age
4,941,0,1,4,height;ap_lo;weight;age
4,942,0,1,4,age;weight;height;ap_hi
4,943,0,1,3,height;weight;ap_hi
4,944,1,1,4,ap_hi;weight;ap_lo;height
4,945,0,0,4,weight;ap_hi;age;height
4,946,0,0,4,weight;ap_lo;height;age
4,947,0,0,3,ap_lo;height;ap_hi
4,948,1,1,4,age;ap_hi;ap_lo;height
4,949,0,1,3,ap_hi;age;weight
4,950,0,1,3,age;weight;height
4,951,0,1,3,height;weight;ap_hi
4,952,0,0,3,weight;ap_lo;height
4,953,1,1,3,weight;ap_hi;height
4,954,0,0,3,ap_lo;height;ap_hi
4,955,0,0,3,weight;age;ap_lo
4,956,1,1,3,ap_lo;ap_hi;height
4,957,0,1,3,height;ap_lo;age
4,958,0,1,3,weight;ap_hi;height
4,959,1,1,4,ap_lo;ap_hi;age;weight
4,960,1,0,4,age;ap_lo;height;ap_hi
4,961,0,0,4,height;weight;ap_lo;ap_hi
4,962,0,0,3,ap_hi;ap_lo;height
4,963,0,0,4,ap_hi;age;height;weight
4,964,1,1,4,weight;ap_hi;age;ap_lo
4,965,1,1,4,weight;age;ap_lo;ap_hi
4,966,1,1,4,ap_hi;ap_lo;height;weight
4,967,1,1,3,age;height;weight
4,968,1,1,3,height;weight;ap_lo
4,969,1,1,4,age;weight;ap_lo;ap_hi
4,970,0,0,4,height;ap_hi;weight;age
4,971,1,1,4,ap_hi;weight;age;ap_lo
4,972,1,1,4,ap_hi;ap_lo;age;height
4,973,0,0,3,ap_hi;age;ap_lo
4,974,1,1,4,weight;age;ap_hi;ap_lo
4,975,1,1,4,ap_hi;age;weight;height
4,976,1,1,3,ap_lo;height;ap_hi
4,977,0,1,4,weight;age;height;ap_lo
4,978,1,1,3,ap_hi;weight;ap_lo
4,979,0,1,4,ap_lo;weight;height;age
4,980,1,1,3,weight;ap_lo;age
4,981,0,1,3,ap_lo;height;ap_hi
4,982,0,0,4,ap_hi;height;ap_lo;age
4,983,1,1,3,height;ap_lo;age
4,984,1,0,3,ap_lo;height;weight
4,985,1,1,3,weight;ap_lo;height
4,986,1,1,4,height;ap_hi;ap_lo;age
4,987,1,0,3,age;weight;ap_hi
4,988,1,1,3,age;ap_lo;weight
4,989,1,0,3,ap_hi;age;weight
4,990,1,0,4,ap_hi;height;ap_lo;weight
4,991,0,1,4,weight;ap_lo;age;height
4,992,1,1,4,age;weight;height;ap_lo
4,993,0,0,3,height;age;weight
4,994,1,1,3,weight;age;height
4,995,1,1,3,ap_lo;weight;age
4,996,1,1,4,height;age;weight;ap_lo
4,997,0,1,4,height;age;ap_lo;ap_hi
4,998,1,1,3,age;ap_hi;weight
4,999,1,1,3,ap_lo;age;height
5,0,0,1,3,ap_hi;ap_lo;age
5,1,0,1,4,weight;ap_hi;height;age
5,2,0,0,3,height;ap_lo;weight
5,3,0,0,3,height;age;ap_lo
5,4,1,0,4,weight;age;ap_lo;height
5,5,0,0,4,ap_lo;age;ap_hi;height
5,6,0,1,3,ap_lo;ap_hi;weight
5,7,0,0,3,age;ap_lo;weight
5,8,0,1,3,weight;height;age
5,9,1,0,4,weight;ap_hi;ap_lo;height
5,10,0,1,4,height;weight;age;ap_lo
5,11,1,1,3,ap_lo;ap_hi;height
5,12,0,0,3,weight;ap_hi;height
5,13,0,1,4,height;ap_lo;ap_hi;age
5,14,0,1,4,age;height;weight;ap_lo
5,15,0,0,4,weight;height;ap_lo;ap_hi
5,16,1,1,3,age;weight;ap_hi
5,17,0,1,4,height;ap_hi;age;weight
5,18,0,0,4,age;height;ap_lo;ap_hi
5,19,1,0,3,height;ap_lo;weight
5,20,0,1,3,ap_lo;height;ap_hi
5,21,1,1,3,ap_hi;height;age
5,22,1,0,3,ap_lo;age;ap_hi
5,23,0,1,3,ap_hi;height;weight
5,24,1,1,4,height;age;ap_lo;ap_hi
5,25,1,1,3,height;weight;ap_lo
5,26,1,1,3,ap_hi;ap_lo;age
5,27,0,0,3,height;age;ap_lo
5,28,0,0,4,ap_lo;ap_hi;height;age
5,29,0,1,3,ap_lo;ap_hi;age
5,30,1,1,3,ap_lo;ap_hi;height
5,31,1,1,3,age;ap_hi;weight
5,32,0,0,3,ap_lo;ap_hi;age
5,33,1,0,4,ap_hi;height;ap_lo;age
5,34,1,1,4,weight;height;age;ap_hi
5,35,1,1,3,ap_hi;age;ap_lo
5,36,0,1,4,ap_lo;height;weight;ap_hi
5,37,0,1,3,weight;age;ap_lo
5,38,0,0,4,weight;age;ap_hi;height
5,39,1,1,4,height;weight;ap_lo;age
5,40,1,1,3,height;ap_lo;ap_hi
5,41,1,1,3,weight;height;ap_lo
5,42,1,0,3,ap_lo;ap_hi;weight
5,43,0,1,4,ap_lo;age;ap_hi;height
5,44,1,1,3,ap_lo;weight;height
5,45,1,1,3,ap_lo;ap_hi;weight
5,46,0,0,4,age;height;weight;ap_hi
5,47,0,0,4,ap_hi;weight;ap_lo;age
5,48,1,1,3,age;ap_lo;height
5,49,0,0,3,height;weight;age
5,50,0,0,4,age;ap_hi;weight;height
5,51,0,0,4,height;weight;ap_hi;age
5,52,1,1,4,height;ap_lo;ap_hi;age
5,53,0,1,3,weight;ap_lo;ap_hi
5,54,1,1,3,ap_hi;weight;age
5,55,1,0,3,height;ap_hi;age
5,56,0,0,4,age;ap_hi;height;weight
5,57,1,1,4,weight;height;age;ap_hi
5,58,1,1,3,ap_lo;ap_hi;weight
5,59,0,0,4,weight;age;height;ap_lo
5,60,1,1,3,age;height;weight
5,61,1,1,4,ap_lo;ap_hi;age;weight
5,62,0,0,3,ap_hi;age;height
5,63,1,1,4,ap_lo;height;weight;age
5,64,0,1,4,height;ap_hi;ap_lo;weight
5,65,0,0,4,ap_hi;height;ap_lo;age
5,66,0,1,4,ap_lo;ap_hi;height;age
5,67,0,1,3,height;weight;ap_lo
5,68,1,1,4,age;ap_hi;weight;ap_lo
5,69,0,1,4,ap_hi;ap_lo;age;weight
5,70,1,1,4,ap_hi;ap_lo;height;weight
5,71,1,1,4,ap_lo;weight;age;height
5,72,0,1,3,height;age;ap_hi
5,73,0,1,3,ap_lo;ap_hi;height
5,74,1,1,4,weight;ap_lo;height;ap_hi
5,75,1,0,3,ap_hi;weight;age
5,76,0,0,3,age;ap_lo;weight
5,77,1,0,4,age;ap_lo;height;ap_hi
5,78,0,0,4,weight;ap_lo;height;age
5,79,1,1,3,ap_lo;height;ap_hi
5,80,0,0,4,ap_lo;weight;ap_hi;age
5,81,1,1,3,age;height;ap_hi
5,82,1,1,3,height;age;ap_lo
5,83,1,1,4,height;ap_lo;ap_hi;age
5,84,1,1,3,height;weight;ap_lo
5,85,0,0,4,ap_hi;ap_lo;height;weight
5,86,0,1,3,age;height;ap_hi
5,87,0,1,4,height;age;ap_hi;ap_lo
5,88,0,0,4,ap_hi;height;age;ap_lo
5,89,1,1,3,weight;ap_hi;ap_lo
5,90,1,1,3,ap_hi;ap_lo;height
5,91,1,0,3,ap_hi;age;ap_lo
5,92,0,0,4,age;ap_lo;height;ap_hi
5,93,1,0,3,weight;height;ap_hi
5,94,0,0,4,ap_hi;height;weight;age
5,95,1,0,4,age;weight;height;ap_lo
5,96,0,1,3,height;age;ap_hi
5,97,1,1,4,weight;height;age;ap_hi
5,98,1,1,3,height;age;ap_hi
5,99,0,1,3,weight;age;ap_lo
5,100,0,1,3,age;ap_lo;height
5,101,1,0,3,weight;ap_hi;ap_lo
5,102,0,0,4,age;ap_hi;ap_lo;height
5,103,1,0,3,ap_lo;weight;ap_hi
5,104,0,0,4,ap_lo;ap_hi;age;height
5,105,0,0,4,age;weight;ap_lo;ap_hi
5,106,0,0,4,height;weight;age;ap_lo
5,107,0,0,3,ap_lo;ap_hi;weight
5,108,1,1,4,height;weight;ap_hi;age
5,109,0,0,3,weight;ap_lo;age
5,110,0,0,4,age;height;ap_hi;ap_lo
5,111,0,1,4,ap_lo;weight;ap_hi;height
5,112,0,1,3,age;ap_lo;ap_hi
5,113,0,1,3,height;weight;ap_lo
5,114,1,1,4,ap_hi;age;ap_lo;height
5,115,1,1,4,ap_hi;height;ap_lo;age
5,116,1,1,4,weight;height;ap_hi;age
5,117,0,1,3,ap_hi;age;weight
5,118,0,0,4,ap_lo;weight;ap_hi;height
5,119,1,1,3,ap_lo;age;ap_hi
5,120,0,0,4,age;height;ap_hi;ap_lo
5,121,1,1,4,weight;ap_lo;ap_hi;height
5,122,0,1,3,height;ap_hi;age
5,123,1,1,3,age;height;ap_hi
5,124,1,1,3,ap_hi;ap_lo;height
5,125,0,1,3,weight;age;height
5,126,0,1,3,weight;ap_lo;height
5,127,1,0,3,age;ap_lo;weight
5,128,0,0,3,ap_hi;weight;height
5,129,0,1,3,ap_lo;weight;height
5,130,0,0,3,ap_hi;age;ap_lo
5,131,0,1,4,ap_lo;weight;height;age
5,132,1,0,4,age;weight;ap_hi;ap_lo
5,133,0,0,3,age;ap_hi;height
5,134,0,0,3,weight;height;age
5,135,1,1,4,weight;height;ap_hi;age
5,136,1,1,3,height;ap_lo;weight
5,137,1,1,3,ap_hi;weight;height
5,138,1,0,3,ap_lo;height;ap_hi
5,139,1,0,3,height;age;weight
5,140,1,1,3,height;ap_lo;weight
5,141,1,1,4,age;ap_hi;ap_lo;weight
5,142,0,1,3,height;weight;ap_hi
5,143,1,1,3,weight;age;ap_lo
5,144,0,0,4,height;ap_lo;weight;age
5,145,0,1,3,ap_lo;weight;height
5,146,0,0,4,weight;height;age;ap_lo
5,147,1,1,4,height;ap_lo;weight;ap_hi
5,148,0,1,4,weight;age;ap_hi;height
5,149,1,1,4,age;height;weight;ap_hi
5,150,0,0,3,height;ap_lo;age
5,151,1,1,4,ap_hi;age;ap_lo;height
5,152,0,0,3,weight;ap_lo;height
5,153,1,0,3,ap_hi;height;age
5,154,0,0,3,ap_lo;height;age
5,155,1,0,4,ap_hi;height;ap_lo;age
5,156,1,0,3,height;age;ap_hi
5,157,0,1,4,height;age;weight;ap_hi
5,158,1,1,4,weight;ap_hi;ap_lo;height
5,159,0,0,3,weight;ap_lo;age
5,160,0,0,3,age;ap_hi;height
5,161,0,0,3,ap_hi;age;ap_lo
5,162,0,1,4,ap_lo;ap_hi;age;weight
5,163,0,1,4,age;weight;ap_lo;height
5,164,0,0,3,ap_lo;height;ap_hi
5,165,0,1,4,ap_hi;weight;ap_lo;age
5,166,1,1,4,age;height;ap_lo;ap_hi
5,167,0,1,3,ap_hi;weight;ap_lo
5,168,1,1,4,age;height;weight;ap_hi
5,169,1,1,3,ap_lo;weight;age
5,170,1,1,4,age;height;ap_lo;weight
5,171,1,0,3,age;ap_lo;weight
5,172,1,1,3,height;ap_lo;ap_hi
5,173,0,1,4,height;ap_lo;ap_hi;weight
5,174,1,1,3,age;weight;ap_lo
5,175,1,1,3,height;ap_lo;weight
5,176,1,1,3,height;ap_lo;weight
5,177,1,1,3,ap_lo;weight;height
5,178,0,0,3,age;ap_lo;ap_hi
5,179,0,0,4,ap_hi;ap_lo;weight;age
5,180,1,1,3,ap_lo;age;weight
5,181,0,1,3,ap_hi;weight;height
5,182,1,0,4,height;weight;ap_hi;ap_lo
5,183,0,0,3,age;ap_lo;ap_hi
5,184,0,1,3,height;weight;ap_lo
5,185,1,1,4,weight;ap_lo;ap_hi;height
5,186,1,0,4,ap_hi;height;weight;ap_lo
5,187,1,1,4,age;ap_hi;weight;ap_lo
5,188,0,1,4,weight;ap_hi;age;ap_lo
5,189,0,1,4,ap_lo;height;age;ap_hi
5,190,0,0,3,age;ap_lo;height
5,191,0,0,3,weight;ap_lo;height
5,192,0,0,4,ap_lo;age;ap_hi;height
5,193,1,1,4,ap_hi;weight;ap_lo;age
5,194,1,1,3,height;weight;ap_lo
5,195,1,1,3,ap_hi;height;ap_lo
5,196,1,1,4,ap_lo;height;age;weight
5,197,1,0,3,weight;height;ap_lo
5,198,0,1,4,ap_hi;weight;ap_lo;height
5,199,1,1,4,weight;ap_lo;ap_hi;age
5,200,1,0,4,ap_hi;ap_lo;weight;height
5,201,0,0,4,ap_lo;height;ap_hi;age
5,202,0,1,3,ap_lo;weight;height
5,203,0,1,3,ap_hi;height;ap_lo
5,204,0,0,3,height;age;ap_lo
5,205,0,0,4,ap_lo;age;height;ap_hi
5,206,1,1,4,ap_lo;age;ap_hi;height
5,207,0,0,4,height;weight;ap_lo;ap_hi
5,208,1,0,3,ap_lo;weight;ap_hi
5,209,0,0,3,ap_hi;age;ap_lo
5,210,1,1,3,ap_lo;ap_hi;height
5,211,1,0,4,ap_lo;age;weight;ap_hi
5,212,0,0,4,ap_hi;weight;age;height
5,213,0,1,3,height;ap_hi;age
5,214,0,0,3,height;age;ap_hi
5,215,1,1,4,age;height;weight;ap_hi
5,216,0,0,3,weight;height;ap_hi
5,217,1,1,3,ap_hi;ap_lo;age
5,218,0,1,4,height;ap_hi;weight;age
5,219,0,0,3,height;age;weight
5,220,1,1,4,weight;height;ap_hi;age
5,221,0,0,3,ap_hi;age;weight
5,222,0,0,4,weight;ap_lo;age;ap_hi
5,223,1,0,4,ap_hi;age;ap_lo;weight
5,224,0,0,4,height;age;weight;ap_lo
5,225,1,1,4,age;height;ap_hi;weight
5,226,0,1,3,ap_hi;ap_lo;height
5,227,1,0,4,weight;ap_hi;height;ap_lo
5,228,0,0,3,weight;ap_hi;age
5,229,0,0,3,ap_lo;height;weight
5,230,1,1,4,ap_lo;ap_hi;age;weight
5,231,0,0,3,ap_lo;weight;ap_hi
5,232,1,1,3,ap_hi;ap_lo;age
5,233,0,1,4,ap_hi;ap_lo;weight;height
5,234,1,1,3,weight;ap_hi;ap_lo
5,235,1,0,4,height;age;ap_lo;ap_hi
5,236,1,1,4,ap_lo;ap_hi;weight;height
5,237,0,1,4,height;weight;ap_lo;ap_hi
5,238,1,1,3,ap_hi;height;age
5,239,1,1,4,height;ap_lo;ap_hi;weight
5,240,1,1,4,ap_lo;weight;ap_hi;height
5,241,1,0,4,weight;ap_lo;age;height
5,242,0,0,3,ap_hi;ap_lo;age
5,243,0,0,3,weight;ap_lo;ap_hi
5,244,1,1,3,ap_hi;age;weight
5,245,1,1,4,ap_hi;ap_lo;weight;height
5,246,1,1,4,weight;ap_lo;age;ap_hi
5,247,1,1,4,age;weight;height;ap_hi
5,248,1,0,4,height;weight;age;ap_lo
5,249,1,1,4,height;ap_hi;weight;age
5,250,1,1,3,height;weight;ap_hi
5,251,0,0,3,ap_hi;ap_lo;weight
5,252,0,0,4,weight;ap_lo;age;ap_hi
5,253,0,1,3,height;ap_hi;weight
5,254,1,0,4,ap_hi;height;age;weight
5,255,1,1,4,height;weight;age;ap_hi
5,256,0,0,3,weight;ap_hi;height
5,257,0,0,4,ap_hi;ap_lo;age;height
5,258,0,0,4,height;ap_hi;weight;ap_lo
5,259,1,1,4,ap_hi;age;weight;ap_lo
5,260,0,0,3,ap_hi;ap_lo;age
5,261,1,1,4,ap_lo;height;weight;age
5,262,1,1,4,age;height;ap_hi;ap_lo
5,263,1,1,3,age;ap_hi;ap_lo
5,264,1,1,4,ap_hi;age;ap_lo;height
5,265,0,0,4,age;height;ap_hi;weight
5,266,0,1,4,ap_lo;ap_hi;height;age
5,267,1,1,3,ap_lo;weight;age
5,268,0,0,3,height;ap_lo;age
5,269,1,1,3,ap_hi;height;weight
5,270,1,1,3,ap_hi;weight;ap_lo
5,271,1,1,4,height;ap_lo;weight;age
5,272,0,0,4,age;height;weight;ap_lo
5,273,1,1,4,ap_lo;weight;ap_hi;age
5,274,0,0,3,height;age;weight
5,275,1,1,3,ap_lo;weight;age
5,276,1,1,3,ap_hi;age;ap_lo
5,277,0,0,3,ap_lo;height;age
5,278,1,1,4,age;ap_hi;ap_lo;weight
5,279,0,0,3,weight;ap_lo;height
5,280,0,1,4,height;ap_hi;ap_lo;age
5,281,0,1,3,weight;height;ap_lo
5,282,1,0,4,height;age;weight;ap_hi
5,283,1,1,3,ap_hi;height;age
5,284,1,0,4,ap_hi;age;ap_lo;weight
5,285,0,0,4,weight;height;ap_lo;age
5,286,1,1,3,height;weight;ap_lo
5,287,1,1,4,height;ap_hi;weight;age
5,288,1,1,3,ap_hi;weight;age
5,289,0,0,4,age;weight;ap_hi;height
5,290,0,0,4,ap_lo;weight;ap_hi;age
5,291,0,1,4,ap_lo;age;height;ap_hi
5,292,0,0,4,age;ap_hi;weight;height
5,293,1,0,4,age;weight;height;ap_hi
5,294,1,0,3,height;ap_hi;age
5,295,1,1,3,age;height;weight
5,296,0,1,4,height;age;weight;ap_lo
5,297,1,0,4,weight;height;age;ap_lo
5,298,1,1,4,ap_lo;height;ap_hi;weight
5,299,1,1,4,height;age;weight;ap_hi
5,300,0,0,4,height;ap_hi;age;weight
5,301,1,0,4,age;ap_lo;ap_hi;weight
5,302,1,1,3,height;weight;age
5,303,1,1,3,age;height;ap_lo
5,304,0,1,3,weight;age;ap_lo
5,305,0,0,3,height;ap_hi;weight
5,306,1,0,4,ap_hi;height;weight;age
5,307,0,0,4,ap_lo;age;ap_hi;height
5,308,0,0,3,age;height;ap_lo
5,309,0,1,3,height;weight;age
5,310,0,1,3,height;ap_hi;weight
5,311,0,1,3,height;age;ap_lo
5,312,0,1,3,ap_lo;height;age
5,313,0,1,3,ap_lo;ap_hi;height
5,314,1,1,3,weight;age;ap_hi
5,315,1,1,3,ap_hi;ap_lo;age
5,316,1,1,3,ap_hi;age;ap_lo
5,317,1,1,3,age;ap_lo;weight
5,318,0,0,4,age;ap_hi;weight;height
5,319,1,0,4,ap_hi;age;weight;ap_lo
5,320,1,1,4,age;ap_hi;ap_lo;height
5,321,1,0,3,ap_hi;age;ap_lo
5,322,1,1,4,weight;height;ap_lo;ap_hi
5,323,0,0,3,age;ap_hi;height
5,324,0,0,3,ap_lo;age;ap_hi
5,325,0,1,4,height;ap_hi;age;weight
5,326,1,1,3,weight;age;ap_hi
5,327,1,0,4,age;weight;height;ap_lo
5,328,0,1,4,age;weight;height;ap_hi
5,329,1,1,3,ap_lo;ap_hi;weight
5,330,0,0,3,age;ap_hi;weight
5,331,1,0,4,ap_hi;age;height;ap_lo
5,332,0,0,4,age;weight;ap_hi;height
5,333,0,0,3,ap_hi;height;ap_lo
5,334,1,1,3,age;height;weight
5,335,1,1,3,age;ap_lo;weight
5,336,0,0,4,ap_lo;height;age;weight
5,337,0,0,3,ap_hi;age;weight
5,338,0,1,4,height;age;ap_lo;weight
5,339,0,1,4,age;height;weight;ap_hi
5,340,1,1,4,ap_hi;ap_lo;weight;height
5,341,1,1,4,ap_hi;ap_lo;weight;age
5,342,1,0,3,age;ap_lo;ap_hi
5,343,1,1,4,ap_lo;ap_hi;age;weight
5,344,1,1,3,ap_hi;age;ap_lo
5,345,1,0,4,age;height;ap_lo;weight
5,346,0,0,4,age;weight;ap_lo;ap_hi
5,347,0,0,4,weight;height;age;ap_lo
5,348,1,1,3,ap_lo;weight;age
5,349,0,0,3,ap_hi;height;age
5,350,1,1,3,weight;height;age
5,351,1,1,3,age;ap_lo;ap_hi
5,352,0,0,3,ap_hi;age;ap_lo
5,353,1,1,3,weight;height;ap_lo
5,354,1,1,3,ap_lo;weight;height
5,355,1,0,4,ap_hi;age;ap_lo;height
5,356,1,1,3,height;ap_lo;weight
5,357,1,1,4,weight;height;age;ap_lo
5,358,1,1,3,ap_lo;age;height
5,359,1,0,3,height;ap_lo;weight
5,360,1,1,3,ap_lo;weight;age
5,361,0,0,3,ap_lo;age;weight
5,362,1,1,4,age;height;weight;ap_lo
5,363,1,1,3,weight;height;ap_lo
5,364,1,1,4,weight;ap_lo;age;height
5,365,1,0,3,age;ap_lo;height
5,366,0,0,4,ap_hi;height;weight;age
5,367,1,1,4,height;ap_hi;age;weight
5,368,1,1,4,age;height;ap_hi;ap_lo
5,369,0,1,3,weight;age;height
5,370,1,1,4,height;ap_lo;weight;ap_hi
5,371,0,1,3,ap_hi;ap_lo;height
5,372,1,0,3,age;weight;height
5,373,1,0,3,ap_lo;ap_hi;age
5,374,1,1,4,age;weight;height;ap_lo
5,375,0,1,4,ap_hi;ap_lo;age;height
5,376,1,0,4,weight;ap_hi;age;height
5,377,1,1,4,weight;height;ap_lo;ap_hi
5,378,0,0,3,ap_lo;height;age
5,379,0,1,4,ap_lo;height;age;ap_hi
5,380,1,0,3,age;ap_lo;ap_hi
5,381,1,1,3,age;height;ap_lo
5,382,0,1,4,age;height;weight;ap_hi
5,383,1,0,3,ap_hi;age;weight
5,384,1,1,4,age;weight;ap_hi;ap_lo
5,385,0,0,4,ap_lo;age;height;weight
5,386,0,0,4,age;ap_hi;weight;height
5,387,1,1,4,age;weight;ap_lo;height
5,388,0,0,4,height;ap_hi;age;ap_lo
5,389,0,0,3,height;age;ap_hi
5,390,1,1,3,ap_lo;height;weight
5,391,1,0,4,weight;age;ap_lo;height
5,392,0,0,3,age;height;weight
5,393,1,0,3,height;weight;ap_lo
5,394,0,0,4,ap_lo;age;weight;height
5,395,1,1,4,ap_hi;ap_lo;age;weight
5,396,1,0,3,height;ap_lo;age
5,397,1,1,4,age;ap_lo;ap_hi;height
5,398,0,0,4,ap_hi;ap_lo;weight;age
5,399,0,0,3,age;ap_hi;height
5,400,1,1,4,height;ap_hi;age;ap_lo
5,401,1,1,4,ap_hi;age;ap_lo;height
5,402,0,1,4,weight;age;ap_lo;ap_hi
5,403,0,1,3,weight;height;ap_lo
5,404,0,1,3,weight;height;ap_lo
5,405,0,0,4,weight;ap_lo;age;height
5,406,0,0,3,weight;ap_lo;age
5,407,1,1,4,ap_hi;height;age;ap_lo
5,408,1,1,3,ap_lo;ap_hi;weight
5,409,0,1,4,weight;age;ap_lo;height
5,410,0,0,3,age;ap_lo;weight
5,411,0,0,4,ap_hi;weight;age;ap_lo
5,412,0,1,4,ap_lo;ap_hi;weight;height
5,413,1,1,4,height;weight;ap_lo;age
5,414,0,1,4,weight;ap_lo;ap_hi;height
5,415,0,1,3,ap_lo;height;age
5,416,0,0,4,height;ap_lo;ap_hi;weight
5,417,0,1,3,ap_hi;age;ap_lo
5,418,0,0,4,height;age;ap_lo;ap_hi
5,419,1,0,3,height;ap_lo;weight
5,420,1,0,4,ap_hi;weight;ap_lo;height
5,421,0,0,4,weight;ap_lo;ap_hi;height
5,422,1,1,4,ap_lo;weight;age;ap_hi
5,423,0,1,3,height;ap_hi;age
5,424,1,1,3,weight;age;ap_hi
5,425,1,1,3,height;ap_lo;weight
5,426,1,1,4,weight;ap_hi;age;height
5,427,1,1,3,ap_lo;age;weight
5,428,0,0,4,ap_hi;ap_lo;weight;age
5,429,1,1,4,ap_hi;age;height;weight
5,430,1,1,3,height;ap_lo;ap_hi
5,431,1,1,4,weight;height;ap_lo;ap_hi
5,432,1,1,3,weight;ap_hi;ap_lo
5,433,1,0,4,ap_hi;age;weight;height
5,434,1,0,3,ap_lo;height;ap_hi
5,435,1,1,4,ap_lo;age;ap_hi;weight
5,436,1,1,4,height;weight;age;ap_lo
5,437,1,0,3,ap_hi;age;height
5,438,0,0,3,height;weight;ap_hi
5,439,0,1,3,height;ap_lo;weight
5,440,1,1,3,ap_lo;weight;age
5,441,0,0,3,ap_hi;weight;ap_lo
5,442,0,0,3,ap_lo;age;ap_hi
5,443,0,0,4,ap_hi;age;ap_lo;height
5,444,0,0,3,height;ap_hi;age
5,445,0,0,3,weight;ap_lo;ap_hi
5,446,0,0,4,age;ap_lo;height;weight
5,447,1,1,4,weight;ap_lo;ap_hi;height
5,448,0,1,4,ap_lo;ap_hi;age;weight
5,449,0,1,3,ap_hi;height;age
5,450,0,0,3,height;ap_lo;weight
5,451,0,1,4,weight;age;height;ap_lo
5,452,1,1,4,age;weight;height;ap_hi
5,453,1,1,3,ap_lo;height;ap_hi
5,454,1,0,4,age;height;ap_lo;ap_hi
5,455,0,0,3,age;ap_lo;ap_hi
5,456,0,1,4,height;age;ap_hi;ap_lo
5,457,0,0,3,weight;ap_hi;age
5,458,1,1,3,weight;ap_hi;ap_lo
5,459,1,0,4,weight;ap_lo;age;height
5,460,1,1,4,age;ap_hi;ap_lo;height
5,461,1,0,4,ap_hi;weight;age;height
5,462,0,1,3,ap_hi;weight;height
5,463,0,0,4,height;ap_lo;ap_hi;age
5,464,1,0,3,age;weight;height
5,465,1,1,3,weight;age;height
5,466,1,1,3,ap_hi;height;age
5,467,1,1,4,height;ap_hi;age;weight
5,468,0,0,4,height;age;ap_hi;ap_lo
5,469,1,1,3,ap_lo;age;ap_hi
5,470,1,1,3,age;ap_lo;ap_hi
5,471,1,1,3,ap_lo;ap_hi;weight
5,472,0,0,4,height;ap_hi;age;ap_lo
5,473,1,1,4,ap_hi;height;age;ap_lo
5,474,1,0,3,age;ap_lo;ap_hi
5,475,0,0,3,age;ap_hi;ap_lo
5,476,0,0,4,ap_hi;ap_lo;height;weight
5,477,0,0,3,ap_lo;height;weight
5,478,0,0,3,age;weight;height
5,479,0,0,4,ap_lo;weight;age;ap_hi
5,480,0,1,4,height;weight;ap_lo;ap_hi
5,481,1,1,4,age;weight;ap_hi;height
5,482,1,1,4,ap_hi;age;height;weight
5,483,1,1,4,ap_lo;ap_hi;height;age
5,484,0,1,3,height;ap_lo;weight
5,485,1,0,3,height;ap_hi;age
5,486,1,0,3,weight;age;height
5,487,1,1,3,weight;ap_hi;height
5,488,1,1,4,age;weight;height;ap_lo
5,489,1,1,3,ap_hi;age;height
5,490,0,1,3,age;ap_hi;ap_lo
5,491,0,0,4,ap_hi;ap_lo;weight;age
5,492,0,0,3,ap_hi;age;height
5,493,1,1,3,ap_hi;height;ap_lo
5,494,1,1,3,ap_lo;weight;age
5,495,1,0,3,age;ap_hi;ap_lo
5,496,1,0,4,age;ap_hi;weight;height
5,497,1,1,4,ap_hi;age;ap_lo;weight
5,498,0,1,3,ap_hi;height;ap_lo
5,499,0,0,4,age;weight;ap_lo;ap_hi
5,500,0,0,4,age;ap_lo;height;weight
5,501,1,1,3,ap_hi;age;weight
5,502,1,1,4,age;height;weight;ap_hi
5,503,0,1,4,age;ap_hi;ap_lo;weight
5,504,0,0,4,height;ap_hi;age;weight
5,505,0,0,3,age;height;ap_hi
5,506,0,0,3,ap_lo;age;weight
5,507,1,1,4,age;weight;height;ap_hi
5,508,0,0,3,ap_hi;ap_lo;weight
5,509,0,0,4,ap_hi;height;age;ap_lo
5,510,1,1,4,height;ap_hi;weight;ap_lo
5,511,0,0,3,weight;ap_lo;height
5,512,1,1,4,ap_hi;weight;age;ap_lo
5,513,1,0,4,ap_lo;ap_hi;height;age
5,514,1,1,4,ap_hi;height;ap_lo;weight
5,515,0,0,4,ap_lo;height;weight;age
5,516,1,1,3,age;ap_lo;ap_hi
5,517,1,1,4,ap_lo;ap_hi;height;weight
5,518,0,0,4,age;ap_lo;ap_hi;height
5,519,1,1,3,height;ap_hi;weight
5,520,1,1,4,weight;ap_lo;ap_hi;age
5,521,0,1,3,ap_lo;ap_hi;height
5,522,0,0,4,ap_hi;height;age;weight
5,523,1,0,4,age;ap_hi;ap_lo;height
5,524,1,1,4,weight;age;ap_hi;height
5,525,0,1,3,weight;ap_hi;age
5,526,0,1,3,ap_lo;age;height
5,527,1,1,3,age;ap_hi;weight
5,528,0,1,4,weight;height;ap_lo;age
5,529,1,1,4,age;ap_hi;ap_lo;height
5,530,0,1,3,weight;ap_lo;age
5,531,1,0,3,ap_hi;age;weight
5,532,0,1,4,ap_lo;height;age;ap_hi
5,533,1,0,4,ap_hi;height;weight;ap_lo
5,534,0,0,4,height;ap_lo;weight;age
5,535,1,1,3,age;ap_lo;height
5,536,1,1,4,ap_hi;ap_lo;height;weight
5,537,1,1,4,ap_lo;age;weight;ap_hi
5,538,0,1,3,weight;ap_lo;age
5,539,1,0,3,weight;ap_lo;height
5,540,1,0,4,ap_lo;height;ap_hi;age
5,541,1,1,3,ap_hi;weight;height
5,542,1,1,4,height;age;ap_hi;ap_lo
5,543,1,1,3,height;ap_lo;weight
5,544,1,1,3,height;ap_lo;weight
5,545,0,0,4,ap_hi;age;weight;height
5,546,0,0,4,ap_lo;age;weight;ap_hi
5,547,0,0,3,weight;height;age
5,548,0,0,3,ap_hi;height;weight
5,549,1,1,4,ap_lo;weight;height;ap_hi
5,550,1,1,3,weight;ap_lo;age
5,551,1,1,4,weight;age;ap_lo;height
5,552,0,1,4,height;ap_hi;age;ap_lo
5,553,1,1,4,ap_lo;height;ap_hi;weight
5,554,0,1,3,weight;ap_hi;height
5,555,0,1,4,ap_hi;weight;height;age
5,556,1,1,4,ap_lo;ap_hi;height;age
5,557,1,0,4,height;ap_hi;age;weight
5,558,1,1,4,height;ap_hi;ap_lo;weight
5,559,1,1,4,weight;ap_hi;ap_lo;height
5,560,1,1,3,ap_lo;ap_hi;height
5,561,0,1,4,ap_hi;age;ap_lo;weight
5,562,0,0,3,weight;ap_lo;height
5,563,0,1,4,ap_lo;weight;age;ap_hi
5,564,1,1,4,weight;ap_hi;ap_lo;age
5,565,1,1,3,ap_lo;ap_hi;height
5,566,0,1,3,ap_hi;weight;ap_lo
5,567,1,1,4,age;height;ap_lo;weight
5,568,1,1,4,height;age;ap_hi;weight
5,569,0,1,3,ap_hi;weight;age
5,570,1,1,4,age;ap_hi;height;ap_lo
5,571,1,1,3,weight;age;height
5,572,0,0,3,height;ap_hi;age
5,573,1,0,3,age;height;weight
5,574,1,1,4,ap_lo;age;ap_hi;weight
5,575,0,1,3,age;height;ap_lo
5,576,1,0,3,ap_hi;ap_lo;weight
5,577,1,1,4,height;age;ap_lo;weight
5,578,1,0,3,height;weight;ap_hi
5,579,0,0,3,ap_hi;height;weight
5,580,1,0,4,ap_lo;weight;age;ap_hi
5,581,1,1,3,weight;height;ap_lo
5,582,0,0,4,age;height;ap_hi;ap_lo
5,583,0,1,3,weight;ap_hi;ap_lo
5,584,0,0,3,weight;age;ap_hi
5,585,1,1,4,age;height;weight;ap_hi
5,586,0,0,4,height;weight;ap_lo;age
5,587,0,1,3,weight;height;ap_lo
5,588,1,1,4,weight;height;ap_lo;age
5,589,1,0,3,age;weight;height
5,590,1,0,4,age;height;weight;ap_lo
5,591,0,1,4,weight;ap_hi;height;age
5,592,0,0,3,weight;age;ap_lo
5,593,0,0,3,ap_lo;height;weight
5,594,0,0,3,age;height;ap_lo
5,595,1,1,3,height;weight;ap_hi
5,596,1,1,4,ap_hi;weight;age;height
5,597,0,0,3,height;weight;ap_hi
5,598,0,0,4,age;height;weight;ap_lo
5,599,0,1,4,ap_hi;age;height;weight
5,600,1,0,3,age;ap_lo;height
5,601,1,1,4,ap_hi;ap_lo;height;age
5,602,1,1,4,ap_hi;age;ap_lo;weight
5,603,1,1,3,ap_hi;weight;age
5,604,0,0,4,ap_hi;age;height;ap_lo
5,605,0,0,4,age;ap_lo;height;ap_hi
5,606,1,1,3,weight;height;age
5,607,1,1,3,weight;ap_hi;height
5,608,0,1,3,age;weight;ap_lo
5,609,0,0,4,ap_lo;height;weight;ap_hi
5,610,1,1,3,ap_lo;ap_hi;height
5,611,1,1,3,height;weight;ap_lo
5,612,0,1,3,ap_lo;ap_hi;age
5,613,0,1,3,ap_lo;height;age
5,614,0,0,3,weight;age;ap_lo
5,615,0,0,3,height;age;ap_lo
5,616,0,0,3,weight;ap_hi;ap_lo
5,617,0,0,3,weight;height;ap_lo
5,618,0,0,4,age;ap_lo;height;ap_hi
5,619,1,1,3,weight;age;ap_lo
5,620,0,0,4,ap_lo;weight;ap_hi;age
5,621,1,1,4,weight;ap_hi;ap_lo;height
5,622,0,0,3,height;ap_lo;ap_hi
5,623,1,1,3,ap_lo;height;age
5,624,1,1,3,ap_lo;ap_hi;height
5,625,0,1,4,height;ap_hi;age;ap_lo
5,626,1,1,3,ap_hi;weight;height
5,627,0,1,3,height;ap_lo;ap_hi
5,628,0,0,4,ap_lo;weight;ap_hi;age
5,629,0,1,4,age;height;ap_lo;weight
5,630,0,1,4,age;ap_hi;ap_lo;weight
5,631,1,0,3,weight;height;ap_hi
5,632,1,1,3,height;weight;age
5,633,0,0,4,age;height;weight;ap_lo
5,634,0,1,3,height;weight;ap_lo
5,635,1,1,4,age;height;ap_hi;weight
5,636,1,1,3,ap_lo;age;weight
5,637,0,1,4,ap_lo;ap_hi;height;weight
5,638,1,0,4,ap_hi;weight;ap_lo;height
5,639,0,0,3,height;age;ap_hi
5,640,1,1,3,age;ap_hi;ap_lo
5,641,1,0,3,weight;height;ap_hi
5,642,1,1,4,age;ap_hi;height;weight
5,643,0,1,3,ap_lo;weight;height
5,644,1,0,3,ap_lo;weight;age
5,645,1,1,3,ap_hi;ap_lo;weight
5,646,0,0,4,weight;ap_hi;age;height
5,647,0,1,4,height;age;ap_lo;weight
5,648,0,1,4,age;ap_lo;ap_hi;weight
5,649,0,0,4,age;weight;ap_lo;ap_hi
5,650,1,1,3,age;ap_lo;height
5,651,0,0,3,age;height;ap_lo
5,652,0,0,4,age;weight;ap_hi;ap_lo
5,653,0,1,4,ap_hi;height;ap_lo;weight
5,654,0,0,3,age;ap_lo;weight
5,655,0,1,4,height;ap_hi;age;ap_lo
5,656,0,0,4,ap_hi;ap_lo;height;age
5,657,0,0,3,weight;ap_hi;height
5,658,1,1,4,weight;height;age;ap_hi
5,659,0,0,4,ap_hi;ap_lo;weight;height
5,660,1,0,4,ap_lo;ap_hi;height;age
5,661,0,0,4,age;ap_lo;weight;ap_hi
5,662,0,1,4,height;weight;age;ap_lo
5,663,0,0,4,ap_lo;weight;ap_hi;age
5,664,1,0,3,ap_lo;height;weight
5,665,1,1,3,weight;height;age
5,666,0,1,4,ap_lo;height;ap_hi;age
5,667,1,0,4,weight;age;ap_lo;ap_hi
5,668,1,1,3,ap_hi;age;height
5,669,1,0,4,weight;ap_hi;age;height
5,670,0,0,3,age;height;ap_hi
5,671,0,0,4,ap_lo;weight;ap_hi;age
5,672,0,0,3,weight;height;ap_hi
5,673,0,0,4,weight;ap_hi;ap_lo;height
5,674,1,1,3,ap_hi;height;weight
5,675,1,0,4,height;age;weight;ap_lo
5,676,1,1,4,weight;ap_lo;height;ap_hi
5,677,1,1,4,height;age;weight;ap_lo
5,678,0,0,4,ap_hi;ap_lo;age;weight
5,679,1,0,3,ap_lo;weight;height
5,680,0,1,3,ap_hi;ap_lo;height
5,681,0,0,4,ap_hi;height;age;weight
5,682,0,0,4,ap_lo;age;ap_hi;weight
5,683,1,1,3,weight;ap_hi;height
5,684,0,1,3,age;ap_lo;ap_hi
5,685,1,1,4,age;weight;ap_lo;ap_hi
5,686,1,1,4,ap_lo;ap_hi;height;age
5,687,0,0,3,ap_lo;age;weight
5,688,1,0,3,ap_lo;height;age
5,689,1,1,3,ap_lo;age;ap_hi
5,690,0,0,4,ap_hi;age;height;ap_lo
5,691,0,0,4,ap_hi;age;height;ap_lo
5,692,0,1,4,height;ap_hi;weight;age
5,693,0,1,3,ap_lo;height;weight
5,694,0,1,3,age;ap_lo;height
5,695,1,1,4,weight;height;ap_hi;age
5,696,0,0,3,age;height;ap_lo
5,697,1,1,4,weight;age;ap_lo;height
5,698,1,1,3,height;ap_hi;weight
5,699,1,1,4,weight;ap_lo;height;ap_hi
5,700,0,0,4,ap_lo;ap_hi;height;weight
5,701,0,1,4,weight;height;ap_hi;age
5,702,0,0,3,ap_lo;age;ap_hi
5,703,0,0,4,ap_lo;ap_hi;age;height
5,704,0,1,3,age;height;weight
5,705,1,0,4,ap_lo;age;height;ap_hi
5,706,1,0,3,weight;height;ap_lo
5,707,1,1,3,weight;height;ap_lo
5,708,0,0,4,ap_hi;age;weight;ap_lo
5,709,0,1,4,ap_lo;ap_hi;age;height
5,710,0,0,3,ap_hi;weight;age
5,711,0,0,3,weight;ap_lo;age
5,712,1,0,4,age;ap_hi;ap_lo;height
5,713,1,1,4,weight;ap_lo;ap_hi;age
5,714,1,1,3,height;weight;ap_lo
5,715,1,0,3,ap_hi;age;height
5,716,1,1,3,age;ap_hi;height
5,717,0,0,4,ap_hi;weight;ap_lo;height
5,718,0,1,3,ap_hi;height;weight
5,719,1,0,4,ap_lo;weight;age;ap_hi
5,720,0,0,4,age;ap_hi;ap_lo;weight
5,721,1,0,3,ap_lo;ap_hi;age
5,722,0,1,3,ap_lo;age;height
5,723,1,0,4,ap_hi;weight;height;ap_lo
5,724,1,1,3,ap_hi;ap_lo;height
5,725,1,1,3,age;weight;ap_hi
5,726,1,1,4,ap_hi;ap_lo;weight;height
5,727,1,1,3,weight;age;ap_hi
5,728,1,1,3,weight;height;age
5,729,1,0,4,height;weight;age;ap_lo
5,730,1,1,3,height;ap_hi;age
5,731,1,0,4,ap_lo;age;height;weight
5,732,0,0,3,ap_lo;ap_hi;age
5,733,0,0,4,height;weight;age;ap_lo
5,734,0,0,3,age;weight;ap_hi
5,735,0,0,3,age;height;ap_hi
5,736,0,0,3,age;ap_hi;height
5,737,1,1,4,ap_hi;height;ap_lo;age
5,738,0,0,4,ap_hi;ap_lo;age;weight
5,739,1,0,3,age;ap_lo;weight
5,740,0,0,4,weight;age;height;ap_hi
5,741,0,1,3,height;ap_lo;weight
5,742,0,0,4,ap_hi;weight;ap_lo;age
5,743,0,1,3,ap_lo;ap_hi;age
5,744,1,0,4,age;weight;height;ap_hi
5,745,0,0,3,height;age;ap_lo
5,746,0,1,3,height;ap_hi;weight
5,747,0,0,4,ap_lo;age;weight;height
5,748,0,0,4,height;weight;ap_lo;ap_hi
5,749,0,1,4,ap_hi;height;age;weight
5,750,0,1,4,ap_hi;height;age;ap_lo
5,751,0,0,3,age;ap_hi;height
5,752,0,1,3,ap_lo;age;ap_hi
5,753,1,0,4,height;ap_hi;ap_lo;age
5,754,0,0,3,weight;age;height
5,755,0,1,4,weight;ap_hi;height;ap_lo
5,756,1,0,4,height;ap_lo;weight;ap_hi
5,757,0,0,3,age;ap_hi;ap_lo
5,758,1,0,4,weight;height;ap_hi;age
5,759,1,0,4,ap_hi;height;ap_lo;age
5,760,1,0,4,height;age;ap_hi;ap_lo
5,761,0,1,4,weight;age;ap_hi;height
5,762,1,1,3,height;ap_lo;ap_hi
5,763,0,1,4,weight;height;age;ap_hi
5,764,0,0,3,age;height;weight
5,765,0,1,3,ap_hi;age;weight
5,766,1,1,3,ap_lo;age;weight
5,767,0,1,4,ap_hi;ap_lo;age;weight
5,768,0,1,4,ap_lo;height;ap_hi;weight
5,769,1,0,4,weight;height;age;ap_hi
5,770,0,0,4,ap_hi;age;weight;ap_lo
5,771,0,0,4,height;age;weight;ap_lo
5,772,1,1,4,ap_hi;weight;height;ap_lo
5,773,0,0,4,height;weight;age;ap_hi
5,774,1,0,4,weight;age;ap_lo;ap_hi
5,775,0,0,4,age;ap_hi;ap_lo;weight
5,776,0,0,4,age;height;ap_lo;ap_hi
5,777,1,0,3,weight;ap_hi;ap_lo
5,778,1,0,4,ap_lo;height;age;ap_hi
5,779,0,1,4,ap_hi;ap_lo;height;weight
5,780,0,1,3,ap_lo;height;ap_hi
5,781,0,1,4,age;ap_lo;height;weight
5,782,1,1,3,ap_lo;age;height
5,783,1,1,4,ap_hi;ap_lo;age;height
5,784,1,1,4,height;ap_lo;age;ap_hi
5,785,1,1,4,weight;age;ap_lo;ap_hi
5,786,0,1,3,ap_hi;ap_lo;weight
5,787,0,1,3,ap_hi;height;weight
5,788,1,1,4,age;ap_hi;weight;ap_lo
5,789,1,1,4,height;ap_hi;ap_lo;age
5,790,0,0,4,height;ap_lo;age;ap_hi
5,791,0,0,3,height;ap_hi;age
5,792,0,0,3,age;ap_lo;height
5,793,0,1,4,height;weight;ap_lo;age
5,794,0,0,4,height;ap_hi;weight;age
5,795,0,1,3,ap_hi;weight;height
5,796,0,0,4,ap_hi;age;height;ap_lo
5,797,0,1,3,age;weight;ap_hi
5,798,0,0,3,ap_lo;age;ap_hi
5,799,0,0,4,ap_hi;height;age;weight
5,800,0,0,4,ap_hi;age;ap_lo;height
5,801,0,0,4,ap_hi;height;weight;ap_lo
5,802,0,1,3,ap_lo;weight;height
5,803,0,1,3,ap_lo;weight;height
5,804,1,1,4,height;weight;age;ap_hi
5,805,1,1,3,ap_hi;age;ap_lo
5,806,0,1,3,age;ap_hi;height
5,807,1,1,3,age;ap_lo;height
5,808,0,0,3,height;weight;ap_lo
5,809,1,1,4,age;ap_lo;weight;ap_hi
5,810,0,0,4,age;weight;ap_lo;ap_hi
5,811,1,1,3,ap_lo;weight;height
5,812,0,0,4,weight;age;height;ap_hi
5,813,0,1,3,age;height;ap_lo
5,814,0,1,4,ap_lo;height;ap_hi;age
5,815,0,1,3,height;weight;ap_hi
5,816,0,0,3,age;weight;ap_hi
5,817,0,0,4,height;ap_lo;weight;age
5,818,1,1,4,age;height;ap_lo;weight
5,819,0,0,4,ap_hi;weight;ap_lo;age
5,820,1,0,4,height;ap_hi;ap_lo;weight
5,821,0,0,3,ap_hi;weight;height
5,822,0,0,3,age;height;ap_hi
5,823,0,0,4,ap_hi;age;weight;ap_lo
5,824,1,1,3,weight;height;age
5,825,0,1,3,height;ap_lo;age
5,826,0,1,4,age;ap_lo;ap_hi;weight
5,827,1,0,4,weight;height;ap_lo;ap_hi
5,828,1,1,4,weight;ap_lo;height;age
5,829,0,1,4,ap_lo;height;weight;age
5,830,1,0,4,weight;height;ap_lo;age
5,831,0,0,4,ap_lo;weight;age;ap_hi
5,832,0,0,3,ap_hi;age;ap_lo
5,833,1,1,4,age;ap_lo;weight;ap_hi
5,834,1,0,3,height;weight;ap_lo
5,835,0,1,4,ap_hi;ap_lo;height;weight
5,836,0,0,4,age;weight;ap_lo;ap_hi
5,837,0,0,3,ap_lo;age;ap_hi
5,838,0,1,3,weight;ap_hi;age
5,839,0,1,3,height;ap_lo;ap_hi
5,840,0,0,4,age;ap_lo;ap_hi;weight
5,841,0,0,4,weight;age;height;ap_hi
5,842,0,0,3,height;weight;ap_lo
5,843,1,1,4,ap_lo;age;height;weight
5,844,0,1,3,ap_lo;age;weight
5,845,0,1,3,ap_hi;age;weight
5,846,0,1,3,height;ap_lo;age
5,847,1,1,3,height;ap_lo;weight
5,848,0,1,4,ap_lo;age;height;ap_hi
5,849,1,1,4,ap_hi;height;age;weight
5,850,1,0,4,ap_lo;age;height;ap_hi
5,851,0,0,3,ap_hi;age;ap_lo
5,852,0,0,3,weight;ap_lo;height
5,853,1,1,4,height;ap_lo;weight;age
5,854,1,1,4,age;height;ap_lo;ap_hi
5,855,1,1,4,ap_lo;age;ap_hi;weight
5,856,0,1,4,weight;age;ap_lo;height
5,857,1,1,4,height;ap_hi;ap_lo;weight
5,858,1,1,3,ap_lo;ap_hi;height
5,859,0,1,3,height;age;ap_lo
5,860,1,1,4,age;ap_hi;weight;height
5,861,1,1,4,weight;ap_lo;height;age
5,862,1,1,4,ap_lo;weight;height;age
5,863,0,0,4,ap_hi;weight;ap_lo;height
5,864,1,1,3,ap_hi;ap_lo;weight
5,865,0,1,3,ap_hi;weight;height
5,866,1,1,3,weight;height;ap_hi
5,867,1,1,4,ap_hi;weight;age;height
5,868,1,1,3,ap_lo;height;age
5,869,1,1,3,ap_hi;weight;ap_lo
5,870,0,0,3,weight;height;ap_lo
5,871,1,1,3,weight;ap_hi;ap_lo
5,872,0,0,4,ap_lo;weight;ap_hi;height
5,873,0,0,3,ap_lo;height;age
5,874,0,0,3,height;age;weight
5,875,0,0,4,ap_lo;height;ap_hi;age
5,876,1,0,4,ap_lo;height;weight;ap_hi
5,877,0,0,4,ap_hi;age;ap_lo;weight
5,878,1,1,4,age;ap_hi;weight;ap_lo
5,879,1,1,3,weight;age;ap_lo
5,880,1,1,3,height;ap_hi;age
5,881,1,0,3,height;weight;ap_lo
5,882,1,1,3,ap_hi;weight;age
5,883,1,1,3,weight;height;age
5,884,0,0,3,weight;age;height
5,885,1,1,4,ap_lo;height;weight;ap_hi
5,886,0,0,3,ap_lo;weight;ap_hi
5,887,1,1,4,height;age;ap_lo;weight
5,888,0,1,3,ap_hi;height;weight
5,889,1,0,4,age;ap_lo;ap_hi;height
5,890,0,0,3,age;weight;ap_hi
5,891,0,1,4,weight;age;ap_lo;height
5,892,0,1,4,ap_hi;weight;ap_lo;age
5,893,1,0,3,weight;age;ap_lo
5,894,0,0,3,height;ap_hi;ap_lo
5,895,1,0,4,ap_hi;weight;ap_lo;height
5,896,0,1,4,ap_hi;height;age;ap_lo
5,897,1,0,3,age;weight;ap_hi
5,898,1,1,4,ap_hi;weight;age;height
5,899,0,0,4,ap_lo;weight;age;ap_hi
5,900,0,0,4,age;ap_lo;ap_hi;height
5,901,0,0,3,weight;height;ap_lo
5,902,1,0,4,weight;height;ap_hi;ap_lo
5,903,1,1,3,height;ap_lo;weight
5,904,1,1,3,height;weight;age
5,905,0,0,4,ap_lo;age;ap_hi;weight
5,906,0,0,3,ap_lo;age;weight
5,907,1,1,3,age;weight;ap_lo
5,908,0,1,4,ap_hi;age;ap_lo;height
5,909,1,0,3,weight;height;ap_lo
5,910,0,1,3,ap_hi;age;ap_lo
5,911,0,1,3,weight;age;ap_hi
5,912,1,1,4,height;ap_lo;ap_hi;age
5,913,0,0,4,age;ap_hi;weight;ap_lo
5,914,1,1,4,height;ap_lo;weight;age
5,915,1,1,3,ap_lo;height;age
5,916,0,1,3,age;weight;height
5,917,0,0,4,age;ap_hi;weight;height
5,918,0,1,4,age;ap_lo;weight;ap_hi
5,919,1,1,4,weight;height;age;ap_lo
5,920,1,1,3,ap_hi;age;weight
5,921,1,0,3,height;ap_hi;weight
5,922,0,1,3,ap_hi;weight;ap_lo
5,923,0,1,3,height;ap_hi;weight
5,924,1,1,3,age;ap_hi;height
5,925,1,0,4,ap_hi;age;height;weight
5,926,1,1,4,ap_lo;ap_hi;height;age
5,927,1,0,3,ap_lo;height;weight
5,928,1,1,3,ap_lo;ap_hi;height
5,929,0,0,3,ap_hi;age;weight
5,930,0,0,4,weight;ap_hi;height;ap_lo
5,931,1,1,3,age;ap_lo;height
5,932,0,1,3,ap_lo;weight;age
5,933,1,1,4,ap_hi;weight;ap_lo;height
5,934,1,1,3,ap_hi;weight;age
5,935,1,1,3,ap_lo;ap_hi;height
5,936,0,0,4,height;ap_hi;weight;ap_lo
5,937,1,0,3,height;weight;ap_lo
5,938,1,1,4,weight;height;ap_lo;ap_hi
5,939,1,1,3,age;weight;ap_lo
5,940,0,0,4,ap_lo;age;height;weight
5,941,0,1,4,height;ap_hi;weight;age
5,942,0,0,3,height;ap_lo;age
5,943,0,1,3,ap_lo;ap_hi;weight
5,944,1,1,3,ap_hi;weight;age
5,945,0,0,4,ap_lo;age;ap_hi;height
5,946,0,0,4,ap_hi;height;ap_lo;age
5,947,0,0,3,age;weight;ap_hi
5,948,1,1,3,weight;height;age
5,949,0,1,3,ap_hi;ap_lo;height
5,950,0,1,3,ap_lo;ap_hi;weight
5,951,0,1,3,height;ap_hi;weight
5,952,0,1,3,ap_hi;ap_lo;height
5,953,1,0,3,height;weight;ap_lo
5,954,0,1,3,height;age;ap_hi
5,955,0,0,4,ap_hi;weight;ap_lo;height
5,956,1,1,4,height;age;weight;ap_hi
5,957,0,1,4,age;weight;ap_lo;ap_hi
5,958,0,1,3,ap_lo;ap_hi;weight
5,959,1,1,4,age;ap_lo;height;weight
5,960,1,0,3,ap_lo;age;ap_hi
5,961,0,1,4,ap_hi;height;age;weight
5,962,0,1,3,age;height;weight
5,963,0,0,4,ap_lo;age;weight;ap_hi
5,964,1,1,3,age;weight;ap_lo
5,965,1,1,4,ap_hi;weight;age;ap_lo
5,966,1,1,3,age;weight;ap_lo
5,967,1,1,3,height;ap_lo;ap_hi
5,968,1,1,4,weight;ap_hi;age;ap_lo
5,969,1,1,4,weight;height;age;ap_lo
5,970,0,0,4,weight;age;ap_hi;height
5,971,1,1,3,ap_lo;ap_hi;age
5,972,1,0,3,weight;ap_lo;height
5,973,0,1,4,height;weight;ap_lo;ap_hi
5,974,1,1,3,age;ap_hi;weight
5,975,1,1,4,age;height;ap_lo;weight
5,976,1,1,3,height;age;ap_lo
5,977,0,1,4,ap_lo;weight;height;ap_hi
5,978,1,1,4,ap_hi;weight;age;ap_lo
5,979,0,1,4,weight;age;ap_lo;ap_hi
5,980,1,1,4,height;ap_hi;age;weight
5,981,0,1,3,height;age;ap_hi
5,982,0,0,4,weight;ap_hi;age;height
5,983,1,0,4,age;weight;height;ap_lo
5,984,1,1,4,ap_lo;weight;ap_hi;age
5,985,1,0,4,ap_lo;weight;height;ap_hi
5,986,1,1,3,ap_hi;age;weight
5,987,1,0,4,age;ap_hi;ap_lo;height
5,988,1,0,3,height;weight;ap_hi
5,989,1,0,3,weight;ap_lo;height
5,990,1,1,3,height;age;weight
5,991,0,1,3,height;ap_lo;ap_hi
5,992,1,1,3,weight;ap_lo;ap_hi
5,993,0,0,4,height;weight;ap_lo;ap_hi
5,994,1,0,3,ap_hi;weight;ap_lo
5,995,1,0,4,age;weight;ap_lo;ap_hi
5,996,1,1,4,height;weight;ap_hi;ap_lo
5,997,0,1,3,weight;age;ap_hi
5,998,1,1,4,ap_lo;age;height;ap_hi
5,999,1,1,4,ap_hi;weight;height;age
6,0,0,1,3,weight;age;height
6,1,0,1,3,ap_lo;age;weight
6,2,0,0,4,height;ap_lo;ap_hi;weight
6,3,0,0,4,ap_hi;age;weight;ap_lo
6,4,1,0,3,age;ap_hi;ap_lo
6,5,0,0,3,weight;age;height
6,6,0,0,4,ap_lo;ap_hi;height;weight
6,7,0,1,3,ap_hi;weight;height
6,8,0,1,4,ap_lo;height;ap_hi;weight
6,9,1,0,3,ap_hi;height;weight
6,10,0,1,4,ap_lo;age;weight;height
6,11,1,1,3,weight;height;ap_lo
6,12,0,0,4,height;ap_lo;weight;ap_hi
6,13,0,0,4,age;ap_lo;weight;ap_hi
6,14,0,0,4,weight;age;height;ap_hi
6,15,0,0,3,ap_lo;weight;ap_hi
6,16,1,1,4,weight;height;ap_lo;ap_hi
6,17,0,0,4,ap_lo;ap_hi;age;height
6,18,0,0,4,height;ap_hi;age;ap_lo
6,19,1,0,3,weight;height;ap_hi
6,20,0,1,3,height;ap_hi;age
6,21,1,1,3,weight;ap_lo;height
6,22,1,0,4,weight;ap_hi;height;age
6,23,0,0,3,ap_hi;age;weight
6,24,1,0,4,weight;height;ap_hi;age
6,25,1,1,4,ap_hi;weight;age;height
6,26,1,1,4,ap_hi;weight;height;ap_lo
6,27,0,1,3,age;height;ap_hi
6,28,0,0,3,ap_hi;weight;age
6,29,0,1,4,age;ap_lo;weight;height
6,30,1,0,3,ap_hi;ap_lo;age
6,31,1,1,4,ap_hi;ap_lo;height;age
6,32,0,0,3,weight;ap_hi;ap_lo
6,33,1,0,3,weight;ap_lo;ap_hi
6,34,1,1,3,age;height;weight
6,35,1,1,4,weight;age;ap_lo;ap_hi
6,36,0,0,4,ap_lo;age;weight;ap_hi
6,37,0,1,4,height;age;weight;ap_hi
6,38,0,1,4,age;weight;height;ap_lo
6,39,1,1,3,weight;age;height
6,40,1,1,4,ap_lo;height;weight;ap_hi
6,41,1,1,3,height;ap_lo;ap_hi
6,42,1,0,3,height;ap_hi;ap_lo
6,43,0,0,4,weight;ap_hi;ap_lo;height
6,44,1,1,4,weight;ap_lo;ap_hi;height
6,45,1,1,3,age;height;weight
6,46,0,0,4,height;weight;age;ap_hi
6,47,0,1,4,age;weight;ap_lo;height
6,48,1,1,3,height;weight;age
6,49,0,0,3,ap_hi;ap_lo;weight
6,50,0,0,4,age;weight;ap_lo;height
6,51,0,0,4,ap_lo;age;ap_hi;height
6,52,1,1,3,ap_hi;weight;height
6,53,0,1,4,age;height;ap_lo;weight
6,54,1,1,3,weight;ap_hi;height
6,55,1,0,4,ap_lo;weight;height;age
6,56,0,0,3,ap_hi;weight;age
6,57,1,1,4,height;ap_hi;age;weight
6,58,1,1,4,ap_hi;age;ap_lo;weight
6,59,0,0,3,age;ap_hi;weight
6,60,1,0,3,ap_hi;height;weight
6,61,1,1,3,age;weight;ap_hi
6,62,0,1,3,weight;height;ap_lo
6,63,1,1,3,weight;ap_hi;ap_lo
6,64,0,0,3,ap_lo;height;ap_hi
6,65,0,0,3,weight;age;height
6,66,0,1,3,ap_hi;height;ap_lo
6,67,0,0,4,weight;ap_hi;age;height
6,68,1,1,3,age;ap_lo;ap_hi
6,69,0,1,3,ap_lo;height;age
6,70,1,1,3,ap_hi;ap_lo;weight
6,71,1,1,4,age;ap_hi;weight;ap_lo
6,72,0,0,4,age;ap_lo;ap_hi;height
6,73,0,1,3,ap_hi;age;weight
6,74,1,1,4,ap_hi;height;age;ap_lo
6,75,1,0,3,ap_hi;ap_lo;age
6,76,0,0,3,ap_hi;weight;ap_lo
6,77,1,1,3,age;height;weight
6,78,0,0,4,weight;age;ap_hi;height
6,79,1,0,4,ap_hi;age;height;weight
6,80,0,0,3,ap_lo;age;weight
6,81,1,1,4,age;ap_hi;ap_lo;height
6,82,1,1,4,ap_lo;height;age;ap_hi
6,83,1,1,4,ap_hi;age;ap_lo;weight
6,84,1,1,3,weight;ap_hi;height
6,85,0,0,3,height;ap_hi;ap_lo
6,86,0,1,4,ap_lo;height;weight;age
6,87,0,1,3,ap_lo;weight;age
6,88,0,0,4,height;age;weight;ap_hi
6,89,1,0,3,ap_lo;age;weight
6,90,1,1,4,ap_lo;ap_hi;weight;age
6,91,1,0,4,age;ap_lo;ap_hi;height
6,92,0,0,3,ap_lo;age;ap_hi
6,93,1,0,3,ap_hi;age;height
6,94,0,0,4,ap_lo;ap_hi;height;weight
6,95,1,0,3,weight;ap_hi;age
6,96,0,1,3,height;ap_lo;age
6,97,1,1,3,age;ap_lo;ap_hi
6,98,1,1,4,age;weight;ap_lo;ap_hi
6,99,0,1,3,ap_hi;weight;height
6,100,0,0,3,ap_lo;age;weight
6,101,1,0,4,weight;age;ap_hi;ap_lo
6,102,0,0,3,ap_lo;age;ap_hi
6,103,1,0,3,ap_hi;ap_lo;height
6,104,0,0,3,height;ap_hi;age
6,105,0,0,3,ap_lo;age;height
6,106,0,0,3,ap_lo;age;ap_hi
6,107,0,0,4,ap_hi;ap_lo;age;weight
6,108,1,1,4,ap_lo;ap_hi;age;weight
6,109,0,0,4,ap_hi;ap_lo;height;age
6,110,0,0,4,age;ap_hi;weight;height
6,111,0,0,3,age;weight;height
6,112,0,1,4,height;ap_hi;age;ap_lo
6,113,0,1,4,height;weight;age;ap_hi
6,114,1,1,3,ap_hi;age;height
6,115,1,0,4,age;ap_hi;ap_lo;height
6,116,1,0,3,ap_lo;age;height
6,117,0,1,4,ap_hi;weight;ap_lo;height
6,118,0,0,4,ap_hi;height;age;weight
6,119,1,1,4,age;ap_hi;weight;height
6,120,0,0,3,height;ap_hi;ap_lo
6,121,1,1,3,ap_lo;weight;age
6,122,0,1,4,ap_hi;age;weight;ap_lo
6,123,1,1,3,weight;ap_hi;age
6,124,1,0,3,weight;height;age
6,125,0,0,3,weight;ap_hi;height
6,126,0,1,4,ap_hi;ap_lo;age;weight
6,127,1,0,3,height;ap_lo;age
6,128,0,0,4,weight;height;ap_hi;ap_lo
6,129,0,1,3,weight;age;height
6,130,0,0,3,age;weight;ap_hi
6,131,0,1,3,weight;age;ap_hi
6,132,1,1,4,weight;ap_hi;age;height
6,133,0,0,4,ap_lo;weight;ap_hi;height
6,134,0,1,3,ap_lo;weight;height
6,135,1,0,3,age;weight;height
6,136,1,1,4,ap_hi;ap_lo;height;age
6,137,1,1,4,height;weight;age;ap_lo
6,138,1,1,3,ap_hi;height;ap_lo
6,139,1,0,3,weight;height;ap_lo
6,140,1,0,3,ap_lo;age;ap_hi
6,141,1,1,4,ap_hi;ap_lo;age;height
6,142,0,1,3,weight;ap_lo;ap_hi
6,143,1,1,4,weight;age;ap_lo;ap_hi
6,144,0,0,3,height;age;ap_hi
6,145,0,1,3,weight;ap_hi;height
6,146,0,0,4,ap_lo;height;ap_hi;age
6,147,1,1,3,height;ap_lo;ap_hi
6,148,0,1,3,weight;age;ap_hi
6,149,1,1,4,ap_hi;height;ap_lo;weight
6,150,0,0,4,height;ap_lo;ap_hi;age
6,151,1,1,4,age;weight;ap_lo;ap_hi
6,152,0,0,3,ap_hi;height;weight
6,153,1,0,3,ap_lo;weight;age
6,154,0,1,3,ap_hi;weight;ap_lo
6,155,1,0,3,ap_hi;height;ap_lo
6,156,1,1,3,age;ap_lo;weight
6,157,0,1,4,height;age;weight;ap_hi
6,158,1,1,3,height;ap_hi;weight
6,159,0,0,3,weight;height;ap_lo
6,160,0,0,3,height;ap_lo;age
6,161,0,0,3,age;ap_hi;ap_lo
6,162,0,1,3,height;age;ap_hi
6,163,0,1,4,weight;age;ap_lo;height
6,164,0,0,3,weight;age;ap_hi
6,165,0,1,3,height;ap_lo;weight
6,166,1,1,4,ap_hi;age;weight;ap_lo
6,167,0,0,4,age;ap_lo;height;ap_hi
6,168,1,1,4,age;weight;height;ap_lo
6,169,1,1,3,ap_lo;weight;age
6,170,1,1,4,ap_lo;height;ap_hi;weight
6,171,1,0,3,ap_lo;age;height
6,172,1,1,4,age;ap_lo;weight;ap_hi
6,173,0,0,4,ap_hi;ap_lo;weight;height
6,174,1,0,3,weight;ap_lo;age
6,175,1,1,3,age;ap_lo;height
6,176,1,1,3,age;ap_hi;height
6,177,1,1,4,weight;height;ap_hi;age
6,178,0,0,3,weight;age;ap_lo
6,179,0,0,3,ap_hi;age;weight
6,180,1,1,4,ap_lo;ap_hi;weight;age
6,181,0,1,3,ap_lo;age;ap_hi
6,182,1,0,4,age;ap_hi;ap_lo;weight
6,183,0,0,4,ap_hi;height;weight;ap_lo
6,184,0,0,3,ap_hi;height;ap_lo
6,185,1,1,3,height;ap_lo;age
6,186,1,0,4,height;weight;ap_hi;age
6,187,1,1,3,age;ap_lo;height
6,188,0,1,4,ap_hi;age;weight;height
6,189,0,1,3,age;weight;height
6,190,0,0,4,ap_hi;height;ap_lo;age
6,191,0,0,3,height;weight;ap_hi
6,192,0,0,4,ap_hi;height;weight;age
6,193,1,1,4,ap_lo;age;weight;height
6,194,1,1,4,age;ap_lo;weight;ap_hi
6,195,1,0,4,ap_lo;weight;height;age
6,196,1,0,4,weight;ap_hi;age;ap_lo
6,197,1,0,3,weight;height;ap_lo
6,198,0,1,4,age;ap_hi;weight;height
6,199,1,1,4,ap_hi;ap_lo;weight;height
6,200,1,0,4,age;weight;height;ap_hi
6,201,0,0,3,age;ap_lo;weight
6,202,0,0,3,ap_hi;age;ap_lo
6,203,0,1,3,height;weight;ap_lo
6,204,0,0,3,age;height;weight
6,205,0,0,3,weight;age;ap_hi
6,206,1,0,3,age;weight;height
6,207,0,0,3,age;ap_hi;weight
6,208,1,0,4,height;ap_hi;age;weight
6,209,0,0,4,height;ap_hi;age;ap_lo
6,210,1,0,4,height;ap_lo;weight;ap_hi
6,211,1,0,4,age;height;ap_hi;weight
6,212,0,0,4,height;age;ap_hi;ap_lo
6,213,0,1,4,age;ap_lo;height;ap_hi
6,214,0,0,3,weight;height;age
6,215,1,1,3,weight;ap_lo;height
6,216,0,0,3,ap_hi;height;age
6,217,1,1,4,ap_hi;weight;age;height
6,218,0,0,4,ap_lo;ap_hi;height;weight
6,219,0,0,4,ap_hi;age;height;ap_lo
6,220,1,0,3,age;ap_lo;height
6,221,0,0,3,height;ap_lo;ap_hi
6,222,0,0,3,height;age;ap_lo
6,223,1,0,4,ap_lo;height;ap_hi;weight
6,224,0,0,3,ap_hi;age;weight
6,225,1,0,4,height;weight;ap_hi;age
6,226,0,1,3,age;ap_lo;weight
6,227,1,0,4,ap_hi;weight;ap_lo;age
6,228,0,0,3,weight;ap_hi;ap_lo
6,229,0,1,4,age;weight;ap_lo;height
6,230,1,1,4,ap_lo;ap_hi;age;height
6,231,0,0,3,height;ap_hi;ap_lo
6,232,1,0,4,height;ap_lo;weight;ap_hi
6,233,0,1,3,height;ap_lo;age
6,234,1,1,3,weight;ap_lo;age
6,235,1,1,3,ap_hi;weight;ap_lo
6,236,1,1,3,ap_lo;ap_hi;height
6,237,0,1,3,weight;ap_hi;height
6,238,1,1,4,age;height;weight;ap_hi
6,239,1,0,3,age;ap_hi;weight
6,240,1,0,4,weight;ap_lo;ap_hi;age
6,241,1,0,3,weight;ap_lo;height
6,242,0,0,4,age;ap_hi;ap_lo;weight
6,243,0,1,3,ap_hi;weight;height
6,244,1,1,3,age;ap_hi;weight
6,245,1,1,4,ap_hi;age;weight;ap_lo
6,246,1,1,3,weight;ap_hi;age
6,247,1,1,4,ap_hi;weight;height;age
6,248,1,1,3,ap_lo;ap_hi;weight
6,249,1,0,3,height;age;ap_hi
6,250,1,1,3,ap_hi;age;ap_lo
6,251,0,0,4,age;ap_lo;ap_hi;height
6,252,0,0,3,height;ap_hi;age
6,253,0,1,3,ap_hi;height;weight
6,254,1,0,3,weight;age;ap_hi
6,255,1,1,4,age;weight;ap_hi;height
6,256,0,0,3,height;ap_lo;ap_hi
6,257,0,0,4,height;age;ap_hi;ap_lo
6,258,0,0,3,ap_lo;height;age
6,259,1,1,3,ap_lo;ap_hi;age
6,260,0,0,4,age;height;ap_lo;ap_hi
6,261,1,0,3,ap_lo;age;weight
6,262,1,1,4,weight;ap_lo;age;ap_hi
6,263,1,1,4,ap_hi;ap_lo;height;weight
6,264,1,1,4,age;weight;ap_hi;ap_lo
6,265,0,0,4,weight;ap_hi;ap_lo;age
6,266,0,0,4,height;ap_lo;ap_hi;age
6,267,1,1,4,ap_hi;weight;ap_lo;age
6,268,0,0,3,age;weight;ap_lo
6,269,1,1,3,weight;ap_lo;height
6,270,1,0,4,weight;ap_hi;age;height
6,271,1,1,3,weight;height;ap_lo
6,272,0,1,3,ap_lo;height;ap_hi
6,273,1,1,3,age;weight;ap_hi
6,274,0,0,4,ap_hi;weight;age;height
6,275,1,0,3,ap_hi;height;ap_lo
6,276,1,1,3,weight;age;ap_hi
6,277,0,0,3,weight;ap_hi;age
6,278,1,1,4,ap_lo;weight;ap_hi;height
6,279,0,0,4,height;age;ap_hi;ap_lo
6,280,0,1,4,weight;height;age;ap_hi
6,281,0,0,4,weight;ap_lo;height;age
6,282,1,0,4,ap_lo;height;weight;ap_hi
6,283,1,0,4,age;height;ap_lo;ap_hi
6,284,1,0,3,ap_lo;height;ap_hi
6,285,0,0,3,ap_lo;ap_hi;weight
6,286,1,1,4,ap_lo;height;ap_hi;weight
6,287,1,1,4,ap_lo;age;ap_hi;weight
6,288,1,1,3,ap_hi;age;height
6,289,0,0,3,height;ap_lo;age
6,290,0,0,4,weight;ap_hi;height;age
6,291,0,0,3,ap_lo;age;weight
6,292,0,0,3,ap_lo;weight;height
6,293,1,0,3,ap_lo;height;age
6,294,1,0,4,ap_lo;weight;age;height
6,295,1,1,4,weight;ap_hi;ap_lo;height
6,296,0,1,3,ap_hi;ap_lo;weight
6,297,1,0,3,height;weight;ap_hi
6,298,1,0,4,age;height;weight;ap_hi
6,299,1,1,3,height;ap_hi;age
6,300,0,0,4,ap_lo;ap_hi;age;height
6,301,1,0,3,weight;height;ap_hi
6,302,1,1,3,ap_lo;weight;age
6,303,1,0,4,ap_lo;age;ap_hi;weight
6,304,0,1,4,ap_hi;age;weight;ap_lo
6,305,0,1,3,age;ap_lo;height
6,306,1,0,3,ap_hi;weight;height
6,307,0,0,4,age;ap_hi;weight;height
6,308,0,0,3,ap_hi;weight;height
6,309,0,0,3,age;height;ap_hi
6,310,0,1,4,ap_lo;weight;age;height
6,311,0,0,3,ap_lo;weight;ap_hi
6,312,0,0,4,weight;ap_hi;age;ap_lo
6,313,0,1,4,height;ap_hi;ap_lo;age
6,314,1,1,3,ap_lo;ap_hi;height
6,315,1,1,4,age;ap_hi;height;ap_lo
6,316,1,1,3,age;ap_hi;height
6,317,1,0,3,age;ap_hi;ap_lo
6,318,0,0,4,ap_hi;age;height;weight
6,319,1,1,4,age;height;ap_lo;weight
6,320,1,1,3,age;ap_lo;ap_hi
6,321,1,1,3,height;weight;age
6,322,1,1,3,age;height;ap_lo
6,323,0,0,4,height;ap_hi;ap_lo;age
6,324,0,0,3,height;weight;ap_hi
6,325,0,1,4,weight;ap_hi;height;age
6,326,1,1,4,height;age;ap_lo;weight
6,327,1,0,3,ap_hi;ap_lo;height
6,328,0,0,4,age;ap_lo;ap_hi;height
6,329,1,1,3,ap_hi;age;weight
6,330,0,1,4,height;weight;age;ap_lo
6,331,1,0,4,age;ap_hi;height;ap_lo
6,332,0,0,3,ap_lo;height;weight
6,333,0,0,3,weight;age;ap_hi
6,334,1,1,4,age;ap_hi;ap_lo;weight
6,335,1,1,3,age;ap_lo;ap_hi
6,336,0,0,4,height;ap_hi;age;ap_lo
6,337,0,0,3,age;height;weight
6,338,0,1,3,ap_lo;age;height
6,339,0,0,3,ap_lo;age;height
6,340,1,0,4,height;ap_lo;age;weight
6,341,1,1,3,age;ap_hi;weight
6,342,1,1,3,weight;ap_hi;height
6,343,1,1,4,weight;height;ap_hi;ap_lo
6,344,1,1,3,weight;height;age
6,345,1,1,4,height;weight;ap_lo;age
6,346,0,0,4,height;ap_lo;age;ap_hi
6,347,0,0,3,age;ap_hi;height
6,348,1,1,4,age;ap_lo;height;weight
6,349,0,0,4,age;weight;height;ap_lo
6,350,1,1,4,ap_hi;weight;age;ap_lo
6,351,1,1,4,age;weight;height;ap_hi
6,352,0,0,4,ap_lo;age;weight;ap_hi
6,353,1,1,3,ap_hi;ap_lo;weight
6,354,1,0,3,ap_lo;ap_hi;weight
6,355,1,1,3,age;weight;height
6,356,1,1,3,height;weight;ap_hi
6,357,1,1,3,ap_lo;ap_hi;height
6,358,1,1,4,ap_hi;weight;ap_lo;height
6,359,1,0,3,ap_hi;age;height
6,360,1,1,4,ap_lo;ap_hi;height;age
6,361,0,0,3,weight;ap_lo;ap_hi
6,362,1,1,4,ap_hi;ap_lo;age;weight
6,363,1,1,3,height;weight;ap_lo
6,364,1,1,4,ap_hi;ap_lo;weight;age
6,365,1,0,4,height;weight;age;ap_lo
6,366,0,1,3,weight;ap_lo;height
6,367,1,1,4,ap_hi;ap_lo;weight;height
6,368,1,1,3,ap_hi;height;ap_lo
6,369,0,1,3,age;height;weight
6,370,1,1,4,ap_hi;height;age;weight
6,371,0,1,3,weight;height;ap_hi
6,372,1,1,3,weight;height;ap_lo
6,373,1,0,4,height;weight;age;ap_hi
6,374,1,1,3,ap_lo;ap_hi;age
6,375,0,1,4,age;height;ap_lo;weight
6,376,1,0,4,ap_lo;age;ap_hi;weight
6,377,1,0,4,ap_hi;ap_lo;height;age
6,378,0,0,4,age;height;ap_hi;ap_lo
6,379,0,1,4,ap_hi;height;ap_lo;weight
6,380,1,0,4,weight;age;height;ap_hi
6,381,1,1,4,height;ap_hi;ap_lo;weight
6,382,0,1,3,ap_lo;height;weight
6,383,1,1,3,ap_lo;height;weight
6,384,1,1,4,weight;ap_hi;height;age
6,385,0,1,4,height;ap_lo;weight;age
6,386,0,0,4,ap_hi;height;ap_lo;weight
6,387,1,1,4,height;age;ap_lo;weight
6,388,0,0,4,ap_hi;ap_lo;weight;age
6,389,0,0,4,height;ap_hi;weight;ap_lo
6,390,1,1,3,age;height;ap_lo
6,391,1,0,3,ap_lo;age;ap_hi
6,392,0,0,3,weight;ap_hi;age
6,393,1,1,4,ap_hi;age;ap_lo;height
6,394,0,0,3,age;ap_lo;weight
6,395,1,1,3,ap_lo;ap_hi;weight
6,396,1,0,4,age;height;ap_lo;weight
6,397,1,1,3,ap_hi;age;weight
6,398,0,1,3,height;age;ap_lo
6,399,0,0,4,ap_lo;ap_hi;age;weight
6,400,1,1,4,height;ap_hi;age;weight
6,401,1,1,4,age;ap_lo;height;ap_hi
6,402,0,1,3,ap_hi;age;weight
6,403,0,1,3,age;weight;ap_lo
6,404,0,0,3,ap_lo;age;ap_hi
6,405,0,0,4,ap_hi;ap_lo;age;height
6,406,0,0,3,age;ap_hi;height
6,407,1,0,4,weight;ap_lo;ap_hi;height
6,408,1,1,3,weight;age;ap_hi
6,409,0,1,4,height;ap_lo;age;weight
6,410,0,0,3,ap_hi;ap_lo;weight
6,411,0,0,3,ap_hi;ap_lo;age
6,412,0,0,4,height;weight;age;ap_hi
6,413,1,1,4,ap_hi;height;age;ap_lo
6,414,0,0,3,age;ap_lo;ap_hi
6,415,0,0,3,ap_hi;ap_lo;height
6,416,0,0,3,weight;ap_hi;ap_lo
6,417,0,1,3,age;ap_lo;height
6,418,0,0,3,weight;height;ap_hi
6,419,1,0,3,weight;ap_hi;age
6,420,1,0,3,ap_lo;age;height
6,421,0,0,3,age;ap_hi;ap_lo
6,422,1,0,4,weight;age;ap_hi;height
6,423,0,0,3,weight;ap_hi;age
6,424,1,1,3,weight;age;ap_hi
6,425,1,1,3,ap_lo;ap_hi;weight
6,426,1,1,3,height;weight;ap_lo
6,427,1,1,4,height;ap_hi;weight;ap_lo
6,428,0,1,3,age;height;weight
6,429,1,1,3,age;ap_hi;weight
6,430,1,0,4,weight;height;ap_lo;age
6,431,1,1,3,weight;height;age
6,432,1,1,3,height;ap_hi;ap_lo
6,433,1,1,4,age;ap_hi;height;ap_lo
6,434,1,0,3,age;ap_hi;weight
6,435,1,0,3,age;weight;ap_hi
6,436,1,1,3,ap_hi;age;ap_lo
6,437,1,1,4,weight;ap_lo;age;ap_hi
6,438,0,0,4,weight;age;ap_lo;height
6,439,0,1,4,weight;ap_hi;ap_lo;height
6,440,1,0,4,ap_lo;height;ap_hi;age
6,441,0,0,3,weight;age;ap_hi
6,442,0,0,4,ap_hi;age;height;weight
6,443,0,0,4,ap_hi;age;ap_lo;height
6,444,0,1,4,ap_lo;ap_hi;height;weight
6,445,0,0,3,age;ap_lo;ap_hi
6,446,0,0,4,age;weight;ap_hi;height
6,447,1,1,3,height;ap_hi;weight
6,448,0,1,4,height;ap_lo;ap_hi;weight
6,449,0,0,3,height;weight;ap_hi
6,450,0,0,4,ap_hi;weight;height;ap_lo
6,451,0,1,3,age;weight;height
6,452,1,1,4,weight;age;ap_hi;ap_lo
6,453,1,1,3,weight;ap_lo;age
6,454,1,0,4,ap_hi;age;height;ap_lo
6,455,0,1,4,height;ap_hi;weight;ap_lo
6,456,0,1,4,height;age;weight;ap_lo
6,457,0,0,4,ap_lo;height;weight;ap_hi
6,458,1,1,4,age;ap_lo;weight;height
6,459,1,0,4,age;height;ap_hi;ap_lo
6,460,1,1,4,weight;height;age;ap_hi
6,461,1,1,3,weight;ap_hi;ap_lo
6,462,0,1,4,ap_hi;ap_lo;age;weight
6,463,0,0,4,height;ap_lo;age;weight
6,464,1,1,3,ap_lo;age;height
6,465,1,0,4,height;age;ap_hi;ap_lo
6,466,1,0,3,weight;ap_lo;age
6,467,1,1,3,age;ap_hi;weight
6,468,0,1,4,weight;height;age;ap_hi
6,469,1,1,4,weight;age;height;ap_lo
6,470,1,1,4,height;ap_hi;weight;ap_lo
6,471,1,1,4,weight;height;ap_lo;age
6,472,0,1,4,height;age;ap_lo;weight
6,473,1,1,4,ap_lo;age;height;ap_hi
6,474,1,0,4,weight;age;ap_hi;ap_lo
6,475,0,1,4,age;weight;ap_hi;height
6,476,0,1,4,age;weight;ap_hi;ap_lo
6,477,0,0,3,age;ap_hi;weight
6,478,0,0,4,height;ap_lo;weight;age
6,479,0,0,4,ap_hi;height;age;weight
6,480,0,1,3,age;ap_lo;ap_hi
6,481,1,1,3,ap_hi;ap_lo;weight
6,482,1,1,3,age;ap_hi;ap_lo
6,483,1,1,3,height;ap_hi;ap_lo
6,484,0,0,3,age;ap_hi;ap_lo
6,485,1,1,4,height;ap_hi;age;weight
6,486,1,1,3,height;ap_lo;ap_hi
6,487,1,1,4,ap_lo;ap_hi;age;weight
6,488,1,1,4,age;height;weight;ap_lo
6,489,1,0,3,weight;height;ap_lo
6,490,0,0,4,ap_hi;weight;height;ap_lo
6,491,0,1,3,ap_hi;age;weight
6,492,0,0,3,weight;height;ap_hi
6,493,1,1,3,height;age;ap_lo
6,494,1,1,4,ap_hi;height;age;weight
6,495,1,1,3,ap_hi;height;ap_lo
6,496,1,0,3,weight;height;ap_lo
6,497,1,1,3,ap_lo;ap_hi;height
6,498,0,0,4,height;age;ap_hi;weight
6,499,0,0,3,weight;height;ap_hi
6,500,0,0,4,height;ap_hi;weight;ap_lo
6,501,1,1,3,weight;ap_lo;ap_hi
6,502,1,1,3,ap_lo;ap_hi;weight
6,503,0,1,4,height;age;weight;ap_lo
6,504,0,0,4,weight;age;ap_hi;height
6,505,0,0,3,ap_hi;height;ap_lo
6,506,0,0,3,weight;ap_lo;ap_hi
6,507,1,1,4,age;ap_hi;ap_lo;weight
6,508,0,0,4,age;ap_hi;weight;height
6,509,0,0,3,age;ap_lo;height
6,510,1,1,3,weight;ap_lo;age
6,511,0,1,4,age;weight;ap_hi;ap_lo
6,512,1,1,3,weight;ap_hi;height
6,513,1,0,4,weight;ap_lo;age;ap_hi
6,514,1,1,4,ap_lo;ap_hi;weight;age
6,515,0,0,3,height;ap_hi;ap_lo
6,516,1,1,4,age;ap_lo;height;ap_hi
6,517,1,1,4,age;ap_hi;height;ap_lo
6,518,0,0,4,ap_lo;age;weight;ap_hi
6,519,1,1,3,ap_hi;height;weight
6,520,1,1,3,age;ap_hi;weight
6,521,0,1,4,height;age;weight;ap_lo
6,522,0,0,4,age;height;ap_hi;ap_lo
6,523,1,0,3,ap_hi;ap_lo;age
6,524,1,0,3,ap_lo;ap_hi;age
6,525,0,0,4,ap_lo;height;age;ap_hi
6,526,0,0,4,ap_lo;ap_hi;age;weight
6,527,1,1,3,ap_lo;age;height
6,528,0,0,3,ap_lo;weight;ap_hi
6,529,1,1,3,age;ap_hi;height
6,530,0,0,3,height;age;ap_hi
6,531,1,1,3,age;ap_lo;height
6,532,0,0,4,weight;age;ap_hi;height
6,533,1,1,3,ap_lo;ap_hi;height
6,534,0,0,4,ap_lo;age;weight;ap_hi
6,535,1,1,4,weight;ap_lo;height;age
6,536,1,1,3,ap_lo;age;height
6,537,1,0,3,ap_lo;age;weight
6,538,0,1,3,ap_hi;age;weight
6,539,1,0,4,ap_lo;height;ap_hi;weight
6,540,1,1,3,height;ap_lo;age
6,541,1,0,4,age;ap_hi;height;ap_lo
6,542,1,1,3,weight;ap_lo;height
6,543,1,1,3,age;ap_hi;height
6,544,1,1,3,age;ap_lo;height
6,545,0,0,4,ap_lo;age;weight;height
6,546,0,1,3,age;height;weight
6,547,0,1,4,ap_hi;height;weight;ap_lo
6,548,0,0,3,age;height;weight
6,549,1,1,3,age;ap_lo;weight
6,550,1,1,4,ap_hi;weight;height;age
6,551,1,1,3,height;age;weight
6,552,0,1,3,age;weight;height
6,553,1,1,4,ap_lo;weight;height;ap_hi
6,554,0,1,3,ap_hi;age;height
6,555,0,1,3,height;ap_hi;age
6,556,1,1,3,age;height;ap_hi
6,557,1,0,4,ap_hi;age;height;weight
6,558,1,1,3,age;ap_hi;weight
6,559,1,1,3,age;ap_lo;weight
6,560,1,1,3,height;ap_lo;ap_hi
6,561,0,1,4,ap_lo;height;age;ap_hi
6,562,0,0,4,height;ap_hi;weight;ap_lo
6,563,0,1,3,ap_lo;weight;ap_hi
6,564,1,0,4,ap_lo;weight;age;height
6,565,1,1,4,ap_hi;weight;ap_lo;height
6,566,0,1,3,ap_hi;weight;ap_lo
6,567,1,0,3,ap_hi;height;age
6,568,1,1,3,height;ap_lo;ap_hi
6,569,0,1,4,weight;ap_hi;age;ap_lo
6,570,1,1,4,age;height;weight;ap_lo
6,571,1,1,3,weight;age;ap_lo
6,572,0,0,4,age;height;ap_lo;ap_hi
6,573,1,0,3,ap_hi;height;age
6,574,1,1,4,ap_hi;height;age;weight
6,575,0,1,4,height;ap_hi;age;ap_lo
6,576,1,0,4,ap_hi;age;height;weight
6,577,1,1,3,ap_hi;ap_lo;height
6,578,1,0,4,ap_lo;age;height;weight
6,579,0,0,4,weight;age;height;ap_hi
6,580,1,0,3,ap_lo;weight;ap_hi
6,581,1,0,3,age;ap_hi;height
6,582,0,0,4,ap_lo;age;weight;height
6,583,0,0,3,ap_hi;age;height
6,584,0,0,3,age;ap_lo;ap_hi
6,585,1,1,3,height;age;ap_hi
6,586,0,0,4,age;ap_lo;height;weight
6,587,0,1,4,weight;height;ap_lo;age
6,588,1,1,3,ap_lo;ap_hi;age
6,589,1,1,3,age;ap_hi;height
6,590,1,1,3,ap_hi;height;age
6,591,0,1,3,ap_lo;height;age
6,592,0,0,4,weight;ap_lo;age;ap_hi
6,593,0,0,4,age;height;weight;ap_lo
6,594,0,0,3,ap_hi;ap_lo;height
6,595,1,1,3,ap_hi;ap_lo;age
6,596,1,1,3,age;ap_hi;height
6,597,0,0,4,ap_hi;age;ap_lo;weight
6,598,0,0,3,ap_hi;ap_lo;height
6,599,0,1,3,height;age;ap_lo
6,600,1,0,4,age;ap_hi;weight;height
6,601,1,1,4,height;ap_lo;ap_hi;age
6,602,1,1,4,ap_lo;weight;height;ap_hi
6,603,1,1,3,height;weight;ap_lo
6,604,0,0,3,height;ap_lo;age
6,605,0,1,4,weight;height;age;ap_hi
6,606,1,1,4,weight;height;ap_hi;ap_lo
6,607,1,1,3,age;ap_hi;weight
6,608,0,0,4,height;age;weight;ap_lo
6,609,0,0,4,weight;ap_lo;age;height
6,610,1,1,3,ap_hi;age;weight
6,611,1,1,3,ap_lo;weight;ap_hi
6,612,0,0,4,ap_lo;height;weight;ap_hi
6,613,0,0,4,height;weight;ap_hi;ap_lo
6,614,0,1,4,weight;age;ap_lo;height
6,615,0,0,3,ap_hi;height;ap_lo
6,616,0,0,3,age;ap_lo;weight
6,617,0,0,3,ap_hi;weight;height
6,618,0,0,3,ap_lo;weight;age
6,619,1,1,3,weight;age;ap_hi
6,620,0,1,4,ap_hi;weight;ap_lo;age
6,621,1,1,4,age;ap_hi;ap_lo;height
6,622,0,1,4,height;age;ap_hi;weight
6,623,1,0,3,weight;ap_hi;height
6,624,1,1,4,height;ap_hi;weight;age
6,625,0,0,3,weight;height;ap_lo
6,626,1,1,4,weight;ap_lo;age;ap_hi
6,627,0,0,4,weight;ap_lo;height;age
6,628,0,0,3,ap_lo;height;age
6,629,0,0,3,ap_lo;height;ap_hi
6,630,0,1,3,ap_lo;ap_hi;age
6,631,1,0,4,weight;height;ap_lo;age
6,632,1,1,3,weight;ap_lo;age
6,633,0,0,3,weight;ap_lo;ap_hi
6,634,0,0,4,ap_lo;ap_hi;age;height
6,635,1,1,4,weight;ap_hi;ap_lo;height
6,636,1,1,4,ap_lo;height;ap_hi;weight
6,637,0,0,4,ap_hi;weight;age;ap_lo
6,638,1,1,3,weight;height;ap_hi
6,639,0,0,4,ap_hi;weight;height;age
6,640,1,1,4,age;weight;ap_hi;ap_lo
6,641,1,0,4,weight;age;ap_hi;height
6,642,1,1,3,weight;ap_hi;ap_lo
6,643,0,0,4,ap_lo;age;height;ap_hi
6,644,1,0,3,height;ap_lo;age
6,645,1,1,4,weight;ap_hi;ap_lo;height
6,646,0,0,3,age;ap_hi;weight
6,647,0,0,3,age;height;ap_lo
6,648,0,1,4,weight;height;ap_hi;ap_lo
6,649,0,0,4,ap_hi;height;weight;ap_lo
6,650,1,1,3,height;ap_hi;ap_lo
6,651,0,1,3,height;ap_lo;ap_hi
6,652,0,0,3,height;ap_lo;ap_hi
6,653,0,1,3,ap_lo;weight;age
6,654,0,0,3,ap_lo;ap_hi;age
6,655,0,1,3,ap_hi;height;weight
6,656,0,1,3,ap_hi;ap_lo;height
6,657,0,0,4,weight;ap_lo;ap_hi;age
6,658,1,1,4,weight;age;ap_hi;height
6,659,0,0,4,height;weight;age;ap_hi
6,660,1,1,3,ap_lo;weight;ap_hi
6,661,0,0,3,weight;ap_hi;age
6,662,0,1,3,weight;age;ap_lo
6,663,0,1,3,weight;ap_lo;height
6,664,1,0,4,ap_hi;ap_lo;height;age
6,665,1,1,4,height;age;ap_lo;weight
6,666,0,0,3,ap_hi;height;age
6,667,1,0,3,weight;height;age
6,668,1,1,3,weight;ap_lo;height
6,669,1,0,3,ap_hi;height;weight
6,670,0,0,3,ap_lo;weight;age
6,671,0,0,3,ap_lo;age;ap_hi
6,672,0,0,3,ap_lo;height;age
6,673,0,0,4,age;ap_hi;weight;ap_lo
6,674,1,1,4,weight;ap_hi;age;ap_lo
6,675,1,0,3,weight;ap_lo;height
6,676,1,1,4,weight;height;ap_lo;age
6,677,1,1,4,ap_lo;ap_hi;age;weight
6,678,0,0,4,height;weight;age;ap_lo
6,679,1,1,3,weight;ap_hi;ap_lo
6,680,0,0,4,height;ap_lo;weight;ap_hi
6,681,0,0,3,weight;height;ap_hi
6,682,0,0,4,weight;ap_hi;age;ap_lo
6,683,1,1,4,ap_hi;ap_lo;weight;age
6,684,0,1,3,ap_hi;height;age
6,685,1,1,3,height;ap_lo;weight
6,686,1,1,4,ap_hi;age;ap_lo;height
6,687,0,0,3,age;ap_hi;ap_lo
6,688,1,1,4,age;ap_hi;height;weight
6,689,1,1,3,height;ap_lo;age
6,690,0,0,4,age;height;ap_hi;weight
6,691,0,0,4,ap_hi;height;ap_lo;weight
6,692,0,0,4,ap_hi;age;weight;ap_lo
6,693,0,0,3,ap_hi;ap_lo;height
6,694,0,0,4,age;ap_lo;height;ap_hi
6,695,1,0,4,weight;age;ap_hi;ap_lo
6,696,0,1,3,age;height;ap_lo
6,697,1,1,3,weight;ap_lo;height
6,698,1,0,3,ap_hi;weight;ap_lo
6,699,1,1,4,ap_hi;weight;ap_lo;height
6,700,0,0,3,weight;ap_hi;height
6,701,0,1,4,ap_lo;weight;age;height
6,702,0,0,3,weight;height;ap_lo
6,703,0,0,4,ap_lo;height;age;weight
6,704,0,1,3,weight;ap_lo;ap_hi
6,705,1,0,4,ap_hi;weight;age;height
6,706,1,0,4,weight;height;ap_lo;age
6,707,1,1,4,ap_hi;ap_lo;weight;age
6,708,0,0,3,height;weight;ap_hi
6,709,0,1,4,weight;height;age;ap_hi
6,710,0,0,3,ap_lo;ap_hi;age
6,711,0,0,3,weight;age;ap_lo
6,712,1,1,3,ap_hi;age;height
6,713,1,1,3,ap_lo;height;ap_hi
6,714,1,1,3,height;ap_lo;age
6,715,1,0,4,age;ap_lo;ap_hi;weight
6,716,1,1,3,ap_lo;weight;age
6,717,0,0,4,ap_lo;ap_hi;age;height
6,718,0,1,4,ap_lo;weight;ap_hi;age
6,719,1,1,3,height;weight;age
6,720,0,0,3,weight;ap_hi;ap_lo
6,721,1,0,4,weight;ap_lo;age;height
6,722,0,1,4,age;height;ap_hi;weight
6,723,1,1,4,ap_hi;ap_lo;weight;height
6,724,1,0,4,weight;ap_lo;ap_hi;height
6,725,1,1,4,height;age;ap_lo;ap_hi
6,726,1,1,4,height;ap_lo;ap_hi;age
6,727,1,1,3,height;weight;ap_hi
6,728,1,1,4,height;ap_hi;age;ap_lo
6,729,1,0,4,ap_hi;age;ap_lo;weight
6,730,1,1,4,age;ap_lo;ap_hi;weight
6,731,1,1,4,ap_lo;ap_hi;height;weight
6,732,0,0,4,ap_hi;ap_lo;age;height
6,733,0,0,4,age;weight;ap_hi;ap_lo
6,734,0,0,3,height;ap_hi;age
6,735,0,0,3,weight;age;ap_hi
6,736,0,0,4,ap_lo;ap_hi;age;height
6,737,1,1,4,ap_hi;height;age;weight
6,738,0,1,4,ap_hi;ap_lo;weight;height
6,739,1,1,4,ap_hi;ap_lo;height;age
6,740,0,0,3,weight;height;age
6,741,0,1,4,ap_hi;ap_lo;height;age
6,742,0,1,3,weight;height;age
6,743,0,0,3,ap_hi;height;ap_lo
6,744,1,1,4,height;ap_lo;age;weight
6,745,0,0,4,weight;ap_lo;age;height
6,746,0,0,3,ap_lo;weight;ap_hi
6,747,0,0,4,age;weight;ap_hi;ap_lo
6,748,0,0,3,age;weight;height
6,749,0,0,4,weight;ap_lo;height;age
6,750,0,0,3,age;ap_hi;ap_lo
6,751,0,1,3,height;weight;ap_lo
6,752,0,1,4,height;age;ap_hi;ap_lo
6,753,1,0,4,ap_lo;height;weight;ap_hi
6,754,0,1,3,age;ap_lo;height
6,755,0,0,4,ap_hi;ap_lo;height;age
6,756,1,0,4,ap_hi;height;age;weight
6,757,0,1,3,age;height;ap_lo
6,758,1,0,4,weight;age;ap_lo;height
6,759,1,1,3,weight;age;ap_lo
6,760,1,1,3,ap_lo;ap_hi;weight
6,761,0,1,3,age;weight;height
6,762,1,1,4,height;ap_hi;age;ap_lo
6,763,0,1,3,ap_hi;weight;ap_lo
6,764,0,0,3,ap_hi;weight;height
6,765,0,1,3,height;age;ap_lo
6,766,1,1,4,weight;ap_lo;age;height
6,767,0,1,4,age;height;ap_hi;ap_lo
6,768,0,1,3,height;age;ap_hi
6,769,1,0,3,weight;height;age
6,770,0,0,3,weight;ap_hi;height
6,771,0,0,4,weight;ap_lo;ap_hi;height
6,772,1,1,4,age;ap_hi;weight;height
6,773,0,1,3,weight;ap_lo;ap_hi
6,774,1,1,4,weight;height;ap_lo;age
6,775,0,0,3,ap_hi;weight;height
6,776,0,0,3,ap_lo;ap_hi;height
6,777,1,0,4,height;ap_lo;weight;ap_hi
6,778,1,0,4,height;ap_lo;ap_hi;age
6,779,0,1,3,height;weight;ap_lo
6,780,0,1,3,age;ap_lo;weight
6,781,0,1,4,height;ap_hi;weight;ap_lo
6,782,1,1,4,weight;height;ap_lo;ap_hi
6,783,1,1,4,ap_lo;height;weight;age
6,784,1,1,4,height;age;ap_lo;ap_hi
6,785,1,1,3,ap_hi;age;weight
6,786,0,0,4,weight;ap_lo;ap_hi;age
6,787,0,0,3,weight;age;ap_lo
6,788,1,1,4,weight;ap_lo;age;height
6,789,1,1,4,weight;ap_lo;height;ap_hi
6,790,0,1,3,ap_lo;height;weight
6,791,0,0,3,height;ap_hi;ap_lo
6,792,0,1,4,height;age;ap_hi;weight
6,793,0,1,4,ap_lo;age;ap_hi;height
6,794,0,0,3,ap_hi;weight;ap_lo
6,795,0,0,4,age;height;ap_hi;ap_lo
6,796,0,1,3,ap_hi;height;age
6,797,0,1,3,height;age;weight
6,798,0,0,4,ap_hi;age;height;ap_lo
6,799,0,0,4,ap_hi;height;age;ap_lo
6,800,0,1,3,age;weight;height
6,801,0,1,4,ap_lo;ap_hi;age;height
6,802,0,0,3,height;ap_lo;age
6,803,0,0,4,weight;height;ap_hi;ap_lo
6,804,1,1,3,ap_lo;ap_hi;weight
6,805,1,1,4,weight;ap_lo;height;age
6,806,0,1,4,weight;age;ap_hi;height
6,807,1,1,3,age;ap_lo;height
6,808,0,0,3,weight;ap_lo;ap_hi
6,809,1,0,4,age;weight;height;ap_lo
6,810,0,1,3,height;ap_lo;age
6,811,1,0,3,ap_hi;age;weight
6,812,0,1,4,weight;ap_hi;ap_lo;height
6,813,0,1,3,height;ap_lo;age
6,814,0,0,4,height;weight;ap_lo;ap_hi
6,815,0,1,3,weight;ap_hi;ap_lo
6,816,0,0,3,weight;ap_hi;age
6,817,0,0,4,ap_hi;age;ap_lo;height
6,818,1,1,3,height;weight;age
6,819,0,0,3,weight;ap_hi;age
6,820,1,0,4,age;ap_lo;ap_hi;weight
6,821,0,0,4,weight;height;ap_hi;ap_lo
6,822,0,1,3,ap_hi;weight;height
6,823,0,0,4,age;height;ap_hi;ap_lo
6,824,1,1,3,age;height;weight
6,825,0,0,4,weight;height;age;ap_hi
6,826,0,1,3,weight;height;ap_lo
6,827,1,0,4,age;weight;height;ap_hi
6,828,1,1,3,weight;age;ap_lo
6,829,0,1,3,age;ap_hi;ap_lo
6,830,1,1,3,age;ap_hi;ap_lo
6,831,0,0,4,ap_lo;ap_hi;age;height
6,832,0,0,3,height;ap_lo;ap_hi
6,833,1,1,3,height;weight;ap_lo
6,834,1,0,3,weight;ap_hi;ap_lo
6,835,0,0,4,ap_lo;ap_hi;weight;height
6,836,0,1,4,ap_lo;weight;height;age
6,837,0,0,4,ap_hi;ap_lo;age;weight
6,838,0,0,4,weight;ap_lo;ap_hi;age
6,839,0,0,3,ap_hi;height;weight
6,840,0,0,3,age;ap_hi;weight
6,841,0,0,4,age;ap_hi;height;ap_lo
6,842,0,1,3,ap_hi;weight;height
6,843,1,1,3,weight;ap_lo;height
6,844,0,0,4,height;ap_hi;weight;age
6,845,0,1,4,ap_lo;height;weight;age
6,846,0,1,3,ap_hi;height;weight
6,847,1,0,3,height;ap_lo;ap_hi
6,848,0,0,4,weight;height;age;ap_lo
6,849,1,1,3,weight;ap_hi;height
6,850,1,0,3,weight;age;ap_lo
6,851,0,0,3,height;ap_hi;age
6,852,0,0,3,ap_hi;ap_lo;weight
6,853,1,1,3,age;ap_hi;height
6,854,1,1,4,ap_lo;ap_hi;height;age
6,855,1,1,3,age;height;ap_lo
6,856,0,1,4,age;ap_hi;height;weight
6,857,1,1,4,ap_lo;age;height;ap_hi
6,858,1,1,3,weight;ap_lo;height
6,859,0,0,4,ap_lo;height;weight;ap_hi
6,860,1,1,4,age;height;ap_lo;weight
6,861,1,1,3,ap_lo;age;ap_hi
6,862,1,1,4,weight;age;ap_hi;height
6,863,0,0,4,ap_lo;weight;ap_hi;age
6,864,1,1,3,weight;height;ap_hi
6,865,0,0,4,height;weight;ap_hi;age
6,866,1,1,3,weight;age;ap_hi
6,867,1,1,3,weight;age;height
6,868,1,1,3,ap_lo;age;height
6,869,1,1,3,ap_hi;weight;ap_lo
6,870,0,0,3,age;height;ap_lo
6,871,1,1,4,ap_hi;height;weight;age
6,872,0,0,3,ap_lo;age;weight
6,873,0,0,3,ap_hi;height;age
6,874,0,0,3,ap_hi;age;height
6,875,0,0,4,age;ap_lo;ap_hi;height
6,876,1,1,3,height;ap_hi;weight
6,877,0,0,3,weight;age;ap_lo
6,878,1,1,3,ap_lo;height;age
6,879,1,1,4,age;ap_hi;ap_lo;height
6,880,1,1,4,ap_hi;age;weight;height
6,881,1,1,4,weight;height;age;ap_lo
6,882,1,1,3,ap_hi;age;height
6,883,1,1,3,ap_hi;age;weight
6,884,0,0,3,weight;ap_hi;height
6,885,1,1,4,weight;ap_hi;ap_lo;height
6,886,0,0,4,age;weight;ap_hi;ap_lo
6,887,1,1,4,age;weight;ap_lo;ap_hi
6,888,0,0,4,age;weight;ap_hi;ap_lo
6,889,1,0,3,age;ap_hi;ap_lo
6,890,0,0,4,age;ap_hi;height;ap_lo
6,891,0,0,3,height;age;weight
6,892,0,1,3,height;ap_hi;ap_lo
6,893,1,0,3,ap_hi;age;weight
6,894,0,0,3,weight;height;age
6,895,1,1,3,weight;age;ap_hi
6,896,0,0,3,height;weight;ap_hi
6,897,1,0,3,ap_hi;weight;ap_lo
6,898,1,1,4,height;ap_hi;ap_lo;age
6,899,0,0,4,age;ap_lo;weight;ap_hi
6,900,0,0,4,age;ap_hi;ap_lo;weight
6,901,0,0,3,ap_lo;weight;age
6,902,1,0,3,ap_hi;weight;age
6,903,1,1,3,height;ap_lo;age
6,904,1,0,3,weight;ap_lo;age
6,905,0,0,3,age;ap_lo;height
6,906,0,0,4,weight;height;age;ap_lo
6,907,1,1,4,age;ap_lo;weight;ap_hi
6,908,0,0,3,age;height;ap_hi
6,909,1,1,4,weight;age;ap_lo;ap_hi
6,910,0,0,4,ap_hi;age;height;weight
6,911,0,1,4,weight;ap_hi;age;ap_lo
6,912,1,0,3,weight;height;ap_lo
6,913,0,0,3,ap_hi;height;weight
6,914,1,1,3,age;weight;height
6,915,1,1,4,ap_lo;ap_hi;height;age
6,916,0,0,4,ap_lo;ap_hi;age;weight
6,917,0,0,3,weight;height;ap_hi
6,918,0,0,4,height;age;ap_hi;weight
6,919,1,0,3,ap_lo;weight;ap_hi
6,920,1,1,4,ap_lo;ap_hi;weight;age
6,921,1,1,4,ap_hi;ap_lo;weight;age
6,922,0,0,3,weight;age;height
6,923,0,0,3,age;weight;ap_hi
6,924,1,1,3,age;ap_hi;ap_lo
6,925,1,0,4,height;ap_lo;weight;ap_hi
6,926,1,1,3,ap_hi;height;ap_lo
6,927,1,1,3,ap_lo;height;weight
6,928,1,1,4,age;height;ap_lo;ap_hi
6,929,0,0,3,height;age;ap_lo
6,930,0,0,4,weight;height;age;ap_lo
6,931,1,0,3,height;ap_lo;ap_hi
6,932,0,0,4,weight;ap_hi;age;ap_lo
6,933,1,1,4,age;height;ap_lo;ap_hi
6,934,1,1,3,age;height;ap_lo
6,935,1,1,4,ap_lo;ap_hi;height;age
6,936,0,0,3,height;ap_hi;age
6,937,1,0,4,ap_lo;age;ap_hi;height
6,938,1,1,3,height;ap_hi;weight
6,939,1,0,3,ap_hi;age;height
6,940,0,1,3,ap_lo;weight;ap_hi
6,941,0,1,4,ap_lo;age;weight;height
6,942,0,1,4,age;ap_hi;weight;height
6,943,0,0,3,weight;ap_hi;ap_lo
6,944,1,1,3,height;weight;ap_hi
6,945,0,0,4,weight;ap_hi;height;age
6,946,0,0,3,height;age;ap_lo
6,947,0,0,4,ap_lo;ap_hi;age;height
6,948,1,1,4,ap_lo;age;weight;height
6,949,0,1,4,age;height;ap_hi;ap_lo
6,950,0,1,3,ap_lo;height;age
6,951,0,0,3,ap_lo;age;height
6,952,0,1,3,ap_hi;age;height
6,953,1,1,4,ap_lo;age;height;weight
6,954,0,0,3,height;ap_lo;ap_hi
6,955,0,0,3,height;weight;ap_hi
6,956,1,1,3,height;ap_lo;weight
6,957,0,1,3,age;height;weight
6,958,0,0,4,ap_hi;ap_lo;age;weight
6,959,1,1,4,height;age;ap_hi;weight
6,960,1,1,4,ap_hi;weight;age;height
6,961,0,0,4,weight;ap_lo;age;ap_hi
6,962,0,0,3,weight;ap_hi;height
6,963,0,0,4,age;ap_hi;ap_lo;height
6,964,1,1,3,ap_lo;age;weight
6,965,1,1,4,age;ap_hi;weight;height
6,966,1,1,4,age;ap_hi;height;weight
6,967,1,1,4,ap_lo;height;age;weight
6,968,1,0,3,ap_hi;height;age
6,969,1,1,4,weight;height;age;ap_hi
6,970,0,0,4,height;weight;ap_lo;age
6,971,1,1,4,age;weight;height;ap_lo
6,972,1,0,3,age;weight;ap_lo
6,973,0,0,4,ap_lo;ap_hi;weight;height
6,974,1,1,4,ap_lo;weight;ap_hi;height
6,975,1,1,4,age;weight;ap_lo;height
6,976,1,1,3,ap_hi;age;ap_lo
6,977,0,0,4,age;ap_hi;ap_lo;height
6,978,1,1,4,age;ap_lo;height;ap_hi
6,979,0,1,4,ap_lo;height;ap_hi;weight
6,980,1,1,4,ap_lo;weight;age;ap_hi
6,981,0,0,3,age;weight;ap_hi
6,982,0,0,3,weight;height;ap_hi
6,983,1,1,4,height;ap_lo;ap_hi;weight
6,984,1,0,4,age;weight;ap_lo;height
6,985,1,0,4,height;ap_hi;age;weight
6,986,1,1,3,weight;ap_hi;age
6,987,1,0,3,ap_lo;ap_hi;height
6,988,1,1,3,ap_hi;ap_lo;age
6,989,1,0,4,ap_lo;height;ap_hi;weight
6,990,1,1,3,age;ap_lo;weight
6,991,0,1,4,weight;ap_hi;height;ap_lo
6,992,1,1,4,height;weight;ap_lo;age
6,993,0,0,3,ap_lo;ap_hi;height
6,994,1,0,3,height;age;weight
6,995,1,0,3,ap_lo;weight;age
6,996,1,1,4,weight;age;ap_hi;height
6,997,0,0,4,weight;ap_lo;ap_hi;height
6,998,1,0,4,ap_hi;ap_lo;height;weight
6,999,1,1,3,height;weight;ap_hi
7,0,0,0,3,ap_hi;ap_lo;age
7,1,0,1,4,weight;height;ap_hi;age
7,2,0,0,4,weight;age;height;ap_hi
7,3,0,0,4,ap_lo;ap_hi;age;height
7,4,1,0,4,height;ap_hi;age;weight
7,5,0,0,3,weight;age;ap_lo
7,6,0,0,4,age;ap_lo;ap_hi;weight
7,7,0,0,3,age;weight;ap_hi
7,8,0,0,3,age;ap_lo;height
7,9,1,1,3,height;age;weight
7,10,0,1,4,weight;ap_hi;ap_lo;age
7,11,1,1,4,ap_hi;age;weight;height
7,12,0,0,4,age;weight;height;ap_hi
7,13,0,0,3,height;weight;ap_hi
7,14,0,0,4,height;age;ap_hi;ap_lo
7,15,0,0,3,ap_lo;height;weight
7,16,1,0,3,age;height;weight
7,17,0,0,3,ap_lo;weight;ap_hi
7,18,0,0,4,height;weight;ap_hi;ap_lo
7,19,1,1,4,height;weight;age;ap_hi
7,20,0,1,3,height;ap_lo;age
7,21,1,1,4,age;height;weight;ap_hi
7,22,1,0,4,age;weight;height;ap_lo
7,23,0,0,4,age;weight;ap_lo;height
7,24,1,0,4,ap_lo;weight;ap_hi;age
7,25,1,1,4,weight;ap_lo;age;ap_hi
7,26,1,1,3,height;ap_lo;ap_hi
7,27,0,0,4,weight;ap_lo;ap_hi;height
7,28,0,0,4,ap_hi;weight;ap_lo;age
7,29,0,1,3,ap_hi;height;weight
7,30,1,1,3,height;age;weight
7,31,1,1,4,age;ap_lo;ap_hi;weight
7,32,0,0,3,ap_hi;weight;ap_lo
7,33,1,0,4,age;weight;height;ap_lo
7,34,1,1,3,ap_lo;ap_hi;height
7,35,1,1,3,ap_hi;age;ap_lo
7,36,0,0,4,ap_hi;weight;height;ap_lo
7,37,0,1,4,height;ap_lo;age;ap_hi
7,38,0,0,3,weight;ap_hi;age
7,39,1,1,4,age;weight;height;ap_lo
7,40,1,1,4,ap_hi;ap_lo;weight;height
7,41,1,1,3,weight;height;ap_lo
7,42,1,0,4,age;height;ap_hi;weight
7,43,0,0,3,weight;ap_hi;height
7,44,1,1,3,ap_lo;ap_hi;weight
7,45,1,1,3,ap_lo;ap_hi;age
7,46,0,0,4,age;height;weight;ap_lo
7,47,0,0,4,height;weight;age;ap_lo
7,48,1,1,4,ap_lo;ap_hi;weight;age
7,49,0,0,4,ap_hi;age;ap_lo;height
7,50,0,0,3,height;weight;ap_lo
7,51,0,0,4,ap_lo;age;height;weight
7,52,1,1,4,age;ap_lo;ap_hi;height
7,53,0,0,3,ap_hi;ap_lo;age
7,54,1,1,3,ap_lo;weight;height
7,55,1,0,3,ap_lo;age;ap_hi
7,56,0,0,3,age;weight;ap_lo
7,57,1,1,3,ap_lo;ap_hi;weight
7,58,1,1,3,age;height;ap_lo
7,59,0,0,4,ap_lo;weight;ap_hi;height
7,60,1,0,4,ap_hi;height;age;ap_lo
7,61,1,1,3,ap_hi;age;height
7,62,0,0,4,ap_hi;height;weight;ap_lo
7,63,1,1,3,age;ap_lo;height
7,64,0,0,3,age;ap_hi;ap_lo
7,65,0,0,3,ap_hi;ap_lo;height
7,66,0,0,3,height;ap_lo;ap_hi
7,67,0,1,4,ap_lo;age;weight;height
7,68,1,1,4,weight;ap_hi;age;ap_lo
7,69,0,0,3,ap_hi;weight;ap_lo
7,70,1,1,4,weight;ap_hi;age;height
7,71,1,1,4,height;age;weight;ap_hi
7,72,0,1,4,height;weight;ap_hi;age
7,73,0,1,3,ap_lo;weight;age
7,74,1,1,4,height;weight;ap_lo;age
7,75,1,0,3,height;weight;ap_lo
7,76,0,0,4,weight;age;ap_lo;ap_hi
7,77,1,0,4,age;weight;ap_lo;height
7,78,0,0,3,ap_hi;ap_lo;age
7,79,1,0,3,weight;age;ap_lo
7,80,0,0,4,age;height;ap_lo;ap_hi
7,81,1,1,4,weight;age;ap_hi;ap_lo
7,82,1,1,4,weight;age;ap_lo;height
7,83,1,1,3,weight;ap_lo;age
7,84,1,1,3,ap_lo;age;ap_hi
7,85,0,0,3,weight;ap_lo;height
7,86,0,1,4,age;ap_hi;height;ap_lo
7,87,0,1,4,weight;age;ap_hi;ap_lo
7,88,0,0,4,weight;ap_lo;height;age
7,89,1,1,3,age;weight;ap_lo
7,90,1,1,3,weight;ap_lo;ap_hi
7,91,1,0,3,ap_lo;weight;height
7,92,0,0,4,weight;age;ap_lo;ap_hi
7,93,1,0,3,age;ap_hi;ap_lo
7,94,0,1,3,age;height;ap_lo
7,95,1,0,4,age;height;ap_lo;ap_hi
7,96,0,0,4,weight;ap_hi;height;age
7,97,1,1,3,height;ap_lo;weight
7,98,1,1,4,height;ap_lo;ap_hi;age
7,99,0,0,3,age;weight;ap_hi
7,100,0,0,4,height;age;weight;ap_hi
7,101,1,0,3,ap_hi;weight;ap_lo
7,102,0,0,3,height;weight;ap_lo
7,103,1,0,4,weight;height;age;ap_hi
7,104,0,0,4,age;ap_lo;height;ap_hi
7,105,0,0,4,ap_lo;age;weight;ap_hi
7,106,0,0,3,weight;ap_lo;height
7,107,0,0,3,weight;age;ap_hi
7,108,1,1,3,height;weight;ap_hi
7,109,0,0,3,ap_lo;ap_hi;age
7,110,0,1,3,ap_lo;age;weight
7,111,0,0,3,ap_lo;ap_hi;height
7,112,0,1,4,ap_hi;ap_lo;weight;height
7,113,0,0,4,ap_hi;age;height;ap_lo
7,114,1,1,4,ap_hi;ap_lo;height;age
7,115,1,1,3,weight;height;age
7,116,1,0,3,weight;height;ap_lo
7,117,0,1,4,ap_hi;weight;height;ap_lo
7,118,0,0,4,ap_lo;age;height;weight
7,119,1,1,3,ap_hi;height;ap_lo
7,120,0,0,3,ap_hi;weight;ap_lo
7,121,1,1,3,height;ap_lo;age
7,122,0,1,4,age;ap_lo;weight;ap_hi
7,123,1,1,3,ap_lo;age;weight
7,124,1,1,4,weight;ap_lo;height;ap_hi
7,125,0,0,3,ap_lo;ap_hi;age
7,126,0,1,4,height;ap_lo;weight;age
7,127,1,1,4,ap_hi;weight;height;age
7,128,0,1,3,weight;height;age
7,129,0,0,3,height;ap_hi;ap_lo
7,130,0,0,3,age;ap_hi;height
7,131,0,0,3,age;ap_lo;weight
7,132,1,1,3,ap_lo;ap_hi;height
7,133,0,0,4,age;height;weight;ap_lo
7,134,0,0,3,age;ap_hi;weight
7,135,1,1,4,height;ap_lo;weight;age
7,136,1,0,3,ap_hi;age;height
7,137,1,1,4,height;weight;ap_hi;ap_lo
7,138,1,1,3,age;ap_hi;weight
7,139,1,0,4,height;ap_lo;ap_hi;weight
7,140,1,0,4,height;weight;age;ap_lo
7,141,1,1,3,age;ap_lo;ap_hi
7,142,0,0,4,ap_lo;age;ap_hi;weight
7,143,1,1,4,height;weight;ap_hi;age
7,144,0,0,4,height;age;weight;ap_hi
7,145,0,1,3,ap_lo;weight;height
7,146,0,0,3,height;age;ap_lo
7,147,1,1,3,age;ap_hi;height
7,148,0,1,4,height;weight;ap_lo;ap_hi
7,149,1,0,4,ap_hi;age;weight;ap_lo
7,150,0,0,4,height;age;weight;ap_lo
7,151,1,1,3,ap_hi;weight;age
7,152,0,0,4,ap_hi;age;weight;ap_lo
7,153,1,0,3,ap_hi;height;weight
7,154,0,1,4,age;weight;ap_lo;height
7,155,1,0,4,height;ap_hi;ap_lo;weight
7,156,1,0,3,age;height;ap_hi
7,157,0,1,3,ap_hi;weight;age
7,158,1,1,4,ap_hi;weight;ap_lo;height
7,159,0,0,3,weight;ap_lo;ap_hi
7,160,0,0,4,height;ap_lo;ap_hi;age
7,161,0,0,3,ap_hi;height;weight
7,162,0,1,4,ap_hi;age;ap_lo;weight
7,163,0,1,3,height;weight;ap_lo
7,164,0,0,3,age;ap_lo;height
7,165,0,0,4,ap_lo;weight;ap_hi;height
7,166,1,1,3,ap_hi;age;weight
7,167,0,0,3,height;ap_hi;weight
7,168,1,1,3,height;age;weight
7,169,1,1,4,weight;height;ap_lo;age
7,170,1,1,4,ap_lo;age;ap_hi;height
7,171,1,0,4,height;weight;ap_lo;ap_hi
7,172,1,1,4,ap_hi;weight;age;height
7,173,0,0,3,height;weight;age
7,174,1,0,4,weight;ap_lo;age;ap_hi
7,175,1,1,3,height;ap_lo;weight
7,176,1,1,4,age;weight;ap_lo;ap_hi
7,177,1,1,4,ap_lo;height;weight;age
7,178,0,0,4,weight;ap_lo;ap_hi;height
7,179,0,0,4,ap_lo;height;age;weight
7,180,1,1,3,height;ap_lo;ap_hi
7,181,0,1,3,height;ap_lo;ap_hi
7,182,1,0,4,age;weight;ap_hi;height
7,183,0,0,3,height;weight;ap_hi
7,184,0,1,4,weight;ap_hi;ap_lo;age
7,185,1,1,4,ap_lo;ap_hi;height;age
7,186,1,1,4,age;weight;height;ap_lo
7,187,1,1,3,ap_lo;weight;ap_hi
7,188,0,1,4,ap_lo;ap_hi;height;age
7,189,0,1,4,ap_hi;height;weight;age
7,190,0,0,3,age;ap_hi;weight
7,191,0,0,3,ap_lo;age;ap_hi
7,192,0,1,3,ap_lo;weight;age
7,193,1,1,3,weight;age;ap_lo
7,194,1,1,4,height;ap_hi;age;weight
7,195,1,1,3,age;weight;ap_hi
7,196,1,0,3,ap_lo;ap_hi;weight
7,197,1,1,3,age;ap_hi;ap_lo
7,198,0,1,4,ap_hi;height;ap_lo;weight
7,199,1,1,4,age;ap_hi;weight;height
7,200,1,0,4,height;ap_hi;age;weight
7,201,0,0,3,weight;height;ap_lo
7,202,0,0,4,weight;height;age;ap_lo
7,203,0,1,3,age;ap_lo;weight
7,204,0,0,4,weight;ap_hi;ap_lo;age
7,205,0,0,4,weight;age;ap_hi;height
7,206,1,1,4,ap_lo;height;ap_hi;age
7,207,0,0,3,ap_lo;ap_hi;height
7,208,1,0,3,ap_hi;ap_lo;height
7,209,0,0,4,ap_hi;age;weight;height
7,210,1,0,4,ap_lo;age;ap_hi;height
7,211,1,0,3,ap_hi;height;ap_lo
7,212,0,0,4,height;weight;ap_lo;age
7,213,0,1,4,weight;ap_lo;age;height
7,214,0,0,3,ap_lo;ap_hi;height
7,215,1,1,4,weight;height;ap_lo;age
7,216,0,0,4,ap_lo;weight;ap_hi;height
7,217,1,1,4,age;weight;height;ap_lo
7,218,0,1,3,weight;age;height
7,219,0,0,3,ap_lo;height;age
7,220,1,0,3,ap_lo;ap_hi;weight
7,221,0,0,3,ap_hi;ap_lo;age
7,222,0,0,4,height;ap_lo;weight;ap_hi
7,223,1,0,4,height;age;ap_hi;ap_lo
7,224,0,0,3,age;height;ap_lo
7,225,1,1,4,weight;ap_lo;height;age
7,226,0,1,3,age;weight;height
7,227,1,1,3,ap_hi;ap_lo;age
7,228,0,0,3,age;ap_lo;height
7,229,0,1,4,height;ap_lo;weight;age
7,230,1,1,3,age;height;ap_lo
7,231,0,0,3,age;height;ap_lo
7,232,1,0,4,weight;age;ap_hi;ap_lo
7,233,0,1,3,age;weight;ap_hi
7,234,1,0,3,ap_lo;weight;ap_hi
7,235,1,0,4,age;weight;ap_lo;ap_hi
7,236,1,1,4,ap_lo;height;ap_hi;weight
7,237,0,1,4,height;ap_hi;age;ap_lo
7,238,1,1,4,age;ap_hi;ap_lo;weight
7,239,1,0,4,weight;height;age;ap_hi
7,240,1,1,3,weight;age;height
7,241,1,1,3,age;weight;ap_hi
7,242,0,1,3,weight;ap_lo;height
7,243,0,0,4,age;weight;ap_hi;ap_lo
7,244,1,1,3,ap_lo;weight;ap_hi
7,245,1,1,4,ap_lo;ap_hi;age;weight
7,246,1,1,3,height;age;ap_lo
7,247,1,0,3,weight;ap_lo;height
7,248,1,1,4,ap_hi;age;ap_lo;height
7,249,1,1,3,height;weight;ap_hi
7,250,1,1,4,ap_hi;age;ap_lo;weight
7,251,0,0,4,weight;age;ap_hi;height
7,252,0,0,3,ap_hi;age;weight
7,253,0,1,4,age;weight;ap_lo;height
7,254,1,0,4,weight;ap_hi;age;height
7,255,1,1,3,age;ap_hi;height
7,256,0,1,3,height;weight;age
7,257,0,0,3,weight;ap_lo;ap_hi
7,258,0,0,3,ap_hi;weight;age
7,259,1,1,3,ap_hi;ap_lo;age
7,260,0,0,4,age;height;weight;ap_lo
7,261,1,0,3,ap_hi;weight;ap_lo
7,262,1,1,4,weight;age;height;ap_lo
7,263,1,1,3,height;weight;ap_lo
7,264,1,1,3,weight;ap_hi;age
7,265,0,0,4,ap_hi;height;age;ap_lo
7,266,0,0,3,age;weight;ap_lo
7,267,1,1,4,weight;ap_lo;height;ap_hi
7,268,0,0,4,height;weight;ap_lo;ap_hi
7,269,1,1,3,ap_lo;age;height
7,270,1,0,3,weight;age;ap_hi
7,271,1,1,4,weight;ap_lo;ap_hi;age
7,272,0,1,4,ap_hi;ap_lo;weight;height
7,273,1,1,4,age;ap_hi;ap_lo;weight
7,274,0,0,3,weight;ap_lo;age
7,275,1,0,3,weight;ap_hi;ap_lo
7,276,1,1,3,ap_lo;ap_hi;age
7,277,0,0,3,ap_hi;weight;ap_lo
7,278,1,1,4,ap_hi;ap_lo;age;height
7,279,0,0,3,ap_hi;age;weight
7,280,0,1,4,age;ap_hi;ap_lo;height
7,281,0,0,3,age;ap_lo;weight
7,282,1,0,4,height;ap_hi;weight;ap_lo
7,283,1,0,3,ap_lo;ap_hi;age
7,284,1,1,3,height;age;ap_lo
7,285,0,0,4,height;weight;ap_hi;age
7,286,1,1,4,ap_hi;weight;age;ap_lo
7,287,1,1,3,weight;ap_hi;height
7,288,1,1,3,ap_hi;ap_lo;height
7,289,0,0,3,height;age;ap_lo
7,290,0,0,3,height;ap_hi;age
7,291,0,0,3,weight;age;ap_lo
7,292,0,0,3,ap_lo;ap_hi;age
7,293,1,0,4,ap_lo;age;ap_hi;weight
7,294,1,0,3,height;weight;ap_lo
7,295,1,0,4,height;ap_lo;age;ap_hi
7,296,0,1,3,ap_lo;age;height
7,297,1,0,3,height;ap_lo;weight
7,298,1,0,4,age;height;ap_lo;ap_hi
7,299,1,1,4,weight;ap_hi;ap_lo;height
7,300,0,0,3,ap_lo;height;weight
7,301,1,0,3,ap_hi;ap_lo;weight
7,302,1,1,4,ap_hi;weight;ap_lo;age
7,303,1,0,3,ap_hi;weight;ap_lo
7,304,0,1,3,weight;age;ap_lo
7,305,0,0,4,height;ap_hi;weight;age
7,306,1,0,4,weight;height;ap_lo;age
7,307,0,0,4,age;height;weight;ap_lo
7,308,0,0,4,age;weight;height;ap_lo
7,309,0,0,3,weight;ap_hi;age
7,310,0,0,4,weight;ap_lo;age;ap_hi
7,311,0,0,4,age;ap_lo;height;weight
7,312,0,1,4,height;ap_hi;ap_lo;age
7,313,0,1,3,ap_hi;age;ap_lo
7,314,1,1,3,ap_hi;weight;age
7,315,1,1,3,age;height;weight
7,316,1,1,4,ap_lo;height;ap_hi;age
7,317,1,0,4,ap_lo;ap_hi;height;weight
7,318,0,0,4,age;weight;ap_lo;height
7,319,1,0,4,ap_lo;height;ap_hi;weight
7,320,1,0,4,ap_lo;age;weight;height
7,321,1,0,3,weight;height;ap_hi
7,322,1,0,3,ap_hi;weight;ap_lo
7,323,0,0,4,weight;ap_hi;age;height
7,324,0,0,4,age;height;ap_lo;weight
7,325,0,1,4,height;age;ap_lo;weight
7,326,1,1,3,ap_lo;ap_hi;weight
7,327,1,0,4,ap_lo;age;height;weight
7,328,0,0,3,ap_hi;weight;height
7,329,1,0,3,age;ap_lo;ap_hi
7,330,0,0,3,age;ap_lo;ap_hi
7,331,1,1,4,ap_hi;weight;ap_lo;age
7,332,0,0,4,ap_hi;weight;age;height
7,333,0,0,3,weight;ap_lo;height
7,334,1,1,3,weight;age;ap_hi
7,335,1,1,3,ap_hi;age;ap_lo
7,336,0,0,3,ap_hi;ap_lo;height
7,337,0,0,4,weight;age;ap_lo;ap_hi
7,338,0,1,3,ap_hi;age;weight
7,339,0,1,3,ap_hi;height;age
7,340,1,1,4,ap_lo;age;weight;ap_hi
7,341,1,1,3,age;ap_hi;weight
7,342,1,0,4,age;weight;height;ap_lo
7,343,1,0,4,age;height;ap_lo;weight
7,344,1,1,4,ap_hi;weight;height;ap_lo
7,345,1,1,4,height;ap_lo;age;ap_hi
7,346,0,0,4,ap_hi;ap_lo;age;weight
7,347,0,0,3,age;ap_hi;weight
7,348,1,1,4,weight;height;ap_lo;age
7,349,0,0,3,age;ap_lo;ap_hi
7,350,1,1,3,age;weight;ap_hi
7,351,1,1,4,age;ap_lo;weight;height
7,352,0,0,4,age;ap_hi;height;ap_lo
7,353,1,1,3,height;ap_hi;age
7,354,1,0,4,ap_hi;ap_lo;height;weight
7,355,1,1,4,ap_lo;age;weight;ap_hi
7,356,1,0,3,age;weight;ap_hi
7,357,1,1,4,height;weight;ap_hi;age
7,358,1,1,3,age;height;weight
7,359,1,0,4,ap_hi;weight;ap_lo;age
7,360,1,0,3,height;ap_lo;age
7,361,0,0,3,ap_lo;age;ap_hi
7,362,1,1,4,height;ap_hi;weight;age
7,363,1,1,3,age;weight;height
7,364,1,1,3,ap_lo;ap_hi;weight
7,365,1,0,4,ap_lo;age;ap_hi;height
7,366,0,0,4,ap_hi;ap_lo;age;height
7,367,1,0,4,weight;age;ap_hi;ap_lo
7,368,1,1,3,age;weight;ap_lo
7,369,0,1,4,age;height;weight;ap_hi
7,370,1,1,3,weight;age;height
7,371,0,1,3,ap_lo;weight;ap_hi
7,372,1,1,3,ap_hi;ap_lo;height
7,373,1,0,4,age;weight;height;ap_hi
7,374,1,1,4,height;age;ap_hi;ap_lo
7,375,0,1,3,age;ap_lo;height
7,376,1,0,4,ap_lo;weight;height;age
7,377,1,0,4,age;height;weight;ap_lo
7,378,0,0,3,ap_lo;ap_hi;age
7,379,0,1,3,ap_lo;ap_hi;height
7,380,1,0,3,height;ap_hi;age
7,381,1,1,3,age;ap_hi;ap_lo
7,382,0,1,4,age;ap_hi;weight;height
7,383,1,0,4,ap_hi;ap_lo;weight;age
7,384,1,1,4,height;ap_hi;weight;age
7,385,0,0,4,ap_lo;age;weight;height
7,386,0,1,3,age;weight;height
7,387,1,1,4,ap_hi;weight;ap_lo;age
7,388,0,0,3,ap_hi;age;height
7,389,0,0,4,age;ap_hi;height;weight
7,390,1,1,4,ap_lo;ap_hi;height;age
7,391,1,0,3,ap_hi;age;height
7,392,0,0,3,height;age;ap_lo
7,393,1,1,3,ap_lo;height;age
7,394,0,0,3,age;ap_hi;weight
7,395,1,0,4,weight;ap_lo;age;height
7,396,1,1,4,ap_lo;ap_hi;age;weight
7,397,1,1,3,height;ap_lo;ap_hi
7,398,0,0,3,ap_hi;age;ap_lo
7,399,0,0,4,height;weight;ap_hi;ap_lo
7,400,1,1,4,ap_lo;ap_hi;weight;age
7,401,1,1,4,weight;height;age;ap_lo
7,402,0,0,3,age;ap_lo;ap_hi
7,403,0,0,4,height;ap_hi;weight;ap_lo
7,404,0,0,3,ap_hi;ap_lo;age
7,405,0,0,3,height;weight;ap_lo
7,406,0,0,4,ap_hi;weight;age;height
7,407,1,0,3,ap_lo;weight;height
7,408,1,1,4,ap_lo;weight;height;ap_hi
7,409,0,1,4,ap_lo;ap_hi;height;weight
7,410,0,0,4,ap_lo;height;age;ap_hi
7,411,0,0,4,ap_hi;weight;ap_lo;age
7,412,0,0,4,weight;ap_hi;ap_lo;age
7,413,1,1,4,ap_hi;weight;height;age
7,414,0,0,4,age;height;ap_hi;ap_lo
7,415,0,0,4,weight;ap_hi;age;height
7,416,0,0,3,height;ap_lo;ap_hi
7,417,0,1,3,weight;ap_hi;age
7,418,0,0,3,age;ap_hi;ap_lo
7,419,1,0,3,ap_hi;ap_lo;weight
7,420,1,0,4,ap_lo;ap_hi;height;age
7,421,0,0,3,age;ap_lo;height
7,422,1,0,4,ap_hi;weight;height;age
7,423,0,0,4,age;height;ap_lo;weight
7,424,1,1,3,height;ap_lo;weight
7,425,1,1,4,height;ap_hi;age;weight
7,426,1,0,4,ap_hi;height;age;weight
7,427,1,1,4,age;ap_lo;weight;height
7,428,0,0,4,height;weight;ap_hi;age
7,429,1,0,4,ap_hi;ap_lo;height;age
7,430,1,0,3,weight;ap_lo;age
7,431,1,1,3,ap_lo;ap_hi;age
7,432,1,1,3,ap_lo;height;weight
7,433,1,1,4,age;weight;height;ap_lo
7,434,1,0,3,weight;ap_hi;ap_lo
7,435,1,0,4,age;ap_lo;height;weight
7,436,1,1,3,age;weight;height
7,437,1,1,4,height;weight;ap_hi;age
7,438,0,0,4,age;height;ap_hi;weight
7,439,0,1,4,height;weight;ap_lo;age
7,440,1,0,3,weight;height;ap_lo
7,441,0,0,4,height;weight;ap_hi;age
7,442,0,0,4,ap_hi;age;weight;height
7,443,0,0,4,weight;ap_hi;ap_lo;age
7,444,0,0,3,age;ap_hi;ap_lo
7,445,0,0,3,age;ap_hi;ap_lo
7,446,0,0,4,age;weight;ap_hi;ap_lo
7,447,1,1,3,height;ap_lo;ap_hi
7,448,0,1,3,ap_hi;ap_lo;weight
7,449,0,0,3,ap_lo;height;age
7,450,0,0,4,weight;height;age;ap_lo
7,451,0,1,4,ap_hi;ap_lo;age;weight
7,452,1,1,4,ap_lo;age;ap_hi;weight
7,453,1,1,3,ap_lo;weight;age
7,454,1,1,4,ap_hi;weight;ap_lo;age
7,455,0,1,3,ap_hi;age;weight
7,456,0,1,4,ap_hi;weight;height;age
7,457,0,0,4,ap_hi;weight;ap_lo;height
7,458,1,1,3,ap_hi;ap_lo;age
7,459,1,0,4,height;ap_hi;age;weight
7,460,1,1,3,ap_hi;height;weight
7,461,1,0,4,ap_lo;weight;age;height
7,462,0,1,3,ap_lo;age;height
7,463,0,0,3,age;ap_lo;weight
7,464,1,1,3,height;age;ap_hi
7,465,1,0,3,ap_lo;age;ap_hi
7,466,1,1,3,weight;height;ap_hi
7,467,1,1,3,weight;ap_hi;age
7,468,0,0,4,age;weight;height;ap_lo
7,469,1,1,4,ap_hi;height;ap_lo;weight
7,470,1,1,3,ap_lo;ap_hi;weight
7,471,1,0,3,ap_hi;weight;ap_lo
7,472,0,0,3,weight;age;ap_hi
7,473,1,1,4,age;height;ap_lo;weight
7,474,1,0,4,age;ap_lo;height;ap_hi
7,475,0,1,3,ap_hi;weight;ap_lo
7,476,0,0,4,ap_lo;height;age;ap_hi
7,477,0,0,4,height;age;ap_hi;weight
7,478,0,0,3,weight;height;ap_lo
7,479,0,0,4,age;height;ap_lo;weight
7,480,0,1,4,age;weight;ap_hi;height
7,481,1,1,3,ap_hi;height;age
7,482,1,1,4,age;ap_hi;ap_lo;height
7,483,1,1,3,age;weight;ap_hi
7,484,0,0,3,ap_hi;ap_lo;age
7,485,1,1,3,ap_lo;weight;ap_hi
7,486,1,1,3,height;age;ap_lo
7,487,1,1,4,ap_lo;ap_hi;age;weight
7,488,1,1,3,age;ap_lo;height
7,489,1,0,3,ap_lo;ap_hi;age
7,490,0,1,4,weight;ap_lo;age;ap_hi
7,491,0,0,4,age;weight;height;ap_lo
7,492,0,0,3,ap_lo;height;age
7,493,1,1,4,age;height;ap_hi;weight
7,494,1,1,4,weight;height;ap_lo;ap_hi
7,495,1,1,4,ap_hi;weight;height;ap_lo
7,496,1,0,4,age;ap_hi;weight;height
7,497,1,1,4,ap_hi;age;ap_lo;weight
7,498,0,0,4,height;age;weight;ap_hi
7,499,0,1,3,weight;height;age
7,500,0,0,4,ap_lo;weight;height;ap_hi
7,501,1,1,3,weight;height;age
7,502,1,0,3,age;height;ap_hi
7,503,0,1,3,ap_hi;age;height
7,504,0,0,3,ap_hi;age;height
7,505,0,0,3,ap_hi;age;height
7,506,0,0,4,ap_lo;age;ap_hi;height
7,507,1,1,3,ap_lo;age;ap_hi
7,508,0,0,3,height;weight;age
7,509,0,1,4,weight;ap_hi;height;age
7,510,1,1,3,weight;ap_hi;ap_lo
7,511,0,1,4,weight;ap_lo;ap_hi;age
7,512,1,1,3,age;ap_lo;ap_hi
7,513,1,1,4,height;ap_hi;age;ap_lo
7,514,1,1,4,weight;ap_hi;age;height
7,515,0,0,4,height;ap_lo;weight;age
7,516,1,1,4,ap_lo;weight;height;age
7,517,1,1,4,age;ap_lo;weight;ap_hi
7,518,0,0,4,ap_lo;ap_hi;age;height
7,519,1,1,4,ap_lo;age;height;weight
7,520,1,1,4,ap_lo;weight;ap_hi;height
7,521,0,0,4,height;ap_hi;age;ap_lo
7,522,0,0,4,ap_hi;age;height;weight
7,523,1,0,4,age;ap_lo;weight;ap_hi
7,524,1,0,3,ap_lo;weight;height
7,525,0,1,4,ap_hi;height;age;weight
7,526,0,0,3,ap_hi;age;height
7,527,1,1,4,ap_hi;weight;age;ap_lo
7,528,0,0,4,age;weight;ap_hi;ap_lo
7,529,1,1,3,ap_lo;height;weight
7,530,0,1,4,height;ap_lo;ap_hi;weight
7,531,1,1,4,weight;ap_hi;height;age
7,532,0,0,4,height;age;weight;ap_hi
7,533,1,1,3,age;weight;ap_hi
7,534,0,0,4,ap_hi;weight;age;ap_lo
7,535,1,1,4,ap_lo;weight;ap_hi;age
7,536,1,1,3,height;weight;ap_hi
7,537,1,1,4,ap_hi;height;weight;ap_lo
7,538,0,0,4,ap_hi;weight;age;height
7,539,1,0,4,weight;height;age;ap_lo
7,540,1,0,4,age;weight;ap_lo;ap_hi
7,541,1,0,4,height;ap_lo;age;weight
7,542,1,1,4,ap_hi;age;weight;height
7,543,1,0,3,age;ap_lo;weight
7,544,1,1,3,ap_lo;height;weight
7,545,0,0,4,age;weight;height;ap_hi
7,546,0,0,4,height;ap_hi;ap_lo;age
7,547,0,1,4,age;ap_lo;ap_hi;weight
7,548,0,0,4,weight;ap_hi;ap_lo;age
7,549,1,1,3,ap_lo;age;ap_hi
7,550,1,1,3,age;ap_lo;ap_hi
7,551,1,1,4,weight;ap_hi;age;height
7,552,0,0,4,height;age;ap_hi;ap_lo
7,553,1,1,4,ap_hi;weight;height;ap_lo
7,554,0,1,3,age;ap_lo;ap_hi
7,555,0,0,3,weight;height;ap_lo
7,556,1,1,4,height;ap_lo;weight;age
7,557,1,0,4,height;age;ap_lo;weight
7,558,1,0,3,age;ap_lo;weight
7,559,1,1,4,height;ap_lo;ap_hi;weight
7,560,1,1,4,ap_lo;height;weight;age
7,561,0,1,4,age;weight;height;ap_lo
7,562,0,0,4,ap_hi;height;age;weight
7,563,0,0,3,age;ap_hi;weight
7,564,1,1,4,age;height;ap_lo;ap_hi
7,565,1,1,3,weight;ap_lo;age
7,566,0,1,4,ap_lo;age;height;ap_hi
7,567,1,0,3,ap_hi;weight;age
7,568,1,1,4,ap_hi;weight;age;ap_lo
7,569,0,1,4,weight;ap_lo;height;age
7,570,1,1,3,ap_lo;height;age
7,571,1,1,4,height;age;ap_lo;ap_hi
7,572,0,1,3,height;age;ap_lo
7,573,1,1,4,ap_lo;weight;height;age
7,574,1,1,4,age;ap_lo;weight;ap_hi
7,575,0,1,4,ap_lo;weight;height;ap_hi
7,576,1,0,3,weight;height;age
7,577,1,1,3,weight;height;ap_hi
7,578,1,0,3,ap_lo;ap_hi;weight
7,579,0,0,4,weight;ap_hi;age;ap_lo
7,580,1,0,3,ap_lo;ap_hi;age
7,581,1,1,4,ap_hi;age;weight;height
7,582,0,0,3,ap_hi;weight;height
7,583,0,0,3,ap_hi;age;weight
7,584,0,0,4,weight;ap_hi;ap_lo;age
7,585,1,1,3,height;ap_lo;ap_hi
7,586,0,0,3,height;weight;ap_hi
7,587,0,1,3,height;age;weight
7,588,1,1,4,ap_hi;ap_lo;height;age
7,589,1,1,3,weight;ap_lo;age
7,590,1,1,4,age;weight;height;ap_hi
7,591,0,1,3,height;age;ap_lo
7,592,0,0,3,ap_hi;ap_lo;weight
7,593,0,0,3,ap_lo;age;ap_hi
7,594,0,0,4,weight;ap_lo;age;ap_hi
7,595,1,1,3,height;ap_lo;ap_hi
7,596,1,1,4,ap_hi;height;age;ap_lo
7,597,0,0,3,weight;ap_lo;height
7,598,0,0,3,age;ap_hi;height
7,599,0,1,3,ap_hi;weight;ap_lo
7,600,1,0,4,ap_hi;weight;age;height
7,601,1,1,4,ap_hi;age;weight;height
7,602,1,1,3,age;height;ap_hi
7,603,1,0,4,age;ap_lo;height;ap_hi
7,604,0,0,3,weight;age;ap_hi
7,605,0,0,3,age;ap_lo;ap_hi
7,606,1,1,3,height;weight;ap_lo
7,607,1,1,3,ap_hi;ap_lo;age
7,608,0,0,3,height;age;ap_hi
7,609,0,0,3,height;weight;ap_hi
7,610,1,1,3,ap_hi;height;ap_lo
7,611,1,1,4,weight;age;ap_lo;height
7,612,0,0,4,age;ap_lo;ap_hi;height
7,613,0,1,3,age;weight;ap_lo
7,614,0,0,3,weight;ap_lo;ap_hi
7,615,0,0,3,weight;age;ap_lo
7,616,0,0,3,ap_hi;weight;height
7,617,0,1,4,ap_lo;height;age;weight
7,618,0,0,3,weight;height;age
7,619,1,1,3,ap_hi;weight;ap_lo
7,620,0,0,4,ap_hi;ap_lo;height;age
7,621,1,1,3,weight;ap_hi;height
7,622,0,1,3,height;ap_hi;age
7,623,1,1,3,age;height;ap_lo
7,624,1,1,4,ap_lo;age;height;ap_hi
7,625,0,0,4,ap_hi;height;ap_lo;age
7,626,1,1,3,weight;height;ap_hi
7,627,0,1,3,weight;height;ap_hi
7,628,0,0,3,ap_hi;ap_lo;age
7,629,0,1,4,ap_hi;weight;age;height
7,630,0,0,3,height;weight;ap_lo
7,631,1,0,4,ap_lo;age;weight;height
7,632,1,1,4,age;ap_hi;height;weight
7,633,0,0,4,ap_lo;age;ap_hi;height
7,634,0,0,4,ap_hi;height;ap_lo;age
7,635,1,1,4,ap_lo;weight;ap_hi;height
7,636,1,1,4,ap_lo;weight;ap_hi;height
7,637,0,0,3,ap_lo;age;ap_hi
7,638,1,1,3,weight;age;height
7,639,0,0,4,ap_lo;height;ap_hi;age
7,640,1,1,4,ap_hi;age;height;weight
7,641,1,0,3,age;ap_hi;weight
7,642,1,1,4,height;age;ap_hi;weight
7,643,0,0,4,ap_hi;ap_lo;age;weight
7,644,1,0,3,height;weight;ap_lo
7,645,1,1,4,ap_hi;height;weight;ap_lo
7,646,0,0,3,ap_hi;age;height
7,647,0,0,3,ap_lo;age;height
7,648,0,1,3,ap_lo;height;weight
7,649,0,0,4,ap_lo;age;weight;ap_hi
7,650,1,1,4,age;weight;height;ap_lo
7,651,0,0,4,ap_lo;age;height;ap_hi
7,652,0,0,4,ap_lo;height;weight;age
7,653,0,0,3,ap_hi;height;ap_lo
7,654,0,1,4,ap_lo;weight;height;age
7,655,0,1,4,age;weight;ap_lo;ap_hi
7,656,0,0,3,ap_hi;ap_lo;height
7,657,0,0,3,height;ap_lo;ap_hi
7,658,1,1,4,age;height;ap_hi;ap_lo
7,659,0,0,4,height;weight;ap_hi;ap_lo
7,660,1,1,4,age;height;ap_lo;ap_hi
7,661,0,0,4,weight;height;ap_lo;age
7,662,0,1,3,ap_hi;weight;ap_lo
7,663,0,0,4,height;age;ap_lo;ap_hi
7,664,1,0,3,height;weight;age
7,665,1,1,4,ap_hi;age;height;weight
7,666,0,0,4,ap_hi;height;age;ap_lo
7,667,1,0,3,ap_hi;weight;age
7,668,1,1,3,ap_hi;height;weight
7,669,1,0,3,age;weight;ap_hi
7,670,0,0,4,ap_hi;height;age;weight
7,671,0,0,3,height;age;weight
7,672,0,0,3,ap_lo;height;ap_hi
7,673,0,0,4,age;ap_lo;weight;height
7,674,1,1,4,age;weight;height;ap_lo
7,675,1,1,3,height;ap_hi;age
7,676,1,1,4,height;age;ap_hi;weight
7,677,1,1,3,ap_lo;ap_hi;age
7,678,0,0,4,age;ap_lo;ap_hi;height
7,679,1,1,3,ap_hi;age;ap_lo
7,680,0,0,4,age;weight;ap_lo;ap_hi
7,681,0,0,4,age;ap_lo;weight;height
7,682,0,0,3,ap_hi;age;weight
7,683,1,1,3,height;ap_lo;ap_hi
7,684,0,1,3,age;ap_hi;height
7,685,1,1,4,ap_hi;weight;ap_lo;age
7,686,1,1,4,age;weight;height;ap_hi
7,687,0,0,4,ap_hi;ap_lo;height;age
7,688,1,1,4,ap_lo;age;weight;ap_hi
7,689,1,1,4,height;ap_lo;ap_hi;age
7,690,0,0,4,ap_lo;weight;ap_hi;height
7,691,0,0,3,weight;age;height
7,692,0,0,3,ap_hi;age;weight
7,693,0,0,4,ap_hi;age;height;weight
7,694,0,0,4,age;height;ap_hi;ap_lo
7,695,1,1,3,height;ap_hi;age
7,696,0,0,3,height;weight;ap_lo
7,697,1,1,4,height;weight;ap_lo;ap_hi
7,698,1,0,3,ap_lo;height;weight
7,699,1,1,4,age;weight;ap_hi;ap_lo
7,700,0,0,3,ap_hi;age;ap_lo
7,701,0,0,3,age;ap_hi;ap_lo
7,702,0,0,4,height;ap_lo;weight;ap_hi
7,703,0,0,3,height;ap_hi;ap_lo
7,704,0,1,3,weight;ap_lo;ap_hi
7,705,1,0,3,ap_lo;ap_hi;height
7,706,1,0,4,weight;ap_lo;age;ap_hi
7,707,1,1,4,ap_hi;ap_lo;age;weight
7,708,0,0,4,ap_hi;height;age;ap_lo
7,709,0,0,4,age;ap_hi;ap_lo;height
7,710,0,0,3,height;ap_hi;ap_lo
7,711,0,0,4,height;weight;age;ap_hi
7,712,1,1,3,age;ap_hi;height
7,713,1,1,4,height;ap_lo;ap_hi;age
7,714,1,1,3,height;ap_hi;ap_lo
7,715,1,0,4,height;weight;age;ap_lo
7,716,1,1,3,ap_lo;weight;height
7,717,0,0,3,height;ap_hi;age
7,718,0,1,4,ap_hi;ap_lo;weight;height
7,719,1,0,3,ap_hi;ap_lo;age
7,720,0,0,4,height;age;ap_hi;weight
7,721,1,1,4,ap_hi;weight;age;ap_lo
7,722,0,1,4,ap_hi;height;ap_lo;weight
7,723,1,1,3,ap_hi;age;ap_lo
7,724,1,1,3,height;ap_hi;ap_lo
7,725,1,1,3,age;ap_hi;weight
7,726,1,1,3,age;ap_hi;height
7,727,1,1,3,height;ap_hi;ap_lo
7,728,1,1,4,ap_lo;weight;age;height
7,729,1,1,3,weight;height;age
7,730,1,1,4,height;ap_lo;ap_hi;age
7,731,1,1,4,ap_lo;age;weight;height
7,732,0,0,4,ap_hi;weight;age;height
7,733,0,0,3,age;ap_hi;weight
7,734,0,1,3,age;height;ap_lo
7,735,0,0,3,ap_lo;ap_hi;height
7,736,0,0,4,ap_lo;height;weight;ap_hi
7,737,1,1,4,weight;age;ap_lo;height
7,738,0,0,4,ap_lo;ap_hi;age;weight
7,739,1,1,4,age;ap_hi;ap_lo;weight
7,740,0,0,4,ap_lo;height;age;weight
7,741,0,0,3,ap_lo;ap_hi;weight
7,742,0,0,4,ap_hi;weight;height;age
7,743,0,0,4,age;ap_hi;height;ap_lo
7,744,1,0,4,ap_hi;weight;ap_lo;height
7,745,0,0,4,ap_hi;age;ap_lo;height
7,746,0,0,3,ap_hi;ap_lo;age
7,747,0,0,3,weight;height;ap_lo
7,748,0,0,3,weight;height;age
7,749,0,0,4,height;weight;ap_lo;ap_hi
7,750,0,0,3,weight;age;ap_lo
7,751,0,0,4,age;ap_hi;weight;ap_lo
7,752,0,1,4,weight;ap_hi;height;age
7,753,1,0,3,age;height;ap_lo
7,754,0,1,3,weight;ap_lo;age
7,755,0,0,3,weight;height;ap_hi
7,756,1,0,3,ap_hi;height;ap_lo
7,757,0,0,4,ap_lo;age;height;ap_hi
7,758,1,0,4,ap_hi;age;weight;height
7,759,1,1,4,weight;ap_lo;age;ap_hi
7,760,1,0,3,height;weight;ap_lo
7,761,0,1,4,weight;ap_lo;height;age
7,762,1,1,3,ap_lo;height;weight
7,763,0,1,4,ap_hi;ap_lo;height;weight
7,764,0,0,3,height;ap_lo;ap_hi
7,765,0,0,3,weight;ap_hi;age
7,766,1,1,3,ap_lo;age;weight
7,767,0,0,4,ap_hi;age;height;weight
7,768,0,1,4,ap_lo;ap_hi;weight;height
7,769,1,1,3,ap_lo;age;height
7,770,0,0,3,ap_hi;age;ap_lo
7,771,0,0,4,ap_lo;height;ap_hi;weight
7,772,1,1,4,age;weight;ap_lo;height
7,773,0,0,3,ap_hi;height;ap_lo
7,774,1,0,3,height;ap_lo;weight
7,775,0,0,4,weight;age;height;ap_lo
7,776,0,0,3,ap_hi;height;age
7,777,1,0,3,ap_lo;ap_hi;height
7,778,1,0,3,ap_lo;ap_hi;height
7,779,0,1,4,ap_lo;age;weight;ap_hi
7,780,0,1,4,age;height;ap_hi;ap_lo
7,781,0,1,3,ap_lo;height;weight
7,782,1,1,4,ap_lo;weight;height;age
7,783,1,1,4,weight;age;ap_lo;ap_hi
7,784,1,1,4,height;weight;age;ap_hi
7,785,1,1,4,weight;age;height;ap_lo
7,786,0,0,3,age;height;weight
7,787,0,1,4,ap_hi;ap_lo;weight;age
7,788,1,1,3,height;ap_lo;ap_hi
7,789,1,1,3,height;weight;ap_hi
7,790,0,0,3,age;ap_hi;ap_lo
7,791,0,0,3,weight;age;ap_lo
7,792,0,1,3,age;weight;ap_lo
7,793,0,1,3,age;ap_lo;height
7,794,0,0,3,ap_hi;height;age
7,795,0,0,3,ap_lo;weight;ap_hi
7,796,0,1,3,height;ap_hi;age
7,797,0,1,3,ap_lo;height;weight
7,798,0,0,3,ap_hi;height;ap_lo
7,799,0,0,3,ap_lo;age;weight
7,800,0,0,3,height;weight;age
7,801,0,1,4,weight;height;ap_lo;age
7,802,0,1,4,ap_hi;weight;ap_lo;height
7,803,0,1,4,age;height;ap_hi;weight
7,804,1,1,3,ap_lo;height;age
7,805,1,1,3,height;age;ap_lo
7,806,0,1,4,ap_hi;weight;height;ap_lo
7,807,1,1,3,age;ap_lo;weight
7,808,0,0,4,age;weight;ap_lo;ap_hi
7,809,1,1,4,height;age;ap_lo;ap_hi
7,810,0,0,4,ap_hi;height;age;weight
7,811,1,0,4,weight;ap_hi;age;height
7,812,0,1,3,weight;height;ap_hi
7,813,0,0,3,height;weight;age
7,814,0,0,3,age;height;ap_hi
7,815,0,0,4,weight;age;ap_hi;height
7,816,0,0,3,ap_lo;age;weight
7,817,0,0,3,ap_hi;ap_lo;weight
7,818,1,0,4,ap_lo;ap_hi;weight;height
7,819,0,0,4,ap_lo;height;weight;age
7,820,1,0,4,ap_lo;weight;height;age
7,821,0,0,3,weight;ap_hi;height
7,822,0,1,4,ap_lo;age;weight;ap_hi
7,823,0,0,4,weight;ap_hi;age;ap_lo
7,824,1,1,3,weight;ap_hi;ap_lo
7,825,0,0,4,weight;ap_hi;age;ap_lo
7,826,0,1,4,ap_hi;weight;ap_lo;age
7,827,1,0,3,weight;height;ap_hi
7,828,1,1,3,weight;ap_lo;ap_hi
7,829,0,1,4,weight;ap_lo;height;age
7,830,1,1,4,ap_lo;weight;height;ap_hi
7,831,0,1,3,age;weight;height
7,832,0,0,3,age;ap_hi;height
7,833,1,1,3,weight;age;ap_lo
7,834,1,0,3,ap_hi;weight;ap_lo
7,835,0,1,3,height;age;weight
7,836,0,0,3,ap_lo;weight;height
7,837,0,0,3,ap_lo;height;ap_hi
7,838,0,0,4,weight;height;ap_hi;ap_lo
7,839,0,0,4,weight;ap_hi;height;age
7,840,0,0,3,ap_lo;weight;height
7,841,0,0,3,ap_lo;ap_hi;age
7,842,0,1,4,height;weight;ap_lo;ap_hi
7,843,1,1,4,height;age;weight;ap_lo
7,844,0,1,4,ap_hi;weight;ap_lo;age
7,845,0,1,4,age;height;ap_lo;weight
7,846,0,0,3,height;ap_hi;age
7,847,1,0,4,ap_hi;ap_lo;age;weight
7,848,0,1,3,weight;ap_hi;age
7,849,1,1,4,ap_hi;ap_lo;weight;height
7,850,1,0,4,ap_hi;height;ap_lo;weight
7,851,0,0,3,ap_lo;age;height
7,852,0,0,3,weight;age;ap_hi
7,853,1,1,3,ap_lo;ap_hi;age
7,854,1,0,3,height;age;weight
7,855,1,1,4,weight;height;ap_lo;ap_hi
7,856,0,0,3,weight;age;ap_hi
7,857,1,1,3,weight;height;age
7,858,1,1,4,height;ap_hi;weight;ap_lo
7,859,0,0,3,age;ap_hi;height
7,860,1,1,3,height;age;weight
7,861,1,1,4,weight;ap_hi;ap_lo;height
7,862,1,1,3,weight;height;ap_hi
7,863,0,0,4,height;weight;ap_hi;age
7,864,1,1,4,ap_hi;age;ap_lo;weight
7,865,0,0,4,ap_lo;height;age;ap_hi
7,866,1,1,4,weight;ap_hi;ap_lo;age
7,867,1,1,4,ap_lo;ap_hi;weight;height
7,868,1,1,3,age;weight;height
7,869,1,1,4,ap_lo;height;weight;ap_hi
7,870,0,0,3,ap_lo;age;weight
7,871,1,1,4,age;weight;height;ap_hi
7,872,0,1,4,age;height;ap_hi;weight
7,873,0,0,4,age;weight;height;ap_hi
7,874,0,0,3,ap_hi;ap_lo;weight
7,875,0,0,3,weight;ap_hi;age
7,876,1,1,3,weight;height;ap_hi
7,877,0,0,3,age;height;ap_hi
7,878,1,1,3,weight;ap_hi;height
7,879,1,1,4,ap_hi;age;ap_lo;weight
7,880,1,0,4,ap_lo;ap_hi;height;age
7,881,1,1,4,ap_lo;age;height;weight
7,882,1,1,4,age;ap_lo;height;weight
7,883,1,1,4,ap_hi;age;height;ap_lo
7,884,0,0,4,ap_lo;height;age;weight
7,885,1,1,3,age;ap_lo;height
7,886,0,0,3,ap_lo;age;height
7,887,1,1,3,height;weight;ap_hi
7,888,0,0,3,ap_hi;age;weight
7,889,1,0,3,ap_lo;ap_hi;weight
7,890,0,0,3,height;ap_hi;ap_lo
7,891,0,1,4,height;age;weight;ap_lo
7,892,0,1,4,ap_lo;ap_hi;height;age
7,893,1,0,3,ap_lo;weight;ap_hi
7,894,0,1,4,ap_lo;ap_hi;age;weight
7,895,1,1,4,age;ap_lo;ap_hi;height
7,896,0,0,4,ap_lo;weight;height;ap_hi
7,897,1,0,4,height;weight;age;ap_lo
7,898,1,0,4,weight;age;ap_lo;height
7,899,0,0,3,ap_lo;weight;age
7,900,0,0,3,ap_hi;height;age
7,901,0,0,3,weight;age;height
7,902,1,1,3,age;weight;height
7,903,1,1,4,weight;ap_lo;height;age
7,904,1,0,3,age;weight;ap_lo
7,905,0,0,3,ap_hi;age;ap_lo
7,906,0,0,3,age;ap_lo;ap_hi
7,907,1,1,4,age;height;weight;ap_hi
7,908,0,0,4,weight;height;age;ap_lo
7,909,1,1,3,height;weight;ap_hi
7,910,0,0,4,weight;ap_hi;age;height
7,911,0,1,3,weight;age;height
7,912,1,0,3,height;ap_lo;age
7,913,0,0,4,ap_hi;ap_lo;weight;age
7,914,1,1,4,age;ap_hi;height;weight
7,915,1,1,3,weight;ap_lo;height
7,916,0,0,4,ap_lo;height;age;ap_hi
7,917,0,0,4,weight;ap_lo;age;ap_hi
7,918,0,0,3,ap_hi;ap_lo;height
7,919,1,0,4,height;weight;ap_hi;ap_lo
7,920,1,1,3,age;height;weight
7,921,1,0,3,ap_lo;height;age
7,922,0,1,4,ap_hi;height;ap_lo;age
7,923,0,0,4,ap_lo;weight;ap_hi;height
7,924,1,1,3,height;age;ap_hi
7,925,1,0,4,weight;ap_lo;ap_hi;age
7,926,1,1,4,height;ap_lo;ap_hi;weight
7,927,1,0,3,weight;age;ap_lo
7,928,1,1,3,weight;height;ap_hi
7,929,0,0,3,age;ap_hi;ap_lo
7,930,0,0,3,weight;ap_hi;ap_lo
7,931,1,1,4,ap_lo;weight;height;age
7,932,0,1,4,height;age;weight;ap_lo
7,933,1,1,4,weight;ap_hi;age;ap_lo
7,934,1,1,4,age;ap_hi;weight;height
7,935,1,1,4,height;ap_lo;ap_hi;age
7,936,0,0,4,weight;age;ap_hi;height
7,937,1,0,3,ap_lo;ap_hi;height
7,938,1,1,4,ap_lo;height;weight;age
7,939,1,0,4,height;ap_lo;weight;ap_hi
7,940,0,0,4,ap_lo;age;height;ap_hi
7,941,0,1,4,ap_lo;age;ap_hi;height
7,942,0,1,4,weight;age;height;ap_hi
7,943,0,0,3,height;ap_hi;ap_lo
7,944,1,1,4,weight;ap_lo;ap_hi;height
7,945,0,0,3,ap_lo;height;age
7,946,0,0,3,ap_lo;age;ap_hi
7,947,0,0,4,age;weight;ap_lo;height
7,948,1,1,3,weight;height;ap_hi
7,949,0,1,4,weight;ap_lo;ap_hi;age
7,950,0,1,3,ap_hi;ap_lo;height
7,951,0,1,3,age;weight;ap_hi
7,952,0,0,3,age;ap_lo;height
7,953,1,0,4,ap_lo;age;ap_hi;weight
7,954,0,0,3,weight;ap_hi;ap_lo
7,955,0,0,4,weight;age;ap_hi;ap_lo
7,956,1,1,3,age;ap_hi;weight
7,957,0,1,3,age;ap_lo;weight
7,958,0,0,4,weight;ap_hi;ap_lo;height
7,959,1,1,3,age;weight;height
7,960,1,1,4,ap_hi;ap_lo;height;weight
7,961,0,0,3,height;ap_hi;age
7,962,0,0,4,age;ap_hi;ap_lo;height
7,963,0,0,3,ap_lo;age;height
7,964,1,0,3,height;weight;age
7,965,1,1,3,ap_hi;ap_lo;weight
7,966,1,0,4,age;height;weight;ap_hi
7,967,1,1,4,weight;ap_hi;age;height
7,968,1,0,3,ap_hi;ap_lo;weight
7,969,1,1,4,weight;ap_lo;height;age
7,970,0,0,3,ap_lo;age;weight
7,971,1,1,4,height;weight;ap_hi;ap_lo
7,972,1,0,3,age;ap_lo;weight
7,973,0,0,3,height;weight;ap_lo
7,974,1,1,3,ap_lo;age;ap_hi
7,975,1,1,4,weight;height;age;ap_hi
7,976,1,1,4,age;ap_lo;ap_hi;weight
7,977,0,0,4,age;ap_lo;height;ap_hi
7,978,1,1,4,weight;ap_hi;height;ap_lo
7,979,0,1,3,ap_hi;weight;height
7,980,1,1,4,ap_hi;age;height;weight
7,981,0,0,4,ap_hi;height;age;ap_lo
7,982,0,0,4,weight;height;ap_lo;age
7,983,1,1,4,height;weight;ap_lo;ap_hi
7,984,1,0,4,ap_lo;height;age;weight
7,985,1,0,3,age;ap_lo;height
7,986,1,1,4,ap_lo;ap_hi;age;height
7,987,1,0,4,height;age;weight;ap_hi
7,988,1,1,3,ap_hi;age;weight
7,989,1,0,4,ap_lo;ap_hi;height;age
7,990,1,0,3,weight;height;ap_hi
7,991,0,0,3,weight;ap_hi;height
7,992,1,0,3,weight;ap_lo;height
7,993,0,0,4,height;weight;ap_hi;age
7,994,1,1,4,height;ap_lo;ap_hi;weight
7,995,1,0,4,age;ap_hi;ap_lo;weight
7,996,1,1,3,ap_lo;age;ap_hi
7,997,0,0,4,age;ap_hi;height;weight
7,998,1,0,4,height;ap_hi;ap_lo;weight
7,999,1,1,4,age;height;weight;ap_hi
8,0,0,0,3,age;height;ap_hi
8,1,0,0,3,weight;ap_hi;height
8,2,0,0,3,ap_lo;age;ap_hi
8,3,0,1,3,height;age;ap_hi
8,4,1,0,3,weight;ap_lo;age
8,5,0,0,3,age;ap_lo;weight
8,6,0,1,4,ap_lo;height;ap_hi;age
8,7,0,0,4,ap_hi;ap_lo;weight;age
8,8,0,1,3,weight;age;ap_hi
8,9,1,0,3,ap_hi;weight;height
8,10,0,1,3,ap_hi;weight;age
8,11,1,1,4,ap_lo;weight;height;age
8,12,0,1,4,weight;ap_lo;height;age
8,13,0,1,3,height;age;ap_hi
8,14,0,0,3,ap_hi;height;ap_lo
8,15,0,0,4,height;ap_hi;ap_lo;weight
8,16,1,1,3,height;ap_hi;weight
8,17,0,0,4,ap_lo;weight;ap_hi;height
8,18,0,0,4,ap_hi;weight;age;height
8,19,1,1,3,ap_hi;weight;ap_lo
8,20,0,1,3,weight;height;age
8,21,1,1,4,weight;ap_lo;age;ap_hi
8,22,1,0,4,age;height;ap_lo;ap_hi
8,23,0,0,3,weight;age;ap_lo
8,24,1,1,4,age;weight;ap_hi;height
8,25,1,1,3,height;ap_hi;age
8,26,1,1,3,age;weight;ap_lo
8,27,0,1,3,ap_lo;ap_hi;height
8,28,0,0,3,ap_hi;ap_lo;height
8,29,0,1,4,height;age;ap_hi;weight
8,30,1,0,3,ap_lo;ap_hi;weight
8,31,1,1,4,height;ap_lo;weight;ap_hi
8,32,0,0,4,age;weight;ap_hi;height
8,33,1,1,3,height;weight;age
8,34,1,1,3,ap_lo;weight;age
8,35,1,1,4,height;ap_hi;age;ap_lo
8,36,0,0,4,ap_lo;height;weight;ap_hi
8,37,0,1,3,age;ap_lo;weight
8,38,0,0,4,weight;age;ap_lo;ap_hi
8,39,1,1,3,weight;age;ap_hi
8,40,1,1,3,height;ap_hi;weight
8,41,1,1,4,ap_hi;ap_lo;weight;age
8,42,1,0,3,ap_hi;age;weight
8,43,0,0,3,ap_lo;age;ap_hi
8,44,1,1,4,ap_lo;height;age;ap_hi
8,45,1,1,3,height;weight;age
8,46,0,0,4,ap_lo;ap_hi;height;weight
8,47,0,0,3,ap_hi;height;ap_lo
8,48,1,1,4,ap_lo;ap_hi;weight;age
8,49,0,0,4,age;ap_hi;weight;height
8,50,0,0,4,ap_lo;height;weight;age
8,51,0,0,3,ap_lo;age;weight
8,52,1,1,4,age;ap_hi;ap_lo;weight
8,53,0,1,3,weight;ap_hi;ap_lo
8,54,1,1,3,ap_hi;weight;ap_lo
8,55,1,0,4,age;ap_hi;weight;height
8,56,0,0,3,age;height;ap_lo
8,57,1,1,4,age;weight;ap_hi;ap_lo
8,58,1,1,4,height;ap_lo;age;weight
8,59,0,0,4,ap_hi;height;ap_lo;weight
8,60,1,1,4,height;age;weight;ap_lo
8,61,1,1,3,height;age;ap_hi
8,62,0,1,4,height;ap_hi;ap_lo;age
8,63,1,1,4,weight;age;ap_hi;ap_lo
8,64,0,1,3,age;height;weight
8,65,0,0,4,age;ap_hi;weight;height
8,66,0,1,3,age;height;ap_lo
8,67,0,1,4,weight;ap_hi;ap_lo;age
8,68,1,0,3,weight;height;age
8,69,0,1,4,weight;ap_hi;age;ap_lo
8,70,1,1,4,age;weight;ap_lo;ap_hi
8,71,1,1,4,age;weight;ap_hi;ap_lo
8,72,0,1,4,ap_lo;ap_hi;height;age
8,73,0,1,3,ap_lo;ap_hi;weight
8,74,1,1,4,ap_lo;age;ap_hi;weight
8,75,1,0,4,age;ap_lo;height;weight
8,76,0,0,4,height;weight;ap_lo;ap_hi
8,77,1,1,3,weight;ap_lo;age
8,78,0,1,4,height;age;weight;ap_lo
8,79,1,1,3,age;ap_hi;height
8,80,0,1,4,weight;ap_hi;age;ap_lo
8,81,1,1,3,height;age;ap_hi
8,82,1,1,4,weight;height;age;ap_hi
8,83,1,1,3,height;ap_lo;ap_hi
8,84,1,1,4,age;ap_lo;weight;ap_hi
8,85,0,0,3,age;ap_hi;weight
8,86,0,1,4,weight;age;ap_lo;ap_hi
8,87,0,1,3,ap_lo;age;ap_hi
8,88,0,1,4,ap_lo;height;ap_hi;age
8,89,1,1,3,height;weight;age
8,90,1,1,3,age;ap_lo;weight
8,91,1,0,4,height;ap_lo;ap_hi;weight
8,92,0,0,3,age;ap_hi;ap_lo
8,93,1,0,4,weight;ap_hi;age;height
8,94,0,0,4,height;ap_lo;ap_hi;age
8,95,1,0,4,ap_hi;age;weight;height
8,96,0,1,3,age;height;ap_lo
8,97,1,1,4,ap_hi;ap_lo;age;weight
8,98,1,1,3,ap_lo;weight;age
8,99,0,1,3,ap_lo;height;weight
8,100,0,0,3,height;ap_hi;weight
8,101,1,0,4,height;ap_hi;weight;ap_lo
8,102,0,0,3,ap_hi;age;weight
8,103,1,1,4,ap_lo;height;age;weight
8,104,0,0,4,ap_lo;weight;ap_hi;age
8,105,0,0,4,age;weight;ap_hi;ap_lo
8,106,0,1,3,height;ap_lo;weight
8,107,0,0,4,weight;ap_hi;height;age
8,108,1,1,3,ap_hi;ap_lo;age
8,109,0,0,4,height;weight;ap_hi;ap_lo
8,110,0,1,4,ap_hi;height;age;ap_lo
8,111,0,1,3,ap_lo;age;height
8,112,0,1,3,height;age;ap_hi
8,113,0,1,3,weight;ap_lo;age
8,114,1,1,4,weight;ap_lo;height;ap_hi
8,115,1,1,4,ap_hi;height;ap_lo;age
8,116,1,0,3,ap_hi;height;age
8,117,0,1,4,ap_lo;height;weight;age
8,118,0,0,4,age;ap_lo;ap_hi;weight
8,119,1,1,3,weight;age;ap_hi
8,120,0,1,4,age;ap_lo;height;weight
8,121,1,1,3,ap_lo;weight;height
8,122,0,1,4,height;ap_hi;age;ap_lo
8,123,1,1,3,ap_lo;age;weight
8,124,1,1,4,age;height;ap_lo;ap_hi
8,125,0,0,4,height;ap_lo;ap_hi;age
8,126,0,1,4,ap_lo;age;ap_hi;weight
8,127,1,1,3,height;ap_lo;weight
8,128,0,0,4,age;height;ap_hi;ap_lo
8,129,0,1,4,ap_hi;age;height;ap_lo
8,130,0,1,3,age;ap_hi;weight
8,131,0,1,3,weight;age;ap_lo
8,132,1,1,4,ap_hi;age;weight;ap_lo
8,133,0,1,3,weight;ap_hi;height
8,134,0,1,4,weight;height;ap_hi;ap_lo
8,135,1,0,4,height;weight;ap_hi;ap_lo
8,136,1,1,4,weight;ap_lo;age;height
8,137,1,1,4,ap_hi;height;ap_lo;weight
8,138,1,1,3,age;ap_hi;height
8,139,1,0,3,ap_hi;height;weight
8,140,1,1,3,ap_lo;height;age
8,141,1,1,3,ap_hi;weight;ap_lo
8,142,0,1,4,weight;age;height;ap_hi
8,143,1,1,3,height;weight;ap_lo
8,144,0,1,3,height;ap_lo;age
8,145,0,1,4,age;ap_lo;ap_hi;weight
8,146,0,0,4,ap_lo;ap_hi;age;weight
8,147,1,1,3,ap_hi;age;ap_lo
8,148,0,1,4,height;age;weight;ap_hi
8,149,1,1,3,ap_hi;weight;height
8,150,0,0,3,height;ap_hi;ap_lo
8,151,1,1,4,ap_lo;height;age;ap_hi
8,152,0,0,4,age;ap_lo;ap_hi;height
8,153,1,1,3,ap_lo;age;height
8,154,0,1,3,height;ap_lo;ap_hi
8,155,1,0,4,ap_lo;weight;age;height
8,156,1,0,3,ap_lo;weight;ap_hi
8,157,0,1,4,height;ap_hi;weight;age
8,158,1,1,3,ap_hi;height;age
8,159,0,0,3,ap_lo;age;height
8,160,0,0,3,ap_lo;age;ap_hi
8,161,0,1,3,ap_hi;age;height
8,162,0,1,3,weight;ap_hi;age
8,163,0,1,3,ap_hi;weight;ap_lo
8,164,0,0,4,age;height;ap_lo;ap_hi
8,165,0,0,4,ap_lo;weight;height;ap_hi
8,166,1,1,3,height;ap_hi;weight
8,167,0,1,4,weight;age;height;ap_hi
8,168,1,1,4,height;ap_hi;age;weight
8,169,1,1,3,weight;age;ap_hi
8,170,1,1,4,age;height;ap_lo;weight
8,171,1,1,4,height;age;weight;ap_hi
8,172,1,1,4,height;ap_lo;ap_hi;age
8,173,0,1,3,ap_hi;weight;age
8,174,1,1,3,height;age;weight
8,175,1,1,4,age;height;ap_hi;weight
8,176,1,1,4,weight;height;ap_hi;age
8,177,1,0,3,ap_hi;ap_lo;height
8,178,0,1,3,height;age;ap_hi
8,179,0,0,3,ap_lo;weight;ap_hi
8,180,1,1,4,age;weight;height;ap_lo
8,181,0,1,3,ap_hi;height;weight
8,182,1,1,4,height;age;ap_hi;ap_lo
8,183,0,0,4,ap_lo;age;weight;height
8,184,0,0,4,height;ap_hi;age;ap_lo
8,185,1,1,3,height;age;ap_hi
8,186,1,0,4,ap_hi;weight;ap_lo;age
8,187,1,0,4,ap_lo;age;weight;height
8,188,0,1,4,height;ap_lo;ap_hi;weight
8,189,0,1,3,ap_hi;weight;ap_lo
8,190,0,1,3,age;weight;height
8,191,0,1,3,ap_lo;age;ap_hi
8,192,0,0,3,ap_hi;age;height
8,193,1,1,3,weight;height;age
8,194,1,1,4,ap_lo;age;height;ap_hi
8,195,1,1,3,height;ap_lo;age
8,196,1,1,3,weight;height;age
8,197,1,1,3,ap_hi;height;age
8,198,0,1,3,height;age;weight
8,199,1,1,3,ap_lo;ap_hi;height
8,200,1,0,4,height;weight;ap_hi;ap_lo
8,201,0,1,4,weight;age;height;ap_lo
8,202,0,0,4,height;ap_hi;ap_lo;weight
8,203,0,0,3,ap_hi;height;weight
8,204,0,0,3,ap_lo;weight;ap_hi
8,205,0,0,3,ap_lo;age;weight
8,206,1,1,3,ap_hi;height;age
8,207,0,0,3,ap_hi;weight;height
8,208,1,0,4,ap_hi;height;ap_lo;age
8,209,0,0,4,weight;age;ap_lo;ap_hi
8,210,1,1,3,height;age;ap_hi
8,211,1,0,4,age;ap_lo;height;weight
8,212,0,0,4,ap_hi;weight;ap_lo;height
8,213,0,1,3,ap_hi;weight;ap_lo
8,214,0,0,4,height;ap_hi;age;ap_lo
8,215,1,1,4,weight;height;age;ap_lo
8,216,0,0,3,height;weight;age
8,217,1,1,4,height;age;ap_lo;ap_hi
8,218,0,0,4,ap_hi;height;age;weight
8,219,0,1,3,ap_hi;ap_lo;weight
8,220,1,0,4,age;weight;ap_lo;height
8,221,0,1,4,weight;ap_lo;ap_hi;age
8,222,0,0,4,age;ap_lo;ap_hi;weight
8,223,1,1,3,ap_lo;height;age
8,224,0,0,4,weight;age;ap_hi;height
8,225,1,0,3,age;weight;ap_hi
8,226,0,1,3,height;ap_hi;weight
8,227,1,0,3,age;ap_hi;ap_lo
8,228,0,0,3,weight;ap_lo;height
8,229,0,1,3,age;ap_lo;weight
8,230,1,1,4,ap_lo;age;ap_hi;height
8,231,0,0,3,height;ap_hi;weight
8,232,1,0,3,height;age;ap_hi
8,233,0,1,3,weight;age;height
8,234,1,0,3,age;height;ap_hi
8,235,1,1,3,ap_hi;weight;ap_lo
8,236,1,1,4,age;ap_lo;ap_hi;weight
8,237,0,1,3,ap_lo;height;age
8,238,1,1,3,height;ap_lo;age
8,239,1,1,3,ap_lo;ap_hi;weight
8,240,1,1,4,ap_lo;weight;height;age
8,241,1,1,4,ap_hi;height;age;ap_lo
8,242,0,1,4,weight;ap_hi;ap_lo;age
8,243,0,0,3,weight;age;ap_hi
8,244,1,1,4,ap_hi;weight;ap_lo;height
8,245,1,1,4,ap_lo;ap_hi;height;weight
8,246,1,1,4,age;ap_lo;ap_hi;weight
8,247,1,0,3,ap_lo;age;height
8,248,1,1,3,weight;ap_hi;age
8,249,1,1,3,age;weight;height
8,250,1,1,4,height;ap_hi;age;weight
8,251,0,0,3,height;age;ap_lo
8,252,0,0,3,ap_hi;ap_lo;height
8,253,0,1,4,weight;ap_hi;height;age
8,254,1,0,4,height;age;ap_lo;ap_hi
8,255,1,1,4,ap_lo;age;ap_hi;height
8,256,0,1,3,weight;height;ap_hi
8,257,0,1,4,age;weight;height;ap_hi
8,258,0,0,3,height;weight;ap_hi
8,259,1,1,3,weight;ap_hi;ap_lo
8,260,0,0,3,age;ap_lo;ap_hi
8,261,1,1,4,ap_lo;ap_hi;age;weight
8,262,1,1,3,ap_lo;ap_hi;weight
8,263,1,1,4,ap_hi;age;height;ap_lo
8,264,1,1,4,ap_lo;ap_hi;weight;age
8,265,0,1,4,ap_lo;age;height;ap_hi
8,266,0,1,3,weight;height;age
8,267,1,1,3,ap_hi;age;weight
8,268,0,0,3,ap_lo;height;weight
8,269,1,1,4,ap_hi;age;ap_lo;weight
8,270,1,0,4,ap_hi;age;height;ap_lo
8,271,1,1,3,ap_hi;ap_lo;age
8,272,0,1,3,weight;height;ap_lo
8,273,1,1,3,ap_lo;weight;ap_hi
8,274,0,0,3,height;ap_hi;weight
8,275,1,1,4,height;ap_hi;age;weight
8,276,1,1,3,age;height;ap_lo
8,277,0,1,3,weight;ap_hi;ap_lo
8,278,1,1,4,weight;ap_hi;height;age
8,279,0,0,4,age;ap_lo;height;ap_hi
8,280,0,1,4,age;ap_lo;ap_hi;weight
8,281,0,0,4,ap_hi;weight;ap_lo;age
8,282,1,0,3,ap_lo;weight;ap_hi
8,283,1,1,3,weight;ap_lo;height
8,284,1,0,4,age;height;ap_hi;ap_lo
8,285,0,0,3,height;age;ap_hi
8,286,1,1,3,weight;ap_hi;ap_lo
8,287,1,1,3,ap_hi;weight;age
8,288,1,1,3,ap_hi;ap_lo;height
8,289,0,1,3,weight;ap_lo;ap_hi
8,290,0,1,3,height;ap_hi;ap_lo
8,291,0,1,3,ap_lo;height;age
8,292,0,1,4,ap_lo;ap_hi;age;height
8,293,1,1,4,ap_lo;age;ap_hi;height
8,294,1,0,4,ap_hi;age;weight;ap_lo
8,295,1,1,3,ap_hi;ap_lo;age
8,296,0,0,3,height;ap_lo;ap_hi
8,297,1,0,3,age;ap_lo;ap_hi
8,298,1,1,4,age;height;weight;ap_lo
8,299,1,1,3,weight;ap_lo;height
8,300,0,0,4,age;ap_hi;ap_lo;weight
8,301,1,0,3,ap_lo;height;ap_hi
8,302,1,1,4,height;ap_hi;weight;ap_lo
8,303,1,0,4,ap_hi;ap_lo;age;weight
8,304,0,1,4,weight;height;age;ap_lo
8,305,0,0,4,ap_hi;age;height;ap_lo
8,306,1,0,3,age;ap_lo;ap_hi
8,307,0,0,4,height;weight;ap_hi;ap_lo
8,308,0,1,3,ap_hi;age;weight
8,309,0,0,3,ap_lo;weight;ap_hi
8,310,0,1,4,age;height;ap_lo;weight
8,311,0,0,3,ap_hi;age;height
8,312,0,1,3,height;weight;ap_hi
8,313,0,1,3,ap_hi;weight;age
8,314,1,1,3,weight;ap_lo;ap_hi
8,315,1,1,4,height;ap_hi;weight;ap_lo
8,316,1,1,3,weight;height;ap_hi
8,317,1,1,4,height;ap_hi;ap_lo;age
8,318,0,0,3,ap_hi;ap_lo;age
8,319,1,1,4,weight;age;ap_hi;height
8,320,1,1,3,ap_hi;ap_lo;age
8,321,1,1,4,ap_lo;weight;height;age
8,322,1,1,3,ap_lo;ap_hi;height
8,323,0,1,4,ap_lo;age;ap_hi;weight
8,324,0,0,4,weight;ap_hi;ap_lo;height
8,325,0,1,3,age;weight;ap_hi
8,326,1,0,3,height;ap_hi;age
8,327,1,0,4,weight;height;ap_lo;ap_hi
8,328,0,0,3,ap_hi;age;ap_lo
8,329,1,1,4,weight;age;height;ap_lo
8,330,0,0,4,ap_hi;age;height;ap_lo
8,331,1,0,3,age;height;ap_hi
8,332,0,0,3,ap_lo;ap_hi;age
8,333,0,0,3,age;ap_hi;ap_lo
8,334,1,1,3,ap_lo;weight;ap_hi
8,335,1,1,3,height;ap_lo;age
8,336,0,0,3,ap_lo;height;ap_hi
8,337,0,1,3,height;ap_lo;ap_hi
8,338,0,1,3,ap_lo;height;age
8,339,0,1,3,age;ap_hi;weight
8,340,1,1,4,height;ap_hi;weight;ap_lo
8,341,1,1,4,weight;ap_hi;age;ap_lo
8,342,1,1,3,weight;age;ap_lo
8,343,1,1,3,height;age;ap_hi
8,344,1,1,3,age;ap_hi;weight
8,345,1,1,3,weight;ap_lo;height
8,346,0,1,4,ap_lo;height;age;ap_hi
8,347,0,0,3,height;weight;ap_lo
8,348,1,1,4,height;weight;ap_lo;ap_hi
8,349,0,0,3,ap_lo;height;ap_hi
8,350,1,1,4,weight;height;ap_lo;ap_hi
8,351,1,1,3,ap_lo;height;age
8,352,0,0,4,ap_lo;weight;height;ap_hi
8,353,1,1,3,weight;ap_hi;ap_lo
8,354,1,0,3,age;height;ap_lo
8,355,1,1,4,height;weight;age;ap_hi
8,356,1,1,4,height;ap_hi;age;weight
8,357,1,0,4,height;age;ap_hi;ap_lo
8,358,1,1,3,height;ap_hi;weight
8,359,1,1,3,age;ap_lo;weight
8,360,1,0,4,ap_hi;weight;age;ap_lo
8,361,0,0,3,weight;ap_hi;ap_lo
8,362,1,1,4,height;ap_hi;age;weight
8,363,1,1,4,height;ap_hi;ap_lo;weight
8,364,1,1,3,ap_lo;ap_hi;age
8,365,1,1,4,height;age;weight;ap_hi
8,366,0,0,3,ap_hi;age;height
8,367,1,0,4,ap_hi;age;height;ap_lo
8,368,1,1,4,ap_hi;weight;height;ap_lo
8,369,0,0,4,height;age;ap_hi;ap_lo
8,370,1,0,3,height;ap_hi;ap_lo
8,371,0,1,3,height;age;ap_lo
8,372,1,1,3,ap_lo;weight;height
8,373,1,0,4,age;weight;height;ap_hi
8,374,1,1,3,height;age;ap_hi
8,375,0,1,3,weight;age;height
8,376,1,0,4,height;weight;ap_lo;ap_hi
8,377,1,1,3,ap_lo;weight;height
8,378,0,0,3,ap_hi;age;ap_lo
8,379,0,1,4,ap_lo;age;weight;height
8,380,1,1,3,ap_lo;age;height
8,381,1,1,4,age;height;weight;ap_hi
8,382,0,1,3,height;weight;age
8,383,1,0,4,age;weight;height;ap_lo
8,384,1,1,3,weight;ap_lo;height
8,385,0,0,3,ap_hi;height;ap_lo
8,386,0,1,4,weight;height;ap_lo;age
8,387,1,1,4,ap_lo;weight;age;height
8,388,0,0,4,ap_lo;age;ap_hi;height
8,389,0,1,4,height;ap_lo;weight;age
8,390,1,1,4,ap_lo;age;height;ap_hi
8,391,1,1,3,weight;ap_lo;height
8,392,0,0,3,ap_lo;ap_hi;height
8,393,1,1,3,height;age;ap_hi
8,394,0,0,4,ap_lo;age;weight;ap_hi
8,395,1,1,4,age;ap_hi;height;weight
8,396,1,1,3,height;ap_hi;ap_lo
8,397,1,1,3,height;weight;ap_lo
8,398,0,1,3,height;weight;age
8,399,0,1,4,ap_lo;age;height;weight
8,400,1,0,4,weight;age;height;ap_lo
8,401,1,1,3,height;age;ap_lo
8,402,0,1,3,weight;age;ap_hi
8,403,0,0,3,age;weight;ap_hi
8,404,0,0,3,ap_lo;age;ap_hi
8,405,0,0,4,ap_lo;ap_hi;weight;age
8,406,0,1,3,ap_hi;ap_lo;weight
8,407,1,0,3,ap_lo;age;ap_hi
8,408,1,1,3,height;ap_lo;weight
8,409,0,0,4,weight;age;ap_hi;height
8,410,0,1,3,weight;ap_hi;age
8,411,0,0,3,age;weight;height
8,412,0,0,4,height;age;ap_lo;ap_hi
8,413,1,1,4,height;weight;ap_hi;ap_lo
8,414,0,0,3,ap_hi;age;height
8,415,0,0,4,ap_hi;height;weight;age
8,416,0,0,4,weight;age;height;ap_hi
8,417,0,1,4,ap_hi;age;height;weight
8,418,0,1,3,weight;height;ap_lo
8,419,1,0,4,weight;ap_lo;age;ap_hi
8,420,1,1,3,height;weight;ap_lo
8,421,0,0,3,ap_lo;weight;ap_hi
8,422,1,0,4,age;height;ap_lo;weight
8,423,0,0,4,age;height;ap_lo;ap_hi
8,424,1,1,4,weight;height;ap_lo;ap_hi
8,425,1,1,4,ap_hi;ap_lo;height;weight
8,426,1,1,4,ap_lo;weight;height;ap_hi
8,427,1,1,3,weight;ap_lo;height
8,428,0,0,4,ap_hi;age;height;ap_lo
8,429,1,1,4,weight;ap_hi;ap_lo;height
8,430,1,0,3,weight;age;ap_hi
8,431,1,0,3,weight;ap_hi;ap_lo
8,432,1,1,4,age;height;weight;ap_hi
8,433,1,1,4,age;ap_hi;weight;height
8,434,1,1,3,age;weight;ap_hi
8,435,1,0,3,age;weight;ap_hi
8,436,1,1,3,ap_hi;ap_lo;height
8,437,1,1,3,weight;ap_hi;ap_lo
8,438,0,0,3,ap_lo;weight;age
8,439,0,1,4,ap_hi;weight;height;age
8,440,1,0,3,ap_lo;height;weight
8,441,0,0,3,age;ap_lo;ap_hi
8,442,0,0,4,age;ap_lo;weight;height
8,443,0,1,3,ap_lo;height;weight
8,444,0,0,4,weight;ap_lo;ap_hi;height
8,445,0,0,3,age;ap_lo;ap_hi
8,446,0,0,3,age;weight;ap_hi
8,447,1,0,4,age;height;weight;ap_lo
8,448,0,1,4,weight;height;ap_hi;ap_lo
8,449,0,1,3,ap_hi;height;age
8,450,0,1,3,ap_lo;height;age
8,451,0,1,3,weight;age;height
8,452,1,1,4,height;weight;ap_lo;age
8,453,1,1,3,age;ap_lo;ap_hi
8,454,1,1,4,ap_hi;height;ap_lo;age
8,455,0,1,4,height;ap_lo;age;ap_hi
8,456,0,1,3,height;weight;ap_lo
8,457,0,0,3,height;ap_hi;weight
8,458,1,1,4,height;weight;ap_lo;age
8,459,1,0,3,ap_lo;age;weight
8,460,1,1,4,weight;ap_hi;ap_lo;age
8,461,1,1,4,ap_hi;age;weight;ap_lo
8,462,0,0,3,weight;age;ap_lo
8,463,0,0,3,ap_lo;weight;ap_hi
8,464,1,1,3,weight;ap_hi;height
8,465,1,0,3,ap_hi;ap_lo;height
8,466,1,1,3,height;age;ap_hi
8,467,1,1,4,weight;age;ap_hi;ap_lo
8,468,0,0,4,age;ap_lo;weight;height
8,469,1,1,4,age;ap_hi;weight;ap_lo
8,470,1,0,4,weight;age;height;ap_lo
8,471,1,1,3,ap_hi;weight;ap_lo
8,472,0,1,3,age;weight;height
8,473,1,1,3,weight;ap_hi;age
8,474,1,0,3,weight;ap_hi;age
8,475,0,1,4,ap_hi;age;weight;ap_lo
8,476,0,1,4,height;weight;age;ap_hi
8,477,0,1,3,age;ap_lo;height
8,478,0,1,3,height;age;ap_lo
8,479,0,0,4,ap_hi;weight;ap_lo;age
8,480,0,1,4,age;height;ap_lo;weight
8,481,1,1,4,age;height;ap_hi;weight
8,482,1,1,3,weight;height;age
8,483,1,1,3,ap_lo;ap_hi;weight
8,484,0,0,3,ap_lo;age;height
8,485,1,1,4,ap_lo;weight;height;age
8,486,1,1,4,age;height;weight;ap_hi
8,487,1,1,3,weight;ap_lo;ap_hi
8,488,1,1,4,age;height;ap_lo;ap_hi
8,489,1,1,3,weight;height;ap_lo
8,490,0,1,4,ap_hi;height;age;ap_lo
8,491,0,0,3,weight;age;height
8,492,0,1,4,ap_hi;height;ap_lo;weight
8,493,1,1,4,age;weight;ap_lo;height
8,494,1,1,3,weight;height;ap_hi
8,495,1,1,4,height;weight;ap_lo;ap_hi
8,496,1,0,3,ap_hi;weight;height
8,497,1,0,4,age;weight;height;ap_hi
8,498,0,0,3,ap_hi;ap_lo;age
8,499,0,1,4,age;height;weight;ap_lo
8,500,0,0,3,height;ap_hi;weight
8,501,1,1,4,age;ap_lo;weight;ap_hi
8,502,1,1,4,ap_lo;age;height;ap_hi
8,503,0,1,4,height;weight;ap_lo;ap_hi
8,504,0,0,3,ap_hi;height;age
8,505,0,1,3,ap_hi;height;age
8,506,0,0,3,weight;ap_lo;height
8,507,1,1,4,age;ap_hi;ap_lo;height
8,508,0,0,3,age;weight;ap_lo
8,509,0,1,3,weight;height;ap_hi
8,510,1,1,4,weight;ap_lo;ap_hi;age
8,511,0,0,3,age;height;weight
8,512,1,1,3,ap_hi;age;height
8,513,1,1,4,age;ap_lo;height;weight
8,514,1,0,3,ap_hi;height;ap_lo
8,515,0,1,3,ap_lo;height;age
8,516,1,1,3,weight;age;height
8,517,1,1,3,age;ap_hi;height
8,518,0,1,4,age;ap_hi;height;ap_lo
8,519,1,1,4,weight;height;age;ap_lo
8,520,1,1,4,ap_hi;weight;age;height
8,521,0,1,3,ap_hi;height;age
8,522,0,0,4,ap_lo;height;ap_hi;weight
8,523,1,0,4,ap_lo;ap_hi;weight;age
8,524,1,1,4,age;ap_lo;height;ap_hi
8,525,0,1,4,weight;ap_hi;age;height
8,526,0,1,3,ap_hi;weight;height
8,527,1,1,4,ap_lo;height;weight;age
8,528,0,0,3,ap_lo;height;ap_hi
8,529,1,1,4,height;ap_hi;weight;age
8,530,0,1,3,weight;ap_hi;ap_lo
8,531,1,1,3,ap_lo;weight;ap_hi
8,532,0,1,3,height;ap_lo;weight
8,533,1,1,4,weight;height;ap_lo;age
8,534,0,1,4,ap_lo;weight;age;height
8,535,1,1,3,age;ap_lo;height
8,536,1,1,4,height;weight;ap_lo;ap_hi
8,537,1,1,4,age;height;ap_lo;ap_hi
8,538,0,1,3,ap_lo;ap_hi;weight
8,539,1,0,3,ap_lo;weight;age
8,540,1,0,4,ap_hi;ap_lo;age;weight
8,541,1,1,4,ap_lo;weight;age;height
8,542,1,0,3,ap_lo;age;height
8,543,1,1,4,height;age;ap_hi;weight
8,544,1,0,3,ap_hi;weight;age
8,545,0,1,4,height;weight;ap_hi;age
8,546,0,0,4,age;height;ap_lo;weight
8,547,0,1,4,weight;height;ap_hi;ap_lo
8,548,0,0,4,height;weight;ap_hi;ap_lo
8,549,1,1,3,height;ap_lo;weight
8,550,1,1,3,age;weight;height
8,551,1,1,3,ap_hi;weight;ap_lo
8,552,0,1,3,weight;height;ap_hi
8,553,1,0,4,weight;height;age;ap_hi
8,554,0,1,4,age;height;weight;ap_hi
8,555,0,0,3,ap_lo;height;age
8,556,1,1,3,height;ap_hi;ap_lo
8,557,1,1,4,ap_lo;weight;height;age
8,558,1,1,4,ap_lo;age;height;weight
8,559,1,1,4,height;ap_lo;ap_hi;weight
8,560,1,1,4,height;weight;ap_lo;age
8,561,0,1,4,weight;ap_lo;height;ap_hi
8,562,0,0,3,ap_hi;weight;age
8,563,0,1,3,age;weight;ap_hi
8,564,1,1,3,weight;ap_hi;ap_lo
8,565,1,1,3,weight;height;ap_lo
8,566,0,1,3,ap_hi;height;weight
8,567,1,1,3,weight;age;height
8,568,1,1,4,ap_lo;ap_hi;age;weight
8,569,0,1,3,height;weight;age
8,570,1,1,3,ap_hi;weight;ap_lo
8,571,1,1,3,ap_lo;ap_hi;age
8,572,0,0,4,ap_hi;weight;age;height
8,573,1,1,3,ap_hi;weight;ap_lo
8,574,1,1,4,ap_lo;age;ap_hi;weight
8,575,0,1,4,ap_lo;height;weight;age
8,576,1,1,3,ap_lo;age;height
8,577,1,1,4,age;ap_lo;weight;ap_hi
8,578,1,1,4,ap_hi;age;height;ap_lo
8,579,0,1,4,height;ap_lo;weight;age
8,580,1,1,3,height;weight;ap_hi
8,581,1,0,4,height;ap_lo;age;ap_hi
8,582,0,0,3,age;height;ap_lo
8,583,0,1,3,height;weight;ap_lo
8,584,0,0,3,age;ap_hi;height
8,585,1,1,4,ap_lo;ap_hi;weight;height
8,586,0,0,4,ap_hi;age;height;weight
8,587,0,1,4,age;height;ap_lo;weight
8,588,1,1,3,ap_hi;height;weight
8,589,1,1,3,ap_lo;weight;age
8,590,1,1,4,ap_hi;height;age;ap_lo
8,591,0,1,3,age;ap_lo;height
8,592,0,1,3,height;age;ap_lo
8,593,0,1,4,ap_lo;weight;ap_hi;age
8,594,0,0,4,ap_lo;age;weight;height
8,595,1,1,3,weight;ap_hi;age
8,596,1,1,4,weight;ap_hi;ap_lo;height
8,597,0,0,3,ap_lo;ap_hi;height
8,598,0,0,3,ap_hi;ap_lo;age
8,599,0,1,4,ap_lo;age;weight;height
8,600,1,1,3,ap_lo;height;age
8,601,1,1,3,ap_lo;ap_hi;weight
8,602,1,1,4,ap_hi;age;height;ap_lo
8,603,1,1,3,ap_lo;ap_hi;age
8,604,0,0,4,height;weight;ap_lo;ap_hi
8,605,0,1,3,ap_lo;height;weight
8,606,1,1,4,age;ap_lo;ap_hi;height
8,607,1,1,3,height;ap_lo;ap_hi
8,608,0,0,3,weight;height;ap_hi
8,609,0,0,4,weight;height;age;ap_hi
8,610,1,1,4,ap_lo;ap_hi;age;weight
8,611,1,1,4,ap_lo;age;ap_hi;weight
8,612,0,0,4,ap_hi;ap_lo;weight;age
8,613,0,1,3,ap_lo;age;height
8,614,0,1,4,ap_lo;ap_hi;age;weight
8,615,0,1,4,ap_lo;age;height;ap_hi
8,616,0,1,4,age;ap_hi;ap_lo;weight
8,617,0,1,3,weight;ap_lo;age
8,618,0,0,3,weight;height;ap_hi
8,619,1,1,3,age;weight;ap_hi
8,620,0,0,3,ap_lo;height;weight
8,621,1,1,4,weight;ap_lo;height;ap_hi
8,622,0,0,4,ap_hi;weight;ap_lo;height
8,623,1,1,4,ap_hi;age;weight;height
8,624,1,1,3,height;ap_hi;ap_lo
8,625,0,0,4,age;weight;ap_hi;ap_lo
8,626,1,1,4,age;ap_hi;ap_lo;weight
8,627,0,0,3,ap_lo;height;weight
8,628,0,0,3,age;height;ap_hi
8,629,0,1,4,height;age;ap_hi;weight
8,630,0,1,3,height;age;ap_lo
8,631,1,0,3,age;ap_hi;height
8,632,1,1,3,ap_lo;weight;height
8,633,0,0,4,age;height;ap_lo;weight
8,634,0,1,3,ap_lo;age;weight
8,635,1,1,3,age;height;weight
8,636,1,1,3,ap_lo;height;ap_hi
8,637,0,1,4,ap_hi;age;height;ap_lo
8,638,1,1,4,weight;age;height;ap_hi
8,639,0,0,3,ap_hi;weight;age
8,640,1,1,3,ap_lo;age;height
8,641,1,0,4,ap_lo;height;age;ap_hi
8,642,1,1,4,height;ap_hi;age;ap_lo
8,643,0,0,4,ap_hi;height;ap_lo;weight
8,644,1,1,3,age;ap_lo;ap_hi
8,645,1,1,3,ap_lo;height;age
8,646,0,0,3,ap_lo;height;weight
8,647,0,0,4,ap_lo;height;age;weight
8,648,0,1,3,ap_hi;height;age
8,649,0,0,3,weight;age;ap_lo
8,650,1,1,3,age;ap_lo;ap_hi
8,651,0,0,3,ap_lo;ap_hi;weight
8,652,0,0,3,weight;ap_lo;age
8,653,0,0,3,weight;ap_hi;ap_lo
8,654,0,0,3,ap_hi;weight;age
8,655,0,1,3,height;ap_lo;weight
8,656,0,0,3,weight;age;ap_hi
8,657,0,1,4,height;age;weight;ap_hi
8,658,1,1,4,ap_lo;age;weight;ap_hi
8,659,0,0,4,weight;age;ap_hi;height
8,660,1,1,4,ap_hi;ap_lo;age;weight
8,661,0,0,3,weight;age;ap_hi
8,662,0,1,3,ap_hi;ap_lo;age
8,663,0,1,4,ap_lo;age;height;ap_hi
8,664,1,1,3,height;age;ap_lo
8,665,1,0,3,ap_lo;ap_hi;age
8,666,0,1,3,age;ap_hi;height
8,667,1,1,4,weight;age;ap_hi;height
8,668,1,1,3,height;ap_lo;ap_hi
8,669,1,1,4,ap_hi;height;age;ap_lo
8,670,0,0,3,weight;ap_lo;height
8,671,0,1,4,height;ap_lo;weight;age
8,672,0,0,3,height;weight;age
8,673,0,0,4,ap_hi;age;height;weight
8,674,1,0,3,ap_hi;age;ap_lo
8,675,1,1,4,age;ap_hi;weight;height
8,676,1,1,3,ap_hi;ap_lo;weight
8,677,1,1,4,age;weight;ap_hi;ap_lo
8,678,0,0,4,ap_hi;age;weight;height
8,679,1,1,4,ap_lo;height;weight;ap_hi
8,680,0,1,3,height;weight;ap_lo
8,681,0,0,4,weight;age;height;ap_hi
8,682,0,0,4,ap_hi;height;weight;age
8,683,1,0,3,ap_lo;ap_hi;age
8,684,0,1,4,weight;ap_hi;age;height
8,685,1,1,3,ap_hi;weight;height
8,686,1,1,3,age;ap_lo;ap_hi
8,687,0,0,4,height;ap_lo;age;ap_hi
8,688,1,0,3,weight;ap_lo;age
8,689,1,1,4,weight;ap_lo;ap_hi;age
8,690,0,1,3,height;age;ap_lo
8,691,0,1,3,ap_hi;weight;age
8,692,0,1,3,weight;ap_hi;age
8,693,0,1,4,ap_hi;ap_lo;weight;height
8,694,0,1,3,height;ap_lo;weight
8,695,1,0,3,weight;age;height
8,696,0,0,4,age;weight;ap_lo;ap_hi
8,697,1,1,3,ap_hi;age;weight
8,698,1,1,3,weight;height;ap_hi
8,699,1,1,4,weight;ap_hi;height;age
8,700,0,1,4,height;weight;ap_hi;age
8,701,0,1,4,weight;height;age;ap_hi
8,702,0,0,4,weight;height;ap_lo;age
8,703,0,0,4,age;ap_lo;ap_hi;weight
8,704,0,1,3,age;weight;ap_hi
8,705,1,0,4,ap_hi;weight;height;age
8,706,1,0,4,weight;ap_hi;age;ap_lo
8,707,1,1,4,ap_hi;age;weight;ap_lo
8,708,0,0,4,age;ap_lo;weight;ap_hi
8,709,0,0,4,height;age;ap_hi;ap_lo
8,710,0,0,3,ap_hi;height;weight
8,711,0,0,3,age;ap_hi;height
8,712,1,0,4,age;weight;ap_lo;height
8,713,1,1,3,height;age;ap_lo
8,714,1,0,3,ap_lo;age;height
8,715,1,1,4,age;ap_lo;weight;ap_hi
8,716,1,1,3,height;ap_hi;ap_lo
8,717,0,1,3,height;ap_lo;weight
8,718,0,1,4,height;ap_lo;age;ap_hi
8,719,1,0,4,age;ap_lo;weight;ap_hi
8,720,0,1,3,weight;ap_lo;height
8,721,1,1,4,age;ap_lo;weight;ap_hi
8,722,0,1,4,weight;ap_hi;age;height
8,723,1,1,4,ap_lo;ap_hi;age;weight
8,724,1,1,4,height;ap_lo;age;ap_hi
8,725,1,1,3,weight;ap_hi;ap_lo
8,726,1,1,4,ap_hi;weight;height;ap_lo
8,727,1,0,3,weight;height;age
8,728,1,0,3,ap_hi;ap_lo;age
8,729,1,1,4,ap_lo;height;weight;age
8,730,1,1,3,weight;height;age
8,731,1,1,3,height;ap_lo;age
8,732,0,0,3,ap_hi;ap_lo;age
8,733,0,1,3,height;weight;ap_hi
8,734,0,0,4,ap_lo;weight;ap_hi;height
8,735,0,0,4,weight;ap_lo;ap_hi;age
8,736,0,0,3,weight;age;ap_hi
8,737,1,1,4,ap_hi;height;ap_lo;weight
8,738,0,1,3,ap_hi;weight;height
8,739,1,1,4,ap_hi;weight;ap_lo;height
8,740,0,0,4,ap_lo;height;weight;ap_hi
8,741,0,1,4,ap_lo;weight;height;age
8,742,0,1,4,ap_hi;weight;height;age
8,743,0,0,4,age;ap_hi;weight;ap_lo
8,744,1,0,4,weight;height;ap_lo;ap_hi
8,745,0,1,4,height;ap_lo;weight;age
8,746,0,1,4,age;weight;ap_hi;height
8,747,0,0,3,ap_lo;age;height
8,748,0,0,4,height;weight;age;ap_hi
8,749,0,1,4,height;ap_hi;weight;age
8,750,0,1,4,ap_lo;height;weight;age
8,751,0,1,3,height;weight;ap_hi
8,752,0,1,4,weight;age;ap_hi;ap_lo
8,753,1,0,4,height;ap_lo;weight;age
8,754,0,1,4,ap_lo;weight;height;age
8,755,0,0,4,height;ap_hi;age;weight
8,756,1,1,3,age;height;weight
8,757,0,0,4,ap_hi;weight;ap_lo;height
8,758,1,0,3,height;ap_hi;ap_lo
8,759,1,1,3,ap_lo;ap_hi;weight
8,760,1,0,4,ap_hi;age;height;ap_lo
8,761,0,0,4,ap_lo;age;weight;ap_hi
8,762,1,1,3,ap_lo;weight;ap_hi
8,763,0,0,4,ap_hi;weight;height;age
8,764,0,1,4,weight;height;age;ap_hi
8,765,0,1,4,height;ap_hi;ap_lo;age
8,766,1,1,3,ap_lo;ap_hi;age
8,767,0,1,4,height;ap_lo;ap_hi;weight
8,768,0,1,4,weight;ap_hi;height;ap_lo
8,769,1,0,3,weight;age;ap_hi
8,770,0,0,4,ap_hi;height;age;ap_lo
8,771,0,1,3,height;ap_lo;age
8,772,1,1,3,ap_lo;age;ap_hi
8,773,0,0,4,weight;height;age;ap_hi
8,774,1,1,3,age;height;weight
8,775,0,0,3,ap_lo;ap_hi;height
8,776,0,0,3,ap_hi;age;height
8,777,1,1,4,height;ap_hi;ap_lo;age
8,778,1,1,3,age;ap_lo;height
8,779,0,1,4,age;ap_lo;height;ap_hi
8,780,0,1,3,age;ap_lo;ap_hi
8,781,0,1,3,age;ap_hi;weight
8,782,1,1,3,weight;ap_hi;ap_lo
8,783,1,1,3,ap_hi;height;weight
8,784,1,1,4,ap_hi;ap_lo;height;age
8,785,1,1,3,ap_hi;height;weight
8,786,0,0,4,age;ap_lo;weight;ap_hi
8,787,0,1,4,height;ap_hi;weight;ap_lo
8,788,1,1,4,weight;ap_hi;ap_lo;height
8,789,1,1,3,ap_lo;height;age
8,790,0,0,3,age;ap_hi;weight
8,791,0,0,3,ap_hi;age;ap_lo
8,792,0,1,4,height;weight;age;ap_lo
8,793,0,0,3,height;weight;ap_hi
8,794,0,1,4,weight;height;ap_hi;age
8,795,0,1,3,height;age;ap_lo
8,796,0,1,4,height;weight;ap_lo;ap_hi
8,797,0,1,4,ap_hi;height;age;weight
8,798,0,1,3,ap_hi;ap_lo;height
8,799,0,1,3,ap_lo;height;ap_hi
8,800,0,0,4,weight;age;ap_lo;height
8,801,0,1,4,ap_lo;weight;age;height
8,802,0,1,4,ap_hi;ap_lo;weight;age
8,803,0,1,3,ap_hi;weight;age
8,804,1,0,3,age;ap_lo;height
8,805,1,1,4,height;ap_hi;ap_lo;weight
8,806,0,1,3,age;height;ap_hi
8,807,1,1,3,height;age;ap_hi
8,808,0,1,3,age;height;ap_lo
8,809,1,1,4,height;ap_lo;age;ap_hi
8,810,0,0,4,weight;height;ap_hi;ap_lo
8,811,1,1,3,age;height;ap_lo
8,812,0,1,4,height;ap_lo;age;ap_hi
8,813,0,0,4,ap_hi;weight;ap_lo;height
8,814,0,0,4,height;ap_lo;ap_hi;weight
8,815,0,1,3,ap_hi;age;weight
8,816,0,0,3,ap_lo;age;height
8,817,0,0,4,age;ap_lo;height;weight
8,818,1,1,3,height;ap_hi;weight
8,819,0,1,4,age;ap_lo;weight;height
8,820,1,1,4,weight;ap_hi;height;age
8,821,0,0,3,ap_hi;ap_lo;weight
8,822,0,1,3,weight;age;ap_lo
8,823,0,1,3,ap_hi;height;age
8,824,1,1,4,weight;height;age;ap_lo
8,825,0,0,4,weight;age;ap_hi;ap_lo
8,826,0,1,3,ap_lo;age;ap_hi
8,827,1,0,4,height;weight;ap_lo;ap_hi
8,828,1,1,4,age;ap_lo;weight;height
8,829,0,1,3,ap_lo;weight;age
8,830,1,1,4,ap_hi;age;weight;ap_lo
8,831,0,0,3,ap_hi;age;weight
8,832,0,1,3,ap_hi;height;age
8,833,1,1,3,ap_hi;weight;height
8,834,1,1,3,ap_lo;weight;height
8,835,0,0,3,weight;ap_lo;age
8,836,0,0,4,ap_hi;ap_lo;age;weight
8,837,0,0,4,ap_lo;ap_hi;weight;age
8,838,0,0,4,weight;height;ap_hi;ap_lo
8,839,0,0,4,weight;age;height;ap_hi
8,840,0,0,4,ap_hi;age;height;weight
8,841,0,0,3,weight;height;ap_hi
8,842,0,1,3,height;ap_hi;ap_lo
8,843,1,1,3,age;ap_lo;ap_hi
8,844,0,0,3,weight;height;ap_hi
8,845,0,1,3,height;age;ap_lo
8,846,0,1,4,height;ap_hi;ap_lo;weight
8,847,1,0,4,weight;height;ap_lo;ap_hi
8,848,0,1,3,ap_lo;ap_hi;age
8,849,1,1,3,weight;height;ap_hi
8,850,1,1,4,ap_lo;weight;height;ap_hi
8,851,0,0,4,ap_lo;weight;age;ap_hi
8,852,0,1,3,height;ap_lo;age
8,853,1,1,4,weight;age;ap_lo;ap_hi
8,854,1,1,4,weight;ap_hi;age;ap_lo
8,855,1,1,4,height;ap_hi;age;weight
8,856,0,0,4,height;ap_hi;ap_lo;age
8,857,1,1,4,height;age;ap_hi;weight
8,858,1,1,3,ap_lo;ap_hi;height
8,859,0,1,4,age;height;ap_lo;weight
8,860,1,1,4,ap_lo;age;weight;ap_hi
8,861,1,1,4,weight;ap_hi;age;height
8,862,1,1,4,ap_lo;weight;height;age
8,863,0,0,3,age;ap_hi;weight
8,864,1,1,4,height;ap_hi;weight;ap_lo
8,865,0,1,4,ap_lo;weight;age;height
8,866,1,1,3,ap_hi;weight;age
8,867,1,0,3,ap_hi;height;weight
8,868,1,1,4,weight;ap_lo;age;ap_hi
8,869,1,1,3,age;height;weight
8,870,0,0,4,age;ap_hi;weight;ap_lo
8,871,1,1,4,weight;age;height;ap_hi
8,872,0,0,4,weight;ap_hi;height;ap_lo
8,873,0,0,4,age;weight;ap_hi;ap_lo
8,874,0,0,3,height;weight;ap_hi
8,875,0,0,4,age;ap_hi;ap_lo;height
8,876,1,1,4,age;ap_hi;ap_lo;height
8,877,0,0,4,height;age;weight;ap_hi
8,878,1,1,4,age;ap_lo;weight;height
8,879,1,1,3,ap_hi;height;ap_lo
8,880,1,0,3,height;ap_hi;ap_lo
8,881,1,1,3,weight;ap_lo;age
8,882,1,1,4,weight;ap_hi;ap_lo;age
8,883,1,1,4,ap_lo;height;age;weight
8,884,0,1,4,height;weight;age;ap_hi
8,885,1,1,4,height;ap_hi;ap_lo;age
8,886,0,0,4,ap_hi;weight;age;height
8,887,1,1,3,ap_lo;weight;age
8,888,0,1,4,weight;age;ap_hi;ap_lo
8,889,1,0,4,age;ap_lo;height;ap_hi
8,890,0,0,3,weight;age;height
8,891,0,1,3,ap_hi;height;ap_lo
8,892,0,1,3,ap_hi;age;weight
8,893,1,0,4,height;ap_hi;age;ap_lo
8,894,0,1,3,ap_hi;ap_lo;age
8,895,1,1,4,height;age;weight;ap_lo
8,896,0,0,4,age;ap_hi;weight;height
8,897,1,0,3,age;weight;ap_lo
8,898,1,1,4,weight;ap_lo;height;age
8,899,0,0,3,ap_hi;height;age
8,900,0,0,4,ap_lo;height;ap_hi;weight
8,901,0,0,4,weight;height;ap_hi;age
8,902,1,1,4,ap_hi;age;height;weight
8,903,1,1,4,weight;ap_hi;ap_lo;age
8,904,1,1,3,age;weight;height
8,905,0,1,3,ap_lo;age;height
8,906,0,0,4,ap_lo;age;ap_hi;height
8,907,1,1,4,age;ap_lo;weight;height
8,908,0,0,4,ap_hi;weight;ap_lo;height
8,909,1,1,4,age;ap_hi;weight;height
8,910,0,0,4,age;weight;ap_lo;ap_hi
8,911,0,1,4,age;ap_hi;weight;height
8,912,1,0,4,age;height;ap_hi;ap_lo
8,913,0,0,4,age;ap_hi;weight;ap_lo
8,914,1,1,4,height;ap_hi;ap_lo;age
8,915,1,1,3,age;height;ap_hi
8,916,0,0,4,ap_hi;ap_lo;weight;height
8,917,0,1,4,ap_hi;age;ap_lo;height
8,918,0,1,4,age;weight;height;ap_hi
8,919,1,1,4,height;weight;ap_lo;age
8,920,1,1,3,age;height;ap_hi
8,921,1,0,4,height;ap_hi;weight;ap_lo
8,922,0,1,4,ap_hi;weight;height;age
8,923,0,1,4,age;ap_hi;height;ap_lo
8,924,1,0,3,ap_lo;age;weight
8,925,1,0,3,ap_hi;ap_lo;age
8,926,1,1,3,ap_lo;ap_hi;weight
8,927,1,1,4,ap_lo;ap_hi;weight;height
8,928,1,1,4,ap_hi;age;ap_lo;weight
8,929,0,0,3,ap_lo;ap_hi;height
8,930,0,0,4,weight;height;ap_hi;age
8,931,1,1,3,weight;ap_lo;height
8,932,0,1,3,height;age;weight
8,933,1,1,4,ap_hi;height;weight;age
8,934,1,1,3,height;ap_hi;ap_lo
8,935,1,1,3,age;ap_hi;weight
8,936,0,0,4,weight;ap_hi;height;ap_lo
8,937,1,0,3,age;weight;height
8,938,1,1,4,age;ap_hi;height;ap_lo
8,939,1,1,3,ap_hi;age;ap_lo
8,940,0,0,4,height;ap_lo;ap_hi;weight
8,941,0,1,4,height;ap_lo;weight;ap_hi
8,942,0,1,4,ap_hi;age;weight;height
8,943,0,1,4,age;ap_lo;ap_hi;height
8,944,1,1,4,weight;height;ap_lo;age
8,945,0,0,4,ap_lo;ap_hi;age;weight
8,946,0,1,3,weight;height;ap_lo
8,947,0,1,3,ap_hi;age;ap_lo
8,948,1,1,4,weight;age;ap_hi;height
8,949,0,1,4,ap_hi;weight;ap_lo;age
8,950,0,1,3,weight;height;age
8,951,0,0,3,ap_lo;ap_hi;age
8,952,0,1,4,weight;age;ap_lo;ap_hi
8,953,1,0,3,ap_hi;height;ap_lo
8,954,0,0,3,ap_hi;age;height
8,955,0,0,3,age;ap_lo;height
8,956,1,1,4,age;ap_lo;weight;ap_hi
8,957,0,0,3,age;ap_lo;ap_hi
8,958,0,1,3,height;age;weight
8,959,1,1,4,age;height;weight;ap_lo
8,960,1,0,3,height;ap_hi;age
8,961,0,1,4,ap_lo;height;weight;age
8,962,0,0,3,height;weight;ap_hi
8,963,0,1,3,weight;ap_lo;height
8,964,1,1,4,height;ap_hi;age;ap_lo
8,965,1,1,4,age;weight;ap_lo;height
8,966,1,1,3,weight;ap_lo;height
8,967,1,1,4,ap_lo;weight;height;ap_hi
8,968,1,1,4,ap_hi;age;ap_lo;height
8,969,1,1,4,weight;age;height;ap_lo
8,970,0,0,4,weight;ap_lo;ap_hi;height
8,971,1,1,3,weight;ap_lo;age
8,972,1,1,3,ap_lo;age;ap_hi
8,973,0,0,4,height;ap_lo;weight;ap_hi
8,974,1,1,3,ap_lo;ap_hi;weight
8,975,1,0,3,weight;age;ap_hi
8,976,1,1,3,ap_lo;weight;ap_hi
8,977,0,0,3,ap_hi;age;height
8,978,1,1,3,ap_hi;ap_lo;height
8,979,0,0,3,weight;ap_lo;height
8,980,1,1,3,age;height;ap_hi
8,981,0,0,3,ap_lo;ap_hi;age
8,982,0,0,3,height;weight;ap_lo
8,983,1,1,3,age;ap_lo;ap_hi
8,984,1,0,3,height;weight;ap_hi
8,985,1,1,4,weight;ap_lo;age;height
8,986,1,1,4,age;ap_hi;weight;ap_lo
8,987,1,0,3,height;ap_hi;ap_lo
8,988,1,0,4,weight;age;ap_lo;ap_hi
8,989,1,0,3,age;ap_lo;weight
8,990,1,1,3,ap_lo;height;age
8,991,0,0,4,ap_lo;height;weight;ap_hi
8,992,1,1,4,weight;height;ap_hi;ap_lo
8,993,0,0,4,weight;ap_lo;height;age
8,994,1,0,3,weight;age;ap_lo
8,995,1,1,3,height;weight;ap_lo
8,996,1,1,3,age;weight;ap_lo
8,997,0,0,3,ap_lo;height;weight
8,998,1,0,3,age;ap_hi;weight
8,999,1,1,4,ap_hi;ap_lo;weight;height
9,0,0,0,4,height;ap_lo;age;ap_hi
9,1,0,1,3,ap_lo;height;weight
9,2,0,1,3,age;ap_lo;weight
9,3,0,1,4,age;ap_lo;height;weight
9,4,1,0,4,age;weight;ap_hi;ap_lo
9,5,0,0,4,ap_hi;ap_lo;height;age
9,6,0,0,4,ap_hi;ap_lo;age;height
9,7,0,0,3,height;ap_hi;age
9,8,0,1,4,height;ap_lo;weight;age
9,9,1,1,4,ap_hi;ap_lo;age;weight
9,10,0,0,3,ap_hi;height;age
9,11,1,1,4,ap_lo;ap_hi;weight;height
9,12,0,0,4,age;ap_lo;weight;ap_hi
9,13,0,0,4,ap_hi;weight;height;age
9,14,0,1,3,age;height;ap_lo
9,15,0,0,3,weight;ap_hi;height
9,16,1,0,4,weight;ap_lo;age;height
9,17,0,0,4,height;weight;age;ap_hi
9,18,0,0,4,ap_hi;age;height;weight
9,19,1,1,3,ap_hi;ap_lo;weight
9,20,0,1,4,height;age;ap_lo;ap_hi
9,21,1,1,4,ap_lo;height;weight;ap_hi
9,22,1,0,4,ap_lo;age;ap_hi;weight
9,23,0,0,3,height;weight;ap_hi
9,24,1,1,3,weight;ap_lo;age
9,25,1,1,4,age;weight;ap_lo;height
9,26,1,1,4,ap_hi;height;age;ap_lo
9,27,0,1,4,height;ap_hi;age;weight
9,28,0,0,4,ap_lo;height;ap_hi;weight
9,29,0,1,4,age;height;ap_hi;weight
9,30,1,0,3,weight;ap_lo;ap_hi
9,31,1,1,4,height;ap_lo;age;ap_hi
9,32,0,0,3,age;ap_lo;height
9,33,1,0,4,weight;age;height;ap_lo
9,34,1,1,4,height;ap_lo;ap_hi;age
9,35,1,1,3,ap_lo;weight;ap_hi
9,36,0,1,3,weight;age;ap_hi
9,37,0,1,3,weight;ap_lo;height
9,38,0,0,4,age;ap_lo;weight;ap_hi
9,39,1,1,3,ap_hi;weight;age
9,40,1,1,3,ap_hi;age;weight
9,41,1,1,3,age;ap_hi;height
9,42,1,0,4,age;ap_lo;ap_hi;weight
9,43,0,1,3,age;weight;ap_lo
9,44,1,1,4,ap_hi;age;weight;ap_lo
9,45,1,1,3,ap_hi;height;age
9,46,0,0,4,height;ap_hi;ap_lo;weight
9,47,0,0,3,height;ap_lo;ap_hi
9,48,1,1,4,age;ap_lo;weight;height
9,49,0,0,3,weight;ap_lo;ap_hi
9,50,0,0,3,height;ap_hi;weight
9,51,0,0,4,weight;ap_lo;height;ap_hi
9,52,1,1,4,weight;ap_lo;age;height
9,53,0,0,4,ap_hi;age;ap_lo;height
9,54,1,1,3,ap_lo;height;weight
9,55,1,0,4,ap_hi;height;weight;ap_lo
9,56,0,0,3,height;age;ap_hi
9,57,1,1,4,age;ap_lo;ap_hi;weight
9,58,1,1,4,weight;ap_hi;age;ap_lo
9,59,0,1,3,ap_lo;ap_hi;height
9,60,1,0,4,ap_hi;weight;height;age
9,61,1,1,4,weight;age;ap_lo;height
9,62,0,0,4,height;weight;ap_lo;ap_hi
9,63,1,1,3,age;ap_hi;ap_lo
9,64,0,0,4,age;height;ap_lo;ap_hi
9,65,0,0,4,age;weight;ap_lo;ap_hi
9,66,0,1,3,height;weight;ap_hi
9,67,0,0,3,age;height;ap_hi
9,68,1,1,3,weight;height;ap_lo
9,69,0,0,4,ap_lo;age;height;ap_hi
9,70,1,0,3,age;weight;height
9,71,1,1,4,ap_lo;ap_hi;weight;height
9,72,0,1,4,age;height;ap_lo;weight
9,73,0,1,3,ap_hi;weight;height
9,74,1,1,4,ap_lo;age;ap_hi;weight
9,75,1,1,4,ap_hi;age;height;ap_lo
9,76,0,0,4,weight;height;ap_hi;age
9,77,1,1,4,ap_lo;age;height;ap_hi
9,78,0,0,3,age;height;weight
9,79,1,1,4,ap_lo;weight;height;age
9,80,0,0,4,age;ap_lo;weight;ap_hi
9,81,1,1,4,ap_hi;weight;age;ap_lo
9,82,1,1,3,height;age;ap_hi
9,83,1,1,4,ap_hi;height;age;weight
9,84,1,1,3,ap_hi;ap_lo;weight
9,85,0,0,4,age;height;ap_lo;ap_hi
9,86,0,1,3,height;ap_hi;weight
9,87,0,1,4,weight;ap_hi;height;age
9,88,0,0,3,age;weight;ap_hi
9,89,1,1,3,age;ap_hi;weight
9,90,1,1,4,height;ap_hi;ap_lo;weight
9,91,1,0,3,height;ap_hi;weight
9,92,0,0,3,height;age;weight
9,93,1,0,3,weight;age;height
9,94,0,0,4,height;ap_lo;weight;ap_hi
9,95,1,0,3,height;ap_hi;age
9,96,0,1,3,age;weight;ap_lo
9,97,1,1,3,weight;ap_hi;ap_lo
9,98,1,1,3,age;ap_hi;height
9,99,0,1,3,ap_lo;weight;age
9,100,0,0,3,height;weight;age
9,101,1,0,3,weight;height;age
9,102,0,0,4,weight;age;ap_lo;ap_hi
9,103,1,0,3,ap_lo;height;ap_hi
9,104,0,0,4,weight;height;ap_hi;ap_lo
9,105,0,0,4,age;ap_hi;ap_lo;height
9,106,0,0,4,age;ap_hi;ap_lo;weight
9,107,0,0,4,age;weight;ap_lo;ap_hi
9,108,1,1,4,weight;ap_lo;height;ap_hi
9,109,0,0,4,height;ap_lo;weight;ap_hi
9,110,0,1,3,ap_hi;age;ap_lo
9,111,0,0,3,age;height;ap_lo
9,112,0,1,3,weight;ap_hi;height
9,113,0,1,4,age;ap_lo;weight;ap_hi
9,114,1,1,4,age;weight;ap_hi;ap_lo
9,115,1,0,3,age;ap_lo;ap_hi
9,116,1,1,3,ap_hi;weight;age
9,117,0,1,3,weight;ap_hi;age
9,118,0,0,3,ap_lo;ap_hi;weight
9,119,1,1,3,height;ap_hi;age
9,120,0,0,3,age;ap_lo;ap_hi
9,121,1,1,3,weight;age;ap_hi
9,122,0,1,4,ap_hi;weight;ap_lo;age
9,123,1,1,3,ap_lo;age;height
9,124,1,1,4,height;weight;age;ap_hi
9,125,0,0,4,weight;height;ap_hi;ap_lo
9,126,0,1,4,ap_hi;height;weight;ap_lo
9,127,1,1,4,height;weight;age;ap_hi
9,128,0,0,4,weight;ap_hi;age;height
9,129,0,1,3,age;weight;ap_hi
9,130,0,1,4,age;height;weight;ap_lo
9,131,0,1,3,age;ap_hi;weight
9,132,1,1,3,weight;height;ap_hi
9,133,0,0,3,weight;ap_lo;ap_hi
9,134,0,0,3,weight;ap_hi;height
9,135,1,1,3,ap_hi;height;age
9,136,1,1,3,ap_lo;age;ap_hi
9,137,1,1,3,weight;age;height
9,138,1,1,4,ap_lo;age;ap_hi;weight
9,139,1,0,4,age;weight;ap_hi;height
9,140,1,0,4,weight;ap_lo;ap_hi;age
9,141,1,1,4,ap_lo;height;ap_hi;age
9,142,0,0,3,weight;ap_lo;ap_hi
9,143,1,1,3,height;ap_hi;weight
9,144,0,0,3,ap_lo;ap_hi;weight
9,145,0,1,3,weight;height;ap_lo
9,146,0,0,3,age;ap_lo;height
9,147,1,1,4,age;ap_lo;ap_hi;weight
9,148,0,1,4,ap_lo;weight;age;height
9,149,1,1,3,age;ap_hi;weight
9,150,0,0,4,ap_hi;weight;ap_lo;age
9,151,1,1,4,age;weight;height;ap_lo
9,152,0,0,3,height;ap_lo;ap_hi
9,153,1,0,3,age;ap_lo;height
9,154,0,1,4,height;weight;ap_hi;age
9,155,1,0,3,ap_hi;height;weight
9,156,1,0,3,height;weight;ap_hi
9,157,0,1,4,ap_hi;age;height;weight
9,158,1,1,4,height;age;ap_lo;ap_hi
9,159,0,0,4,height;ap_lo;age;weight
9,160,0,1,3,height;weight;ap_lo
9,161,0,0,3,age;weight;ap_lo
9,162,0,1,4,age;ap_hi;height;weight
9,163,0,0,4,weight;age;ap_hi;ap_lo
9,164,0,0,4,ap_hi;age;ap_lo;weight
9,165,0,1,4,height;weight;ap_hi;age
9,166,1,1,4,weight;ap_hi;ap_lo;height
9,167,0,0,3,ap_lo;ap_hi;weight
9,168,1,1,3,ap_hi;age;ap_lo
9,169,1,1,3,ap_hi;height;weight
9,170,1,1,3,age;ap_lo;weight
9,171,1,0,3,height;ap_hi;ap_lo
9,172,1,1,3,age;ap_hi;ap_lo
9,173,0,0,3,ap_lo;age;ap_hi
9,174,1,1,3,age;weight;height
9,175,1,1,3,weight;height;ap_lo
9,176,1,1,3,age;weight;ap_hi
9,177,1,1,3,height;age;weight
9,178,0,1,3,ap_hi;ap_lo;age
9,179,0,0,3,weight;ap_hi;age
9,180,1,1,3,ap_lo;age;ap_hi
9,181,0,1,3,ap_hi;weight;age
9,182,1,0,3,age;ap_hi;height
9,183,0,0,3,weight;ap_lo;height
9,184,0,1,3,height;weight;age
9,185,1,1,3,age;ap_lo;height
9,186,1,0,4,height;weight;age;ap_hi
9,187,1,1,3,age;height;ap_hi
9,188,0,1,3,ap_hi;age;ap_lo
9,189,0,1,4,age;ap_lo;height;ap_hi
9,190,0,1,3,ap_lo;age;weight
9,191,0,0,3,ap_hi;age;ap_lo
9,192,0,0,4,height;ap_hi;ap_lo;weight
9,193,1,1,3,ap_lo;ap_hi;weight
9,194,1,1,3,ap_lo;ap_hi;age
9,195,1,1,3,ap_lo;height;ap_hi
9,196,1,0,4,ap_hi;weight;ap_lo;age
9,197,1,1,3,height;ap_lo;ap_hi
9,198,0,1,3,ap_lo;height;weight
9,199,1,1,4,ap_hi;height;weight;age
9,200,1,0,4,ap_hi;age;weight;ap_lo
9,201,0,0,3,ap_hi;ap_lo;height
9,202,0,0,3,age;ap_hi;height
9,203,0,1,4,height;ap_lo;weight;ap_hi
9,204,0,0,3,ap_lo;weight;ap_hi
9,205,0,0,4,ap_lo;age;ap_hi;weight
9,206,1,1,4,weight;age;ap_hi;ap_lo
9,207,0,0,3,ap_lo;ap_hi;weight
9,208,1,0,4,ap_hi;weight;height;ap_lo
9,209,0,0,3,height;age;ap_hi
9,210,1,0,4,height;ap_lo;weight;age
9,211,1,0,3,height;ap_hi;ap_lo
9,212,0,0,3,height;ap_hi;age
9,213,0,1,4,ap_hi;ap_lo;weight;age
9,214,0,0,3,height;age;ap_hi
9,215,1,1,3,age;ap_lo;ap_hi
9,216,0,0,3,age;ap_lo;ap_hi
9,217,1,1,4,weight;ap_hi;ap_lo;height
9,218,0,1,3,ap_lo;height;age
9,219,0,0,3,age;ap_hi;height
9,220,1,0,3,height;weight;ap_lo
9,221,0,0,4,height;ap_hi;weight;age
9,222,0,0,4,age;height;ap_hi;ap_lo
9,223,1,0,4,ap_hi;age;height;weight
9,224,0,0,3,ap_hi;height;ap_lo
9,225,1,0,4,ap_lo;ap_hi;weight;age
9,226,0,1,4,height;ap_hi;age;weight
9,227,1,0,4,height;age;ap_lo;ap_hi
9,228,0,0,4,weight;height;ap_lo;ap_hi
9,229,0,0,3,ap_hi;height;age
9,230,1,1,3,ap_hi;age;weight
9,231,0,1,3,ap_hi;ap_lo;weight
9,232,1,1,3,ap_lo;weight;height
9,233,0,1,3,ap_hi;ap_lo;height
9,234,1,1,3,weight;height;ap_hi
9,235,1,1,4,ap_hi;age;height;weight
9,236,1,1,3,ap_lo;weight;age
9,237,0,1,4,ap_lo;ap_hi;weight;height
9,238,1,1,4,weight;height;ap_lo;age
9,239,1,0,4,ap_lo;ap_hi;weight;height
9,240,1,1,3,weight;ap_lo;age
9,241,1,1,4,height;ap_lo;ap_hi;weight
9,242,0,1,3,ap_lo;height;weight
9,243,0,0,4,ap_hi;weight;height;age
9,244,1,1,3,ap_lo;weight;age
9,245,1,1,4,ap_hi;ap_lo;height;age
9,246,1,1,3,height;ap_hi;ap_lo
9,247,1,1,4,ap_lo;weight;age;ap_hi
9,248,1,1,4,height;ap_hi;ap_lo;age
9,249,1,0,4,ap_lo;height;ap_hi;age
9,250,1,1,3,ap_lo;height;ap_hi
9,251,0,0,4,height;ap_lo;age;ap_hi
9,252,0,0,3,height;ap_hi;weight
9,253,0,0,3,height;ap_hi;weight
9,254,1,0,3,ap_lo;height;ap_hi
9,255,1,1,3,age;height;ap_hi
9,256,0,0,4,weight;height;ap_hi;ap_lo
9,257,0,1,4,age;weight;ap_lo;height
9,258,0,0,3,ap_lo;height;ap_hi
9,259,1,1,3,ap_hi;ap_lo;weight
9,260,0,0,4,ap_hi;ap_lo;age;weight
9,261,1,1,3,ap_lo;age;height
9,262,1,1,4,ap_hi;height;weight;ap_lo
9,263,1,1,3,height;ap_lo;age
9,264,1,1,3,weight;ap_lo;age
9,265,0,0,3,height;ap_hi;ap_lo
9,266,0,1,3,ap_lo;age;height
9,267,1,1,4,height;age;ap_lo;weight
9,268,0,0,3,height;weight;age
9,269,1,1,3,ap_hi;age;weight
9,270,1,1,3,height;weight;age
9,271,1,1,3,ap_lo;age;ap_hi
9,272,0,1,3,height;ap_lo;ap_hi
9,273,1,1,3,ap_lo;weight;age
9,274,0,0,4,age;ap_hi;height;ap_lo
9,275,1,0,3,ap_lo;height;ap_hi
9,276,1,1,4,height;weight;age;ap_hi
9,277,0,0,3,weight;height;ap_lo
9,278,1,1,4,ap_lo;ap_hi;weight;age
9,279,0,0,3,ap_hi;age;ap_lo
9,280,0,1,4,age;ap_hi;weight;height
9,281,0,0,4,ap_lo;weight;height;ap_hi
9,282,1,1,4,weight;age;height;ap_hi
9,283,1,1,4,height;weight;ap_hi;age
9,284,1,0,4,age;ap_hi;ap_lo;weight
9,285,0,0,3,ap_hi;height;ap_lo
9,286,1,1,4,ap_hi;age;weight;ap_lo
9,287,1,1,3,ap_hi;ap_lo;height
9,288,1,1,4,height;ap_hi;ap_lo;weight
9,289,0,1,3,ap_hi;weight;age
9,290,0,0,4,ap_hi;age;weight;height
9,291,0,0,4,age;ap_hi;ap_lo;weight
9,292,0,1,3,age;ap_hi;weight
9,293,1,1,3,weight;height;ap_hi
9,294,1,0,4,weight;ap_lo;age;ap_hi
9,295,1,0,3,ap_lo;height;ap_hi
9,296,0,0,4,height;ap_lo;age;ap_hi
9,297,1,0,4,height;ap_lo;age;ap_hi
9,298,1,1,3,age;ap_lo;weight
9,299,1,1,3,age;ap_lo;weight
9,300,0,0,3,weight;ap_hi;age
9,301,1,0,4,weight;height;ap_lo;age
9,302,1,1,3,height;ap_hi;age
9,303,1,1,4,ap_hi;ap_lo;height;weight
9,304,0,0,4,height;ap_hi;age;ap_lo
9,305,0,0,3,height;weight;ap_lo
9,306,1,0,3,ap_hi;height;age
9,307,0,0,3,ap_lo;age;height
9,308,0,0,3,height;age;weight
9,309,0,0,4,age;ap_hi;weight;ap_lo
9,310,0,1,4,ap_hi;age;height;weight
9,311,0,1,3,age;ap_hi;weight
9,312,0,1,3,weight;age;height
9,313,0,1,4,weight;ap_lo;ap_hi;height
9,314,1,1,4,ap_lo;height;ap_hi;weight
9,315,1,1,3,ap_hi;age;height
9,316,1,1,4,ap_hi;weight;height;age
9,317,1,1,3,ap_lo;weight;age
9,318,0,0,3,weight;ap_hi;height
9,319,1,0,3,ap_lo;ap_hi;weight
9,320,1,1,3,ap_lo;ap_hi;weight
9,321,1,0,4,weight;ap_hi;ap_lo;height
9,322,1,0,3,height;ap_lo;weight
9,323,0,0,4,height;ap_lo;ap_hi;weight
9,324,0,0,3,ap_hi;age;weight
9,325,0,1,3,weight;ap_lo;height
9,326,1,1,3,weight;ap_hi;height
9,327,1,0,3,ap_hi;weight;height
9,328,0,0,3,height;ap_hi;weight
9,329,1,1,3,weight;ap_hi;height
9,330,0,0,4,height;ap_hi;ap_lo;age
9,331,1,1,3,ap_hi;weight;height
9,332,0,0,4,height;age;weight;ap_lo
9,333,0,0,4,age;ap_lo;ap_hi;height
9,334,1,1,4,ap_hi;weight;age;ap_lo
9,335,1,1,4,ap_lo;ap_hi;height;weight
9,336,0,0,4,ap_lo;weight;ap_hi;age
9,337,0,0,3,age;weight;ap_lo
9,338,0,1,4,weight;ap_hi;height;age
9,339,0,1,4,ap_lo;weight;ap_hi;height
9,340,1,1,3,ap_hi;weight;height
9,341,1,1,4,height;weight;age;ap_hi
9,342,1,1,4,height;ap_lo;age;weight
9,343,1,1,3,weight;height;age
9,344,1,1,4,height;ap_hi;ap_lo;age
9,345,1,1,4,ap_hi;age;weight;height
9,346,0,0,4,age;height;weight;ap_lo
9,347,0,0,3,weight;age;ap_hi
9,348,1,1,4,age;ap_lo;ap_hi;weight
9,349,0,0,4,age;height;weight;ap_lo
9,350,1,1,3,age;weight;height
9,351,1,1,4,ap_lo;weight;age;ap_hi
9,352,0,1,4,age;height;ap_lo;weight
9,353,1,1,3,ap_lo;weight;ap_hi
9,354,1,0,4,weight;height;age;ap_hi
9,355,1,1,3,ap_hi;weight;height
9,356,1,0,3,age;height;ap_hi
9,357,1,1,4,weight;height;ap_hi;ap_lo
9,358,1,1,3,age;ap_hi;weight
9,359,1,0,4,weight;ap_lo;age;ap_hi
9,360,1,0,3,height;ap_lo;age
9,361,0,0,3,ap_lo;ap_hi;weight
9,362,1,1,3,ap_hi;height;weight
9,363,1,1,4,height;ap_hi;ap_lo;age
9,364,1,1,3,height;weight;age
9,365,1,0,4,weight;height;ap_lo;ap_hi
9,366,0,1,4,ap_lo;weight;height;ap_hi
9,367,1,1,4,ap_hi;height;age;ap_lo
9,368,1,1,4,height;weight;ap_lo;age
9,369,0,0,4,age;weight;ap_hi;ap_lo
9,370,1,1,3,ap_hi;age;weight
9,371,0,1,4,height;weight;ap_lo;ap_hi
9,372,1,1,4,ap_hi;weight;age;height
9,373,1,0,3,ap_lo;weight;age
9,374,1,1,3,ap_lo;age;height
9,375,0,1,3,height;ap_hi;age
9,376,1,0,4,weight;ap_lo;height;age
9,377,1,1,3,ap_lo;weight;height
9,378,0,1,3,ap_hi;ap_lo;weight
9,379,0,1,4,ap_lo;ap_hi;height;weight
9,380,1,0,3,ap_hi;weight;age
9,381,1,1,4,age;weight;ap_hi;height
9,382,0,1,3,ap_hi;weight;age
9,383,1,0,4,age;weight;ap_lo;height
9,384,1,1,4,ap_hi;weight;ap_lo;age
9,385,0,0,3,height;weight;ap_lo
9,386,0,0,3,ap_hi;age;height
9,387,1,1,3,weight;ap_hi;age
9,388,0,0,4,weight;age;ap_hi;height
9,389,0,0,4,ap_lo;ap_hi;weight;age
9,390,1,1,3,weight;height;age
9,391,1,0,3,height;ap_hi;ap_lo
9,392,0,0,4,weight;height;ap_hi;age
9,393,1,1,3,weight;ap_hi;ap_lo
9,394,0,0,4,weight;ap_lo;height;ap_hi
9,395,1,1,3,age;ap_hi;weight
9,396,1,1,3,weight;height;age
9,397,1,1,3,height;age;ap_hi
9,398,0,1,4,ap_hi;age;ap_lo;weight
9,399,0,1,4,weight;ap_lo;ap_hi;age
9,400,1,1,3,ap_hi;age;height
9,401,1,1,4,height;ap_lo;weight;ap_hi
9,402,0,0,4,ap_lo;weight;height;ap_hi
9,403,0,1,3,ap_hi;ap_lo;weight
9,404,0,0,4,ap_hi;height;weight;age
9,405,0,1,4,height;ap_lo;age;weight
9,406,0,0,3,ap_hi;ap_lo;height
9,407,1,0,3,ap_hi;height;ap_lo
9,408,1,1,3,ap_lo;ap_hi;weight
9,409,0,0,3,age;ap_lo;height
9,410,0,0,4,ap_lo;age;weight;ap_hi
9,411,0,0,3,ap_lo;ap_hi;height
9,412,0,1,3,ap_hi;ap_lo;age
9,413,1,1,4,ap_lo;ap_hi;height;weight
9,414,0,0,4,ap_lo;height;ap_hi;age
9,415,0,1,4,weight;height;age;ap_lo
9,416,0,0,4,ap_lo;weight;age;ap_hi
9,417,0,1,4,ap_lo;height;age;ap_hi
9,418,0,1,3,ap_hi;ap_lo;age
9,419,1,0,4,ap_hi;ap_lo;weight;age
9,420,1,0,3,weight;ap_hi;ap_lo
9,421,0,0,4,ap_lo;ap_hi;weight;height
9,422,1,1,4,height;weight;age;ap_lo
9,423,0,0,4,weight;height;ap_hi;ap_lo
9,424,1,1,3,age;ap_hi;height
9,425,1,1,3,ap_hi;ap_lo;height
9,426,1,0,4,height;age;ap_lo;ap_hi
9,427,1,1,3,weight;ap_hi;age
9,428,0,0,3,ap_hi;weight;ap_lo
9,429,1,1,4,weight;age;ap_lo;height
9,430,1,0,3,age;ap_lo;ap_hi
9,431,1,1,3,height;ap_lo;weight
9,432,1,1,4,weight;age;height;ap_lo
9,433,1,1,4,height;ap_hi;age;ap_lo
9,434,1,1,3,ap_hi;ap_lo;weight
9,435,1,1,3,ap_hi;age;height
9,436,1,1,4,weight;height;age;ap_lo
9,437,1,1,4,weight;age;height;ap_hi
9,438,0,0,4,weight;ap_hi;height;age
9,439,0,1,3,height;ap_hi;age
9,440,1,1,4,ap_hi;height;ap_lo;age
9,441,0,0,3,weight;height;ap_hi
9,442,0,0,4,ap_hi;age;height;ap_lo
9,443,0,0,3,age;weight;ap_hi
9,444,0,0,3,ap_hi;weight;height
9,445,0,0,4,ap_lo;ap_hi;weight;height
9,446,0,1,3,weight;ap_lo;age
9,447,1,0,3,ap_lo;height;weight
9,448,0,1,4,ap_hi;weight;height;ap_lo
9,449,0,0,4,age;height;ap_lo;weight
9,450,0,1,4,weight;ap_lo;age;ap_hi
9,451,0,1,3,ap_lo;ap_hi;age
9,452,1,1,3,age;ap_hi;weight
9,453,1,1,3,age;ap_hi;height
9,454,1,0,3,ap_hi;age;height
9,455,0,1,4,ap_hi;weight;ap_lo;age
9,456,0,1,4,height;ap_lo;weight;age
9,457,0,0,3,height;ap_lo;age
9,458,1,1,4,height;age;ap_hi;ap_lo
9,459,1,0,3,age;ap_hi;weight
9,460,1,1,3,age;height;ap_hi
9,461,1,1,3,ap_hi;weight;ap_lo
9,462,0,0,3,height;weight;ap_hi
9,463,0,0,4,height;age;weight;ap_lo
9,464,1,1,3,ap_lo;age;weight
9,465,1,1,3,age;ap_hi;weight
9,466,1,1,4,ap_hi;weight;ap_lo;height
9,467,1,1,3,age;ap_lo;ap_hi
9,468,0,0,3,weight;ap_hi;ap_lo
9,469,1,1,3,age;height;weight
9,470,1,1,4,ap_hi;weight;height;ap_lo
9,471,1,1,4,age;ap_lo;weight;height
9,472,0,1,4,ap_hi;ap_lo;height;age
9,473,1,1,4,age;ap_lo;height;weight
9,474,1,1,4,ap_hi;age;ap_lo;height
9,475,0,1,3,weight;age;ap_hi
9,476,0,1,3,height;ap_hi;ap_lo
9,477,0,0,4,weight;height;age;ap_hi
9,478,0,0,3,weight;ap_lo;ap_hi
9,479,0,0,3,ap_lo;age;weight
9,480,0,1,3,age;ap_hi;height
9,481,1,0,3,weight;ap_lo;height
9,482,1,1,3,age;ap_lo;ap_hi
9,483,1,1,4,height;ap_hi;ap_lo;age
9,484,0,0,3,height;weight;ap_lo
9,485,1,1,4,ap_hi;ap_lo;weight;height
9,486,1,1,4,age;ap_hi;ap_lo;height
9,487,1,1,4,height;ap_hi;age;ap_lo
9,488,1,1,4,ap_hi;ap_lo;height;weight
9,489,1,0,3,weight;height;ap_lo
9,490,0,0,3,ap_lo;weight;height
9,491,0,1,3,weight;height;ap_hi
9,492,0,1,4,ap_lo;height;weight;ap_hi
9,493,1,1,3,ap_lo;ap_hi;weight
9,494,1,1,4,age;ap_hi;ap_lo;height
9,495,1,1,3,ap_hi;ap_lo;weight
9,496,1,0,4,weight;age;ap_lo;ap_hi
9,497,1,1,4,ap_hi;weight;ap_lo;age
9,498,0,0,4,weight;age;height;ap_hi
9,499,0,0,3,weight;age;ap_lo
9,500,0,0,3,age;height;ap_hi
9,501,1,1,3,age;height;ap_lo
9,502,1,1,3,height;ap_hi;age
9,503,0,1,4,height;age;ap_hi;weight
9,504,0,0,4,age;height;weight;ap_lo
9,505,0,0,4,height;ap_hi;age;ap_lo
9,506,0,0,4,age;ap_lo;weight;height
9,507,1,1,4,ap_hi;height;ap_lo;weight
9,508,0,0,3,weight;ap_hi;height
9,509,0,1,3,age;ap_hi;height
9,510,1,1,3,weight;ap_hi;ap_lo
9,511,0,1,3,height;ap_lo;ap_hi
9,512,1,1,3,height;weight;ap_lo
9,513,1,1,3,ap_hi;ap_lo;weight
9,514,1,1,4,ap_lo;height;weight;age
9,515,0,0,4,age;weight;height;ap_hi
9,516,1,1,4,age;ap_lo;weight;ap_hi
9,517,1,1,3,weight;ap_hi;height
9,518,0,0,3,ap_hi;height;ap_lo
9,519,1,1,3,age;ap_hi;weight
9,520,1,1,4,weight;age;ap_lo;ap_hi
9,521,0,1,4,ap_lo;height;age;weight
9,522,0,0,4,ap_hi;height;age;ap_lo
9,523,1,0,4,ap_lo;ap_hi;weight;height
9,524,1,1,3,height;weight;age
9,525,0,1,4,weight;age;ap_lo;height
9,526,0,0,3,height;ap_lo;ap_hi
9,527,1,1,4,age;weight;height;ap_lo
9,528,0,0,3,ap_hi;height;age
9,529,1,1,3,ap_hi;weight;ap_lo
9,530,0,1,3,weight;height;ap_hi
9,531,1,0,3,height;ap_lo;weight
9,532,0,0,3,ap_hi;weight;ap_lo
9,533,1,1,3,height;age;ap_hi
9,534,0,0,4,age;ap_hi;ap_lo;height
9,535,1,1,4,age;height;ap_hi;ap_lo
9,536,1,0,3,height;weight;age
9,537,1,1,4,ap_lo;age;weight;height
9,538,0,1,4,ap_lo;age;ap_hi;weight
9,539,1,0,3,age;ap_hi;weight
9,540,1,0,4,weight;height;ap_hi;age
9,541,1,1,3,weight;age;ap_lo
9,542,1,1,3,ap_lo;height;age
9,543,1,1,4,age;ap_lo;ap_hi;weight
9,544,1,1,4,weight;ap_hi;ap_lo;height
9,545,0,1,4,height;age;ap_lo;weight
9,546,0,0,3,ap_lo;height;weight
9,547,0,1,3,age;ap_hi;weight
9,548,0,0,4,ap_hi;weight;age;ap_lo
9,549,1,1,3,height;age;ap_hi
9,550,1,1,4,ap_hi;ap_lo;height;weight
9,551,1,1,4,ap_lo;ap_hi;age;weight
9,552,0,1,4,weight;ap_hi;ap_lo;height
9,553,1,1,4,ap_hi;ap_lo;age;weight
9,554,0,1,3,weight;age;ap_hi
9,555,0,1,3,weight;ap_hi;ap_lo
9,556,1,1,3,height;ap_lo;ap_hi
9,557,1,1,4,weight;ap_lo;ap_hi;age
9,558,1,1,3,ap_lo;weight;age
9,559,1,0,3,ap_hi;age;height
9,560,1,1,3,ap_lo;age;ap_hi
9,561,0,1,3,age;ap_hi;height
9,562,0,1,3,age;height;ap_hi
9,563,0,0,4,height;ap_hi;ap_lo;weight
9,564,1,1,3,height;ap_lo;ap_hi
9,565,1,1,4,height;ap_lo;age;ap_hi
9,566,0,1,4,age;weight;ap_lo;ap_hi
9,567,1,0,4,ap_lo;weight;height;ap_hi
9,568,1,1,3,height;ap_lo;ap_hi
9,569,0,1,4,weight;ap_hi;age;height
9,570,1,1,4,weight;ap_lo;height;ap_hi
9,571,1,1,4,ap_hi;ap_lo;weight;age
9,572,0,0,3,ap_hi;height;ap_lo
9,573,1,0,4,weight;ap_hi;ap_lo;height
9,574,1,1,3,height;ap_hi;weight
9,575,0,1,4,ap_hi;weight;ap_lo;age
9,576,1,0,4,ap_lo;age;height;weight
9,577,1,1,4,height;ap_lo;ap_hi;weight
9,578,1,0,3,height;weight;age
9,579,0,0,3,weight;height;age
9,580,1,0,4,age;weight;height;ap_hi
9,581,1,1,3,ap_hi;age;weight
9,582,0,0,4,weight;ap_hi;ap_lo;height
9,583,0,0,4,age;height;ap_hi;ap_lo
9,584,0,0,3,age;ap_lo;height
9,585,1,1,4,height;ap_hi;ap_lo;weight
9,586,0,0,4,weight;height;ap_hi;age
9,587,0,1,4,ap_hi;age;height;ap_lo
9,588,1,1,3,height;age;ap_hi
9,589,1,1,4,ap_hi;age;weight;height
9,590,1,1,3,age;ap_hi;height
9,591,0,1,3,height;ap_lo;age
9,592,0,0,3,ap_hi;weight;height
9,593,0,0,4,age;ap_lo;height;ap_hi
9,594,0,1,3,height;age;weight
9,595,1,1,4,age;ap_lo;weight;ap_hi
9,596,1,1,3,age;ap_lo;ap_hi
9,597,0,1,4,ap_lo;age;weight;height
9,598,0,1,3,weight;height;age
9,599,0,1,3,age;weight;ap_hi
9,600,1,0,3,height;ap_hi;age
9,601,1,1,3,age;weight;height
9,602,1,1,3,ap_lo;ap_hi;weight
9,603,1,1,4,ap_lo;height;ap_hi;weight
9,604,0,0,3,ap_hi;height;ap_lo
9,605,0,1,3,height;ap_lo;weight
9,606,1,1,3,age;weight;ap_lo
9,607,1,1,4,height;ap_hi;weight;age
9,608,0,0,3,ap_hi;weight;height
9,609,0,0,3,ap_hi;age;ap_lo
9,610,1,1,3,ap_hi;weight;height
9,611,1,1,3,height;ap_lo;weight
9,612,0,1,3,ap_lo;age;height
9,613,0,0,3,age;ap_hi;ap_lo
9,614,0,0,3,age;height;ap_lo
9,615,0,0,4,weight;ap_hi;height;age
9,616,0,1,3,ap_hi;age;weight
9,617,0,0,4,weight;height;ap_lo;age
9,618,0,0,3,weight;height;age
9,619,1,1,3,ap_hi;age;height
9,620,0,0,3,ap_hi;weight;ap_lo
9,621,1,1,3,height;ap_lo;age
9,622,0,0,4,ap_hi;height;ap_lo;weight
9,623,1,1,3,weight;age;height
9,624,1,1,4,age;weight;height;ap_hi
9,625,0,0,4,weight;ap_hi;ap_lo;age
9,626,1,1,4,height;age;ap_hi;weight
9,627,0,1,4,height;ap_lo;weight;ap_hi
9,628,0,0,3,age;weight;height
9,629,0,1,4,weight;ap_lo;age;ap_hi
9,630,0,1,3,ap_lo;height;ap_hi
9,631,1,0,4,weight;age;ap_hi;ap_lo
9,632,1,0,4,ap_hi;age;height;ap_lo
9,633,0,0,3,height;weight;ap_lo
9,634,0,1,4,ap_hi;height;ap_lo;weight
9,635,1,1,3,weight;height;age
9,636,1,1,4,ap_lo;ap_hi;height;age
9,637,0,0,3,weight;ap_hi;age
9,638,1,1,3,weight;ap_lo;ap_hi
9,639,0,0,3,weight;height;age
9,640,1,1,4,ap_hi;age;weight;height
9,641,1,0,4,ap_lo;ap_hi;age;weight
9,642,1,1,3,age;height;ap_hi
9,643,0,0,4,weight;ap_lo;ap_hi;age
9,644,1,0,4,weight;ap_lo;ap_hi;height
9,645,1,1,4,age;ap_hi;height;ap_lo
9,646,0,0,3,age;height;ap_lo
9,647,0,0,3,height;ap_hi;weight
9,648,0,1,3,weight;ap_hi;height
9,649,0,0,4,age;weight;ap_lo;ap_hi
9,650,1,1,4,age;ap_lo;weight;ap_hi
9,651,0,0,3,age;height;ap_hi
9,652,0,0,4,weight;ap_hi;age;height
9,653,0,1,3,height;weight;age
9,654,0,0,4,ap_lo;ap_hi;age;height
9,655,0,1,4,ap_hi;age;height;ap_lo
9,656,0,1,4,ap_hi;weight;height;ap_lo
9,657,0,1,3,ap_lo;age;ap_hi
9,658,1,1,4,height;ap_lo;age;weight
9,659,0,0,4,height;ap_hi;ap_lo;weight
9,660,1,1,3,ap_lo;ap_hi;weight
9,661,0,0,3,weight;ap_hi;age
9,662,0,1,4,height;ap_hi;age;weight
9,663,0,1,3,ap_hi;age;height
9,664,1,0,4,ap_lo;weight;age;height
9,665,1,1,3,height;weight;ap_lo
9,666,0,1,3,weight;age;ap_hi
9,667,1,0,3,weight;age;ap_hi
9,668,1,1,4,age;weight;ap_hi;ap_lo
9,669,1,0,3,ap_lo;height;weight
9,670,0,0,3,ap_hi;ap_lo;weight
9,671,0,0,3,ap_hi;age;height
9,672,0,0,3,age;weight;ap_lo
9,673,0,0,3,ap_lo;weight;ap_hi
9,674,1,1,4,ap_lo;ap_hi;height;weight
9,675,1,1,3,ap_lo;ap_hi;age
9,676,1,1,3,ap_hi;age;height
9,677,1,1,4,height;age;ap_hi;weight
9,678,0,0,4,ap_hi;height;weight;ap_lo
9,679,1,1,3,ap_lo;age;height
9,680,0,0,4,age;ap_lo;height;ap_hi
9,681,0,0,4,age;ap_lo;weight;height
9,682,0,0,4,ap_lo;age;height;ap_hi
9,683,1,1,4,ap_hi;age;height;weight
9,684,0,1,4,age;ap_hi;weight;height
9,685,1,0,3,weight;height;ap_lo
9,686,1,1,4,ap_lo;weight;ap_hi;age
9,687,0,0,4,age;weight;height;ap_hi
9,688,1,1,4,weight;ap_hi;ap_lo;age
9,689,1,1,4,weight;age;height;ap_hi
9,690,0,0,4,ap_hi;height;weight;ap_lo
9,691,0,0,4,weight;ap_hi;age;height
9,692,0,0,3,ap_hi;weight;height
9,693,0,0,3,age;ap_lo;ap_hi
9,694,0,0,4,age;ap_lo;ap_hi;height
9,695,1,1,4,ap_lo;height;ap_hi;age
9,696,0,0,4,height;ap_hi;weight;ap_lo
9,697,1,1,4,height;ap_hi;weight;ap_lo
9,698,1,1,3,age;height;ap_lo
9,699,1,1,4,ap_hi;height;age;weight
9,700,0,1,3,ap_hi;ap_lo;age
9,701,0,0,3,weight;ap_lo;ap_hi
9,702,0,0,4,ap_hi;height;weight;age
9,703,0,0,4,height;age;ap_lo;ap_hi
9,704,0,1,3,weight;age;ap_lo
9,705,1,0,4,height;ap_lo;weight;ap_hi
9,706,1,0,4,weight;age;height;ap_hi
9,707,1,1,3,weight;height;ap_lo
9,708,0,0,3,ap_lo;age;ap_hi
9,709,0,0,4,ap_lo;weight;height;ap_hi
9,710,0,1,3,ap_lo;weight;height
9,711,0,1,3,age;weight;height
9,712,1,1,3,weight;height;ap_hi
9,713,1,1,4,age;weight;height;ap_hi
9,714,1,1,3,height;age;ap_lo
9,715,1,0,3,weight;ap_lo;ap_hi
9,716,1,1,3,age;ap_hi;ap_lo
9,717,0,0,3,height;ap_hi;weight
9,718,0,1,4,weight;age;ap_hi;ap_lo
9,719,1,0,3,height;ap_lo;age
9,720,0,1,4,weight;height;age;ap_hi
9,721,1,1,4,ap_hi;height;ap_lo;age
9,722,0,1,3,height;ap_hi;weight
9,723,1,1,3,ap_hi;weight;ap_lo
9,724,1,1,4,age;ap_lo;ap_hi;weight
9,725,1,1,3,ap_lo;age;ap_hi
9,726,1,1,3,weight;age;ap_hi
9,727,1,1,4,height;ap_hi;weight;ap_lo
9,728,1,1,3,height;ap_lo;age
9,729,1,1,3,height;age;ap_lo
9,730,1,1,4,ap_hi;weight;age;ap_lo
9,731,1,1,3,weight;height;age
9,732,0,0,3,ap_hi;ap_lo;height
9,733,0,0,3,age;weight;height
9,734,0,0,4,ap_hi;ap_lo;weight;age
9,735,0,0,3,weight;ap_hi;height
9,736,0,0,4,weight;age;ap_hi;ap_lo
9,737,1,1,4,weight;height;age;ap_hi
9,738,0,0,4,ap_lo;ap_hi;weight;age
9,739,1,1,3,ap_hi;ap_lo;weight
9,740,0,1,3,weight;age;ap_hi
9,741,0,1,4,age;height;weight;ap_lo
9,742,0,0,4,weight;height;age;ap_hi
9,743,0,0,4,height;age;ap_lo;weight
9,744,1,0,3,height;ap_lo;weight
9,745,0,0,4,ap_hi;weight;age;ap_lo
9,746,0,0,3,weight;ap_lo;age
9,747,0,0,3,age;ap_hi;height
9,748,0,0,4,weight;height;ap_hi;age
9,749,0,0,4,ap_lo;weight;ap_hi;height
9,750,0,1,4,age;weight;ap_lo;ap_hi
9,751,0,0,4,ap_hi;age;height;ap_lo
9,752,0,1,3,height;age;weight
9,753,1,0,3,ap_lo;ap_hi;age
9,754,0,1,4,ap_lo;height;age;weight
9,755,0,0,3,ap_lo;height;age
9,756,1,1,4,ap_lo;ap_hi;age;weight
9,757,0,0,4,height;ap_hi;age;ap_lo
9,758,1,0,3,weight;age;height
9,759,1,1,3,ap_lo;height;weight
9,760,1,0,4,height;ap_hi;ap_lo;age
9,761,0,0,3,ap_lo;height;ap_hi
9,762,1,1,3,age;ap_hi;height
9,763,0,1,3,age;height;ap_lo
9,764,0,0,4,height;age;weight;ap_lo
9,765,0,1,4,height;weight;age;ap_hi
9,766,1,1,4,age;height;weight;ap_lo
9,767,0,1,3,height;ap_lo;ap_hi
9,768,0,1,4,height;age;ap_hi;ap_lo
9,769,1,0,4,ap_lo;weight;age;height
9,770,0,0,4,age;weight;ap_lo;height
9,771,0,0,3,weight;ap_hi;height
9,772,1,1,4,ap_hi;weight;age;ap_lo
9,773,0,0,4,height;weight;ap_hi;age
9,774,1,0,3,weight;ap_lo;height
9,775,0,0,4,height;ap_lo;ap_hi;weight
9,776,0,1,3,height;age;ap_lo
9,777,1,0,3,ap_lo;age;ap_hi
9,778,1,0,3,ap_lo;ap_hi;height
9,779,0,0,3,age;weight;height
9,780,0,1,3,ap_hi;height;ap_lo
9,781,0,0,4,height;ap_hi;ap_lo;age
9,782,1,1,4,ap_hi;weight;ap_lo;height
9,783,1,1,4,weight;height;ap_lo;age
9,784,1,1,4,ap_hi;age;weight;ap_lo
9,785,1,1,3,height;ap_lo;ap_hi
9,786,0,0,3,ap_hi;height;age
9,787,0,1,4,ap_hi;age;ap_lo;weight
9,788,1,0,3,height;weight;age
9,789,1,1,3,weight;height;ap_hi
9,790,0,0,4,ap_hi;ap_lo;age;weight
9,791,0,0,3,age;height;ap_hi
9,792,0,1,4,ap_hi;height;age;weight
9,793,0,0,4,age;ap_hi;ap_lo;height
9,794,0,0,3,weight;ap_hi;ap_lo
9,795,0,1,4,height;age;ap_hi;weight
9,796,0,1,3,height;weight;ap_hi
9,797,0,1,3,age;weight;ap_lo
9,798,0,1,3,age;weight;height
9,799,0,0,4,height;ap_lo;age;weight
9,800,0,1,4,weight;age;ap_hi;height
9,801,0,0,3,ap_hi;age;ap_lo
9,802,0,1,3,height;ap_hi;age
9,803,0,0,3,age;height;ap_hi
9,804,1,1,4,age;ap_lo;weight;height
9,805,1,1,4,age;weight;height;ap_lo
9,806,0,1,4,age;ap_lo;ap_hi;height
9,807,1,1,3,ap_lo;ap_hi;age
9,808,0,0,3,age;height;ap_hi
9,809,1,1,4,height;age;ap_hi;weight
9,810,0,0,4,ap_hi;ap_lo;weight;age
9,811,1,1,4,age;ap_hi;ap_lo;weight
9,812,0,1,4,age;weight;ap_hi;ap_lo
9,813,0,0,3,weight;ap_hi;ap_lo
9,814,0,0,4,height;weight;age;ap_lo
9,815,0,0,4,ap_lo;height;age;ap_hi
9,816,0,1,3,height;ap_lo;age
9,817,0,0,3,ap_lo;weight;ap_hi
9,818,1,1,4,ap_lo;height;age;weight
9,819,0,0,3,age;weight;ap_lo
9,820,1,1,4,age;ap_lo;weight;ap_hi
9,821,0,0,3,ap_lo;age;ap_hi
9,822,0,1,4,ap_hi;ap_lo;height;age
9,823,0,1,3,age;weight;ap_lo
9,824,1,1,3,ap_lo;height;ap_hi
9,825,0,0,4,ap_lo;ap_hi;height;weight
9,826,0,1,3,age;weight;ap_hi
9,827,1,0,3,ap_hi;ap_lo;weight
9,828,1,1,3,height;ap_hi;age
9,829,0,1,4,weight;ap_hi;age;height
9,830,1,1,3,height;age;ap_hi
9,831,0,1,3,ap_hi;ap_lo;weight
9,832,0,1,3,ap_lo;weight;height
9,833,1,1,3,height;weight;age
9,834,1,0,4,ap_hi;ap_lo;height;weight
9,835,0,1,4,weight;height;age;ap_hi
9,836,0,0,3,ap_lo;ap_hi;height
9,837,0,0,4,weight;height;ap_lo;age
9,838,0,0,4,height;ap_hi;ap_lo;weight
9,839,0,0,3,weight;ap_lo;age
9,840,0,0,4,ap_lo;height;ap_hi;weight
9,841,0,1,3,weight;height;ap_hi
9,842,0,1,4,ap_hi;age;weight;height
9,843,1,1,3,height;ap_lo;ap_hi
9,844,0,0,3,ap_hi;weight;ap_lo
9,845,0,1,4,age;ap_lo;height;weight
9,846,0,1,3,weight;ap_hi;age
9,847,1,0,3,age;ap_hi;weight
9,848,0,1,4,ap_lo;height;weight;age
9,849,1,1,4,age;weight;ap_lo;height
9,850,1,0,4,ap_hi;weight;height;ap_lo
9,851,0,0,4,ap_lo;ap_hi;height;age
9,852,0,0,3,weight;ap_lo;age
9,853,1,1,4,age;height;ap_lo;ap_hi
9,854,1,1,3,ap_hi;height;weight
9,855,1,1,4,height;weight;ap_lo;age
9,856,0,0,4,height;weight;age;ap_lo
9,857,1,1,3,ap_lo;age;height
9,858,1,1,3,height;ap_lo;ap_hi
9,859,0,1,3,age;weight;ap_lo
9,860,1,1,3,ap_lo;height;ap_hi
9,861,1,1,3,ap_lo;age;ap_hi
9,862,1,1,4,weight;height;ap_lo;ap_hi
9,863,0,0,3,height;ap_hi;ap_lo
9,864,1,1,4,height;age;weight;ap_lo
9,865,0,0,3,ap_hi;height;weight
9,866,1,1,3,weight;ap_lo;age
9,867,1,1,3,weight;age;height
9,868,1,1,3,height;weight;ap_lo
9,869,1,1,3,ap_lo;weight;ap_hi
9,870,0,1,3,ap_lo;age;height
9,871,1,1,3,height;ap_lo;ap_hi
9,872,0,1,4,ap_hi;ap_lo;weight;height
9,873,0,0,3,age;ap_hi;weight
9,874,0,0,3,height;ap_lo;ap_hi
9,875,0,0,3,age;weight;ap_lo
9,876,1,1,3,ap_lo;weight;ap_hi
9,877,0,0,3,ap_hi;weight;age
9,878,1,1,4,weight;age;ap_lo;ap_hi
9,879,1,1,4,weight;ap_hi;ap_lo;height
9,880,1,0,3,height;age;ap_hi
9,881,1,0,3,ap_lo;weight;height
9,882,1,1,3,ap_lo;age;weight
9,883,1,1,3,age;height;weight
9,884,0,0,3,weight;ap_lo;height
9,885,1,1,3,weight;height;ap_hi
9,886,0,0,4,ap_lo;height;age;weight
9,887,1,1,3,weight;age;ap_lo
9,888,0,1,3,ap_hi;age;ap_lo
9,889,1,1,3,ap_hi;age;weight
9,890,0,1,4,weight;ap_lo;ap_hi;age
9,891,0,1,3,height;ap_lo;ap_hi
9,892,0,1,4,height;ap_hi;ap_lo;weight
9,893,1,0,4,height;ap_hi;age;weight
9,894,0,1,3,ap_lo;age;ap_hi
9,895,1,1,4,ap_lo;ap_hi;height;age
9,896,0,0,3,ap_hi;weight;height
9,897,1,0,4,age;weight;ap_hi;ap_lo
9,898,1,1,4,weight;height;ap_lo;age
9,899,0,1,3,ap_hi;weight;age
9,900,0,0,3,ap_hi;height;ap_lo
9,901,0,0,4,weight;age;ap_hi;ap_lo
9,902,1,1,3,ap_lo;age;ap_hi
9,903,1,1,4,age;weight;ap_lo;height
9,904,1,0,4,ap_lo;ap_hi;weight;height
9,905,0,0,4,ap_hi;weight;ap_lo;age
9,906,0,0,3,age;height;weight
9,907,1,1,4,age;weight;ap_lo;height
9,908,0,0,3,height;ap_lo;weight
9,909,1,1,3,age;ap_hi;weight
9,910,0,0,4,age;ap_lo;ap_hi;weight
9,911,0,1,3,weight;ap_hi;height
9,912,1,1,3,ap_hi;age;weight
9,913,0,1,3,weight;age;ap_lo
9,914,1,1,4,ap_hi;age;ap_lo;height
9,915,1,1,3,ap_lo;ap_hi;age
9,916,0,1,4,age;weight;ap_lo;height
9,917,0,1,3,weight;ap_lo;height
9,918,0,0,4,age;height;ap_lo;ap_hi
9,919,1,1,4,weight;age;ap_hi;height
9,920,1,1,3,age;ap_hi;height
9,921,1,0,3,age;ap_hi;ap_lo
9,922,0,1,3,ap_lo;weight;ap_hi
9,923,0,0,4,ap_hi;height;weight;ap_lo
9,924,1,1,4,age;ap_hi;height;ap_lo
9,925,1,0,4,height;ap_hi;weight;age
9,926,1,1,3,ap_hi;ap_lo;age
9,927,1,1,4,ap_lo;ap_hi;age;height
9,928,1,1,3,age;ap_hi;weight
9,929,0,0,3,weight;ap_lo;ap_hi
9,930,0,0,3,ap_hi;weight;height
9,931,1,0,4,age;ap_hi;height;ap_lo
9,932,0,1,3,height;weight;ap_lo
9,933,1,1,4,ap_hi;ap_lo;age;weight
9,934,1,1,3,ap_hi;ap_lo;height
9,935,1,1,4,age;ap_lo;height;weight
9,936,0,0,3,ap_lo;height;weight
9,937,1,0,4,ap_hi;weight;height;ap_lo
9,938,1,1,4,weight;ap_hi;age;ap_lo
9,939,1,0,4,age;ap_hi;weight;ap_lo
9,940,0,1,4,ap_lo;height;age;weight
9,941,0,1,4,age;ap_hi;weight;height
9,942,0,0,3,age;height;ap_lo
9,943,0,0,4,ap_hi;ap_lo;age;weight
9,944,1,1,3,age;ap_hi;ap_lo
9,945,0,0,3,ap_lo;height;ap_hi
9,946,0,0,3,ap_hi;weight;height
9,947,0,0,3,ap_hi;age;weight
9,948,1,1,3,ap_lo;height;weight
9,949,0,1,3,height;ap_hi;weight
9,950,0,1,4,age;ap_hi;ap_lo;height
9,951,0,1,4,ap_hi;height;weight;ap_lo
9,952,0,0,4,weight;age;height;ap_lo
9,953,1,1,3,age;height;weight
9,954,0,0,3,ap_lo;weight;height
9,955,0,0,4,ap_hi;height;ap_lo;weight
9,956,1,1,4,weight;ap_hi;height;ap_lo
9,957,0,1,4,weight;height;ap_lo;age
9,958,0,0,3,ap_hi;age;weight
9,959,1,1,4,weight;ap_lo;height;ap_hi
9,960,1,0,3,ap_lo;age;ap_hi
9,961,0,1,4,age;weight;height;ap_hi
9,962,0,0,3,ap_hi;age;height
9,963,0,0,3,ap_lo;height;age
9,964,1,1,4,weight;ap_hi;age;ap_lo
9,965,1,1,4,weight;ap_lo;height;age
9,966,1,0,3,ap_lo;ap_hi;weight
9,967,1,1,3,weight;ap_hi;age
9,968,1,1,4,height;weight;age;ap_hi
9,969,1,1,4,ap_lo;age;height;weight
9,970,0,0,3,age;ap_hi;weight
9,971,1,1,4,ap_hi;height;age;ap_lo
9,972,1,1,4,age;ap_lo;ap_hi;weight
9,973,0,1,4,height;ap_lo;age;weight
9,974,1,1,3,ap_lo;ap_hi;age
9,975,1,1,4,weight;ap_hi;age;height
9,976,1,1,3,ap_lo;ap_hi;weight
9,977,0,1,3,weight;ap_lo;ap_hi
9,978,1,1,3,age;weight;ap_lo
9,979,0,1,3,age;ap_lo;weight
9,980,1,1,3,weight;height;ap_lo
9,981,0,0,4,weight;height;age;ap_hi
9,982,0,0,4,ap_lo;height;ap_hi;age
9,983,1,1,3,height;age;weight
9,984,1,0,4,ap_lo;ap_hi;weight;height
9,985,1,0,3,ap_hi;height;age
9,986,1,1,4,age;ap_hi;ap_lo;height
9,987,1,0,3,weight;height;ap_hi
9,988,1,1,3,ap_lo;age;height
9,989,1,1,4,ap_hi;weight;height;age
9,990,1,0,4,ap_lo;weight;age;height
9,991,0,1,3,ap_hi;ap_lo;age
9,992,1,1,3,age;ap_lo;ap_hi
9,993,0,0,3,ap_hi;height;ap_lo
9,994,1,0,3,height;age;weight
9,995,1,0,3,ap_lo;height;weight
9,996,1,1,3,age;weight;ap_hi
9,997,0,1,3,age;ap_hi;weight
9,998,1,1,3,ap_lo;age;height
9,999,1,1,4,ap_lo;weight;ap_hi;height
10,0,0,0,3,ap_hi;ap_lo;weight
10,1,0,1,4,weight;height;ap_hi;ap_lo
10,2,0,1,4,ap_lo;age;ap_hi;height
10,3,0,0,3,weight;ap_hi;age
10,4,1,0,3,ap_hi;weight;height
10,5,0,0,4,height;weight;age;ap_hi
10,6,0,0,3,age;ap_hi;ap_lo
10,7,0,1,3,weight;age;ap_lo
10,8,0,0,3,ap_lo;weight;height
10,9,1,1,4,ap_lo;age;height;weight
10,10,0,1,3,weight;age;ap_lo
10,11,1,1,4,ap_lo;weight;age;height
10,12,0,0,3,height;age;weight
10,13,0,0,4,ap_lo;height;age;weight
10,14,0,1,3,height;weight;age
10,15,0,0,3,weight;ap_hi;age
10,16,1,1,3,height;age;ap_hi
10,17,0,0,4,ap_hi;ap_lo;height;age
10,18,0,0,3,ap_hi;weight;age
10,19,1,1,3,age;ap_hi;ap_lo
10,20,0,1,4,ap_hi;age;ap_lo;height
10,21,1,1,3,weight;ap_hi;ap_lo
10,22,1,0,4,height;weight;ap_lo;age
10,23,0,0,4,age;ap_lo;ap_hi;weight
10,24,1,1,4,weight;height;ap_hi;age
10,25,1,1,4,ap_lo;age;ap_hi;height
10,26,1,1,3,ap_hi;age;ap_lo
10,27,0,1,3,ap_lo;age;ap_hi
10,28,0,0,4,ap_lo;height;age;weight
10,29,0,1,3,weight;age;height
10,30,1,0,3,age;ap_lo;weight
10,31,1,1,3,weight;age;ap_lo
10,32,0,0,4,ap_lo;weight;ap_hi;height
10,33,1,0,3,ap_hi;height;weight
10,34,1,1,3,height;age;ap_hi
10,35,1,1,3,age;ap_lo;weight
10,36,0,0,3,ap_lo;height;weight
10,37,0,1,4,ap_hi;ap_lo;weight;age
10,38,0,1,3,height;age;ap_lo
10,39,1,1,3,ap_hi;age;ap_lo
10,40,1,1,3,age;height;weight
10,41,1,1,4,age;height;ap_hi;weight
10,42,1,0,4,ap_lo;ap_hi;weight;height
10,43,0,0,3,ap_hi;age;height
10,44,1,1,3,weight;ap_hi;height
10,45,1,1,3,ap_hi;weight;ap_lo
10,46,0,0,4,ap_lo;height;age;ap_hi
10,47,0,0,3,ap_hi;ap_lo;age
10,48,1,1,3,height;ap_hi;age
10,49,0,0,3,weight;ap_lo;ap_hi
10,50,0,1,3,weight;height;age
10,51,0,0,4,ap_lo;age;weight;ap_hi
10,52,1,1,4,ap_lo;height;ap_hi;weight
10,53,0,0,3,ap_hi;ap_lo;height
10,54,1,1,3,ap_hi;age;height
10,55,1,1,3,ap_lo;weight;age
10,56,0,0,4,age;ap_lo;height;ap_hi
10,57,1,1,4,age;height;ap_lo;weight
10,58,1,1,4,ap_hi;weight;ap_lo;height
10,59,0,0,4,weight;height;ap_lo;age
10,60,1,0,3,ap_lo;weight;ap_hi
10,61,1,1,4,ap_lo;age;height;weight
10,62,0,0,3,height;ap_hi;age
10,63,1,1,4,height;age;weight;ap_lo
10,64,0,0,4,height;weight;ap_lo;ap_hi
10,65,0,0,4,weight;age;ap_lo;height
10,66,0,0,4,ap_lo;height;weight;age
10,67,0,0,4,ap_hi;weight;age;height
10,68,1,1,4,ap_hi;ap_lo;weight;age
10,69,0,0,3,ap_lo;weight;height
10,70,1,1,3,height;age;ap_hi
10,71,1,1,3,ap_lo;ap_hi;weight
10,72,0,1,4,height;ap_lo;weight;ap_hi
10,73,0,1,4,weight;height;age;ap_hi
10,74,1,1,3,weight;ap_hi;ap_lo
10,75,1,0,4,ap_hi;age;ap_lo;height
10,76,0,0,4,ap_hi;ap_lo;weight;age
10,77,1,1,4,height;age;ap_hi;ap_lo
10,78,0,0,3,weight;height;ap_hi
10,79,1,0,4,age;ap_hi;height;weight
10,80,0,0,4,ap_hi;height;weight;age
10,81,1,0,3,ap_lo;weight;age
10,82,1,1,3,weight;age;height
10,83,1,1,3,ap_lo;ap_hi;age
10,84,1,1,3,height;weight;age
10,85,0,0,3,ap_hi;height;ap_lo
10,86,0,1,4,ap_hi;weight;height;ap_lo
10,87,0,1,3,ap_hi;ap_lo;age
10,88,0,0,3,ap_lo;height;weight
10,89,1,1,3,age;weight;ap_hi
10,90,1,1,3,ap_lo;age;ap_hi
10,91,1,0,3,height;ap_lo;ap_hi
10,92,0,0,3,weight;ap_lo;ap_hi
10,93,1,0,3,ap_lo;weight;height
10,94,0,0,4,weight;ap_hi;height;ap_lo
10,95,1,0,3,height;ap_lo;ap_hi
10,96,0,0,3,ap_lo;ap_hi;age
10,97,1,1,3,ap_lo;ap_hi;height
10,98,1,1,4,ap_lo;age;ap_hi;weight
10,99,0,1,3,ap_lo;height;ap_hi
10,100,0,0,4,height;weight;ap_lo;ap_hi
10,101,1,0,4,weight;age;ap_lo;ap_hi
10,102,0,1,3,weight;age;height
10,103,1,1,4,ap_hi;ap_lo;age;height
10,104,0,0,3,ap_hi;height;weight
10,105,0,0,4,ap_hi;weight;age;ap_lo
10,106,0,0,3,ap_hi;age;height
10,107,0,0,4,age;ap_lo;ap_hi;height
10,108,1,1,4,age;height;ap_hi;weight
10,109,0,0,3,weight;height;ap_lo
10,110,0,1,4,age;ap_lo;height;weight
10,111,0,0,4,weight;ap_hi;age;ap_lo
10,112,0,1,3,ap_hi;ap_lo;weight
10,113,0,1,4,weight;height;age;ap_hi
10,114,1,1,3,age;weight;ap_lo
10,115,1,0,3,ap_hi;age;height
10,116,1,1,4,weight;height;age;ap_lo
10,117,0,1,3,weight;ap_hi;height
10,118,0,0,4,ap_lo;weight;height;age
10,119,1,1,3,ap_lo;ap_hi;height
10,120,0,1,4,age;height;weight;ap_hi
10,121,1,1,4,weight;ap_hi;ap_lo;age
10,122,0,1,3,age;height;ap_hi
10,123,1,1,3,weight;ap_hi;age
10,124,1,1,4,ap_hi;height;age;weight
10,125,0,0,4,weight;ap_hi;ap_lo;height
10,126,0,1,4,height;ap_hi;weight;age
10,127,1,1,4,ap_lo;weight;height;ap_hi
10,128,0,0,4,age;ap_lo;ap_hi;weight
10,129,0,1,3,ap_hi;height;weight
10,130,0,1,3,weight;age;height
10,131,0,1,4,ap_hi;age;ap_lo;height
10,132,1,0,4,ap_lo;height;age;weight
10,133,0,1,4,height;ap_lo;weight;age
10,134,0,1,3,height;weight;age
10,135,1,1,3,height;age;ap_hi
10,136,1,1,4,ap_lo;ap_hi;height;weight
10,137,1,1,3,ap_lo;height;ap_hi
10,138,1,1,3,height;age;ap_lo
10,139,1,1,4,height;weight;ap_lo;age
10,140,1,1,3,height;age;weight
10,141,1,0,3,weight;ap_lo;height
10,142,0,0,4,height;ap_hi;ap_lo;weight
10,143,1,1,3,age;weight;ap_hi
10,144,0,0,3,ap_hi;age;height
10,145,0,1,3,weight;ap_hi;age
10,146,0,0,4,ap_hi;height;weight;ap_lo
10,147,1,1,3,weight;ap_lo;age
10,148,0,1,4,ap_hi;ap_lo;height;weight
10,149,1,1,4,weight;ap_hi;height;ap_lo
10,150,0,0,3,ap_hi;age;ap_lo
10,151,1,1,3,ap_lo;weight;ap_hi
10,152,0,0,3,height;ap_lo;weight
10,153,1,0,3,age;ap_hi;ap_lo
10,154,0,1,3,height;weight;ap_lo
10,155,1,0,4,weight;height;ap_hi;ap_lo
10,156,1,0,3,ap_lo;height;weight
10,157,0,1,4,height;weight;ap_lo;ap_hi
10,158,1,1,3,height;ap_hi;weight
10,159,0,0,4,ap_lo;age;height;weight
10,160,0,1,3,weight;ap_hi;height
10,161,0,0,4,weight;ap_lo;age;ap_hi
10,162,0,1,3,weight;height;ap_lo
10,163,0,0,3,age;ap_hi;height
10,164,0,0,4,age;ap_lo;weight;ap_hi
10,165,0,0,4,ap_hi;ap_lo;weight;height
10,166,1,1,4,weight;height;ap_lo;age
10,167,0,0,4,ap_lo;age;weight;ap_hi
10,168,1,1,4,age;height;ap_lo;ap_hi
10,169,1,1,3,height;weight;ap_lo
10,170,1,1,4,age;weight;ap_lo;height
10,171,1,0,4,height;ap_hi;ap_lo;weight
10,172,1,1,3,ap_lo;age;weight
10,173,0,0,3,weight;ap_lo;height
10,174,1,0,3,height;ap_lo;ap_hi
10,175,1,1,4,ap_lo;height;weight;ap_hi
10,176,1,1,3,height;age;ap_hi
10,177,1,0,3,age;height;ap_hi
10,178,0,0,3,height;weight;ap_hi
10,179,0,0,3,weight;height;ap_lo
10,180,1,1,4,ap_lo;age;weight;ap_hi
10,181,0,1,4,ap_lo;age;weight;height
10,182,1,0,4,height;weight;ap_lo;ap_hi
10,183,0,0,3,ap_hi;weight;ap_lo
10,184,0,1,4,ap_lo;weight;ap_hi;height
10,185,1,0,3,ap_lo;height;age
10,186,1,0,3,height;ap_lo;age
10,187,1,1,3,ap_lo;ap_hi;age
10,188,0,1,4,ap_lo;age;height;ap_hi
10,189,0,1,4,height;weight;ap_lo;ap_hi
10,190,0,0,4,ap_lo;ap_hi;height;weight
10,191,0,0,3,age;ap_lo;ap_hi
10,192,0,0,4,height;age;ap_hi;ap_lo
10,193,1,1,3,ap_hi;height;ap_lo
10,194,1,1,4,ap_lo;ap_hi;age;weight
10,195,1,1,4,ap_hi;weight;ap_lo;height
10,196,1,1,4,weight;ap_lo;height;age
10,197,1,1,4,ap_lo;height;ap_hi;age
10,198,0,1,3,age;weight;ap_lo
10,199,1,1,4,age;ap_hi;ap_lo;weight
10,200,1,0,3,height;ap_hi;ap_lo
10,201,0,0,4,ap_lo;height;ap_hi;weight
10,202,0,0,3,ap_hi;height;ap_lo
10,203,0,1,4,ap_hi;weight;ap_lo;height
10,204,0,0,3,weight;height;ap_hi
10,205,0,0,4,age;ap_hi;ap_lo;height
10,206,1,1,4,ap_lo;height;weight;ap_hi
10,207,0,0,4,age;height;ap_hi;ap_lo
10,208,1,0,4,weight;age;height;ap_hi
10,209,0,0,3,ap_hi;age;weight
10,210,1,0,3,ap_hi;ap_lo;age
10,211,1,0,3,age;ap_lo;height
10,212,0,0,3,ap_lo;height;weight
10,213,0,1,3,ap_hi;height;age
10,214,0,0,4,weight;age;height;ap_hi
10,215,1,1,3,age;ap_hi;ap_lo
10,216,0,0,4,ap_hi;weight;ap_lo;age
10,217,1,1,3,ap_lo;height;ap_hi
10,218,0,0,4,ap_lo;age;height;ap_hi
10,219,0,0,4,age;height;ap_lo;weight
10,220,1,1,4,ap_hi;height;ap_lo;age
10,221,0,1,4,weight;age;ap_lo;height
10,222,0,0,3,ap_lo;age;height
10,223,1,0,3,ap_hi;weight;height
10,224,0,0,4,weight;age;ap_lo;height
10,225,1,0,4,weight;ap_lo;height;ap_hi
10,226,0,0,3,ap_lo;ap_hi;height
10,227,1,0,3,ap_hi;age;height
10,228,0,0,4,ap_lo;age;weight;ap_hi
10,229,0,1,3,height;age;weight
10,230,1,1,3,weight;age;ap_lo
10,231,0,0,3,ap_lo;height;age
10,232,1,1,3,age;height;ap_lo
10,233,0,1,3,height;ap_hi;weight
10,234,1,0,4,weight;ap_lo;age;ap_hi
10,235,1,1,4,ap_lo;height;weight;ap_hi
10,236,1,1,3,ap_lo;age;ap_hi
10,237,0,0,4,height;weight;age;ap_lo
10,238,1,0,4,ap_lo;age;weight;ap_hi
10,239,1,1,3,age;weight;ap_hi
10,240,1,0,3,age;ap_hi;ap_lo
10,241,1,0,4,age;height;ap_hi;weight
10,242,0,1,4,age;ap_lo;ap_hi;height
10,243,0,0,4,height;ap_lo;weight;ap_hi
10,244,1,1,3,weight;ap_lo;height
10,245,1,1,4,height;age;ap_hi;ap_lo
10,246,1,1,4,height;age;ap_lo;ap_hi
10,247,1,1,3,height;weight;ap_hi
10,248,1,1,3,ap_lo;age;weight
10,249,1,1,4,weight;ap_hi;height;age
10,250,1,1,4,ap_hi;height;age;ap_lo
10,251,0,0,4,height;weight;age;ap_hi
10,252,0,0,4,age;ap_hi;height;ap_lo
10,253,0,1,3,ap_lo;height;weight
10,254,1,0,4,ap_hi;height;ap_lo;weight
10,255,1,1,3,ap_hi;height;age
10,256,0,0,4,weight;ap_hi;ap_lo;height
10,257,0,1,4,height;ap_hi;weight;age
10,258,0,0,4,height;age;ap_lo;ap_hi
10,259,1,1,3,age;ap_hi;ap_lo
10,260,0,0,4,ap_hi;age;weight;height
10,261,1,1,4,age;ap_hi;weight;height
10,262,1,1,3,height;ap_lo;weight
10,263,1,1,3,weight;age;ap_hi
10,264,1,1,4,age;height;ap_hi;weight
10,265,0,0,3,ap_hi;height;ap_lo
10,266,0,0,4,ap_hi;height;weight;age
10,267,1,1,4,age;height;weight;ap_hi
10,268,0,0,4,ap_hi;height;weight;ap_lo
10,269,1,1,3,ap_lo;ap_hi;height
10,270,1,0,4,ap_hi;age;weight;ap_lo
10,271,1,1,3,height;ap_lo;weight
10,272,0,1,3,ap_lo;height;age
10,273,1,1,3,age;ap_lo;height
10,274,0,0,4,age;ap_lo;height;ap_hi
10,275,1,1,4,age;weight;height;ap_lo
10,276,1,1,3,ap_lo;height;weight
10,277,0,0,4,ap_hi;weight;age;height
10,278,1,1,4,ap_lo;weight;age;ap_hi
10,279,0,0,4,ap_lo;weight;age;height
10,280,0,1,3,height;weight;age
10,281,0,0,3,ap_hi;ap_lo;age
10,282,1,0,4,age;ap_hi;ap_lo;height
10,283,1,1,3,height;ap_hi;weight
10,284,1,0,4,age;ap_lo;weight;ap_hi
10,285,0,0,3,height;ap_hi;age
10,286,1,1,4,height;ap_hi;ap_lo;weight
10,287,1,1,4,ap_lo;height;ap_hi;weight
10,288,1,1,3,age;weight;ap_lo
10,289,0,0,3,age;ap_hi;ap_lo
10,290,0,1,3,ap_lo;ap_hi;age
10,291,0,0,4,weight;ap_lo;height;ap_hi
10,292,0,0,3,weight;height;ap_hi
10,293,1,0,3,weight;age;ap_lo
10,294,1,0,3,ap_hi;age;height
10,295,1,0,4,ap_hi;ap_lo;age;height
10,296,0,0,4,ap_hi;weight;age;ap_lo
10,297,1,0,4,age;weight;ap_lo;ap_hi
10,298,1,0,3,height;age;ap_hi
10,299,1,1,4,ap_lo;weight;height;age
10,300,0,0,4,ap_lo;weight;age;ap_hi
10,301,1,0,3,age;ap_lo;weight
10,302,1,1,4,age;ap_lo;height;weight
10,303,1,1,4,age;weight;height;ap_lo
10,304,0,0,3,ap_hi;age;height
10,305,0,1,3,height;weight;age
10,306,1,0,4,ap_lo;ap_hi;age;weight
10,307,0,0,3,height;ap_lo;ap_hi
10,308,0,0,4,age;weight;ap_hi;height
10,309,0,0,4,weight;ap_lo;ap_hi;age
10,310,0,1,3,ap_hi;ap_lo;weight
10,311,0,1,4,height;weight;age;ap_hi
10,312,0,1,4,ap_hi;weight;height;ap_lo
10,313,0,1,3,height;ap_hi;age
10,314,1,0,3,ap_lo;weight;age
10,315,1,1,3,age;weight;ap_lo
10,316,1,1,3,weight;ap_hi;ap_lo
10,317,1,1,3,age;height;ap_lo
10,318,0,0,3,ap_lo;height;weight
10,319,1,1,4,age;ap_lo;ap_hi;height
10,320,1,1,4,height;ap_lo;ap_hi;age
10,321,1,0,3,weight;age;ap_lo
10,322,1,1,4,height;weight;ap_hi;ap_lo
10,323,0,0,3,age;ap_hi;weight
10,324,0,0,3,ap_hi;age;weight
10,325,0,1,4,ap_hi;age;height;ap_lo
10,326,1,1,4,ap_hi;height;weight;age
10,327,1,0,3,ap_hi;weight;ap_lo
10,328,0,0,3,ap_hi;height;ap_lo
10,329,1,1,3,weight;age;ap_lo
10,330,0,0,3,ap_lo;weight;age
10,331,1,1,3,age;weight;ap_lo
10,332,0,0,4,height;weight;ap_hi;ap_lo
10,333,0,0,4,age;weight;ap_lo;height
10,334,1,1,3,height;ap_lo;ap_hi
10,335,1,1,4,weight;height;ap_lo;ap_hi
10,336,0,1,4,age;weight;height;ap_lo
10,337,0,0,4,ap_lo;age;ap_hi;height
10,338,0,1,4,height;ap_hi;ap_lo;weight
10,339,0,1,3,weight;height;ap_hi
10,340,1,1,4,ap_hi;age;ap_lo;height
10,341,1,1,3,ap_hi;weight;height
10,342,1,1,3,ap_hi;height;age
10,343,1,0,3,ap_hi;ap_lo;age
10,344,1,1,3,height;ap_lo;weight
10,345,1,1,4,height;age;weight;ap_hi
10,346,0,0,3,height;ap_lo;weight
10,347,0,0,4,ap_hi;height;age;ap_lo
10,348,1,1,3,weight;ap_hi;ap_lo
10,349,0,0,3,ap_hi;age;weight
10,350,1,1,4,height;weight;ap_hi;ap_lo
10,351,1,1,3,age;ap_lo;height
10,352,0,0,3,ap_lo;age;height
10,353,1,1,3,ap_lo;height;weight
10,354,1,0,3,ap_lo;height;ap_hi
10,355,1,1,4,ap_lo;weight;height;age
10,356,1,0,4,height;age;ap_lo;ap_hi
10,357,1,1,4,age;ap_lo;height;ap_hi
10,358,1,1,4,ap_lo;weight;ap_hi;age
10,359,1,0,4,weight;ap_hi;ap_lo;age
10,360,1,1,3,height;age;weight
10,361,0,0,3,height;age;ap_hi
10,362,1,1,4,weight;height;ap_lo;ap_hi
10,363,1,1,4,height;ap_lo;weight;age
10,364,1,1,4,height;weight;ap_lo;ap_hi
10,365,1,0,4,ap_hi;height;ap_lo;weight
10,366,0,1,3,age;ap_lo;height
10,367,1,0,3,weight;ap_hi;ap_lo
10,368,1,1,4,age;ap_hi;weight;height
10,369,0,0,3,ap_hi;age;weight
10,370,1,1,4,ap_lo;ap_hi;weight;height
10,371,0,1,3,age;ap_hi;ap_lo
10,372,1,1,4,ap_lo;age;height;weight
10,373,1,0,4,ap_lo;ap_hi;height;weight
10,374,1,1,4,height;age;weight;ap_hi
10,375,0,0,4,height;ap_lo;age;ap_hi
10,376,1,0,3,ap_lo;weight;ap_hi
10,377,1,1,3,weight;age;ap_hi
10,378,0,0,3,ap_hi;height;ap_lo
10,379,0,1,3,ap_lo;age;weight
10,380,1,0,4,ap_lo;ap_hi;age;height
10,381,1,1,4,age;weight;ap_hi;ap_lo
10,382,0,1,4,ap_lo;ap_hi;weight;height
10,383,1,0,3,ap_hi;ap_lo;height
10,384,1,1,4,ap_hi;ap_lo;age;height
10,385,0,0,3,ap_hi;age;ap_lo
10,386,0,0,3,weight;age;ap_hi
10,387,1,1,4,weight;age;height;ap_hi
10,388,0,0,3,ap_lo;weight;ap_hi
10,389,0,0,4,height;ap_hi;weight;ap_lo
10,390,1,1,3,weight;ap_lo;height
10,391,1,1,4,weight;height;age;ap_lo
10,392,0,1,3,age;height;ap_hi
10,393,1,1,4,height;age;weight;ap_lo
10,394,0,0,4,weight;ap_lo;ap_hi;age
10,395,1,0,4,weight;age;ap_lo;ap_hi
10,396,1,1,4,weight;height;ap_lo;ap_hi
10,397,1,1,4,ap_hi;weight;ap_lo;age
10,398,0,1,4,weight;age;ap_lo;height
10,399,0,0,4,height;ap_hi;weight;ap_lo
10,400,1,0,4,ap_hi;height;age;weight
10,401,1,1,3,weight;age;ap_hi
10,402,0,0,3,age;height;ap_hi
10,403,0,1,3,weight;height;age
10,404,0,0,4,weight;ap_hi;age;ap_lo
10,405,0,0,3,age;ap_lo;weight
10,406,0,0,3,height;weight;ap_hi
10,407,1,0,4,height;ap_hi;ap_lo;weight
10,408,1,1,3,ap_lo;weight;age
10,409,0,0,3,age;ap_lo;ap_hi
10,410,0,0,4,ap_hi;weight;age;ap_lo
10,411,0,0,4,height;age;ap_hi;ap_lo
10,412,0,0,4,ap_hi;height;weight;ap_lo
10,413,1,1,4,weight;height;age;ap_hi
10,414,0,0,3,ap_hi;height;ap_lo
10,415,0,0,4,age;ap_hi;weight;ap_lo
10,416,0,0,4,weight;ap_hi;age;ap_lo
10,417,0,1,3,height;weight;age
10,418,0,0,3,age;ap_hi;weight
10,419,1,0,4,height;age;ap_hi;ap_lo
10,420,1,0,3,ap_hi;weight;height
10,421,0,1,4,weight;height;ap_lo;age
10,422,1,1,3,age;height;weight
10,423,0,0,4,height;ap_lo;ap_hi;age
10,424,1,1,4,weight;ap_lo;age;ap_hi
10,425,1,1,4,ap_lo;height;ap_hi;weight
10,426,1,0,3,height;ap_hi;ap_lo
10,427,1,1,4,age;ap_hi;ap_lo;height
10,428,0,0,4,ap_hi;weight;ap_lo;height
10,429,1,1,4,age;weight;ap_lo;height
10,430,1,1,3,ap_lo;age;height
10,431,1,1,4,height;age;ap_lo;ap_hi
10,432,1,1,4,weight;height;ap_hi;age
10,433,1,1,3,height;ap_lo;age
10,434,1,1,4,weight;ap_lo;ap_hi;age
10,435,1,0,3,ap_hi;height;age
10,436,1,1,3,ap_lo;height;age
10,437,1,1,4,weight;ap_hi;age;height
10,438,0,0,3,age;ap_hi;weight
10,439,0,1,4,ap_hi;ap_lo;weight;age
10,440,1,0,4,ap_hi;age;weight;height
10,441,0,0,4,age;weight;ap_hi;height
10,442,0,0,3,height;ap_lo;ap_hi
10,443,0,0,3,ap_lo;age;height
10,444,0,0,4,weight;ap_hi;height;age
10,445,0,0,4,ap_hi;height;age;weight
10,446,0,0,4,height;age;ap_lo;ap_hi
10,447,1,1,3,age;weight;height
10,448,0,1,3,height;ap_hi;age
10,449,0,1,4,age;ap_lo;weight;ap_hi
10,450,0,0,4,age;ap_lo;height;weight
10,451,0,0,3,age;ap_lo;height
10,452,1,0,3,ap_lo;weight;height
10,453,1,1,4,height;ap_lo;age;ap_hi
10,454,1,1,3,age;height;ap_lo
10,455,0,1,4,height;ap_lo;weight;ap_hi
10,456,0,1,3,age;ap_hi;height
10,457,0,0,4,ap_hi;age;ap_lo;weight
10,458,1,1,3,ap_lo;age;weight
10,459,1,0,3,ap_lo;age;weight
10,460,1,1,4,age;ap_lo;ap_hi;height
10,461,1,0,4,height;weight;ap_lo;age
10,462,0,0,3,height;weight;ap_lo
10,463,0,0,4,age;height;weight;ap_hi
10,464,1,1,4,ap_lo;weight;height;age
10,465,1,0,3,weight;ap_lo;age
10,466,1,0,3,height;ap_lo;age
10,467,1,1,4,ap_lo;ap_hi;height;age
10,468,0,0,4,height;ap_lo;weight;ap_hi
10,469,1,1,4,ap_hi;age;weight;ap_lo
10,470,1,1,3,ap_lo;height;weight
10,471,1,1,3,height;weight;ap_lo
10,472,0,0,4,ap_hi;ap_lo;height;weight
10,473,1,1,4,age;ap_hi;ap_lo;weight
10,474,1,1,3,weight;height;age
10,475,0,1,4,age;height;weight;ap_lo
10,476,0,1,4,height;ap_lo;age;ap_hi
10,477,0,0,3,weight;ap_hi;height
10,478,0,1,3,age;weight;height
10,479,0,0,3,ap_hi;weight;ap_lo
10,480,0,1,4,weight;ap_lo;age;ap_hi
10,481,1,0,3,ap_lo;weight;height
10,482,1,1,3,ap_lo;height;weight
10,483,1,1,3,height;age;weight
10,484,0,0,3,ap_lo;weight;height
10,485,1,1,4,age;ap_lo;height;weight
10,486,1,1,4,age;height;weight;ap_hi
10,487,1,1,4,weight;height;age;ap_hi
10,488,1,1,3,ap_hi;weight;height
10,489,1,0,3,weight;ap_hi;ap_lo
10,490,0,0,4,age;ap_lo;height;ap_hi
10,491,0,1,3,height;weight;age
10,492,0,1,3,age;weight;height
10,493,1,1,4,height;age;weight;ap_hi
10,494,1,1,3,height;ap_hi;ap_lo
10,495,1,1,3,weight;height;ap_hi
10,496,1,0,3,ap_lo;age;ap_hi
10,497,1,0,4,ap_hi;ap_lo;age;weight
10,498,0,0,4,ap_hi;height;weight;age
10,499,0,0,4,height;age;ap_lo;ap_hi
10,500,0,0,3,height;ap_hi;age
10,501,1,1,4,age;ap_lo;weight;height
10,502,1,1,3,ap_hi;height;age
10,503,0,1,3,ap_lo;height;weight
10,504,0,1,3,age;height;weight
10,505,0,0,4,ap_hi;weight;age;ap_lo
10,506,0,1,3,weight;age;height
10,507,1,1,3,weight;height;ap_lo
10,508,0,0,4,age;ap_lo;height;weight
10,509,0,1,3,ap_hi;height;weight
10,510,1,1,3,weight;ap_hi;ap_lo
10,511,0,0,3,age;weight;ap_lo
10,512,1,1,4,weight;ap_lo;age;height
10,513,1,1,4,height;age;weight;ap_hi
10,514,1,1,4,age;height;ap_lo;weight
10,515,0,0,4,weight;ap_hi;age;ap_lo
10,516,1,1,3,age;height;ap_lo
10,517,1,0,3,weight;ap_lo;height
10,518,0,0,3,weight;ap_lo;age
10,519,1,1,4,age;ap_lo;height;ap_hi
10,520,1,1,3,height;weight;ap_hi
10,521,0,1,4,ap_hi;ap_lo;height;weight
10,522,0,0,3,age;ap_lo;weight
10,523,1,0,4,ap_lo;weight;ap_hi;age
10,524,1,0,3,ap_hi;age;weight
10,525,0,0,3,ap_hi;ap_lo;age
10,526,0,0,4,ap_hi;ap_lo;weight;height
10,527,1,1,3,ap_lo;height;ap_hi
10,528,0,1,3,ap_lo;age;weight
10,529,1,1,3,height;age;ap_hi
10,530,0,0,3,weight;age;ap_hi
10,531,1,1,4,ap_hi;ap_lo;height;weight
10,532,0,0,4,ap_lo;weight;age;height
10,533,1,1,3,ap_hi;age;weight
10,534,0,0,4,height;age;weight;ap_hi
10,535,1,1,3,weight;ap_lo;ap_hi
10,536,1,1,3,age;weight;height
10,537,1,0,4,height;weight;age;ap_lo
10,538,0,1,4,age;height;ap_lo;ap_hi
10,539,1,0,3,weight;age;ap_hi
10,540,1,0,4,weight;ap_hi;age;height
10,541,1,0,4,height;ap_lo;age;ap_hi
10,542,1,1,4,height;ap_lo;weight;age
10,543,1,1,4,ap_hi;height;ap_lo;age
10,544,1,1,4,height;weight;ap_lo;age
10,545,0,0,3,ap_hi;weight;ap_lo
10,546,0,1,3,ap_hi;height;ap_lo
10,547,0,1,4,ap_hi;weight;height;age
10,548,0,0,4,weight;height;ap_hi;ap_lo
10,549,1,1,4,weight;ap_hi;ap_lo;age
10,550,1,0,3,height;ap_lo;weight
10,551,1,1,4,weight;ap_hi;height;age
10,552,0,1,4,height;ap_lo;weight;age
10,553,1,1,4,height;age;ap_hi;weight
10,554,0,1,3,height;weight;ap_hi
10,555,0,0,3,ap_hi;age;ap_lo
10,556,1,1,3,ap_hi;height;age
10,557,1,0,3,ap_lo;height;ap_hi
10,558,1,1,4,height;weight;age;ap_lo
10,559,1,1,3,ap_hi;ap_lo;age
10,560,1,1,3,ap_lo;age;ap_hi
10,561,0,1,3,weight;age;height
10,562,0,0,3,height;age;ap_hi
10,563,0,0,3,ap_hi;ap_lo;weight
10,564,1,1,4,age;ap_hi;ap_lo;height
10,565,1,1,4,ap_lo;age;weight;ap_hi
10,566,0,1,4,ap_hi;weight;ap_lo;height
10,567,1,0,3,height;ap_hi;weight
10,568,1,1,3,height;age;ap_lo
10,569,0,1,4,ap_hi;height;ap_lo;weight
10,570,1,1,4,ap_lo;ap_hi;weight;age
10,571,1,1,3,ap_hi;ap_lo;height
10,572,0,0,4,age;weight;ap_lo;height
10,573,1,1,3,weight;ap_hi;ap_lo
10,574,1,0,4,height;ap_lo;ap_hi;age
10,575,0,1,3,weight;ap_hi;age
10,576,1,1,4,height;ap_lo;age;weight
10,577,1,1,4,height;weight;ap_lo;age
10,578,1,0,3,age;ap_hi;weight
10,579,0,0,4,ap_lo;weight;ap_hi;age
10,580,1,0,3,weight;ap_hi;height
10,581,1,1,4,ap_hi;height;weight;ap_lo
10,582,0,0,4,age;weight;ap_lo;ap_hi
10,583,0,0,4,ap_lo;weight;age;height
10,584,0,0,3,height;age;ap_hi
10,585,1,1,3,weight;height;ap_lo
10,586,0,0,4,age;weight;ap_hi;ap_lo
10,587,0,1,3,weight;ap_hi;age
10,588,1,1,4,weight;ap_hi;height;age
10,589,1,1,3,ap_lo;age;weight
10,590,1,1,4,height;age;ap_hi;weight
10,591,0,1,4,age;height;weight;ap_lo
10,592,0,0,3,ap_lo;weight;height
10,593,0,0,4,height;ap_lo;age;weight
10,594,0,0,3,height;ap_hi;weight
10,595,1,1,4,ap_lo;height;weight;ap_hi
10,596,1,1,3,ap_lo;age;weight
10,597,0,0,3,weight;ap_lo;height
10,598,0,0,4,ap_hi;height;age;ap_lo
10,599,0,1,3,ap_lo;height;ap_hi
10,600,1,0,4,weight;height;age;ap_hi
10,601,1,1,4,ap_hi;weight;age;ap_lo
10,602,1,1,3,ap_lo;height;weight
10,603,1,1,4,height;ap_lo;ap_hi;age
10,604,0,1,3,ap_lo;height;weight
10,605,0,1,3,height;ap_lo;age
10,606,1,1,3,weight;age;height
10,607,1,1,4,age;ap_lo;height;weight
10,608,0,0,4,ap_hi;weight;height;age
10,609,0,0,3,ap_hi;age;weight
10,610,1,1,3,ap_lo;age;ap_hi
10,611,1,1,4,weight;ap_lo;height;age
10,612,0,0,4,age;height;ap_hi;ap_lo
10,613,0,0,3,weight;ap_hi;height
10,614,0,0,4,age;ap_lo;ap_hi;weight
10,615,0,1,3,age;weight;height
10,616,0,1,4,weight;age;height;ap_hi
10,617,0,0,4,ap_hi;weight;age;ap_lo
10,618,0,0,3,ap_lo;ap_hi;weight
10,619,1,1,4,height;ap_lo;weight;age
10,620,0,0,3,ap_hi;ap_lo;age
10,621,1,1,3,weight;age;height
10,622,0,0,3,weight;age;height
10,623,1,1,3,weight;age;height
10,624,1,1,4,weight;ap_hi;age;ap_lo
10,625,0,0,4,age;height;ap_hi;weight
10,626,1,1,4,weight;ap_lo;height;ap_hi
10,627,0,0,4,age;ap_lo;weight;height
10,628,0,1,4,ap_lo;height;weight;age
10,629,0,1,4,ap_lo;ap_hi;weight;age
10,630,0,1,4,weight;ap_lo;age;ap_hi
10,631,1,0,4,weight;height;ap_lo;ap_hi
10,632,1,0,4,height;ap_lo;age;ap_hi
10,633,0,0,3,ap_lo;weight;ap_hi
10,634,0,1,4,height;ap_lo;ap_hi;age
10,635,1,1,3,ap_lo;age;weight
10,636,1,1,4,ap_hi;ap_lo;height;age
10,637,0,1,3,height;ap_hi;weight
10,638,1,1,4,ap_hi;age;weight;ap_lo
10,639,0,0,4,age;weight;ap_lo;ap_hi
10,640,1,1,4,age;height;ap_hi;weight
10,641,1,0,4,height;weight;ap_hi;ap_lo
10,642,1,1,3,ap_lo;age;height
10,643,0,0,3,ap_hi;age;weight
10,644,1,0,4,ap_lo;weight;ap_hi;age
10,645,1,1,4,height;ap_hi;age;ap_lo
10,646,0,0,4,height;ap_lo;age;weight
10,647,0,0,3,age;height;ap_hi
10,648,0,1,4,height;age;ap_hi;ap_lo
10,649,0,0,4,ap_lo;ap_hi;age;height
10,650,1,1,3,ap_hi;age;ap_lo
10,651,0,1,3,ap_lo;weight;age
10,652,0,0,4,weight;age;ap_hi;height
10,653,0,0,4,ap_hi;weight;ap_lo;height
10,654,0,0,4,ap_hi;age;height;ap_lo
10,655,0,0,3,ap_lo;age;ap_hi
10,656,0,1,4,age;weight;ap_hi;height
10,657,0,1,3,age;ap_lo;height
10,658,1,1,4,age;weight;ap_hi;ap_lo
10,659,0,0,4,ap_lo;age;ap_hi;height
10,660,1,1,4,height;ap_hi;weight;ap_lo
10,661,0,0,4,ap_lo;ap_hi;height;age
10,662,0,1,4,height;weight;ap_hi;age
10,663,0,1,4,age;ap_lo;weight;ap_hi
10,664,1,0,4,ap_lo;height;weight;ap_hi
10,665,1,1,3,height;age;ap_lo
10,666,0,1,3,age;weight;height
10,667,1,0,4,height;ap_lo;age;weight
10,668,1,1,4,age;weight;ap_lo;ap_hi
10,669,1,0,3,age;ap_lo;ap_hi
10,670,0,0,3,weight;ap_hi;height
10,671,0,1,3,age;height;ap_lo
10,672,0,1,3,ap_lo;height;ap_hi
10,673,0,1,4,ap_lo;height;ap_hi;weight
10,674,1,1,4,ap_hi;weight;height;age
10,675,1,1,4,weight;ap_lo;ap_hi;age
10,676,1,1,3,age;ap_lo;weight
10,677,1,1,4,age;ap_lo;weight;height
10,678,0,0,4,ap_lo;ap_hi;weight;height
10,679,1,0,4,ap_hi;ap_lo;age;weight
10,680,0,1,3,height;age;weight
10,681,0,1,3,height;weight;ap_hi
10,682,0,0,3,ap_lo;weight;age
10,683,1,1,4,ap_hi;height;age;weight
10,684,0,1,3,ap_hi;ap_lo;age
10,685,1,1,4,ap_hi;ap_lo;weight;age
10,686,1,1,4,ap_lo;height;ap_hi;weight
10,687,0,0,4,ap_lo;height;age;weight
10,688,1,1,3,ap_lo;weight;ap_hi
10,689,1,1,4,ap_hi;ap_lo;height;age
10,690,0,0,3,weight;ap_hi;age
10,691,0,0,3,ap_lo;ap_hi;age
10,692,0,1,3,age;height;ap_lo
10,693,0,0,4,age;ap_lo;ap_hi;height
10,694,0,1,4,age;weight;height;ap_lo
10,695,1,1,4,height;weight;age;ap_lo
10,696,0,0,3,weight;ap_hi;height
10,697,1,1,3,height;weight;age
10,698,1,1,3,ap_lo;ap_hi;weight
10,699,1,1,4,weight;ap_lo;ap_hi;height
10,700,0,1,4,height;ap_lo;weight;age
10,701,0,0,3,height;ap_hi;ap_lo
10,702,0,0,4,weight;age;ap_lo;ap_hi
10,703,0,0,4,age;ap_lo;weight;height
10,704,0,1,4,weight;age;ap_lo;height
10,705,1,0,4,weight;ap_hi;age;height
10,706,1,1,3,weight;height;age
10,707,1,1,4,height;ap_hi;ap_lo;age
10,708,0,0,3,age;weight;ap_lo
10,709,0,0,4,ap_hi;ap_lo;height;age
10,710,0,0,3,age;ap_hi;height
10,711,0,0,3,ap_hi;ap_lo;height
10,712,1,1,3,age;height;ap_lo
10,713,1,1,3,height;ap_hi;ap_lo
10,714,1,1,4,weight;ap_lo;age;ap_hi
10,715,1,0,3,weight;height;ap_lo
10,716,1,1,3,age;ap_lo;height
10,717,0,1,4,height;ap_hi;ap_lo;age
10,718,0,1,4,weight;ap_hi;ap_lo;age
10,719,1,0,3,weight;age;ap_hi
10,720,0,1,4,weight;ap_lo;height;age
10,721,1,0,4,weight;age;height;ap_lo
10,722,0,1,3,weight;age;ap_lo
10,723,1,1,4,weight;age;ap_lo;height
10,724,1,1,3,height;ap_lo;ap_hi
10,725,1,1,4,ap_lo;age;weight;height
10,726,1,1,4,age;ap_hi;height;weight
10,727,1,1,3,ap_hi;age;ap_lo
10,728,1,1,4,ap_hi;weight;ap_lo;age
10,729,1,0,4,weight;height;ap_hi;age
10,730,1,1,4,ap_hi;age;height;weight
10,731,1,1,3,height;weight;ap_hi
10,732,0,1,4,age;weight;ap_hi;height
10,733,0,1,3,ap_hi;ap_lo;height
10,734,0,0,3,weight;ap_lo;height
10,735,0,1,4,age;weight;height;ap_lo
10,736,0,0,4,age;ap_lo;weight;ap_hi
10,737,1,1,4,ap_lo;weight;age;height
10,738,0,0,4,weight;age;ap_hi;ap_lo
10,739,1,1,3,height;ap_hi;weight
10,740,0,0,4,age;ap_lo;weight;ap_hi
10,741,0,1,4,ap_lo;age;ap_hi;height
10,742,0,1,4,ap_hi;ap_lo;height;weight
10,743,0,0,3,ap_hi;age;height
10,744,1,0,3,weight;ap_hi;height
10,745,0,0,3,height;weight;ap_hi
10,746,0,1,4,ap_lo;ap_hi;age;weight
10,747,0,1,4,weight;age;ap_lo;height
10,748,0,0,4,height;age;ap_hi;weight
10,749,0,0,4,ap_lo;ap_hi;age;height
10,750,0,1,3,height;ap_hi;ap_lo
10,751,0,1,3,height;weight;age
10,752,0,1,4,ap_lo;age;height;ap_hi
10,753,1,0,4,ap_lo;age;weight;height
10,754,0,1,3,ap_lo;height;age
10,755,0,1,3,age;height;weight
10,756,1,0,3,weight;height;ap_hi
10,757,0,1,4,ap_hi;age;weight;height
10,758,1,0,3,weight;ap_lo;ap_hi
10,759,1,1,4,age;ap_hi;weight;height
10,760,1,1,3,weight;height;age
10,761,0,0,3,height;age;ap_hi
10,762,1,1,4,age;ap_lo;ap_hi;height
10,763,0,1,3,weight;age;ap_hi
10,764,0,1,4,height;age;ap_hi;ap_lo
10,765,0,0,3,age;ap_hi;height
10,766,1,1,4,weight;ap_hi;ap_lo;age
10,767,0,1,4,weight;ap_hi;ap_lo;age
10,768,0,1,3,age;ap_lo;height
10,769,1,0,3,ap_hi;ap_lo;weight
10,770,0,1,3,age;height;ap_hi
10,771,0,0,3,height;weight;ap_lo
10,772,1,1,4,weight;ap_hi;age;height
10,773,0,0,3,age;ap_lo;height
10,774,1,0,3,ap_lo;age;weight
10,775,0,1,3,age;ap_lo;ap_hi
10,776,0,0,4,age;ap_lo;height;weight
10,777,1,1,3,age;ap_lo;height
10,778,1,1,4,height;age;weight;ap_lo
10,779,0,1,4,ap_hi;age;ap_lo;height
10,780,0,1,4,weight;height;ap_hi;age
10,781,0,0,3,age;height;ap_lo
10,782,1,1,4,height;ap_lo;weight;ap_hi
10,783,1,1,3,age;weight;height
10,784,1,1,3,ap_lo;weight;age
10,785,1,1,4,age;weight;ap_lo;height
10,786,0,0,3,height;ap_lo;age
10,787,0,1,3,ap_hi;weight;height
10,788,1,1,4,height;age;ap_hi;weight
10,789,1,1,4,weight;ap_hi;age;ap_lo
10,790,0,0,3,ap_hi;height;age
10,791,0,0,4,height;weight;age;ap_hi
10,792,0,1,3,height;age;weight
10,793,0,1,3,ap_hi;age;ap_lo
10,794,0,0,4,ap_hi;age;height;weight
10,795,0,0,4,age;height;ap_lo;ap_hi
10,796,0,1,4,ap_lo;ap_hi;height;age
10,797,0,1,4,ap_lo;age;height;weight
10,798,0,0,4,weight;ap_hi;ap_lo;age
10,799,0,0,4,ap_lo;ap_hi;weight;age
10,800,0,1,3,height;age;ap_lo
10,801,0,0,4,ap_lo;age;weight;height
10,802,0,0,3,height;age;ap_lo
10,803,0,1,3,ap_hi;ap_lo;height
10,804,1,1,3,age;weight;ap_hi
10,805,1,1,4,weight;ap_lo;age;height
10,806,0,1,3,age;height;ap_hi
10,807,1,1,3,age;ap_hi;ap_lo
10,808,0,0,3,ap_hi;weight;age
10,809,1,1,3,ap_hi;ap_lo;height
10,810,0,0,3,age;ap_hi;ap_lo
10,811,1,1,4,weight;ap_hi;ap_lo;age
10,812,0,1,3,ap_hi;weight;ap_lo
10,813,0,0,3,ap_lo;age;ap_hi
10,814,0,0,3,ap_lo;ap_hi;age
10,815,0,1,3,weight;height;ap_hi
10,816,0,0,4,weight;age;ap_hi;ap_lo
10,817,0,0,4,height;ap_lo;ap_hi;age
10,818,1,1,3,weight;ap_lo;height
10,819,0,0,3,ap_hi;weight;age
10,820,1,0,4,ap_hi;height;weight;age
10,821,0,0,3,height;age;weight
10,822,0,1,4,weight;age;ap_hi;height
10,823,0,0,3,ap_hi;height;weight
10,824,1,1,3,ap_lo;weight;ap_hi
10,825,0,0,3,weight;ap_lo;ap_hi
10,826,0,1,3,ap_hi;age;ap_lo
10,827,1,1,3,height;weight;age
10,828,1,1,3,age;ap_lo;weight
10,829,0,1,3,weight;height;ap_hi
10,830,1,1,4,height;age;ap_lo;ap_hi
10,831,0,0,4,ap_lo;age;ap_hi;height
10,832,0,1,3,height;age;weight
10,833,1,1,4,ap_lo;age;ap_hi;weight
10,834,1,0,4,ap_lo;weight;age;height
10,835,0,1,4,weight;age;ap_lo;ap_hi
10,836,0,0,4,height;age;ap_lo;ap_hi
10,837,0,0,3,ap_lo;weight;age
10,838,0,0,4,height;age;ap_hi;weight
10,839,0,0,4,ap_hi;ap_lo;weight;age
10,840,0,0,4,height;ap_lo;ap_hi;weight
10,841,0,1,3,age;weight;ap_hi
10,842,0,0,4,age;height;weight;ap_lo
10,843,1,1,4,ap_lo;height;age;ap_hi
10,844,0,1,3,height;age;ap_hi
10,845,0,0,3,height;age;ap_lo
10,846,0,0,4,age;ap_lo;height;ap_hi
10,847,1,0,3,age;ap_hi;height
10,848,0,0,4,ap_hi;weight;ap_lo;age
10,849,1,1,3,ap_hi;age;height
10,850,1,0,4,ap_lo;height;ap_hi;weight
10,851,0,0,3,ap_lo;ap_hi;age
10,852,0,0,4,height;weight;ap_hi;ap_lo
10,853,1,1,4,age;ap_hi;ap_lo;weight
10,854,1,1,3,ap_hi;age;height
10,855,1,1,4,weight;ap_lo;ap_hi;age
10,856,0,1,4,ap_lo;height;ap_hi;weight
10,857,1,1,4,ap_hi;weight;age;ap_lo
10,858,1,1,4,height;ap_lo;ap_hi;age
10,859,0,0,4,ap_hi;ap_lo;age;height
10,860,1,1,3,weight;ap_hi;age
10,861,1,1,4,weight;height;ap_lo;ap_hi
10,862,1,1,3,height;age;ap_lo
10,863,0,1,3,age;ap_lo;weight
10,864,1,1,3,height;weight;ap_hi
10,865,0,0,3,ap_lo;weight;height
10,866,1,1,3,ap_lo;height;weight
10,867,1,1,4,age;height;ap_hi;weight
10,868,1,0,3,ap_lo;height;ap_hi
10,869,1,1,3,height;ap_lo;ap_hi
10,870,0,0,4,height;ap_lo;ap_hi;weight
10,871,1,1,3,age;ap_lo;height
10,872,0,0,3,ap_hi;height;weight
10,873,0,0,3,weight;age;ap_lo
10,874,0,0,4,ap_lo;ap_hi;age;weight
10,875,0,0,4,height;ap_lo;age;weight
10,876,1,1,4,ap_hi;weight;height;ap_lo
10,877,0,0,4,height;age;weight;ap_lo
10,878,1,1,4,weight;ap_lo;age;height
10,879,1,1,3,age;weight;ap_hi
10,880,1,0,4,ap_lo;height;age;ap_hi
10,881,1,1,3,height;ap_lo;ap_hi
10,882,1,1,4,age;weight;ap_lo;height
10,883,1,1,4,ap_hi;weight;height;ap_lo
10,884,0,0,4,ap_hi;age;ap_lo;weight
10,885,1,1,3,height;weight;ap_lo
10,886,0,0,3,ap_lo;ap_hi;age
10,887,1,1,4,ap_lo;height;age;ap_hi
10,888,0,0,3,ap_lo;ap_hi;weight
10,889,1,0,4,ap_hi;age;weight;ap_lo
10,890,0,0,3,height;ap_lo;ap_hi
10,891,0,1,3,ap_hi;height;age
10,892,0,1,3,age;ap_hi;ap_lo
10,893,1,1,4,ap_lo;weight;age;ap_hi
10,894,0,1,4,age;weight;ap_lo;height
10,895,1,1,3,weight;ap_hi;ap_lo
10,896,0,0,3,ap_lo;height;ap_hi
10,897,1,1,4,height;ap_lo;weight;age
10,898,1,0,4,ap_lo;ap_hi;age;height
10,899,0,0,3,ap_hi;age;weight
10,900,0,0,4,ap_hi;height;age;weight
10,901,0,0,3,age;height;ap_hi
10,902,1,0,3,ap_lo;ap_hi;age
10,903,1,1,4,ap_lo;height;age;ap_hi
10,904,1,0,3,weight;age;ap_hi
10,905,0,0,3,height;ap_lo;age
10,906,0,0,4,weight;height;age;ap_hi
10,907,1,1,3,age;height;ap_hi
10,908,0,0,4,height;ap_hi;weight;ap_lo
10,909,1,1,3,age;ap_lo;height
10,910,0,0,3,ap_hi;age;weight
10,911,0,1,4,ap_hi;ap_lo;age;weight
10,912,1,0,4,ap_hi;weight;ap_lo;height
10,913,0,0,4,age;ap_lo;ap_hi;weight
10,914,1,1,4,height;ap_lo;weight;ap_hi
10,915,1,1,4,ap_lo;age;height;ap_hi
10,916,0,0,4,weight;ap_hi;ap_lo;age
10,917,0,0,4,height;age;ap_hi;weight
10,918,0,0,3,height;age;ap_hi
10,919,1,0,4,weight;height;ap_hi;ap_lo
10,920,1,1,3,ap_lo;weight;height
10,921,1,1,4,height;ap_lo;age;weight
10,922,0,1,4,age;ap_lo;height;ap_hi
10,923,0,1,4,ap_lo;height;age;ap_hi
10,924,1,1,3,age;ap_hi;height
10,925,1,0,4,weight;ap_hi;ap_lo;age
10,926,1,1,3,age;ap_hi;height
10,927,1,1,3,ap_lo;ap_hi;height
10,928,1,1,3,ap_lo;height;ap_hi
10,929,0,1,3,ap_lo;height;age
10,930,0,0,3,weight;ap_lo;height
10,931,1,1,3,height;weight;ap_lo
10,932,0,0,3,height;ap_lo;weight
10,933,1,1,4,ap_hi;age;ap_lo;height
10,934,1,1,4,ap_hi;age;weight;ap_lo
10,935,1,1,3,ap_lo;ap_hi;weight
10,936,0,0,3,weight;height;age
10,937,1,0,4,height;weight;age;ap_hi
10,938,1,1,4,ap_hi;weight;ap_lo;age
10,939,1,1,3,height;ap_lo;age
10,940,0,0,3,age;ap_lo;ap_hi
10,941,0,1,3,weight;height;ap_lo
10,942,0,0,4,ap_hi;age;ap_lo;height
10,943,0,0,3,age;ap_lo;ap_hi
10,944,1,1,4,ap_hi;height;weight;ap_lo
10,945,0,0,3,ap_lo;age;height
10,946,0,0,4,age;ap_hi;weight;height
10,947,0,0,4,weight;age;ap_hi;ap_lo
10,948,1,1,3,ap_hi;height;ap_lo
10,949,0,1,3,ap_lo;height;age
10,950,0,1,3,weight;ap_lo;ap_hi
10,951,0,1,3,height;weight;ap_lo
10,952,0,1,4,weight;ap_hi;age;height
10,953,1,0,3,ap_hi;ap_lo;weight
10,954,0,0,4,weight;age;height;ap_hi
10,955,0,1,4,height;ap_hi;ap_lo;age
10,956,1,1,4,ap_lo;height;ap_hi;age
10,957,0,0,4,age;ap_lo;height;ap_hi
10,958,0,0,4,age;ap_hi;ap_lo;weight
10,959,1,1,3,height;ap_lo;ap_hi
10,960,1,1,4,height;ap_lo;ap_hi;weight
10,961,0,0,3,ap_lo;age;ap_hi
10,962,0,0,4,weight;age;ap_lo;height
10,963,0,1,3,ap_hi;age;weight
10,964,1,1,3,ap_lo;ap_hi;age
10,965,1,1,3,height;weight;age
10,966,1,1,4,weight;ap_lo;age;height
10,967,1,1,3,height;ap_lo;age
10,968,1,0,3,weight;age;ap_lo
10,969,1,1,4,ap_lo;height;ap_hi;weight
10,970,0,0,4,height;age;ap_lo;weight
10,971,1,1,3,weight;ap_hi;height
10,972,1,0,3,weight;age;ap_lo
10,973,0,0,4,ap_hi;age;ap_lo;weight
10,974,1,1,4,weight;height;ap_lo;ap_hi
10,975,1,1,3,height;ap_lo;weight
10,976,1,1,4,ap_hi;age;height;ap_lo
10,977,0,1,4,ap_lo;weight;age;ap_hi
10,978,1,1,3,weight;height;ap_hi
10,979,0,1,4,ap_hi;age;weight;height
10,980,1,1,4,ap_hi;ap_lo;height;weight
10,981,0,0,3,age;weight;ap_hi
10,982,0,0,3,age;ap_lo;height
10,983,1,1,4,weight;height;ap_lo;age
10,984,1,0,3,height;weight;ap_hi
10,985,1,1,3,ap_lo;age;height
10,986,1,1,4,age;height;ap_hi;weight
10,987,1,0,4,age;weight;height;ap_hi
10,988,1,0,3,ap_lo;age;height
10,989,1,0,4,age;weight;ap_lo;ap_hi
10,990,1,0,4,height;ap_hi;age;ap_lo
10,991,0,0,4,ap_hi;height;age;ap_lo
10,992,1,1,4,age;height;ap_hi;ap_lo
10,993,0,0,3,age;ap_lo;weight
10,994,1,1,4,ap_lo;age;ap_hi;height
10,995,1,0,4,ap_lo;ap_hi;height;age
10,996,1,1,3,height;ap_hi;age
10,997,0,1,3,ap_lo;ap_hi;age
10,998,1,0,4,weight;ap_lo;age;ap_hi
10,999,1,1,3,ap_lo;age;height
11,0,0,1,4,age;height;ap_lo;weight
11,1,0,1,4,ap_lo;height;age;weight
11,2,0,0,3,weight;age;ap_lo
11,3,0,0,4,weight;age;ap_hi;height
11,4,1,0,4,height;ap_hi;ap_lo;weight
11,5,0,0,4,weight;ap_lo;height;ap_hi
11,6,0,1,4,height;ap_lo;age;ap_hi
11,7,0,0,3,age;ap_hi;ap_lo
11,8,0,1,4,weight;height;ap_hi;age
11,9,1,0,4,ap_hi;ap_lo;age;weight
11,10,0,1,4,ap_hi;height;weight;ap_lo
11,11,1,1,3,ap_hi;age;weight
11,12,0,1,3,ap_hi;height;age
11,13,0,0,3,weight;age;ap_hi
11,14,0,0,3,ap_lo;age;ap_hi
11,15,0,1,4,ap_lo;age;height;weight
11,16,1,1,4,age;height;ap_lo;weight
11,17,0,0,4,weight;age;height;ap_hi
11,18,0,0,3,ap_hi;weight;height
11,19,1,1,3,ap_lo;height;age
11,20,0,1,3,ap_lo;weight;age
11,21,1,1,3,age;ap_lo;weight
11,22,1,1,3,ap_lo;weight;height
11,23,0,1,3,weight;height;ap_lo
11,24,1,1,4,ap_lo;height;age;weight
11,25,1,1,3,height;ap_lo;age
11,26,1,1,4,weight;height;ap_lo;ap_hi
11,27,0,0,3,ap_hi;weight;ap_lo
11,28,0,0,4,height;ap_hi;weight;ap_lo
11,29,0,1,4,age;height;weight;ap_lo
11,30,1,0,3,age;ap_hi;height
11,31,1,1,4,height;age;weight;ap_lo
11,32,0,1,3,ap_lo;height;weight
11,33,1,1,3,ap_lo;weight;height
11,34,1,1,4,ap_lo;height;ap_hi;weight
11,35,1,1,3,age;ap_hi;weight
11,36,0,1,3,weight;height;age
11,37,0,1,3,ap_lo;weight;age
11,38,0,0,3,age;ap_hi;ap_lo
11,39,1,1,3,height;ap_lo;weight
11,40,1,1,3,ap_hi;height;weight
11,41,1,1,4,height;ap_lo;weight;age
11,42,1,1,3,ap_lo;ap_hi;height
11,43,0,1,3,ap_lo;age;ap_hi
11,44,1,1,3,weight;ap_lo;ap_hi
11,45,1,0,4,height;age;ap_lo;weight
11,46,0,0,4,age;ap_hi;height;weight
11,47,0,0,3,weight;ap_hi;ap_lo
11,48,1,1,3,height;age;ap_lo
11,49,0,0,3,height;ap_lo;age
11,50,0,0,4,height;weight;ap_hi;ap_lo
11,51,0,1,3,ap_lo;height;weight
11,52,1,0,3,ap_lo;weight;height
11,53,0,1,3,ap_hi;age;ap_lo
11,54,1,1,3,ap_hi;weight;height
11,55,1,0,3,ap_hi;ap_lo;age
11,56,0,0,3,weight;age;ap_lo
11,57,1,1,3,weight;ap_hi;age
11,58,1,1,4,height;weight;age;ap_lo
11,59,0,0,4,ap_hi;ap_lo;weight;age
11,60,1,1,3,ap_hi;age;ap_lo
11,61,1,1,4,age;height;ap_lo;ap_hi
11,62,0,0,3,height;ap_lo;age
11,63,1,1,3,ap_hi;height;age
11,64,0,1,4,height;weight;ap_lo;ap_hi
11,65,0,0,3,ap_lo;age;weight
11,66,0,1,4,ap_hi;age;ap_lo;height
11,67,0,0,3,weight;ap_hi;height
11,68,1,1,4,height;age;ap_hi;weight
11,69,0,1,4,weight;ap_hi;height;age
11,70,1,1,4,ap_lo;height;age;weight
11,71,1,1,3,ap_hi;weight;age
11,72,0,1,4,age;ap_lo;ap_hi;height
11,73,0,1,4,ap_hi;weight;ap_lo;height
11,74,1,1,3,ap_lo;age;height
11,75,1,1,4,height;age;ap_lo;weight
11,76,0,0,3,ap_lo;ap_hi;weight
11,77,1,0,4,age;weight;ap_hi;ap_lo
11,78,0,0,4,ap_lo;weight;height;age
11,79,1,1,3,age;ap_lo;height
11,80,0,0,3,ap_lo;weight;height
11,81,1,0,3,height;ap_hi;weight
11,82,1,1,3,height;age;ap_hi
11,83,1,1,3,ap_lo;age;ap_hi
11,84,1,1,4,weight;ap_hi;height;ap_lo
11,85,0,0,4,height;ap_hi;ap_lo;weight
11,86,0,1,4,height;weight;ap_hi;age
11,87,0,1,3,ap_hi;age;ap_lo
11,88,0,0,4,ap_hi;weight;ap_lo;height
11,89,1,1,4,weight;ap_hi;ap_lo;height
11,90,1,1,4,age;weight;ap_lo;height
11,91,1,0,4,age;ap_lo;ap_hi;height
11,92,0,0,4,weight;ap_hi;height;ap_lo
11,93,1,0,3,height;ap_lo;weight
11,94,0,0,3,ap_lo;ap_hi;weight
11,95,1,0,3,height;age;weight
11,96,0,1,3,ap_lo;ap_hi;weight
11,97,1,1,3,height;age;weight
11,98,1,1,3,weight;ap_lo;ap_hi
11,99,0,1,3,ap_hi;weight;age
11,100,0,0,4,age;ap_hi;height;weight
11,101,1,1,3,ap_lo;ap_hi;height
11,102,0,0,4,ap_hi;height;age;weight
11,103,1,0,4,weight;ap_hi;age;height
11,104,0,0,4,height;ap_hi;ap_lo;weight
11,105,0,0,4,age;weight;ap_hi;height
11,106,0,0,3,ap_hi;age;weight
11,107,0,0,3,weight;age;ap_lo
11,108,1,1,4,weight;height;age;ap_lo
11,109,0,0,3,ap_lo;ap_hi;age
11,110,0,1,3,age;ap_lo;height
11,111,0,0,3,height;age;ap_lo
11,112,0,1,4,age;height;weight;ap_lo
11,113,0,1,4,ap_lo;weight;age;height
11,114,1,1,3,weight;height;ap_lo
11,115,1,1,3,ap_lo;height;age
11,116,1,1,4,height;age;weight;ap_lo
11,117,0,1,3,weight;height;ap_hi
11,118,0,0,4,height;weight;age;ap_lo
11,119,1,1,3,weight;height;ap_lo
11,120,0,1,4,ap_hi;height;weight;age
11,121,1,1,3,weight;age;ap_hi
11,122,0,1,3,ap_lo;height;ap_hi
11,123,1,1,4,age;height;ap_hi;ap_lo
11,124,1,1,3,age;height;ap_hi
11,125,0,1,4,height;ap_hi;ap_lo;age
11,126,0,1,3,age;weight;height
11,127,1,1,3,weight;age;ap_lo
11,128,0,0,4,ap_hi;height;ap_lo;age
11,129,0,1,4,height;ap_lo;ap_hi;weight
11,130,0,0,4,age;ap_hi;weight;ap_lo
11,131,0,1,4,age;ap_hi;height;weight
11,132,1,1,4,age;ap_lo;ap_hi;height
11,133,0,1,3,height;ap_hi;weight
11,134,0,0,3,age;ap_hi;height
11,135,1,0,3,weight;ap_lo;height
11,136,1,1,4,ap_hi;height;ap_lo;age
11,137,1,1,4,weight;ap_hi;height;age
11,138,1,1,4,ap_lo;age;height;weight
11,139,1,0,4,weight;ap_lo;ap_hi;age
11,140,1,1,3,ap_hi;ap_lo;height
11,141,1,1,4,age;ap_lo;height;weight
11,142,0,1,4,ap_lo;age;ap_hi;weight
11,143,1,1,4,weight;age;ap_lo;height
11,144,0,0,4,age;ap_hi;weight;ap_lo
11,145,0,1,3,ap_lo;ap_hi;age
11,146,0,0,3,ap_lo;age;height
11,147,1,1,3,height;ap_hi;age
11,148,0,1,4,height;age;weight;ap_lo
11,149,1,1,3,ap_lo;weight;ap_hi
11,150,0,0,3,height;weight;ap_hi
11,151,1,1,3,age;height;ap_lo
11,152,0,0,4,age;height;weight;ap_hi
11,153,1,0,3,ap_hi;ap_lo;age
11,154,0,1,4,height;ap_lo;age;weight
11,155,1,0,3,height;age;ap_hi
11,156,1,1,4,ap_lo;age;ap_hi;height
11,157,0,1,4,weight;age;ap_hi;ap_lo
11,158,1,1,4,ap_lo;weight;age;height
11,159,0,0,4,age;height;ap_lo;ap_hi
11,160,0,1,3,weight;ap_hi;ap_lo
11,161,0,0,4,age;weight;ap_lo;ap_hi
11,162,0,1,4,ap_hi;height;ap_lo;age
11,163,0,1,3,age;weight;height
11,164,0,0,3,age;height;ap_hi
11,165,0,0,4,age;weight;height;ap_hi
11,166,1,1,4,weight;age;ap_lo;ap_hi
11,167,0,1,3,ap_lo;age;weight
11,168,1,1,4,height;weight;ap_hi;age
11,169,1,1,4,height;ap_lo;weight;ap_hi
11,170,1,1,3,ap_hi;weight;ap_lo
11,171,1,1,4,age;height;weight;ap_hi
11,172,1,1,3,ap_lo;age;ap_hi
11,173,0,0,4,age;height;weight;ap_hi
11,174,1,1,3,height;age;ap_lo
11,175,1,1,3,ap_hi;weight;height
11,176,1,1,4,age;weight;ap_lo;ap_hi
11,177,1,1,3,height;age;weight
11,178,0,1,4,ap_lo;ap_hi;height;weight
11,179,0,0,3,height;weight;ap_lo
11,180,1,1,3,height;ap_lo;ap_hi
11,181,0,1,3,weight;ap_hi;height
11,182,1,0,3,age;weight;ap_hi
11,183,0,0,3,weight;ap_lo;height
11,184,0,1,3,ap_hi;weight;ap_lo
11,185,1,1,4,age;height;ap_hi;weight
11,186,1,1,3,ap_hi;ap_lo;age
11,187,1,1,4,age;weight;ap_hi;height
11,188,0,1,4,height;age;ap_lo;ap_hi
11,189,0,1,3,ap_lo;age;weight
11,190,0,0,3,height;ap_hi;ap_lo
11,191,0,0,3,height;ap_hi;weight
11,192,0,1,3,age;height;ap_lo
11,193,1,1,3,ap_hi;ap_lo;weight
11,194,1,1,3,ap_lo;height;age
11,195,1,1,4,age;ap_hi;weight;ap_lo
11,196,1,0,3,age;weight;height
11,197,1,1,3,height;ap_lo;ap_hi
11,198,0,1,4,weight;ap_lo;ap_hi;height
11,199,1,1,3,height;weight;age
11,200,1,0,4,age;ap_lo;height;ap_hi
11,201,0,0,4,age;ap_hi;weight;ap_lo
11,202,0,0,4,weight;height;ap_hi;ap_lo
11,203,0,1,3,height;ap_lo;weight
11,204,0,0,3,weight;age;ap_lo
11,205,0,0,4,ap_lo;ap_hi;weight;age
11,206,1,1,4,height;age;ap_hi;ap_lo
11,207,0,1,4,weight;height;ap_lo;age
11,208,1,0,4,weight;ap_hi;ap_lo;height
11,209,0,1,3,age;height;weight
11,210,1,0,4,height;ap_lo;age;ap_hi
11,211,1,0,3,ap_hi;weight;age
11,212,0,0,4,ap_lo;weight;age;height
11,213,0,1,3,ap_hi;age;height
11,214,0,0,4,weight;ap_hi;age;ap_lo
11,215,1,1,4,weight;ap_hi;height;age
11,216,0,0,3,weight;height;age
11,217,1,1,4,ap_lo;height;ap_hi;weight
11,218,0,1,4,age;ap_lo;weight;height
11,219,0,0,4,ap_hi;ap_lo;weight;height
11,220,1,0,3,age;weight;ap_lo
11,221,0,1,3,ap_lo;age;weight
11,222,0,1,3,ap_hi;age;ap_lo
11,223,1,1,3,height;ap_lo;weight
11,224,0,0,3,height;ap_lo;ap_hi
11,225,1,0,3,ap_hi;weight;height
11,226,0,0,4,ap_lo;age;ap_hi;height
11,227,1,1,4,height;weight;ap_lo;age
11,228,0,0,4,weight;height;age;ap_lo
11,229,0,0,4,weight;age;ap_lo;ap_hi
11,230,1,1,3,ap_lo;ap_hi;height
11,231,0,1,3,ap_hi;age;ap_lo
11,232,1,0,3,height;ap_hi;ap_lo
11,233,0,1,4,weight;height;ap_hi;age
11,234,1,0,3,ap_lo;ap_hi;height
11,235,1,0,3,ap_lo;age;ap_hi
11,236,1,1,4,age;ap_lo;weight;ap_hi
11,237,0,1,4,age;height;weight;ap_lo
11,238,1,1,4,ap_lo;ap_hi;weight;height
11,239,1,1,3,weight;age;ap_lo
11,240,1,1,4,ap_hi;height;ap_lo;age
11,241,1,0,3,ap_lo;age;height
11,242,0,1,4,age;ap_hi;height;weight
11,243,0,0,4,ap_hi;height;age;ap_lo
11,244,1,1,3,ap_hi;age;weight
11,245,1,1,4,ap_lo;height;age;ap_hi
11,246,1,1,4,ap_hi;age;height;ap_lo
11,247,1,0,4,ap_hi;ap_lo;weight;height
11,248,1,1,3,weight;age;ap_hi
11,249,1,1,3,ap_lo;ap_hi;weight
11,250,1,1,4,ap_hi;height;age;ap_lo
11,251,0,0,3,height;ap_hi;ap_lo
11,252,0,0,4,ap_lo;weight;height;age
11,253,0,1,3,weight;ap_lo;ap_hi
11,254,1,0,4,weight;ap_hi;age;ap_lo
11,255,1,1,4,ap_lo;weight;height;age
11,256,0,1,4,ap_hi;height;age;weight
11,257,0,1,4,ap_hi;weight;height;ap_lo
11,258,0,0,3,ap_lo;weight;height
11,259,1,1,4,height;ap_lo;age;ap_hi
11,260,0,0,3,ap_lo;ap_hi;height
11,261,1,0,4,weight;ap_hi;age;height
11,262,1,1,3,weight;age;height
11,263,1,1,4,height;ap_lo;age;weight
11,264,1,1,3,ap_hi;ap_lo;height
11,265,0,1,4,age;ap_lo;height;weight
11,266,0,0,3,ap_lo;height;ap_hi
11,267,1,1,3,age;ap_hi;ap_lo
11,268,0,0,4,age;ap_hi;ap_lo;weight
11,269,1,1,4,age;ap_hi;weight;ap_lo
11,270,1,1,4,ap_lo;height;age;ap_hi
11,271,1,1,3,ap_lo;weight;age
11,272,0,1,4,weight;age;height;ap_hi
11,273,1,1,3,weight;ap_hi;ap_lo
11,274,0,1,4,height;age;weight;ap_lo
11,275,1,1,3,weight;age;ap_lo
11,276,1,1,4,ap_lo;height;weight;age
11,277,0,0,4,ap_lo;weight;ap_hi;age
11,278,1,1,3,height;weight;age
11,279,0,0,3,ap_hi;height;ap_lo
11,280,0,1,4,age;ap_lo;height;ap_hi
11,281,0,0,4,weight;ap_hi;age;ap_lo
11,282,1,1,3,height;age;ap_hi
11,283,1,0,3,ap_lo;height;ap_hi
11,284,1,1,3,weight;age;height
11,285,0,0,3,height;ap_hi;weight
11,286,1,1,3,ap_hi;ap_lo;height
11,287,1,1,4,age;weight;ap_lo;ap_hi
11,288,1,1,4,ap_hi;height;age;weight
11,289,0,0,3,height;ap_lo;age
11,290,0,1,4,height;ap_hi;ap_lo;age
11,291,0,0,3,age;ap_lo;ap_hi
11,292,0,0,4,weight;ap_hi;height;age
11,293,1,0,3,ap_hi;height;weight
11,294,1,0,4,age;ap_hi;ap_lo;height
11,295,1,1,4,age;weight;ap_lo;ap_hi
11,296,0,0,3,weight;height;ap_hi
11,297,1,0,4,ap_lo;height;weight;ap_hi
11,298,1,0,3,ap_lo;height;ap_hi
11,299,1,1,4,weight;age;ap_lo;ap_hi
11,300,0,0,4,ap_hi;age;height;weight
11,301,1,0,3,ap_hi;weight;age
11,302,1,1,4,ap_lo;weight;ap_hi;height
11,303,1,1,3,weight;height;age
11,304,0,1,3,age;weight;ap_lo
11,305,0,0,3,weight;age;ap_lo
11,306,1,0,3,ap_lo;age;ap_hi
11,307,0,0,3,weight;ap_lo;ap_hi
11,308,0,0,3,weight;age;height
11,309,0,0,3,weight;ap_hi;ap_lo
11,310,0,1,4,ap_hi;weight;height;age
11,311,0,0,3,ap_lo;weight;height
11,312,0,1,4,ap_lo;ap_hi;height;weight
11,313,0,1,3,height;ap_lo;ap_hi
11,314,1,1,4,ap_hi;height;age;weight
11,315,1,1,3,ap_hi;ap_lo;age
11,316,1,1,4,weight;height;ap_hi;age
11,317,1,1,4,ap_hi;height;ap_lo;age
11,318,0,0,4,age;weight;ap_hi;height
11,319,1,1,4,weight;ap_hi;height;age
11,320,1,1,4,ap_lo;age;height;weight
11,321,1,0,3,weight;ap_lo;ap_hi
11,322,1,1,3,ap_hi;ap_lo;height
11,323,0,0,4,ap_lo;height;ap_hi;age
11,324,0,0,4,age;ap_lo;ap_hi;height
11,325,0,1,4,weight;height;ap_hi;age
11,326,1,1,4,weight;ap_hi;ap_lo;age
11,327,1,0,4,ap_lo;height;age;weight
11,328,0,0,4,weight;ap_hi;height;ap_lo
11,329,1,1,4,age;ap_lo;weight;height
11,330,0,0,4,age;ap_lo;height;ap_hi
11,331,1,1,4,age;ap_lo;weight;height
11,332,0,0,3,age;ap_hi;weight
11,333,0,0,4,ap_lo;age;weight;height
11,334,1,1,3,weight;age;height
11,335,1,1,4,ap_lo;age;ap_hi;weight
11,336,0,0,3,weight;ap_hi;age
11,337,0,1,3,height;age;weight
11,338,0,1,3,weight;ap_hi;ap_lo
11,339,0,1,4,ap_lo;height;age;weight
11,340,1,1,3,ap_hi;weight;height
11,341,1,1,4,weight;age;ap_lo;height
11,342,1,1,4,age;ap_hi;height;ap_lo
11,343,1,0,3,ap_lo;ap_hi;age
11,344,1,1,4,ap_hi;age;ap_lo;weight
11,345,1,1,4,ap_lo;age;ap_hi;height
11,346,0,0,4,ap_hi;ap_lo;weight;height
11,347,0,1,3,weight;ap_lo;age
11,348,1,1,3,ap_lo;weight;ap_hi
11,349,0,0,4,age;height;ap_hi;ap_lo
11,350,1,1,3,ap_hi;ap_lo;weight
11,351,1,1,3,ap_lo;height;ap_hi
11,352,0,0,4,weight;age;ap_lo;ap_hi
11,353,1,1,3,height;weight;age
11,354,1,0,4,ap_lo;ap_hi;weight;age
11,355,1,1,4,age;weight;ap_lo;height
11,356,1,1,3,ap_lo;ap_hi;height
11,357,1,1,4,ap_lo;height;age;ap_hi
11,358,1,1,3,ap_hi;ap_lo;age
11,359,1,1,4,ap_hi;age;height;weight
11,360,1,1,4,height;ap_lo;weight;ap_hi
11,361,0,0,4,weight;ap_hi;height;age
11,362,1,1,3,weight;ap_lo;ap_hi
11,363,1,1,3,height;ap_lo;weight
11,364,1,1,3,weight;ap_hi;height
11,365,1,1,4,height;weight;age;ap_lo
11,366,0,1,4,height;weight;ap_lo;ap_hi
11,367,1,1,3,ap_lo;weight;age
11,368,1,1,4,weight;ap_lo;ap_hi;height
11,369,0,1,4,ap_lo;age;height;ap_hi
11,370,1,1,4,age;ap_hi;weight;ap_lo
11,371,0,1,4,age;ap_hi;height;weight
11,372,1,1,3,height;age;ap_hi
11,373,1,0,4,age;ap_lo;ap_hi;weight
11,374,1,1,3,age;weight;height
11,375,0,1,3,ap_hi;age;ap_lo
11,376,1,0,3,height;age;ap_lo
11,377,1,0,3,ap_lo;age;height
11,378,0,1,3,ap_lo;height;age
11,379,0,1,4,weight;ap_hi;age;ap_lo
11,380,1,0,3,ap_hi;age;ap_lo
11,381,1,1,3,age;ap_hi;ap_lo
11,382,0,1,4,ap_hi;weight;ap_lo;height
11,383,1,1,4,ap_hi;age;ap_lo;height
11,384,1,1,4,ap_hi;weight;ap_lo;height
11,385,0,0,3,ap_hi;weight;age
11,386,0,1,3,height;ap_lo;ap_hi
11,387,1,1,4,height;ap_lo;ap_hi;age
11,388,0,0,3,ap_hi;weight;ap_lo
11,389,0,0,3,ap_hi;ap_lo;height
11,390,1,1,3,height;age;ap_hi
11,391,1,1,3,ap_lo;ap_hi;height
11,392,0,0,3,age;ap_lo;weight
11,393,1,1,4,weight;ap_lo;age;ap_hi
11,394,0,0,3,ap_hi;ap_lo;weight
11,395,1,1,4,height;age;weight;ap_lo
11,396,1,1,4,weight;age;height;ap_lo
11,397,1,1,4,weight;height;ap_hi;ap_lo
11,398,0,1,4,height;age;ap_lo;weight
11,399,0,1,4,age;weight;height;ap_lo
11,400,1,0,3,ap_lo;age;height
11,401,1,1,4,height;ap_lo;age;ap_hi
11,402,0,0,3,age;ap_hi;ap_lo
11,403,0,1,3,ap_lo;ap_hi;age
11,404,0,1,3,ap_hi;height;ap_lo
11,405,0,0,4,height;ap_lo;age;weight
11,406,0,1,4,weight;ap_lo;height;ap_hi
11,407,1,0,3,ap_hi;weight;age
11,408,1,1,4,age;height;ap_hi;ap_lo
11,409,0,1,4,ap_lo;height;age;weight
11,410,0,0,3,ap_lo;ap_hi;height
11,411,0,0,3,ap_hi;weight;height
11,412,0,0,3,ap_hi;age;ap_lo
11,413,1,1,4,age;height;ap_lo;ap_hi
11,414,0,0,3,ap_lo;age;height
11,415,0,0,3,height;weight;ap_hi
11,416,0,0,3,weight;ap_lo;height
11,417,0,1,4,ap_lo;weight;height;age
11,418,0,0,4,weight;age;ap_hi;height
11,419,1,1,4,ap_lo;ap_hi;age;height
11,420,1,0,4,ap_lo;weight;age;height
11,421,0,0,4,ap_lo;weight;height;ap_hi
11,422,1,1,4,ap_hi;weight;ap_lo;height
11,423,0,0,4,weight;height;ap_hi;ap_lo
11,424,1,1,4,height;age;ap_lo;ap_hi
11,425,1,1,4,ap_lo;weight;age;height
11,426,1,1,3,weight;ap_hi;age
11,427,1,1,3,ap_hi;age;weight
11,428,0,1,3,height;age;weight
11,429,1,1,4,height;age;weight;ap_hi
11,430,1,0,3,height;ap_hi;ap_lo
11,431,1,1,3,height;weight;ap_hi
11,432,1,1,3,age;ap_lo;ap_hi
11,433,1,1,4,weight;age;ap_lo;ap_hi
11,434,1,1,4,height;age;ap_lo;weight
11,435,1,0,4,height;weight;ap_lo;ap_hi
11,436,1,1,4,weight;age;ap_lo;height
11,437,1,1,4,weight;ap_hi;height;age
11,438,0,1,3,age;ap_lo;height
11,439,0,1,4,ap_lo;height;ap_hi;age
11,440,1,0,3,height;ap_lo;ap_hi
11,441,0,0,3,age;ap_lo;height
11,442,0,0,4,age;weight;height;ap_hi
11,443,0,0,3,weight;age;height
11,444,0,0,3,ap_hi;weight;age
11,445,0,1,4,age;ap_hi;weight;ap_lo
11,446,0,1,4,age;weight;ap_hi;height
11,447,1,1,3,ap_hi;height;weight
11,448,0,1,4,ap_lo;ap_hi;weight;age
11,449,0,0,3,ap_lo;age;weight
11,450,0,1,3,ap_lo;ap_hi;age
11,451,0,1,3,weight;ap_hi;ap_lo
11,452,1,1,3,ap_lo;height;age
11,453,1,0,3,age;height;weight
11,454,1,0,3,weight;ap_hi;ap_lo
11,455,0,1,4,ap_hi;age;ap_lo;weight
11,456,0,1,4,age;ap_lo;ap_hi;height
11,457,0,0,3,ap_hi;age;height
11,458,1,1,4,ap_lo;age;weight;ap_hi
11,459,1,1,3,ap_lo;height;weight
11,460,1,1,3,age;weight;ap_hi
11,461,1,1,3,weight;ap_hi;ap_lo
11,462,0,0,4,age;weight;height;ap_hi
11,463,0,0,3,age;ap_hi;ap_lo
11,464,1,1,3,ap_lo;height;ap_hi
11,465,1,1,3,ap_lo;weight;age
11,466,1,1,4,age;ap_lo;height;weight
11,467,1,1,3,ap_hi;weight;ap_lo
11,468,0,1,4,ap_hi;ap_lo;weight;height
11,469,1,1,4,weight;ap_lo;age;height
11,470,1,1,4,ap_lo;ap_hi;weight;height
11,471,1,0,4,height;age;ap_hi;ap_lo
11,472,0,0,4,ap_lo;weight;ap_hi;age
11,473,1,1,3,height;ap_hi;ap_lo
11,474,1,1,4,height;weight;ap_hi;age
11,475,0,1,3,weight;ap_lo;age
11,476,0,1,3,ap_hi;height;age
11,477,0,1,3,age;ap_hi;height
11,478,0,0,4,ap_lo;age;height;weight
11,479,0,0,4,height;ap_lo;weight;ap_hi
11,480,0,1,3,ap_lo;age;ap_hi
11,481,1,1,4,weight;age;ap_hi;height
11,482,1,1,4,ap_lo;height;weight;age
11,483,1,1,3,weight;height;ap_hi
11,484,0,1,3,weight;age;height
11,485,1,1,4,height;age;weight;ap_lo
11,486,1,1,3,weight;height;ap_lo
11,487,1,1,4,ap_lo;height;ap_hi;age
11,488,1,1,3,ap_hi;weight;ap_lo
11,489,1,0,3,weight;ap_lo;ap_hi
11,490,0,1,3,age;ap_hi;ap_lo
11,491,0,0,3,weight;height;age
11,492,0,0,3,ap_lo;height;ap_hi
11,493,1,1,3,ap_lo;ap_hi;height
11,494,1,1,3,age;ap_lo;height
11,495,1,1,4,age;height;ap_lo;weight
11,496,1,1,4,ap_lo;weight;height;age
11,497,1,1,4,age;ap_lo;height;ap_hi
11,498,0,0,4,weight;age;ap_hi;ap_lo
11,499,0,0,4,ap_hi;weight;ap_lo;height
11,500,0,0,4,weight;ap_lo;height;age
11,501,1,1,3,age;ap_lo;weight
11,502,1,1,3,age;ap_hi;height
11,503,0,1,3,weight;ap_lo;ap_hi
11,504,0,0,3,weight;age;ap_hi
11,505,0,0,3,weight;age;ap_hi
11,506,0,0,3,ap_lo;weight;age
11,507,1,1,3,weight;height;ap_hi
11,508,0,0,3,age;height;ap_hi
11,509,0,0,3,ap_hi;height;age
11,510,1,1,3,height;ap_lo;weight
11,511,0,0,4,ap_lo;weight;height;age
11,512,1,1,4,ap_lo;age;ap_hi;weight
11,513,1,0,4,age;ap_lo;height;ap_hi
11,514,1,1,4,ap_hi;ap_lo;height;age
11,515,0,0,3,height;ap_hi;age
11,516,1,1,3,height;ap_hi;age
11,517,1,1,4,weight;ap_lo;age;height
11,518,0,0,3,ap_lo;ap_hi;weight
11,519,1,1,3,ap_lo;weight;age
11,520,1,1,4,ap_lo;height;age;ap_hi
11,521,0,1,3,height;age;ap_lo
11,522,0,1,4,height;ap_lo;age;ap_hi
11,523,1,1,4,ap_lo;ap_hi;weight;age
11,524,1,0,4,weight;ap_lo;height;ap_hi
11,525,0,1,3,age;weight;ap_lo
11,526,0,1,4,ap_lo;age;weight;height
11,527,1,1,4,ap_hi;ap_lo;weight;age
11,528,0,1,4,height;ap_hi;age;weight
11,529,1,1,3,age;ap_lo;ap_hi
11,530,0,1,3,weight;ap_lo;ap_hi
11,531,1,0,3,height;weight;age
11,532,0,0,3,height;weight;ap_hi
11,533,1,1,4,height;age;ap_hi;weight
11,534,0,0,3,ap_hi;age;weight
11,535,1,1,4,ap_lo;age;ap_hi;height
11,536,1,1,3,age;ap_hi;height
11,537,1,1,3,height;age;ap_lo
11,538,0,1,3,height;ap_hi;age
11,539,1,0,4,age;weight;ap_hi;ap_lo
11,540,1,0,4,ap_hi;height;weight;ap_lo
11,541,1,0,4,weight;ap_hi;ap_lo;height
11,542,1,1,3,ap_hi;age;ap_lo
11,543,1,1,3,age;height;ap_hi
11,544,1,1,3,height;weight;ap_lo
11,545,0,1,3,ap_hi;ap_lo;weight
11,546,0,0,4,weight;ap_lo;age;ap_hi
11,547,0,0,4,height;ap_hi;ap_lo;weight
11,548,0,0,3,age;weight;ap_hi
11,549,1,1,4,ap_lo;age;ap_hi;height
11,550,1,1,4,height;weight;ap_lo;age
11,551,1,1,4,ap_lo;age;height;weight
11,552,0,1,3,height;age;weight
11,553,1,1,4,height;weight;ap_lo;age
11,554,0,1,3,weight;age;ap_hi
11,555,0,1,4,weight;ap_lo;age;height
11,556,1,1,3,ap_lo;weight;age
11,557,1,1,4,ap_hi;weight;height;age
11,558,1,1,3,ap_lo;age;weight
11,559,1,1,4,weight;ap_lo;age;ap_hi
11,560,1,1,3,ap_lo;height;ap_hi
11,561,0,1,3,age;ap_lo;weight
11,562,0,0,4,age;weight;ap_lo;ap_hi
11,563,0,1,4,ap_lo;weight;height;age
11,564,1,1,3,ap_hi;age;ap_lo
11,565,1,1,4,ap_hi;weight;ap_lo;age
11,566,0,1,4,age;ap_hi;weight;ap_lo
11,567,1,0,3,weight;ap_lo;ap_hi
11,568,1,1,4,age;weight;ap_hi;height
11,569,0,1,4,age;ap_hi;ap_lo;weight
11,570,1,1,4,ap_lo;age;height;ap_hi
11,571,1,1,3,ap_lo;height;age
11,572,0,1,4,ap_lo;weight;age;ap_hi
11,573,1,1,4,ap_hi;age;ap_lo;weight
11,574,1,1,4,ap_lo;age;weight;height
11,575,0,1,4,age;weight;ap_lo;height
11,576,1,0,3,ap_lo;age;weight
11,577,1,1,3,ap_lo;ap_hi;height
11,578,1,0,3,age;height;ap_hi
11,579,0,0,3,age;ap_lo;ap_hi
11,580,1,1,3,age;height;weight
11,581,1,1,3,age;weight;height
11,582,0,0,4,ap_hi;weight;age;height
11,583,0,0,3,ap_hi;ap_lo;weight
11,584,0,0,4,ap_hi;height;age;weight
11,585,1,1,4,age;ap_hi;ap_lo;weight
11,586,0,0,4,age;ap_lo;weight;height
11,587,0,1,3,weight;ap_hi;age
11,588,1,1,3,age;ap_hi;weight
11,589,1,1,4,weight;age;ap_lo;height
11,590,1,1,3,age;height;ap_hi
11,591,0,1,4,ap_hi;height;ap_lo;weight
11,592,0,0,4,ap_lo;age;height;weight
11,593,0,1,4,ap_lo;age;ap_hi;height
11,594,0,0,3,ap_hi;height;weight
11,595,1,1,3,ap_lo;weight;ap_hi
11,596,1,1,4,age;height;ap_hi;weight
11,597,0,0,4,age;height;ap_hi;ap_lo
11,598,0,1,3,height;ap_lo;age
11,599,0,1,4,ap_hi;height;age;weight
11,600,1,0,3,ap_hi;weight;age
11,601,1,1,4,weight;ap_hi;ap_lo;height
11,602,1,1,3,weight;ap_hi;age
11,603,1,1,3,ap_hi;height;age
11,604,0,0,4,ap_lo;ap_hi;weight;height
11,605,0,0,3,age;height;ap_hi
11,606,1,1,3,weight;ap_lo;ap_hi
11,607,1,1,4,ap_lo;weight;ap_hi;age
11,608,0,1,3,height;age;ap_hi
11,609,0,1,4,ap_hi;age;height;ap_lo
11,610,1,1,3,height;ap_lo;age
11,611,1,1,3,ap_hi;weight;ap_lo
11,612,0,0,4,age;height;weight;ap_hi
11,613,0,1,3,height;age;ap_hi
11,614,0,0,3,age;ap_hi;height
11,615,0,0,4,ap_hi;ap_lo;height;age
11,616,0,1,4,height;ap_lo;age;weight
11,617,0,1,4,ap_hi;age;height;ap_lo
11,618,0,1,4,age;height;ap_lo;weight
11,619,1,1,3,height;weight;ap_hi
11,620,0,1,4,ap_hi;weight;height;age
11,621,1,1,3,ap_hi;weight;age
11,622,0,1,4,ap_hi;age;weight;height
11,623,1,1,4,ap_hi;ap_lo;age;weight
11,624,1,1,3,age;weight;height
11,625,0,0,3,height;ap_hi;age
11,626,1,1,4,ap_hi;height;age;ap_lo
11,627,0,1,3,age;weight;ap_lo
11,628,0,0,4,weight;height;age;ap_hi
11,629,0,1,3,height;ap_lo;ap_hi
11,630,0,1,3,ap_lo;ap_hi;weight
11,631,1,0,3,age;ap_hi;ap_lo
11,632,1,1,3,weight;ap_lo;height
11,633,0,0,4,age;weight;height;ap_lo
11,634,0,0,4,age;ap_lo;ap_hi;height
11,635,1,1,3,ap_hi;age;height
11,636,1,1,4,weight;age;ap_lo;height
11,637,0,0,3,ap_hi;height;age
11,638,1,1,3,height;ap_lo;ap_hi
11,639,0,0,4,height;ap_lo;age;ap_hi
11,640,1,1,3,age;weight;ap_hi
11,641,1,0,4,ap_lo;ap_hi;height;age
11,642,1,1,3,age;ap_hi;ap_lo
11,643,0,0,4,height;weight;ap_hi;ap_lo
11,644,1,0,4,height;ap_hi;age;weight
11,645,1,1,3,age;ap_hi;height
11,646,0,0,3,ap_hi;weight;ap_lo
11,647,0,1,4,age;height;weight;ap_lo
11,648,0,1,4,weight;ap_lo;age;ap_hi
11,649,0,0,4,ap_hi;height;ap_lo;age
11,650,1,1,4,height;age;ap_lo;weight
11,651,0,0,4,weight;ap_hi;age;ap_lo
11,652,0,0,3,age;ap_hi;weight
11,653,0,1,4,ap_hi;ap_lo;age;weight
11,654,0,0,4,weight;age;height;ap_hi
11,655,0,1,3,ap_hi;age;ap_lo
11,656,0,1,3,ap_lo;weight;age
11,657,0,1,4,height;ap_hi;age;ap_lo
11,658,1,1,3,weight;age;ap_lo
11,659,0,0,4,ap_hi;weight;height;age
11,660,1,1,4,weight;height;ap_lo;age
11,661,0,0,3,weight;age;height
11,662,0,1,3,height;weight;age
11,663,0,0,4,age;weight;height;ap_hi
11,664,1,0,3,age;weight;ap_hi
11,665,1,1,4,ap_lo;height;ap_hi;weight
11,666,0,1,3,age;height;ap_hi
11,667,1,0,3,ap_lo;ap_hi;height
11,668,1,1,3,weight;ap_hi;ap_lo
11,669,1,1,4,ap_lo;weight;ap_hi;age
11,670,0,1,3,height;age;ap_hi
11,671,0,1,3,ap_lo;age;height
11,672,0,0,3,ap_lo;age;weight
11,673,0,0,3,age;ap_hi;weight
11,674,1,1,3,ap_lo;weight;age
11,675,1,1,3,ap_hi;weight;age
11,676,1,1,4,ap_lo;ap_hi;weight;age
11,677,1,1,3,age;height;ap_hi
11,678,0,0,4,height;ap_lo;ap_hi;weight
11,679,1,0,4,ap_lo;weight;height;age
11,680,0,1,3,height;weight;age
11,681,0,0,3,weight;ap_hi;age
11,682,0,0,4,ap_hi;height;ap_lo;weight
11,683,1,1,3,ap_lo;height;weight
11,684,0,1,4,ap_lo;weight;ap_hi;height
11,685,1,1,4,weight;height;ap_lo;age
11,686,1,1,3,ap_lo;ap_hi;height
11,687,0,0,3,height;age;ap_lo
11,688,1,0,3,weight;height;ap_lo
11,689,1,1,3,height;ap_hi;age
11,690,0,0,4,ap_lo;weight;ap_hi;age
11,691,0,0,3,ap_lo;height;ap_hi
11,692,0,1,4,ap_hi;weight;age;ap_lo
11,693,0,1,3,height;ap_hi;weight
11,694,0,0,4,weight;height;age;ap_hi
11,695,1,1,4,ap_hi;ap_lo;height;weight
11,696,0,1,4,weight;ap_lo;height;age
11,697,1,1,3,age;height;ap_hi
11,698,1,0,3,age;weight;ap_lo
11,699,1,1,4,age;ap_lo;height;ap_hi
11,700,0,0,3,weight;height;ap_lo
11,701,0,1,3,age;height;weight
11,702,0,0,3,height;age;ap_lo
11,703,0,0,3,ap_lo;age;ap_hi
11,704,0,1,3,ap_hi;height;ap_lo
11,705,1,0,3,age;ap_hi;ap_lo
11,706,1,0,4,age;ap_hi;height;weight
11,707,1,1,4,height;ap_hi;weight;ap_lo
11,708,0,0,4,ap_hi;height;weight;ap_lo
11,709,0,0,3,ap_lo;ap_hi;height
11,710,0,1,4,ap_hi;ap_lo;weight;height
11,711,0,0,3,ap_lo;age;height
11,712,1,1,4,ap_hi;ap_lo;age;weight
11,713,1,1,3,ap_hi;height;ap_lo
11,714,1,1,4,ap_lo;age;weight;ap_hi
11,715,1,0,4,height;age;ap_hi;ap_lo
11,716,1,1,4,height;ap_hi;weight;age
11,717,0,0,3,height;weight;ap_hi
11,718,0,1,4,weight;height;ap_lo;age
11,719,1,0,4,height;weight;ap_lo;ap_hi
11,720,0,0,3,height;ap_lo;weight
11,721,1,1,3,weight;age;ap_hi
11,722,0,1,3,age;ap_lo;weight
11,723,1,1,3,age;height;ap_hi
11,724,1,1,3,age;ap_lo;ap_hi
11,725,1,1,4,age;height;ap_hi;ap_lo
11,726,1,1,3,ap_lo;age;height
11,727,1,1,4,weight;age;ap_lo;ap_hi
11,728,1,1,4,ap_lo;weight;age;ap_hi
11,729,1,0,4,ap_lo;ap_hi;height;age
11,730,1,1,4,age;height;ap_lo;weight
11,731,1,1,4,ap_lo;age;weight;ap_hi
11,732,0,1,4,age;weight;height;ap_lo
11,733,0,0,4,height;age;ap_hi;weight
11,734,0,0,4,ap_lo;age;weight;ap_hi
11,735,0,0,3,ap_hi;height;ap_lo
11,736,0,0,3,ap_lo;height;age
11,737,1,1,4,height;age;ap_hi;ap_lo
11,738,0,1,4,height;weight;ap_hi;age
11,739,1,1,3,ap_hi;age;weight
11,740,0,0,4,ap_lo;weight;age;ap_hi
11,741,0,1,3,ap_lo;age;height
11,742,0,0,4,ap_hi;weight;ap_lo;height
11,743,0,0,4,ap_lo;height;ap_hi;weight
11,744,1,0,4,age;ap_hi;ap_lo;weight
11,745,0,0,3,height;age;ap_hi
11,746,0,0,4,ap_hi;age;ap_lo;height
11,747,0,0,3,height;ap_lo;age
11,748,0,0,3,ap_lo;age;weight
11,749,0,0,4,weight;age;height;ap_hi
11,750,0,1,3,age;weight;height
11,751,0,0,3,height;ap_hi;age
11,752,0,1,4,weight;ap_lo;ap_hi;age
11,753,1,0,4,ap_hi;height;ap_lo;age
11,754,0,1,4,height;ap_hi;age;weight
11,755,0,0,3,weight;age;ap_hi
11,756,1,0,3,ap_lo;ap_hi;weight
11,757,0,0,4,weight;age;ap_lo;ap_hi
11,758,1,0,3,ap_hi;ap_lo;height
11,759,1,1,3,ap_hi;weight;age
11,760,1,0,4,height;ap_lo;ap_hi;age
11,761,0,1,4,age;weight;ap_hi;ap_lo
11,762,1,1,4,weight;ap_hi;ap_lo;age
11,763,0,1,4,weight;ap_hi;age;height
11,764,0,0,4,ap_hi;height;age;weight
11,765,0,0,4,weight;age;ap_hi;ap_lo
11,766,1,1,3,age;height;ap_hi
11,767,0,1,4,ap_hi;age;height;weight
11,768,0,1,4,age;weight;ap_hi;ap_lo
11,769,1,0,3,ap_hi;weight;ap_lo
11,770,0,0,3,ap_lo;ap_hi;height
11,771,0,0,3,age;ap_hi;ap_lo
11,772,1,1,4,height;age;ap_hi;ap_lo
11,773,0,0,4,age;ap_hi;height;weight
11,774,1,1,4,ap_hi;age;weight;ap_lo
11,775,0,0,3,age;height;ap_lo
11,776,0,0,4,ap_lo;height;weight;ap_hi
11,777,1,1,4,age;ap_lo;height;weight
11,778,1,0,4,age;weight;ap_hi;ap_lo
11,779,0,1,3,ap_hi;height;age
11,780,0,1,4,ap_hi;weight;height;ap_lo
11,781,0,1,3,height;weight;age
11,782,1,1,3,age;ap_lo;ap_hi
11,783,1,1,3,age;height;weight
11,784,1,1,4,weight;ap_hi;height;ap_lo
11,785,1,1,3,ap_lo;ap_hi;weight
11,786,0,0,4,weight;age;height;ap_hi
11,787,0,1,4,weight;height;ap_hi;age
11,788,1,1,3,ap_hi;ap_lo;weight
11,789,1,1,3,ap_hi;age;height
11,790,0,1,3,height;ap_hi;ap_lo
11,791,0,0,4,age;weight;ap_hi;height
11,792,0,1,3,height;weight;age
11,793,0,1,3,age;ap_hi;height
11,794,0,0,3,age;ap_lo;ap_hi
11,795,0,1,3,height;age;ap_hi
11,796,0,1,4,weight;ap_hi;ap_lo;age
11,797,0,1,3,age;ap_hi;height
11,798,0,0,4,height;age;weight;ap_hi
11,799,0,0,3,ap_lo;age;height
11,800,0,1,3,age;ap_lo;height
11,801,0,0,3,ap_lo;weight;ap_hi
11,802,0,0,3,weight;ap_lo;age
11,803,0,1,4,ap_lo;ap_hi;weight;height
11,804,1,1,3,age;height;ap_hi
11,805,1,1,3,age;weight;ap_hi
11,806,0,1,4,ap_hi;height;weight;ap_lo
11,807,1,1,4,ap_lo;height;weight;ap_hi
11,808,0,1,3,age;ap_lo;height
11,809,1,0,4,ap_hi;age;weight;height
11,810,0,0,3,height;weight;ap_hi
11,811,1,1,3,ap_hi;age;ap_lo
11,812,0,1,3,ap_lo;height;weight
11,813,0,0,4,ap_lo;ap_hi;age;weight
11,814,0,0,3,height;weight;ap_hi
11,815,0,0,3,ap_lo;age;ap_hi
11,816,0,0,4,height;ap_hi;ap_lo;age
11,817,0,0,3,weight;ap_hi;height
11,818,1,1,4,ap_hi;age;weight;height
11,819,0,0,4,ap_lo;ap_hi;height;weight
11,820,1,0,4,ap_lo;age;ap_hi;height
11,821,0,0,3,ap_hi;height;ap_lo
11,822,0,1,3,age;height;weight
11,823,0,0,3,ap_lo;age;ap_hi
11,824,1,1,3,ap_lo;height;ap_hi
11,825,0,1,4,ap_lo;ap_hi;height;age
11,826,0,1,4,ap_lo;weight;height;ap_hi
11,827,1,0,4,ap_hi;ap_lo;weight;height
11,828,1,1,4,age;ap_lo;height;ap_hi
11,829,0,1,4,ap_hi;ap_lo;age;weight
11,830,1,1,4,age;height;weight;ap_hi
11,831,0,0,4,ap_hi;ap_lo;age;height
11,832,0,1,3,ap_lo;ap_hi;age
11,833,1,1,3,age;height;weight
11,834,1,1,4,age;weight;ap_hi;height
11,835,0,0,4,age;weight;height;ap_hi
11,836,0,1,4,ap_lo;height;weight;ap_hi
11,837,0,0,3,age;ap_lo;height
11,838,0,1,3,height;ap_lo;weight
11,839,0,0,4,ap_lo;weight;ap_hi;height
11,840,0,0,4,ap_lo;height;age;weight
11,841,0,1,4,height;age;ap_hi;weight
11,842,0,1,3,ap_lo;ap_hi;height
11,843,1,1,4,age;ap_lo;height;weight
11,844,0,1,4,weight;height;ap_hi;age
11,845,0,1,4,ap_lo;weight;ap_hi;height
11,846,0,0,3,height;weight;ap_hi
11,847,1,1,3,ap_lo;weight;age
11,848,0,0,4,weight;ap_lo;height;ap_hi
11,849,1,1,3,weight;age;ap_lo
11,850,1,0,3,age;ap_lo;height
11,851,0,0,3,weight;ap_hi;ap_lo
11,852,0,0,4,ap_hi;height;age;ap_lo
11,853,1,0,3,height;ap_lo;ap_hi
11,854,1,1,3,age;height;weight
11,855,1,1,3,ap_lo;height;age
11,856,0,0,4,ap_hi;height;weight;age
11,857,1,1,4,age;weight;height;ap_hi
11,858,1,0,4,weight;ap_lo;age;ap_hi
11,859,0,1,3,ap_lo;weight;age
11,860,1,1,4,age;height;ap_lo;ap_hi
11,861,1,1,3,age;weight;height
11,862,1,1,3,weight;ap_lo;height
11,863,0,0,4,height;weight;ap_lo;ap_hi
11,864,1,1,4,age;height;ap_hi;weight
11,865,0,0,3,ap_hi;weight;height
11,866,1,1,3,weight;height;ap_hi
11,867,1,1,3,age;weight;height
11,868,1,1,3,height;age;ap_hi
11,869,1,1,4,weight;ap_lo;ap_hi;height
11,870,0,0,4,age;ap_lo;ap_hi;weight
11,871,1,1,3,ap_lo;weight;height
11,872,0,0,4,weight;age;ap_hi;ap_lo
11,873,0,0,3,height;age;ap_hi
11,874,0,0,3,ap_lo;age;weight
11,875,0,0,4,weight;ap_hi;ap_lo;age
11,876,1,1,4,height;age;weight;ap_hi
11,877,0,1,4,ap_lo;weight;age;height
11,878,1,1,4,weight;age;ap_lo;ap_hi
11,879,1,1,3,ap_hi;height;weight
11,880,1,1,3,ap_lo;weight;ap_hi
11,881,1,1,4,age;height;ap_lo;ap_hi
11,882,1,1,4,ap_hi;age;weight;height
11,883,1,1,3,height;age;ap_lo
11,884,0,0,3,ap_lo;height;ap_hi
11,885,1,1,3,age;weight;ap_hi
11,886,0,1,3,age;weight;height
11,887,1,1,4,ap_hi;weight;ap_lo;height
11,888,0,1,3,age;ap_hi;weight
11,889,1,1,4,ap_lo;age;height;ap_hi
11,890,0,0,3,ap_lo;ap_hi;weight
11,891,0,1,4,height;weight;age;ap_hi
11,892,0,1,3,weight;height;ap_hi
11,893,1,0,3,ap_lo;weight;age
11,894,0,1,4,ap_hi;age;weight;ap_lo
11,895,1,1,4,ap_lo;weight;ap_hi;age
11,896,0,1,4,ap_hi;ap_lo;age;height
11,897,1,0,3,ap_lo;weight;age
11,898,1,1,4,age;ap_hi;ap_lo;height
11,899,0,0,4,ap_lo;height;ap_hi;age
11,900,0,1,3,age;ap_lo;weight
11,901,0,0,3,weight;age;ap_hi
11,902,1,1,4,height;ap_lo;ap_hi;weight
11,903,1,1,3,height;weight;ap_lo
11,904,1,1,4,height;ap_hi;ap_lo;age
11,905,0,0,4,height;ap_lo;weight;ap_hi
11,906,0,0,4,ap_lo;weight;age;ap_hi
11,907,1,1,4,ap_lo;ap_hi;age;weight
11,908,0,0,3,ap_lo;ap_hi;height
11,909,1,1,4,ap_lo;height;ap_hi;age
11,910,0,1,4,weight;height;age;ap_lo
11,911,0,1,3,ap_lo;ap_hi;weight
11,912,1,0,3,height;weight;ap_hi
11,913,0,0,4,weight;height;ap_hi;age
11,914,1,1,4,ap_hi;age;weight;height
11,915,1,1,3,age;weight;height
11,916,0,0,4,ap_lo;ap_hi;weight;age
11,917,0,0,4,height;age;ap_hi;weight
11,918,0,1,3,weight;ap_hi;ap_lo
11,919,1,0,3,ap_hi;age;height
11,920,1,1,4,ap_lo;ap_hi;age;weight
11,921,1,1,4,height;ap_lo;ap_hi;age
11,922,0,1,3,weight;ap_lo;height
11,923,0,1,3,ap_lo;height;age
11,924,1,1,4,height;age;weight;ap_hi
11,925,1,0,4,age;ap_hi;weight;height
11,926,1,1,4,ap_lo;ap_hi;age;height
11,927,1,1,4,height;ap_lo;ap_hi;age
11,928,1,1,3,age;ap_lo;ap_hi
11,929,0,0,4,ap_lo;height;weight;ap_hi
11,930,0,0,3,age;ap_lo;weight
11,931,1,0,4,ap_hi;height;ap_lo;weight
11,932,0,0,4,weight;age;ap_hi;height
11,933,1,1,4,ap_hi;ap_lo;weight;age
11,934,1,1,3,height;age;weight
11,935,1,1,3,height;ap_lo;age
11,936,0,0,4,weight;ap_lo;ap_hi;age
11,937,1,0,3,age;weight;ap_lo
11,938,1,1,4,weight;height;age;ap_hi
11,939,1,1,3,weight;height;ap_lo
11,940,0,0,4,weight;ap_lo;height;age
11,941,0,1,4,height;age;weight;ap_hi
11,942,0,0,4,age;ap_hi;height;ap_lo
11,943,0,0,3,age;ap_hi;weight
11,944,1,1,3,ap_hi;weight;age
11,945,0,0,3,age;ap_hi;height
11,946,0,0,3,ap_lo;height;weight
11,947,0,0,4,ap_hi;ap_lo;height;age
11,948,1,1,3,ap_hi;height;ap_lo
11,949,0,1,3,height;ap_lo;weight
11,950,0,1,4,height;ap_lo;ap_hi;age
11,951,0,1,3,weight;ap_hi;ap_lo
11,952,0,1,4,ap_lo;height;age;ap_hi
11,953,1,0,4,ap_hi;height;ap_lo;weight
11,954,0,0,4,ap_hi;age;weight;ap_lo
11,955,0,0,3,ap_hi;weight;age
11,956,1,1,3,ap_hi;ap_lo;height
11,957,0,1,3,age;weight;ap_lo
11,958,0,1,4,ap_hi;age;weight;height
11,959,1,1,4,ap_lo;age;ap_hi;weight
11,960,1,1,4,age;height;ap_lo;weight
11,961,0,0,4,weight;ap_hi;age;ap_lo
11,962,0,0,3,ap_hi;age;height
11,963,0,0,3,ap_hi;ap_lo;age
11,964,1,1,3,height;ap_lo;ap_hi
11,965,1,1,4,age;height;ap_lo;ap_hi
11,966,1,0,3,ap_hi;ap_lo;age
11,967,1,1,4,height;ap_hi;age;weight
11,968,1,1,3,age;ap_lo;weight
11,969,1,0,4,ap_lo;ap_hi;height;age
11,970,0,0,3,age;height;ap_hi
11,971,1,1,3,ap_hi;ap_lo;weight
11,972,1,1,3,ap_hi;height;weight
11,973,0,0,3,ap_hi;age;ap_lo
11,974,1,1,4,ap_lo;ap_hi;height;age
11,975,1,1,3,age;ap_hi;weight
11,976,1,1,4,ap_hi;ap_lo;height;weight
11,977,0,1,3,ap_lo;weight;ap_hi
11,978,1,1,3,ap_hi;ap_lo;weight
11,979,0,1,4,ap_hi;weight;age;ap_lo
11,980,1,1,3,age;ap_hi;ap_lo
11,981,0,1,3,weight;ap_hi;age
11,982,0,0,3,age;weight;ap_lo
11,983,1,1,4,age;ap_hi;weight;ap_lo
11,984,1,0,3,ap_lo;age;weight
11,985,1,0,4,height;weight;ap_hi;ap_lo
11,986,1,1,4,age;ap_hi;height;weight
11,987,1,1,4,height;ap_lo;age;weight
11,988,1,1,4,ap_hi;height;weight;ap_lo
11,989,1,0,3,ap_hi;age;weight
11,990,1,1,3,height;ap_hi;weight
11,991,0,1,4,ap_hi;age;weight;height
11,992,1,1,3,weight;ap_hi;height
11,993,0,0,3,ap_lo;height;age
11,994,1,1,3,weight;ap_lo;ap_hi
11,995,1,1,3,age;ap_lo;height
11,996,1,1,4,ap_lo;ap_hi;age;height
11,997,0,1,3,ap_hi;ap_lo;height
11,998,1,0,3,height;ap_hi;weight
11,999,1,1,3,age;weight;height
12,0,0,0,4,ap_lo;ap_hi;height;weight
12,1,0,0,4,ap_hi;ap_lo;height;age
12,2,0,0,4,height;ap_lo;ap_hi;weight
12,3,0,0,4,height;ap_lo;weight;age
12,4,1,0,4,ap_hi;height;age;ap_lo
12,5,0,0,4,ap_hi;ap_lo;weight;age
12,6,0,0,3,age;ap_hi;weight
12,7,0,0,4,age;ap_lo;height;ap_hi
12,8,0,0,3,ap_hi;ap_lo;age
12,9,1,0,4,ap_hi;weight;age;height
12,10,0,0,4,height;age;ap_lo;ap_hi
12,11,1,1,3,ap_hi;height;ap_lo
12,12,0,0,4,ap_lo;height;ap_hi;age
12,13,0,1,3,age;height;weight
12,14,0,0,4,ap_hi;weight;age;ap_lo
12,15,0,0,4,height;ap_lo;ap_hi;weight
12,16,1,1,4,age;ap_lo;weight;height
12,17,0,0,3,height;ap_lo;weight
12,18,0,0,3,height;weight;ap_hi
12,19,1,1,4,weight;ap_hi;age;ap_lo
12,20,0,1,4,ap_lo;weight;age;height
12,21,1,1,3,ap_lo;height;weight
12,22,1,0,4,height;age;ap_lo;weight
12,23,0,0,3,weight;height;age
12,24,1,1,3,age;height;weight
12,25,1,1,4,ap_hi;height;age;ap_lo
12,26,1,1,3,height;weight;ap_lo
12,27,0,0,4,weight;age;ap_lo;ap_hi
12,28,0,0,4,age;ap_hi;weight;ap_lo
12,29,0,0,4,age;weight;height;ap_hi
12,30,1,0,4,ap_hi;ap_lo;height;weight
12,31,1,1,4,age;ap_hi;ap_lo;height
12,32,0,0,3,weight;age;height
12,33,1,0,4,ap_hi;weight;ap_lo;age
12,34,1,1,4,ap_lo;age;ap_hi;weight
12,35,1,1,4,age;ap_lo;ap_hi;height
12,36,0,0,3,ap_hi;ap_lo;age
12,37,0,0,3,ap_hi;ap_lo;age
12,38,0,0,4,ap_hi;weight;height;age
12,39,1,1,3,age;weight;ap_lo
12,40,1,1,4,weight;ap_lo;ap_hi;age
12,41,1,1,4,ap_hi;weight;height;ap_lo
12,42,1,0,3,weight;age;ap_lo
12,43,0,1,4,height;age;weight;ap_lo
12,44,1,1,4,weight;height;ap_hi;ap_lo
12,45,1,0,3,ap_lo;height;weight
12,46,0,0,3,height;age;weight
12,47,0,0,4,height;age;weight;ap_hi
12,48,1,1,4,ap_hi;height;weight;age
12,49,0,0,3,weight;height;ap_lo
12,50,0,0,3,ap_hi;age;height
12,51,0,1,3,weight;age;height
12,52,1,0,3,weight;height;ap_lo
12,53,0,1,3,age;ap_hi;weight
12,54,1,1,4,ap_lo;height;weight;age
12,55,1,0,3,ap_lo;height;ap_hi
12,56,0,0,4,ap_hi;ap_lo;age;weight
12,57,1,1,3,age;ap_hi;height
12,58,1,1,4,ap_lo;ap_hi;age;weight
12,59,0,0,4,age;ap_lo;ap_hi;weight
12,60,1,0,4,age;ap_hi;ap_lo;weight
12,61,1,1,4,weight;age;height;ap_lo
12,62,0,0,4,ap_lo;age;ap_hi;height
12,63,1,1,4,weight;ap_lo;height;age
12,64,0,0,4,age;ap_hi;height;weight
12,65,0,0,3,height;weight;ap_lo
12,66,0,0,4,weight;ap_lo;ap_hi;height
12,67,0,0,3,ap_hi;ap_lo;age
12,68,1,1,4,weight;ap_hi;height;ap_lo
12,69,0,1,4,ap_lo;height;ap_hi;weight
12,70,1,0,3,weight;height;age
12,71,1,1,3,ap_hi;height;age
12,72,0,1,4,age;height;ap_hi;ap_lo
12,73,0,0,3,age;ap_hi;ap_lo
12,74,1,1,4,height;ap_hi;weight;age
12,75,1,0,4,height;age;ap_hi;weight
12,76,0,0,3,height;age;ap_lo
12,77,1,0,4,ap_lo;ap_hi;height;weight
12,78,0,0,3,weight;ap_hi;ap_lo
12,79,1,0,3,weight;ap_lo;ap_hi
12,80,0,0,4,weight;age;height;ap_lo
12,81,1,0,3,age;weight;ap_lo
12,82,1,1,4,age;height;ap_lo;weight
12,83,1,1,4,ap_hi;ap_lo;height;weight
12,84,1,1,3,weight;height;ap_lo
12,85,0,0,3,weight;age;ap_hi
12,86,0,1,3,age;ap_lo;weight
12,87,0,1,3,age;height;ap_lo
12,88,0,0,4,age;ap_lo;ap_hi;height
12,89,1,0,3,ap_hi;ap_lo;weight
12,90,1,1,4,ap_lo;ap_hi;weight;height
12,91,1,0,4,ap_hi;weight;age;ap_lo
12,92,0,0,3,weight;ap_hi;age
12,93,1,0,3,weight;height;age
12,94,0,0,4,age;ap_hi;ap_lo;weight
12,95,1,0,3,ap_hi;weight;age
12,96,0,1,4,weight;age;ap_lo;height
12,97,1,1,3,ap_hi;height;weight
12,98,1,1,3,ap_hi;age;ap_lo
12,99,0,1,4,ap_lo;weight;height;age
12,100,0,0,4,height;weight;age;ap_hi
12,101,1,1,4,height;age;ap_hi;weight
12,102,0,0,4,weight;ap_hi;age;ap_lo
12,103,1,0,4,ap_hi;ap_lo;weight;age
12,104,0,0,4,height;ap_lo;ap_hi;age
12,105,0,0,4,age;weight;height;ap_lo
12,106,0,0,3,ap_hi;ap_lo;age
12,107,0,0,4,ap_lo;ap_hi;age;weight
12,108,1,1,4,height;ap_hi;ap_lo;age
12,109,0,0,4,ap_lo;height;weight;ap_hi
12,110,0,1,3,height;weight;ap_hi
12,111,0,0,4,age;ap_lo;ap_hi;height
12,112,0,1,4,age;weight;ap_lo;height
12,113,0,1,4,weight;height;age;ap_lo
12,114,1,1,3,weight;ap_hi;age
12,115,1,1,4,ap_lo;ap_hi;age;weight
12,116,1,0,4,height;age;ap_hi;weight
12,117,0,1,3,ap_lo;ap_hi;weight
12,118,0,0,4,height;weight;ap_lo;age
12,119,1,1,4,ap_hi;ap_lo;age;weight
12,120,0,0,4,ap_hi;weight;age;height
12,121,1,1,4,height;ap_lo;weight;age
12,122,0,1,4,age;weight;ap_hi;ap_lo
12,123,1,1,4,weight;ap_lo;height;ap_hi
12,124,1,1,4,height;ap_hi;weight;ap_lo
12,125,0,0,4,height;weight;age;ap_lo
12,126,0,1,4,height;age;weight;ap_hi
12,127,1,1,3,age;weight;ap_lo
12,128,0,1,3,age;height;weight
12,129,0,1,4,weight;ap_hi;ap_lo;age
12,130,0,0,3,ap_lo;ap_hi;height
12,131,0,1,4,ap_hi;age;height;ap_lo
12,132,1,0,3,weight;ap_lo;age
12,133,0,1,4,weight;height;ap_hi;age
12,134,0,0,4,ap_lo;ap_hi;height;weight
12,135,1,0,4,ap_hi;age;ap_lo;height
12,136,1,0,4,ap_hi;age;height;weight
12,137,1,1,3,ap_lo;weight;height
12,138,1,1,3,age;weight;ap_hi
12,139,1,0,4,weight;ap_lo;height;age
12,140,1,0,4,weight;age;ap_hi;height
12,141,1,0,3,age;ap_lo;height
12,142,0,1,4,age;weight;height;ap_lo
12,143,1,1,4,height;age;weight;ap_hi
12,144,0,0,3,age;height;ap_lo
12,145,0,1,4,weight;height;ap_lo;age
12,146,0,0,3,ap_lo;ap_hi;age
12,147,1,1,3,weight;age;ap_lo
12,148,0,1,3,age;ap_lo;weight
12,149,1,1,4,weight;ap_hi;ap_lo;height
12,150,0,0,3,age;weight;height
12,151,1,1,3,age;ap_hi;ap_lo
12,152,0,0,3,age;ap_hi;ap_lo
12,153,1,0,3,ap_hi;age;ap_lo
12,154,0,1,3,ap_hi;weight;age
12,155,1,0,4,age;ap_lo;ap_hi;weight
12,156,1,0,4,height;ap_lo;ap_hi;weight
12,157,0,1,3,height;age;weight
12,158,1,1,4,height;ap_hi;ap_lo;weight
12,159,0,0,4,height;age;ap_lo;weight
12,160,0,1,4,age;weight;ap_lo;height
12,161,0,0,3,height;ap_lo;ap_hi
12,162,0,1,4,height;age;ap_hi;weight
12,163,0,1,3,weight;ap_hi;ap_lo
12,164,0,0,4,height;ap_hi;age;weight
12,165,0,0,4,ap_lo;height;age;weight
12,166,1,1,4,ap_lo;ap_hi;height;weight
12,167,0,0,3,weight;age;ap_hi
12,168,1,1,3,age;ap_hi;height
12,169,1,1,3,ap_hi;ap_lo;weight
12,170,1,1,3,age;height;weight
12,171,1,0,4,ap_lo;height;age;ap_hi
12,172,1,0,4,age;ap_hi;height;weight
12,173,0,0,3,weight;age;height
12,174,1,0,3,height;age;ap_hi
12,175,1,0,4,ap_lo;height;ap_hi;age
12,176,1,1,3,weight;ap_hi;ap_lo
12,177,1,1,3,ap_lo;height;age
12,178,0,0,3,height;ap_hi;ap_lo
12,179,0,0,3,ap_hi;height;ap_lo
12,180,1,1,3,weight;ap_hi;age
12,181,0,1,3,ap_lo;ap_hi;weight
12,182,1,0,3,weight;height;ap_lo
12,183,0,0,3,ap_lo;weight;height
12,184,0,1,4,ap_hi;height;weight;ap_lo
12,185,1,1,4,height;ap_lo;weight;ap_hi
12,186,1,0,3,ap_hi;height;ap_lo
12,187,1,1,4,ap_lo;ap_hi;weight;age
12,188,0,1,3,weight;age;height
12,189,0,1,3,height;ap_hi;age
12,190,0,0,3,height;ap_lo;age
12,191,0,0,4,age;weight;ap_lo;ap_hi
12,192,0,0,3,ap_lo;age;ap_hi
12,193,1,1,3,age;weight;height
12,194,1,1,4,weight;ap_lo;height;ap_hi
12,195,1,1,4,weight;ap_hi;age;ap_lo
12,196,1,0,4,age;ap_hi;ap_lo;weight
12,197,1,1,3,age;ap_lo;ap_hi
12,198,0,1,3,ap_hi;ap_lo;weight
12,199,1,1,4,weight;height;ap_hi;age
12,200,1,0,3,ap_hi;height;age
12,201,0,1,3,age;ap_hi;height
12,202,0,1,3,height;ap_hi;weight
12,203,0,1,4,age;ap_hi;height;weight
12,204,0,0,3,height;age;weight
12,205,0,0,4,ap_lo;age;weight;ap_hi
12,206,1,1,3,weight;age;ap_hi
12,207,0,0,4,ap_hi;weight;age;ap_lo
12,208,1,0,3,ap_lo;height;weight
12,209,0,0,4,ap_hi;age;height;ap_lo
12,210,1,0,3,age;ap_lo;ap_hi
12,211,1,1,3,ap_hi;age;ap_lo
12,212,0,0,3,height;weight;ap_hi
12,213,0,1,4,weight;ap_hi;height;ap_lo
12,214,0,0,3,ap_hi;weight;age
12,215,1,1,3,ap_lo;age;weight
12,216,0,0,4,ap_lo;height;age;ap_hi
12,217,1,1,3,ap_hi;age;weight
12,218,0,0,3,height;age;ap_lo
12,219,0,0,3,ap_lo;weight;ap_hi
12,220,1,0,3,weight;age;ap_hi
12,221,0,0,3,height;ap_hi;age
12,222,0,0,4,ap_lo;ap_hi;age;height
12,223,1,0,4,age;ap_lo;weight;height
12,224,0,0,4,ap_lo;ap_hi;height;age
12,225,1,0,3,weight;ap_hi;height
12,226,0,1,4,ap_hi;weight;age;ap_lo
12,227,1,0,4,height;ap_lo;age;ap_hi
12,228,0,0,4,weight;height;ap_hi;ap_lo
12,229,0,1,3,ap_lo;height;age
12,230,1,1,4,height;age;ap_hi;weight
12,231,0,0,3,ap_hi;weight;age
12,232,1,0,4,ap_lo;ap_hi;weight;height
12,233,0,1,4,weight;ap_lo;height;ap_hi
12,234,1,0,4,ap_lo;ap_hi;height;age
12,235,1,1,3,ap_lo;height;weight
12,236,1,1,3,weight;ap_lo;age
12,237,0,1,4,ap_hi;weight;age;height
12,238,1,1,3,age;ap_lo;height
12,239,1,1,4,ap_lo;age;weight;ap_hi
12,240,1,1,3,ap_lo;ap_hi;weight
12,241,1,0,3,weight;ap_lo;ap_hi
12,242,0,0,4,ap_hi;age;weight;ap_lo
12,243,0,0,3,weight;height;ap_lo
12,244,1,1,4,age;height;weight;ap_lo
12,245,1,1,4,ap_hi;height;age;weight
12,246,1,1,3,height;ap_lo;weight
12,247,1,1,4,age;weight;height;ap_hi
12,248,1,1,3,ap_hi;weight;height
12,249,1,1,4,height;ap_hi;ap_lo;weight
12,250,1,0,3,height;age;weight
12,251,0,0,3,weight;ap_hi;height
12,252,0,0,4,age;height;weight;ap_lo
12,253,0,1,3,weight;age;height
12,254,1,0,4,ap_hi;weight;age;ap_lo
12,255,1,1,4,height;age;ap_lo;weight
12,256,0,0,4,age;weight;ap_hi;height
12,257,0,1,3,height;weight;ap_lo
12,258,0,0,3,ap_lo;weight;age
12,259,1,1,3,ap_hi;height;ap_lo
12,260,0,0,4,ap_hi;ap_lo;height;weight
12,261,1,1,3,age;weight;ap_lo
12,262,1,1,4,height;age;ap_lo;weight
12,263,1,1,4,height;age;weight;ap_lo
12,264,1,1,4,ap_hi;age;weight;height
12,265,0,1,3,weight;age;height
12,266,0,0,4,height;ap_lo;age;weight
12,267,1,1,4,ap_hi;ap_lo;height;age
12,268,0,0,3,age;ap_lo;height
12,269,1,1,4,height;age;ap_lo;ap_hi
12,270,1,0,4,age;ap_hi;height;weight
12,271,1,1,3,weight;height;age
12,272,0,1,4,age;height;ap_hi;weight
12,273,1,1,4,age;ap_lo;height;weight
12,274,0,0,3,age;height;weight
12,275,1,0,4,height;ap_hi;age;ap_lo
12,276,1,1,4,weight;ap_lo;ap_hi;height
12,277,0,0,4,ap_hi;age;height;weight
12,278,1,1,3,ap_lo;ap_hi;age
12,279,0,0,4,ap_hi;age;weight;height
12,280,0,0,3,ap_lo;weight;age
12,281,0,0,4,age;ap_hi;weight;height
12,282,1,0,4,weight;ap_lo;age;ap_hi
12,283,1,1,3,ap_lo;age;height
12,284,1,0,4,ap_lo;weight;age;ap_hi
12,285,0,0,4,ap_lo;weight;age;ap_hi
12,286,1,1,3,ap_hi;height;weight
12,287,1,1,4,ap_lo;age;weight;ap_hi
12,288,1,1,4,ap_hi;weight;age;ap_lo
12,289,0,0,3,weight;ap_lo;ap_hi
12,290,0,0,4,ap_hi;ap_lo;height;weight
12,291,0,0,4,ap_lo;weight;height;ap_hi
12,292,0,0,4,weight;ap_lo;height;ap_hi
12,293,1,0,4,ap_hi;age;height;ap_lo
12,294,1,0,3,ap_hi;weight;ap_lo
12,295,1,1,3,height;ap_lo;age
12,296,0,0,4,weight;height;ap_lo;age
12,297,1,0,3,ap_lo;weight;height
12,298,1,0,4,age;height;ap_hi;ap_lo
12,299,1,1,4,ap_hi;age;height;ap_lo
12,300,0,0,3,height;age;ap_lo
12,301,1,0,4,weight;ap_hi;age;ap_lo
12,302,1,1,3,weight;ap_hi;age
12,303,1,0,3,height;ap_hi;weight
12,304,0,1,4,age;weight;height;ap_hi
12,305,0,0,4,ap_hi;age;ap_lo;height
12,306,1,0,3,ap_lo;ap_hi;weight
12,307,0,0,4,ap_hi;ap_lo;age;weight
12,308,0,0,3,age;ap_lo;height
12,309,0,0,3,weight;ap_hi;age
12,310,0,0,4,height;weight;ap_hi;age
12,311,0,1,4,age;weight;ap_lo;height
12,312,0,1,4,ap_hi;age;ap_lo;height
12,313,0,1,3,ap_hi;weight;ap_lo
12,314,1,0,4,ap_lo;age;height;ap_hi
12,315,1,1,3,ap_hi;weight;age
12,316,1,1,4,weight;ap_lo;ap_hi;height
12,317,1,0,3,ap_lo;weight;age
12,318,0,0,4,ap_hi;weight;height;age
12,319,1,0,3,ap_hi;weight;ap_lo
12,320,1,1,4,height;weight;age;ap_hi
12,321,1,0,4,age;ap_hi;ap_lo;height
12,322,1,1,3,weight;ap_hi;age
12,323,0,0,3,ap_hi;age;height
12,324,0,0,4,age;ap_hi;weight;height
12,325,0,1,3,weight;age;height
12,326,1,1,4,ap_lo;weight;height;ap_hi
12,327,1,0,4,age;height;ap_lo;ap_hi
12,328,0,1,3,height;weight;ap_lo
12,329,1,0,4,height;ap_hi;age;ap_lo
12,330,0,0,4,ap_hi;ap_lo;age;weight
12,331,1,1,4,ap_lo;height;ap_hi;weight
12,332,0,0,4,age;ap_lo;weight;ap_hi
12,333,0,0,4,ap_lo;age;height;ap_hi
12,334,1,1,4,weight;ap_hi;age;height
12,335,1,1,3,age;height;weight
12,336,0,0,4,ap_lo;height;age;weight
12,337,0,0,4,ap_lo;ap_hi;weight;age
12,338,0,0,3,weight;height;age
12,339,0,0,3,height;weight;ap_lo
12,340,1,1,3,height;ap_hi;age
12,341,1,1,3,ap_lo;height;weight
12,342,1,0,4,weight;height;ap_lo;age
12,343,1,1,4,age;weight;ap_lo;height
12,344,1,1,3,weight;ap_hi;ap_lo
12,345,1,1,4,ap_lo;height;ap_hi;age
12,346,0,0,3,height;ap_lo;ap_hi
12,347,0,0,4,height;ap_hi;age;weight
12,348,1,1,3,age;ap_lo;ap_hi
12,349,0,0,3,height;ap_lo;ap_hi
12,350,1,1,4,weight;ap_hi;ap_lo;age
12,351,1,1,3,height;weight;ap_hi
12,352,0,0,3,weight;height;ap_hi
12,353,1,1,3,ap_lo;weight;age
12,354,1,0,3,height;weight;ap_lo
12,355,1,1,3,weight;ap_hi;height
12,356,1,1,3,height;weight;ap_hi
12,357,1,1,3,height;ap_hi;weight
12,358,1,1,4,ap_lo;weight;height;age
12,359,1,0,3,weight;age;ap_lo
12,360,1,1,3,ap_hi;age;weight
12,361,0,0,3,age;ap_hi;height
12,362,1,1,3,ap_hi;height;ap_lo
12,363,1,1,3,ap_hi;weight;ap_lo
12,364,1,1,4,age;ap_lo;ap_hi;height
12,365,1,0,4,ap_lo;age;height;weight
12,366,0,0,3,weight;age;height
12,367,1,1,3,weight;height;ap_hi
12,368,1,1,3,ap_lo;height;ap_hi
12,369,0,1,3,ap_lo;height;age
12,370,1,1,3,weight;age;ap_hi
12,371,0,1,3,ap_lo;ap_hi;weight
12,372,1,1,4,ap_hi;ap_lo;height;age
12,373,1,0,3,weight;height;ap_lo
12,374,1,1,3,ap_lo;ap_hi;weight
12,375,0,0,3,weight;height;ap_hi
12,376,1,0,4,height;ap_hi;ap_lo;weight
12,377,1,0,4,ap_lo;height;ap_hi;age
12,378,0,0,3,weight;age;ap_lo
12,379,0,1,3,height;age;weight
12,380,1,0,3,ap_hi;ap_lo;weight
12,381,1,1,4,ap_lo;weight;height;ap_hi
12,382,0,1,4,weight;height;ap_hi;ap_lo
12,383,1,0,4,ap_hi;height;ap_lo;age
12,384,1,1,4,ap_hi;weight;age;height
12,385,0,0,4,ap_hi;height;age;weight
12,386,0,0,3,ap_hi;ap_lo;age
12,387,1,1,3,age;ap_lo;ap_hi
12,388,0,1,3,ap_hi;weight;height
12,389,0,0,4,ap_hi;height;ap_lo;age
12,390,1,1,4,ap_hi;ap_lo;age;height
12,391,1,0,4,ap_lo;height;age;weight
12,392,0,0,4,height;ap_lo;weight;age
12,393,1,0,3,age;weight;height
12,394,0,0,4,age;weight;height;ap_lo
12,395,1,0,4,age;ap_lo;height;ap_hi
12,396,1,1,4,ap_lo;age;height;ap_hi
12,397,1,1,3,height;ap_hi;age
12,398,0,0,3,age;weight;ap_lo
12,399,0,1,3,height;weight;ap_lo
12,400,1,0,4,age;ap_hi;weight;height
12,401,1,1,4,ap_lo;height;age;ap_hi
12,402,0,1,4,height;ap_hi;weight;ap_lo
12,403,0,1,4,weight;ap_lo;age;height
12,404,0,0,4,weight;height;age;ap_lo
12,405,0,0,4,age;weight;ap_hi;ap_lo
12,406,0,0,4,age;height;ap_hi;ap_lo
12,407,1,0,3,ap_hi;ap_lo;height
12,408,1,1,3,age;weight;ap_hi
12,409,0,0,4,age;ap_lo;height;ap_hi
12,410,0,0,3,weight;height;ap_hi
12,411,0,0,3,height;ap_lo;age
12,412,0,1,4,height;ap_hi;age;weight
12,413,1,1,3,ap_lo;age;ap_hi
12,414,0,0,3,ap_hi;ap_lo;height
12,415,0,0,4,height;age;weight;ap_lo
12,416,0,0,3,ap_lo;height;age
12,417,0,1,3,height;ap_hi;age
12,418,0,0,4,weight;height;ap_lo;ap_hi
12,419,1,0,4,height;age;weight;ap_hi
12,420,1,0,3,ap_hi;weight;ap_lo
12,421,0,0,4,ap_hi;ap_lo;weight;age
12,422,1,1,4,age;ap_lo;weight;height
12,423,0,0,3,age;ap_lo;weight
12,424,1,1,3,ap_lo;age;ap_hi
12,425,1,1,3,age;weight;height
12,426,1,0,3,height;ap_lo;ap_hi
12,427,1,1,4,weight;ap_lo;ap_hi;height
12,428,0,0,3,ap_hi;ap_lo;weight
12,429,1,1,4,age;height;ap_hi;weight
12,430,1,0,4,weight;height;ap_lo;ap_hi
12,431,1,1,4,height;ap_lo;ap_hi;age
12,432,1,1,3,ap_lo;weight;height
12,433,1,1,3,height;age;ap_lo
12,434,1,0,4,ap_hi;ap_lo;age;height
12,435,1,0,4,ap_lo;ap_hi;weight;height
12,436,1,1,4,ap_lo;age;weight;height
12,437,1,1,4,height;weight;age;ap_lo
12,438,0,0,4,ap_hi;height;weight;ap_lo
12,439,0,1,4,weight;ap_lo;age;ap_hi
12,440,1,0,3,ap_lo;age;weight
12,441,0,0,3,height;weight;age
12,442,0,0,4,age;ap_hi;weight;height
12,443,0,0,3,height;ap_lo;weight
12,444,0,0,4,height;age;ap_lo;ap_hi
12,445,0,0,3,age;ap_hi;height
12,446,0,0,3,age;weight;ap_lo
12,447,1,0,3,height;age;weight
12,448,0,1,3,ap_lo;ap_hi;weight
12,449,0,0,4,ap_hi;ap_lo;height;age
12,450,0,0,3,ap_hi;ap_lo;height
12,451,0,1,4,weight;ap_lo;height;ap_hi
12,452,1,1,4,weight;age;ap_lo;ap_hi
12,453,1,1,4,ap_lo;age;height;weight
12,454,1,0,4,height;ap_lo;ap_hi;age
12,455,0,1,4,weight;ap_hi;ap_lo;age
12,456,0,1,3,age;ap_hi;weight
12,457,0,0,3,height;ap_lo;ap_hi
12,458,1,1,3,ap_hi;age;ap_lo
12,459,1,0,3,weight;age;ap_hi
12,460,1,1,4,age;height;ap_lo;ap_hi
12,461,1,0,3,weight;ap_lo;height
12,462,0,0,4,height;weight;ap_lo;age
12,463,0,0,3,height;ap_lo;age
12,464,1,1,4,height;weight;ap_hi;age
12,465,1,0,4,age;height;ap_hi;ap_lo
12,466,1,1,4,ap_hi;weight;age;height
12,467,1,1,3,ap_lo;height;age
12,468,0,1,4,age;weight;height;ap_hi
12,469,1,1,3,ap_hi;height;ap_lo
12,470,1,1,4,height;weight;ap_lo;ap_hi
12,471,1,1,4,weight;height;ap_hi;ap_lo
12,472,0,0,4,ap_hi;ap_lo;weight;height
12,473,1,1,4,age;weight;ap_hi;height
12,474,1,0,3,weight;ap_lo;age
12,475,0,1,4,weight;ap_lo;age;height
12,476,0,1,4,age;ap_lo;ap_hi;weight
12,477,0,0,3,ap_hi;age;height
12,478,0,0,3,ap_hi;height;age
12,479,0,0,3,ap_hi;height;age
12,480,0,1,3,weight;height;ap_hi
12,481,1,1,4,ap_hi;ap_lo;weight;age
12,482,1,0,3,age;weight;height
12,483,1,1,3,height;ap_lo;ap_hi
12,484,0,0,3,weight;ap_lo;ap_hi
12,485,1,1,4,weight;ap_lo;ap_hi;height
12,486,1,1,4,ap_lo;height;weight;age
12,487,1,1,3,age;height;weight
12,488,1,1,4,ap_lo;ap_hi;age;height
12,489,1,0,4,ap_hi;ap_lo;height;weight
12,490,0,0,4,ap_lo;weight;age;ap_hi
12,491,0,1,3,height;ap_lo;ap_hi
12,492,0,0,4,ap_hi;age;ap_lo;height
12,493,1,1,4,height;age;ap_lo;ap_hi
12,494,1,1,3,ap_lo;height;ap_hi
12,495,1,1,4,ap_hi;age;weight;height
12,496,1,0,4,ap_hi;weight;age;height
12,497,1,1,3,ap_lo;age;weight
12,498,0,0,3,height;ap_lo;weight
12,499,0,0,4,ap_lo;ap_hi;height;age
12,500,0,0,3,age;weight;ap_hi
12,501,1,1,4,weight;height;ap_lo;age
12,502,1,1,3,height;weight;ap_hi
12,503,0,1,3,height;weight;ap_lo
12,504,0,0,4,ap_lo;weight;ap_hi;height
12,505,0,0,4,ap_lo;height;ap_hi;weight
12,506,0,0,4,age;ap_hi;ap_lo;height
12,507,1,1,3,weight;height;ap_hi
12,508,0,0,4,ap_hi;age;ap_lo;weight
12,509,0,0,4,ap_lo;age;height;ap_hi
12,510,1,1,4,age;height;ap_hi;ap_lo
12,511,0,1,4,weight;ap_lo;height;ap_hi
12,512,1,1,4,age;weight;ap_hi;height
12,513,1,0,3,height;weight;ap_lo
12,514,1,1,4,age;ap_lo;height;ap_hi
12,515,0,0,3,age;ap_hi;weight
12,516,1,1,4,weight;height;ap_hi;ap_lo
12,517,1,0,3,ap_hi;ap_lo;weight
12,518,0,0,4,ap_hi;weight;height;ap_lo
12,519,1,1,4,height;ap_hi;weight;age
12,520,1,1,3,weight;ap_lo;height
12,521,0,0,3,ap_hi;ap_lo;age
12,522,0,0,3,age;ap_lo;height
12,523,1,0,3,ap_hi;ap_lo;weight
12,524,1,1,4,ap_lo;weight;age;height
12,525,0,1,4,weight;ap_hi;height;age
12,526,0,0,4,ap_lo;ap_hi;height;age
12,527,1,1,3,height;ap_lo;weight
12,528,0,0,3,ap_hi;age;weight
12,529,1,1,3,ap_lo;ap_hi;height
12,530,0,0,4,age;ap_lo;ap_hi;height
12,531,1,1,3,weight;ap_hi;ap_lo
12,532,0,0,3,ap_lo;age;ap_hi
12,533,1,1,4,ap_lo;age;height;ap_hi
12,534,0,0,4,ap_hi;age;ap_lo;weight
12,535,1,1,4,height;age;ap_hi;ap_lo
12,536,1,1,4,weight;ap_lo;ap_hi;height
12,537,1,1,3,ap_hi;height;weight
12,538,0,0,4,ap_hi;height;weight;ap_lo
12,539,1,0,4,age;ap_hi;ap_lo;height
12,540,1,0,3,weight;height;age
12,541,1,0,4,ap_lo;height;age;ap_hi
12,542,1,1,3,ap_hi;ap_lo;height
12,543,1,1,3,height;age;weight
12,544,1,0,4,age;ap_hi;ap_lo;height
12,545,0,0,4,weight;ap_lo;height;age
12,546,0,0,4,weight;age;ap_lo;ap_hi
12,547,0,0,3,ap_hi;weight;height
12,548,0,0,4,ap_hi;weight;age;height
12,549,1,1,3,ap_hi;age;ap_lo
12,550,1,1,3,age;ap_lo;ap_hi
12,551,1,1,4,age;weight;ap_lo;height
12,552,0,1,3,ap_lo;weight;ap_hi
12,553,1,1,3,height;age;ap_hi
12,554,0,1,3,weight;ap_hi;height
12,555,0,1,3,weight;age;ap_hi
12,556,1,1,3,ap_lo;height;ap_hi
12,557,1,0,4,ap_hi;age;ap_lo;weight
12,558,1,1,3,ap_hi;ap_lo;weight
12,559,1,1,4,ap_hi;ap_lo;age;weight
12,560,1,1,3,ap_lo;weight;ap_hi
12,561,0,1,3,height;ap_hi;age
12,562,0,0,3,ap_hi;height;age
12,563,0,1,3,ap_lo;age;height
12,564,1,1,4,ap_hi;ap_lo;height;age
12,565,1,1,4,ap_lo;age;weight;height
12,566,0,1,4,ap_hi;weight;height;age
12,567,1,0,3,ap_hi;weight;age
12,568,1,1,3,ap_lo;ap_hi;age
12,569,0,1,4,ap_hi;ap_lo;weight;height
12,570,1,1,4,age;weight;ap_lo;height
12,571,1,1,3,height;ap_lo;ap_hi
12,572,0,0,4,age;ap_lo;ap_hi;height
12,573,1,1,3,ap_lo;weight;height
12,574,1,1,4,ap_lo;height;weight;age
12,575,0,1,4,ap_hi;weight;age;height
12,576,1,1,3,age;weight;ap_hi
12,577,1,1,3,ap_lo;height;age
12,578,1,0,4,height;age;weight;ap_lo
12,579,0,0,4,weight;age;height;ap_lo
12,580,1,1,4,weight;age;height;ap_hi
12,581,1,1,4,weight;height;ap_lo;ap_hi
12,582,0,0,4,height;ap_hi;weight;age
12,583,0,0,4,age;ap_hi;height;ap_lo
12,584,0,0,4,weight;ap_hi;ap_lo;age
12,585,1,1,3,height;weight;ap_lo
12,586,0,0,3,age;ap_hi;weight
12,587,0,1,3,height;ap_hi;ap_lo
12,588,1,1,4,age;weight;ap_lo;height
12,589,1,1,3,weight;ap_hi;ap_lo
12,590,1,0,4,weight;age;height;ap_lo
12,591,0,1,4,ap_hi;ap_lo;weight;age
12,592,0,0,3,age;ap_hi;weight
12,593,0,0,3,ap_hi;height;ap_lo
12,594,0,0,4,age;weight;height;ap_lo
12,595,1,1,4,weight;ap_hi;age;height
12,596,1,1,4,ap_hi;age;height;weight
12,597,0,0,3,weight;ap_hi;ap_lo
12,598,0,0,4,weight;age;ap_hi;ap_lo
12,599,0,1,4,weight;height;age;ap_lo
12,600,1,0,4,weight;ap_lo;ap_hi;age
12,601,1,1,3,age;ap_lo;weight
12,602,1,1,4,ap_hi;weight;height;ap_lo
12,603,1,1,4,ap_hi;height;age;weight
12,604,0,0,3,weight;ap_hi;age
12,605,0,1,3,weight;ap_hi;age
12,606,1,1,3,height;ap_hi;ap_lo
12,607,1,1,4,weight;age;ap_lo;ap_hi
12,608,0,0,4,ap_hi;ap_lo;height;age
12,609,0,0,4,age;ap_lo;weight;height
12,610,1,0,3,ap_lo;height;weight
12,611,1,1,3,age;ap_hi;weight
12,612,0,0,4,age;ap_hi;height;ap_lo
12,613,0,0,3,age;ap_hi;weight
12,614,0,0,3,age;height;ap_hi
12,615,0,0,3,age;height;weight
12,616,0,0,4,age;ap_hi;ap_lo;weight
12,617,0,0,4,weight;age;height;ap_lo
12,618,0,0,3,ap_lo;height;age
12,619,1,0,3,height;weight;age
12,620,0,0,4,age;ap_lo;height;ap_hi
12,621,1,1,4,ap_hi;height;ap_lo;age
12,622,0,0,4,ap_hi;weight;age;height
12,623,1,1,3,height;weight;ap_lo
12,624,1,1,4,age;height;ap_hi;weight
12,625,0,0,3,weight;ap_lo;height
12,626,1,1,4,height;age;ap_lo;ap_hi
12,627,0,0,4,ap_lo;height;weight;age
12,628,0,0,3,weight;height;age
12,629,0,0,3,ap_hi;age;height
12,630,0,0,4,age;ap_hi;height;weight
12,631,1,0,4,height;ap_hi;age;weight
12,632,1,1,3,weight;ap_hi;height
12,633,0,0,3,ap_hi;ap_lo;weight
12,634,0,1,3,age;weight;height
12,635,1,1,3,height;age;ap_lo
12,636,1,1,3,ap_hi;ap_lo;height
12,637,0,0,3,ap_hi;ap_lo;weight
12,638,1,1,4,age;ap_lo;ap_hi;height
12,639,0,0,3,ap_hi;height;age
12,640,1,1,4,age;weight;ap_hi;height
12,641,1,0,4,age;ap_lo;height;weight
12,642,1,1,4,age;weight;height;ap_lo
12,643,0,1,3,weight;ap_hi;age
12,644,1,0,3,age;height;weight
12,645,1,1,4,weight;ap_lo;height;ap_hi
12,646,0,0,4,ap_hi;height;weight;ap_lo
12,647,0,0,4,weight;ap_hi;ap_lo;height
12,648,0,1,4,weight;height;ap_hi;age
12,649,0,0,4,ap_lo;height;age;weight
12,650,1,1,4,height;age;ap_lo;ap_hi
12,651,0,0,3,ap_hi;ap_lo;weight
12,652,0,0,3,ap_lo;ap_hi;weight
12,653,0,1,3,age;height;ap_lo
12,654,0,0,3,age;weight;height
12,655,0,1,3,weight;ap_lo;ap_hi
12,656,0,0,3,weight;age;height
12,657,0,0,3,ap_hi;height;weight
12,658,1,1,4,ap_hi;height;weight;age
12,659,0,0,3,age;height;ap_hi
12,660,1,1,4,height;ap_hi;age;weight
12,661,0,0,4,weight;age;ap_hi;ap_lo
12,662,0,1,4,ap_hi;height;weight;age
12,663,0,0,3,age;height;ap_hi
12,664,1,0,4,age;ap_lo;height;weight
12,665,1,0,4,ap_lo;age;ap_hi;height
12,666,0,0,4,height;ap_lo;age;ap_hi
12,667,1,0,3,height;weight;ap_lo
12,668,1,1,4,weight;ap_lo;age;ap_hi
12,669,1,0,4,height;ap_hi;weight;ap_lo
12,670,0,0,4,ap_lo;ap_hi;age;height
12,671,0,0,4,ap_lo;age;height;ap_hi
12,672,0,0,4,ap_hi;age;height;weight
12,673,0,0,4,weight;height;ap_lo;ap_hi
12,674,1,1,4,height;age;ap_hi;weight
12,675,1,1,4,height;ap_hi;weight;age
12,676,1,1,3,age;ap_hi;weight
12,677,1,1,4,height;ap_hi;age;weight
12,678,0,0,4,height;age;weight;ap_hi
12,679,1,1,4,weight;ap_hi;ap_lo;age
12,680,0,0,3,ap_hi;ap_lo;age
12,681,0,0,3,weight;height;ap_lo
12,682,0,0,4,ap_lo;weight;height;ap_hi
12,683,1,1,4,ap_lo;height;weight;age
12,684,0,1,3,weight;height;ap_hi
12,685,1,1,4,height;age;ap_hi;ap_lo
12,686,1,1,3,ap_lo;weight;height
12,687,0,0,3,ap_hi;weight;ap_lo
12,688,1,1,4,height;age;ap_hi;weight
12,689,1,1,3,ap_hi;height;age
12,690,0,0,4,ap_lo;weight;age;height
12,691,0,0,3,ap_lo;height;weight
12,692,0,0,4,ap_hi;weight;ap_lo;height
12,693,0,0,3,age;ap_hi;ap_lo
12,694,0,0,4,ap_lo;height;ap_hi;age
12,695,1,0,3,height;age;weight
12,696,0,0,4,ap_hi;height;age;weight
12,697,1,1,3,ap_hi;ap_lo;height
12,698,1,0,4,ap_hi;height;age;ap_lo
12,699,1,1,3,height;ap_lo;weight
12,700,0,1,3,height;age;weight
12,701,0,0,4,weight;ap_hi;age;height
12,702,0,0,3,ap_lo;age;ap_hi
12,703,0,0,4,weight;ap_hi;height;ap_lo
12,704,0,1,4,height;weight;age;ap_lo
12,705,1,0,4,weight;ap_lo;age;height
12,706,1,0,3,ap_hi;ap_lo;height
12,707,1,1,4,weight;height;ap_hi;age
12,708,0,0,4,ap_lo;ap_hi;age;height
12,709,0,1,3,ap_hi;ap_lo;weight
12,710,0,0,4,age;ap_lo;height;ap_hi
12,711,0,0,4,weight;age;height;ap_hi
12,712,1,0,3,weight;age;ap_lo
12,713,1,1,4,ap_hi;ap_lo;height;age
12,714,1,1,3,ap_lo;age;ap_hi
12,715,1,1,3,height;age;ap_lo
12,716,1,1,4,ap_hi;ap_lo;height;weight
12,717,0,0,3,ap_lo;weight;age
12,718,0,1,3,ap_lo;height;ap_hi
12,719,1,0,3,age;height;ap_hi
12,720,0,0,4,ap_lo;age;ap_hi;height
12,721,1,1,4,weight;height;ap_lo;ap_hi
12,722,0,0,4,ap_hi;age;ap_lo;height
12,723,1,1,3,ap_hi;height;weight
12,724,1,1,4,weight;ap_hi;age;ap_lo
12,725,1,1,4,ap_lo;ap_hi;weight;age
12,726,1,1,4,ap_hi;weight;height;ap_lo
12,727,1,1,3,ap_lo;weight;height
12,728,1,1,4,ap_lo;weight;height;ap_hi
12,729,1,0,3,age;ap_lo;weight
12,730,1,1,4,ap_hi;ap_lo;weight;age
12,731,1,1,4,ap_lo;height;weight;ap_hi
12,732,0,0,3,height;ap_hi;weight
12,733,0,0,3,weight;ap_hi;age
12,734,0,0,3,ap_lo;age;ap_hi
12,735,0,0,3,ap_hi;weight;height
12,736,0,0,4,ap_hi;weight;ap_lo;height
12,737,1,1,4,ap_lo;weight;ap_hi;height
12,738,0,1,3,height;weight;ap_hi
12,739,1,1,4,ap_lo;weight;age;ap_hi
12,740,0,0,3,height;age;ap_hi
12,741,0,1,4,ap_hi;ap_lo;weight;age
12,742,0,0,4,height;ap_hi;age;weight
12,743,0,0,4,height;age;ap_lo;ap_hi
12,744,1,1,4,weight;age;ap_hi;ap_lo
12,745,0,0,3,weight;ap_hi;ap_lo
12,746,0,0,4,height;weight;ap_lo;age
12,747,0,1,4,height;ap_lo;ap_hi;weight
12,748,0,0,3,age;ap_hi;weight
12,749,0,0,4,ap_hi;weight;ap_lo;age
12,750,0,1,3,height;ap_hi;weight
12,751,0,0,3,age;weight;ap_lo
12,752,0,1,3,age;height;weight
12,753,1,0,3,ap_hi;weight;age
12,754,0,1,4,ap_hi;ap_lo;weight;height
12,755,0,0,4,ap_hi;ap_lo;age;height
12,756,1,0,4,ap_hi;age;height;ap_lo
12,757,0,1,3,height;age;weight
12,758,1,0,3,age;ap_lo;height
12,759,1,1,4,ap_hi;height;ap_lo;age
12,760,1,0,4,ap_lo;height;weight;ap_hi
12,761,0,0,3,age;ap_hi;ap_lo
12,762,1,1,4,ap_lo;height;age;ap_hi
12,763,0,1,4,ap_lo;age;weight;height
12,764,0,0,3,age;ap_lo;ap_hi
12,765,0,0,3,age;height;ap_hi
12,766,1,1,3,ap_hi;ap_lo;weight
12,767,0,1,4,ap_hi;height;age;ap_lo
12,768,0,1,4,height;age;ap_lo;weight
12,769,1,0,3,weight;age;ap_lo
12,770,0,0,3,age;ap_lo;ap_hi
12,771,0,0,3,age;ap_lo;height
12,772,1,1,4,ap_hi;height;ap_lo;weight
12,773,0,0,3,weight;height;ap_lo
12,774,1,0,4,ap_lo;ap_hi;height;age
12,775,0,0,4,age;ap_hi;height;ap_lo
12,776,0,0,3,weight;ap_lo;ap_hi
12,777,1,0,3,ap_hi;weight;height
12,778,1,0,4,ap_lo;height;weight;ap_hi
12,779,0,1,4,ap_hi;age;ap_lo;weight
12,780,0,1,4,height;weight;ap_hi;ap_lo
12,781,0,1,4,ap_lo;age;height;weight
12,782,1,1,3,height;weight;age
12,783,1,1,3,age;ap_hi;weight
12,784,1,1,4,ap_hi;ap_lo;age;weight
12,785,1,1,3,age;ap_lo;height
12,786,0,0,4,age;ap_hi;weight;height
12,787,0,1,3,ap_lo;height;ap_hi
12,788,1,1,3,ap_lo;age;ap_hi
12,789,1,1,4,weight;age;ap_hi;height
12,790,0,0,4,ap_hi;ap_lo;age;weight
12,791,0,0,4,ap_lo;age;ap_hi;weight
12,792,0,0,3,age;ap_hi;ap_lo
12,793,0,0,3,ap_hi;age;ap_lo
12,794,0,0,3,age;ap_hi;weight
12,795,0,0,4,ap_lo;age;weight;height
12,796,0,1,4,ap_lo;weight;height;ap_hi
12,797,0,1,4,ap_lo;weight;height;ap_hi
12,798,0,0,4,ap_hi;weight;height;ap_lo
12,799,0,0,3,weight;height;ap_lo
12,800,0,0,3,ap_lo;age;ap_hi
12,801,0,0,4,ap_lo;ap_hi;weight;age
12,802,0,0,3,ap_lo;weight;age
12,803,0,0,3,ap_hi;weight;ap_lo
12,804,1,1,3,age;weight;height
12,805,1,1,4,ap_hi;age;ap_lo;weight
12,806,0,1,3,weight;ap_hi;height
12,807,1,1,3,ap_lo;ap_hi;age
12,808,0,0,3,height;weight;ap_hi
12,809,1,1,4,height;ap_hi;weight;age
12,810,0,0,3,height;weight;ap_hi
12,811,1,1,4,age;height;ap_hi;weight
12,812,0,1,4,height;age;weight;ap_lo
12,813,0,0,3,weight;ap_hi;height
12,814,0,0,4,weight;age;ap_hi;height
12,815,0,1,3,ap_hi;ap_lo;weight
12,816,0,0,4,height;weight;ap_lo;age
12,817,0,0,3,height;ap_lo;age
12,818,1,1,4,ap_lo;height;age;weight
12,819,0,0,3,ap_hi;weight;height
12,820,1,0,4,height;weight;ap_hi;ap_lo
12,821,0,0,3,ap_hi;age;ap_lo
12,822,0,0,4,ap_hi;height;ap_lo;age
12,823,0,0,4,ap_lo;age;weight;height
12,824,1,1,4,age;height;ap_hi;weight
12,825,0,0,4,weight;ap_hi;ap_lo;height
12,826,0,1,4,ap_hi;age;weight;height
12,827,1,0,3,ap_lo;ap_hi;weight
12,828,1,1,3,age;weight;ap_hi
12,829,0,1,3,ap_hi;age;height
12,830,1,1,4,ap_hi;height;ap_lo;age
12,831,0,0,3,age;weight;ap_hi
12,832,0,0,3,weight;ap_hi;ap_lo
12,833,1,1,3,height;age;ap_lo
12,834,1,0,3,ap_hi;weight;age
12,835,0,1,4,ap_lo;ap_hi;weight;height
12,836,0,0,4,age;ap_hi;ap_lo;weight
12,837,0,0,3,age;height;weight
12,838,0,0,4,age;height;ap_hi;weight
12,839,0,0,4,height;weight;ap_hi;age
12,840,0,0,3,ap_lo;age;height
12,841,0,0,4,ap_hi;height;age;weight
12,842,0,1,3,ap_lo;age;ap_hi
12,843,1,1,3,weight;ap_hi;ap_lo
12,844,0,0,3,weight;height;ap_lo
12,845,0,1,3,ap_lo;weight;age
12,846,0,0,4,age;height;ap_hi;ap_lo
12,847,1,0,4,age;ap_lo;ap_hi;weight
12,848,0,1,3,height;age;ap_hi
12,849,1,1,3,ap_lo;ap_hi;age
12,850,1,0,3,ap_lo;age;height
12,851,0,0,3,height;ap_hi;weight
12,852,0,0,3,height;age;ap_lo
12,853,1,1,4,ap_hi;ap_lo;height;weight
12,854,1,1,4,ap_hi;weight;age;ap_lo
12,855,1,1,4,age;height;ap_hi;weight
12,856,0,0,3,weight;ap_hi;ap_lo
12,857,1,1,4,height;weight;age;ap_lo
12,858,1,1,3,ap_lo;weight;ap_hi
12,859,0,0,3,weight;ap_hi;ap_lo
12,860,1,1,3,ap_lo;height;age
12,861,1,1,3,ap_hi;ap_lo;weight
12,862,1,1,3,age;weight;ap_lo
12,863,0,0,4,height;ap_lo;weight;ap_hi
12,864,1,1,4,weight;age;ap_lo;height
12,865,0,1,3,age;weight;ap_hi
12,866,1,1,4,age;ap_lo;weight;ap_hi
12,867,1,1,3,ap_hi;age;height
12,868,1,1,4,height;ap_hi;weight;ap_lo
12,869,1,1,4,weight;age;ap_hi;height
12,870,0,0,3,ap_hi;age;height
12,871,1,1,3,height;ap_hi;ap_lo
12,872,0,0,3,age;ap_lo;height
12,873,0,0,4,ap_lo;ap_hi;age;weight
12,874,0,0,3,age;weight;ap_hi
12,875,0,0,4,ap_lo;age;weight;height
12,876,1,1,4,ap_lo;weight;height;ap_hi
12,877,0,0,3,age;height;ap_hi
12,878,1,1,4,weight;ap_hi;height;ap_lo
12,879,1,1,3,ap_hi;height;weight
12,880,1,1,4,age;height;weight;ap_lo
12,881,1,1,4,height;age;weight;ap_hi
12,882,1,1,4,ap_hi;weight;height;ap_lo
12,883,1,1,4,ap_lo;ap_hi;weight;height
12,884,0,0,4,ap_hi;weight;age;height
12,885,1,1,4,weight;ap_hi;height;age
12,886,0,0,4,ap_hi;height;weight;age
12,887,1,1,3,ap_lo;weight;ap_hi
12,888,0,0,4,weight;height;ap_lo;ap_hi
12,889,1,0,3,ap_hi;age;height
12,890,0,0,3,ap_hi;age;height
12,891,0,0,3,height;age;weight
12,892,0,1,3,ap_hi;ap_lo;age
12,893,1,0,3,ap_hi;height;weight
12,894,0,1,4,weight;ap_hi;age;ap_lo
12,895,1,0,4,weight;ap_lo;height;age
12,896,0,1,3,age;height;weight
12,897,1,1,3,age;ap_lo;height
12,898,1,1,3,age;height;weight
12,899,0,0,3,weight;ap_lo;ap_hi
12,900,0,0,4,age;weight;ap_lo;height
12,901,0,0,3,weight;ap_hi;age
12,902,1,0,4,weight;height;ap_lo;ap_hi
12,903,1,1,3,weight;age;height
12,904,1,0,3,age;weight;ap_hi
12,905,0,0,3,ap_lo;weight;height
12,906,0,0,3,ap_lo;height;ap_hi
12,907,1,1,4,weight;age;height;ap_lo
12,908,0,0,4,age;weight;ap_lo;ap_hi
12,909,1,1,3,ap_hi;weight;age
12,910,0,0,3,height;ap_lo;ap_hi
12,911,0,1,4,age;ap_hi;weight;ap_lo
12,912,1,0,3,ap_lo;height;ap_hi
12,913,0,0,4,ap_lo;ap_hi;weight;height
12,914,1,1,4,weight;ap_hi;ap_lo;age
12,915,1,1,3,ap_hi;ap_lo;height
12,916,0,1,3,height;age;ap_hi
12,917,0,0,3,age;height;weight
12,918,0,0,3,ap_hi;weight;age
12,919,1,0,3,height;ap_hi;ap_lo
12,920,1,1,3,weight;ap_lo;age
12,921,1,0,3,ap_lo;weight;ap_hi
12,922,0,1,4,height;weight;ap_lo;age
12,923,0,0,3,weight;age;ap_lo
12,924,1,1,4,ap_lo;ap_hi;height;weight
12,925,1,0,3,ap_hi;age;height
12,926,1,1,3,height;age;ap_hi
12,927,1,1,4,ap_hi;ap_lo;height;weight
12,928,1,1,3,ap_hi;height;weight
12,929,0,0,3,height;age;weight
12,930,0,0,3,weight;ap_hi;age
12,931,1,0,4,ap_hi;weight;height;ap_lo
12,932,0,0,3,ap_hi;weight;ap_lo
12,933,1,1,4,ap_lo;age;weight;ap_hi
12,934,1,1,4,height;age;weight;ap_lo
12,935,1,1,3,ap_hi;weight;height
12,936,0,0,3,ap_hi;height;weight
12,937,1,0,4,age;height;ap_lo;weight
12,938,1,1,4,weight;ap_lo;age;height
12,939,1,0,4,ap_lo;ap_hi;weight;height
12,940,0,0,4,weight;ap_lo;height;ap_hi
12,941,0,1,4,height;age;ap_hi;weight
12,942,0,0,4,age;height;ap_lo;ap_hi
12,943,0,0,4,ap_hi;weight;age;ap_lo
12,944,1,1,4,age;weight;ap_lo;height
12,945,0,0,3,ap_hi;height;age
12,946,0,0,4,age;ap_lo;weight;height
12,947,0,0,4,ap_hi;ap_lo;weight;age
12,948,1,0,3,age;ap_lo;weight
12,949,0,1,4,weight;ap_lo;age;ap_hi
12,950,0,1,4,ap_lo;height;ap_hi;weight
12,951,0,1,3,age;ap_hi;weight
12,952,0,0,3,height;ap_lo;weight
12,953,1,0,4,ap_lo;ap_hi;height;age
12,954,0,0,4,ap_lo;ap_hi;height;age
12,955,0,0,4,ap_hi;weight;ap_lo;age
12,956,1,1,3,age;ap_hi;weight
12,957,0,1,4,height;weight;age;ap_lo
12,958,0,0,4,weight;ap_hi;height;ap_lo
12,959,1,1,4,age;weight;ap_lo;ap_hi
12,960,1,1,4,ap_hi;ap_lo;weight;age
12,961,0,0,4,age;weight;ap_hi;ap_lo
12,962,0,0,4,age;height;weight;ap_hi
12,963,0,1,4,ap_lo;ap_hi;weight;height
12,964,1,1,3,ap_hi;ap_lo;height
12,965,1,1,3,age;weight;height
12,966,1,1,4,ap_lo;ap_hi;height;weight
12,967,1,1,4,age;ap_hi;ap_lo;weight
12,968,1,0,3,ap_hi;age;weight
12,969,1,0,3,age;height;ap_lo
12,970,0,0,3,age;height;ap_lo
12,971,1,1,4,height;age;ap_lo;ap_hi
12,972,1,1,3,ap_lo;ap_hi;weight
12,973,0,0,3,ap_hi;age;weight
12,974,1,1,4,weight;age;ap_lo;height
12,975,1,1,3,ap_lo;height;weight
12,976,1,1,4,ap_lo;ap_hi;weight;height
12,977,0,0,3,ap_lo;height;age
12,978,1,1,3,weight;age;ap_hi
12,979,0,1,4,ap_hi;height;age;weight
12,980,1,1,3,age;weight;ap_hi
12,981,0,0,4,weight;age;ap_hi;ap_lo
12,982,0,0,3,age;ap_lo;weight
12,983,1,0,4,height;ap_lo;age;weight
12,984,1,0,4,ap_hi;age;height;ap_lo
12,985,1,0,3,ap_hi;weight;height
12,986,1,1,4,ap_lo;ap_hi;height;age
12,987,1,0,4,height;ap_lo;weight;ap_hi
12,988,1,0,4,height;ap_lo;age;ap_hi
12,989,1,0,3,ap_lo;height;ap_hi
12,990,1,0,4,weight;height;ap_hi;ap_lo
12,991,0,1,3,ap_lo;weight;height
12,992,1,1,3,weight;height;ap_lo
12,993,0,0,4,weight;age;ap_hi;ap_lo
12,994,1,1,4,height;weight;ap_hi;age
12,995,1,0,3,ap_hi;height;weight
12,996,1,1,3,age;ap_lo;height
12,997,0,1,4,height;ap_hi;ap_lo;weight
12,998,1,0,4,height;ap_hi;age;ap_lo
12,999,1,1,4,ap_lo;age;weight;height
13,0,0,0,3,weight;ap_lo;ap_hi
13,1,0,1,4,ap_lo;height;weight;age
13,2,0,0,4,weight;age;height;ap_hi
13,3,0,0,4,ap_lo;weight;ap_hi;height
13,4,1,0,3,ap_hi;height;weight
13,5,0,0,4,ap_hi;height;age;ap_lo
13,6,0,0,4,age;ap_lo;weight;ap_hi
13,7,0,1,3,ap_lo;ap_hi;age
13,8,0,1,4,weight;ap_lo;ap_hi;age
13,9,1,1,4,height;weight;age;ap_hi
13,10,0,1,3,ap_hi;age;height
13,11,1,1,4,ap_lo;weight;height;ap_hi
13,12,0,0,4,height;weight;ap_hi;ap_lo
13,13,0,1,3,height;weight;ap_hi
13,14,0,1,3,height;age;ap_hi
13,15,0,1,4,ap_lo;ap_hi;age;height
13,16,1,1,4,ap_hi;ap_lo;height;age
13,17,0,0,4,ap_hi;age;weight;height
13,18,0,1,4,weight;height;ap_lo;age
13,19,1,1,4,ap_lo;weight;height;ap_hi
13,20,0,1,3,age;height;ap_hi
13,21,1,1,4,height;weight;ap_lo;ap_hi
13,22,1,0,3,age;ap_lo;weight
13,23,0,0,4,ap_lo;height;ap_hi;age
13,24,1,1,3,ap_lo;ap_hi;weight
13,25,1,1,4,weight;ap_lo;height;age
13,26,1,1,3,age;ap_hi;ap_lo
13,27,0,1,3,ap_hi;age;weight
13,28,0,0,4,ap_lo;height;weight;ap_hi
13,29,0,1,4,age;ap_hi;height;ap_lo
13,30,1,1,3,ap_hi;ap_lo;age
13,31,1,1,4,ap_lo;ap_hi;age;height
13,32,0,0,4,ap_hi;weight;age;height
13,33,1,0,3,ap_hi;weight;ap_lo
13,34,1,1,3,ap_hi;age;ap_lo
13,35,1,1,3,ap_hi;height;ap_lo
13,36,0,1,3,weight;ap_lo;height
13,37,0,1,3,weight;height;age
13,38,0,1,3,height;weight;ap_hi
13,39,1,1,4,weight;ap_lo;height;age
13,40,1,1,3,weight;age;ap_lo
13,41,1,1,3,ap_lo;age;ap_hi
13,42,1,1,3,ap_lo;age;ap_hi
13,43,0,1,3,weight;ap_hi;ap_lo
13,44,1,1,4,weight;ap_hi;age;ap_lo
13,45,1,0,4,height;ap_lo;weight;age
13,46,0,0,3,age;ap_hi;height
13,47,0,0,3,age;weight;ap_lo
13,48,1,1,3,ap_lo;weight;height
13,49,0,0,4,weight;height;ap_hi;ap_lo
13,50,0,0,4,age;height;ap_hi;weight
13,51,0,0,4,ap_lo;age;ap_hi;height
13,52,1,1,4,weight;age;ap_lo;ap_hi
13,53,0,1,4,age;height;ap_lo;weight
13,54,1,1,3,height;weight;ap_hi
13,55,1,0,4,ap_hi;weight;age;ap_lo
13,56,0,1,4,height;ap_lo;ap_hi;weight
13,57,1,1,3,weight;age;height
13,58,1,1,3,height;ap_hi;ap_lo
13,59,0,0,3,ap_hi;age;height
13,60,1,1,4,ap_lo;age;height;weight
13,61,1,1,4,height;age;ap_lo;ap_hi
13,62,0,1,4,height;ap_hi;weight;ap_lo
13,63,1,1,4,height;ap_hi;ap_lo;weight
13,64,0,0,3,height;ap_hi;age
13,65,0,0,3,weight;ap_lo;age
13,66,0,1,3,weight;ap_lo;ap_hi
13,67,0,1,3,ap_lo;ap_hi;weight
13,68,1,1,4,ap_hi;height;ap_lo;age
13,69,0,1,4,age;ap_hi;ap_lo;height
13,70,1,1,4,ap_hi;ap_lo;height;age
13,71,1,1,4,ap_hi;height;ap_lo;age
13,72,0,1,3,age;ap_lo;ap_hi
13,73,0,1,3,ap_hi;ap_lo;weight
13,74,1,1,4,ap_lo;age;weight;height
13,75,1,1,3,height;ap_hi;ap_lo
13,76,0,0,4,ap_hi;weight;height;age
13,77,1,1,4,ap_lo;age;height;ap_hi
13,78,0,0,4,height;ap_hi;ap_lo;age
13,79,1,1,3,ap_lo;weight;age
13,80,0,0,3,weight;height;ap_lo
13,81,1,0,4,weight;height;ap_lo;age
13,82,1,1,3,weight;age;height
13,83,1,0,3,ap_lo;ap_hi;age
13,84,1,1,4,ap_lo;weight;height;age
13,85,0,0,4,age;weight;height;ap_hi
13,86,0,1,3,ap_lo;ap_hi;weight
13,87,0,1,4,weight;age;ap_lo;ap_hi
13,88,0,0,4,ap_lo;age;weight;ap_hi
13,89,1,1,4,ap_lo;ap_hi;age;weight
13,90,1,1,4,weight;height;age;ap_lo
13,91,1,1,4,height;ap_hi;age;ap_lo
13,92,0,0,4,weight;height;age;ap_hi
13,93,1,1,4,height;age;ap_hi;ap_lo
13,94,0,0,3,weight;height;ap_lo
13,95,1,0,3,weight;ap_lo;age
13,96,0,1,3,ap_hi;ap_lo;height
13,97,1,1,4,age;ap_lo;height;ap_hi
13,98,1,1,3,age;ap_hi;weight
13,99,0,1,3,height;weight;age
13,100,0,0,4,weight;ap_hi;ap_lo;age
13,101,1,1,4,ap_lo;ap_hi;height;age
13,102,0,0,3,age;ap_lo;weight
13,103,1,1,3,weight;height;age
13,104,0,0,3,ap_lo;age;weight
13,105,0,0,3,ap_lo;weight;age
13,106,0,0,3,ap_lo;age;ap_hi
13,107,0,0,3,ap_hi;height;ap_lo
13,108,1,1,4,ap_hi;weight;height;ap_lo
13,109,0,0,3,weight;age;ap_lo
13,110,0,1,3,weight;height;age
13,111,0,1,3,weight;ap_hi;ap_lo
13,112,0,1,3,ap_hi;ap_lo;height
13,113,0,1,3,height;weight;ap_lo
13,114,1,1,3,height;ap_lo;weight
13,115,1,1,4,ap_hi;weight;age;ap_lo
13,116,1,0,3,ap_hi;height;ap_lo
13,117,0,1,4,ap_lo;weight;age;ap_hi
13,118,0,0,3,age;ap_hi;weight
13,119,1,1,4,ap_hi;weight;age;height
13,120,0,0,4,ap_hi;height;weight;ap_lo
13,121,1,1,4,ap_lo;age;weight;ap_hi
13,122,0,1,3,weight;height;age
13,123,1,1,3,ap_lo;age;height
13,124,1,1,4,age;height;weight;ap_lo
13,125,0,1,3,ap_hi;age;height
13,126,0,1,3,weight;ap_hi;ap_lo
13,127,1,1,3,weight;ap_hi;height
13,128,0,0,4,weight;height;age;ap_lo
13,129,0,1,3,height;ap_hi;age
13,130,0,0,4,ap_hi;ap_lo;age;height
13,131,0,1,4,age;weight;ap_hi;ap_lo
13,132,1,1,3,age;ap_hi;height
13,133,0,1,3,height;ap_hi;weight
13,134,0,0,3,ap_hi;weight;ap_lo
13,135,1,1,3,height;ap_hi;age
13,136,1,1,4,ap_hi;ap_lo;weight;age
13,137,1,1,4,age;height;ap_hi;weight
13,138,1,1,3,age;ap_lo;weight
13,139,1,0,3,weight;ap_lo;ap_hi
13,140,1,0,3,ap_lo;weight;height
13,141,1,1,4,age;ap_hi;ap_lo;weight
13,142,0,1,3,weight;age;height
13,143,1,1,3,ap_hi;height;ap_lo
13,144,0,0,3,ap_hi;weight;height
13,145,0,0,4,ap_hi;age;ap_lo;weight
13,146,0,0,3,ap_lo;age;height
13,147,1,1,4,ap_lo;ap_hi;weight;age
13,148,0,1,4,weight;ap_lo;age;ap_hi
13,149,1,1,3,height;ap_lo;weight
13,150,0,0,3,height;weight;ap_hi
13,151,1,1,4,ap_hi;age;ap_lo;height
13,152,0,0,4,height;weight;age;ap_lo
13,153,1,0,3,weight;ap_lo;age
13,154,0,1,4,weight;ap_lo;height;ap_hi
13,155,1,0,4,ap_hi;height;ap_lo;age
13,156,1,1,4,ap_hi;ap_lo;age;weight
13,157,0,1,4,ap_lo;ap_hi;height;weight
13,158,1,1,3,age;ap_lo;weight
13,159,0,0,4,age;ap_hi;ap_lo;height
13,160,0,0,4,age;ap_hi;ap_lo;height
13,161,0,1,4,ap_hi;age;weight;ap_lo
13,162,0,0,3,ap_lo;height;ap_hi
13,163,0,0,3,ap_lo;age;height
13,164,0,0,4,age;height;weight;ap_hi
13,165,0,1,4,ap_hi;weight;height;age
13,166,1,1,3,age;ap_lo;weight
13,167,0,1,3,age;ap_lo;weight
13,168,1,1,3,age;height;ap_hi
13,169,1,1,4,weight;ap_hi;height;ap_lo
13,170,1,1,4,height;weight;ap_lo;ap_hi
13,171,1,1,3,weight;ap_hi;ap_lo
13,172,1,1,3,height;ap_hi;weight
13,173,0,0,4,weight;ap_lo;age;height
13,174,1,1,4,weight;height;ap_lo;age
13,175,1,1,4,weight;ap_hi;ap_lo;height
13,176,1,1,3,ap_hi;weight;ap_lo
13,177,1,1,3,ap_lo;age;height
13,178,0,1,4,age;weight;ap_hi;height
13,179,0,0,4,ap_lo;ap_hi;height;weight
13,180,1,1,4,age;height;ap_lo;ap_hi
13,181,0,1,3,weight;height;ap_hi
13,182,1,1,3,ap_lo;age;height
13,183,0,0,3,age;ap_hi;height
13,184,0,1,3,ap_lo;height;age
13,185,1,1,4,height;ap_hi;ap_lo;age
13,186,1,0,3,age;ap_lo;ap_hi
13,187,1,1,4,height;age;ap_lo;ap_hi
13,188,0,1,4,ap_lo;ap_hi;height;weight
13,189,0,1,4,weight;age;ap_hi;height
13,190,0,1,3,ap_lo;ap_hi;age
13,191,0,0,4,height;age;ap_hi;ap_lo
13,192,0,1,4,weight;height;ap_lo;age
13,193,1,1,4,weight;age;height;ap_lo
13,194,1,1,3,height;ap_hi;ap_lo
13,195,1,1,3,ap_hi;weight;height
13,196,1,1,4,ap_hi;height;age;ap_lo
13,197,1,1,4,ap_hi;age;ap_lo;height
13,198,0,1,4,height;ap_lo;ap_hi;weight
13,199,1,1,4,ap_hi;ap_lo;weight;height
13,200,1,0,4,ap_lo;height;ap_hi;weight
13,201,0,0,3,height;weight;ap_lo
13,202,0,1,3,height;ap_lo;age
13,203,0,1,3,ap_lo;weight;height
13,204,0,0,3,weight;ap_lo;height
13,205,0,0,4,ap_hi;height;age;ap_lo
13,206,1,1,3,weight;age;height
13,207,0,0,4,height;age;weight;ap_lo
13,208,1,0,4,ap_lo;age;height;ap_hi
13,209,0,0,3,ap_lo;ap_hi;height
13,210,1,1,3,ap_hi;weight;age
13,211,1,0,3,weight;ap_hi;height
13,212,0,0,4,age;ap_lo;weight;height
13,213,0,1,3,weight;age;ap_hi
13,214,0,0,4,ap_lo;ap_hi;height;age
13,215,1,0,4,ap_hi;age;weight;height
13,216,0,0,3,age;ap_hi;weight
13,217,1,1,3,age;weight;ap_hi
13,218,0,0,4,age;weight;ap_hi;ap_lo
13,219,0,0,4,weight;ap_lo;age;height
13,220,1,1,4,height;ap_hi;age;weight
13,221,0,1,3,weight;ap_lo;height
13,222,0,1,4,ap_hi;age;ap_lo;height
13,223,1,0,4,weight;ap_hi;age;height
13,224,0,0,4,ap_lo;weight;age;height
13,225,1,1,3,ap_hi;ap_lo;age
13,226,0,1,3,ap_hi;ap_lo;height
13,227,1,0,4,weight;ap_hi;age;ap_lo
13,228,0,1,3,ap_lo;age;weight
13,229,0,1,3,weight;height;ap_lo
13,230,1,1,4,ap_hi;ap_lo;height;weight
13,231,0,1,4,weight;ap_lo;age;ap_hi
13,232,1,1,4,height;weight;ap_lo;age
13,233,0,1,3,ap_lo;ap_hi;weight
13,234,1,1,4,age;ap_hi;weight;ap_lo
13,235,1,1,3,ap_lo;height;weight
13,236,1,1,4,height;ap_lo;weight;age
13,237,0,1,3,height;ap_hi;ap_lo
13,238,1,1,4,weight;ap_lo;ap_hi;height
13,239,1,0,3,ap_lo;weight;ap_hi
13,240,1,1,3,weight;age;height
13,241,1,0,3,height;age;ap_lo
13,242,0,1,3,height;age;ap_lo
13,243,0,1,3,ap_lo;ap_hi;height
13,244,1,1,4,age;ap_hi;ap_lo;height
13,245,1,1,4,ap_hi;height;age;ap_lo
13,246,1,1,3,weight;ap_hi;ap_lo
13,247,1,1,4,ap_hi;weight;age;height
13,248,1,1,3,weight;ap_lo;height
13,249,1,1,3,ap_lo;weight;ap_hi
13,250,1,1,4,height;weight;ap_lo;age
13,251,0,0,3,ap_hi;weight;height
13,252,0,0,4,age;height;ap_hi;ap_lo
13,253,0,1,4,ap_lo;weight;age;ap_hi
13,254,1,0,3,ap_lo;age;ap_hi
13,255,1,1,3,ap_hi;age;height
13,256,0,0,3,ap_lo;weight;ap_hi
13,257,0,1,3,ap_lo;age;height
13,258,0,1,3,ap_lo;ap_hi;weight
13,259,1,1,4,height;weight;age;ap_lo
13,260,0,0,3,ap_lo;height;ap_hi
13,261,1,0,3,age;ap_lo;ap_hi
13,262,1,0,3,ap_hi;ap_lo;height
13,263,1,1,4,ap_hi;height;weight;age
13,264,1,1,4,ap_hi;ap_lo;weight;height
13,265,0,0,4,height;ap_lo;ap_hi;weight
13,266,0,0,4,age;ap_hi;weight;ap_lo
13,267,1,1,4,ap_lo;age;height;ap_hi
13,268,0,0,4,height;weight;ap_hi;age
13,269,1,1,4,height;ap_hi;ap_lo;weight
13,270,1,1,4,height;ap_hi;weight;age
13,271,1,1,3,ap_hi;age;ap_lo
13,272,0,1,4,age;height;weight;ap_lo
13,273,1,1,3,age;ap_hi;weight
13,274,0,0,4,ap_hi;height;weight;ap_lo
13,275,1,1,3,age;height;ap_hi
13,276,1,1,4,age;height;ap_lo;weight
13,277,0,1,3,ap_hi;ap_lo;age
13,278,1,1,3,height;ap_lo;age
13,279,0,0,4,ap_lo;ap_hi;weight;age
13,280,0,0,3,age;ap_lo;height
13,281,0,1,4,weight;ap_lo;age;ap_hi
13,282,1,1,3,age;weight;ap_hi
13,283,1,1,4,age;weight;ap_lo;ap_hi
13,284,1,1,4,age;weight;ap_hi;height
13,285,0,0,3,ap_lo;age;weight
13,286,1,1,4,age;ap_lo;height;ap_hi
13,287,1,1,4,age;ap_hi;height;weight
13,288,1,1,4,height;age;weight;ap_lo
13,289,0,0,3,age;ap_hi;ap_lo
13,290,0,1,3,height;ap_lo;age
13,291,0,0,3,ap_hi;height;ap_lo
13,292,0,1,4,ap_lo;ap_hi;weight;height
13,293,1,0,4,age;weight;ap_lo;ap_hi
13,294,1,0,4,height;age;weight;ap_hi
13,295,1,1,3,ap_hi;age;ap_lo
13,296,0,0,3,ap_lo;height;ap_hi
13,297,1,0,4,height;ap_lo;weight;age
13,298,1,1,3,age;height;ap_lo
13,299,1,0,4,ap_hi;ap_lo;weight;height
13,300,0,0,3,ap_lo;height;age
13,301,1,0,3,ap_lo;weight;age
13,302,1,1,4,ap_hi;ap_lo;age;height
13,303,1,1,4,weight;ap_hi;age;ap_lo
13,304,0,1,3,weight;age;ap_lo
13,305,0,1,3,weight;age;ap_hi
13,306,1,0,3,ap_hi;ap_lo;weight
13,307,0,0,4,ap_lo;height;weight;ap_hi
13,308,0,0,4,age;ap_hi;height;weight
13,309,0,0,3,height;age;ap_hi
13,310,0,0,4,age;ap_lo;ap_hi;weight
13,311,0,0,4,age;weight;ap_lo;ap_hi
13,312,0,1,3,ap_hi;height;weight
13,313,0,1,3,height;weight;age
13,314,1,1,4,weight;height;ap_hi;ap_lo
13,315,1,1,4,age;height;weight;ap_hi
13,316,1,1,3,height;age;ap_lo
13,317,1,0,3,ap_hi;height;ap_lo
13,318,0,0,3,height;ap_lo;age
13,319,1,0,3,ap_hi;ap_lo;weight
13,320,1,1,3,ap_hi;ap_lo;age
13,321,1,1,3,age;height;ap_lo
13,322,1,1,3,ap_hi;height;age
13,323,0,0,4,height;age;ap_hi;weight
13,324,0,0,3,ap_lo;weight;ap_hi
13,325,0,1,3,age;height;weight
13,326,1,1,3,height;ap_lo;weight
13,327,1,1,4,height;ap_lo;age;ap_hi
13,328,0,1,3,ap_lo;height;weight
13,329,1,1,3,weight;ap_lo;age
13,330,0,0,4,age;ap_hi;height;ap_lo
13,331,1,1,4,ap_hi;ap_lo;age;weight
13,332,0,0,4,ap_lo;weight;ap_hi;height
13,333,0,0,4,age;ap_hi;height;weight
13,334,1,1,3,ap_hi;height;age
13,335,1,1,4,age;ap_lo;height;ap_hi
13,336,0,1,3,ap_hi;ap_lo;height
13,337,0,0,4,age;height;weight;ap_hi
13,338,0,1,4,ap_hi;height;age;weight
13,339,0,1,4,ap_hi;age;ap_lo;height
13,340,1,1,3,ap_lo;height;ap_hi
13,341,1,1,4,age;ap_hi;height;weight
13,342,1,1,3,ap_lo;age;weight
13,343,1,1,4,ap_lo;age;weight;height
13,344,1,1,3,ap_lo;age;ap_hi
13,345,1,1,4,weight;age;height;ap_hi
13,346,0,0,3,weight;age;ap_hi
13,347,0,0,3,weight;ap_hi;age
13,348,1,1,4,weight;height;ap_lo;age
13,349,0,1,3,height;ap_hi;ap_lo
13,350,1,1,4,height;weight;age;ap_hi
13,351,1,1,3,age;ap_lo;weight
13,352,0,0,3,age;ap_hi;height
13,353,1,1,3,ap_lo;height;age
13,354,1,0,3,weight;age;height
13,355,1,1,3,height;ap_hi;weight
13,356,1,0,4,age;ap_hi;weight;ap_lo
13,357,1,1,3,ap_hi;age;weight
13,358,1,1,4,ap_lo;ap_hi;height;age
13,359,1,1,3,weight;age;ap_hi
13,360,1,1,4,height;ap_hi;weight;ap_lo
13,361,0,1,4,ap_hi;age;height;ap_lo
13,362,1,1,4,ap_lo;age;height;ap_hi
13,363,1,1,4,ap_hi;ap_lo;weight;height
13,364,1,1,3,age;weight;ap_hi
13,365,1,0,4,ap_lo;weight;ap_hi;age
13,366,0,1,3,ap_hi;ap_lo;weight
13,367,1,0,3,ap_hi;height;ap_lo
13,368,1,1,4,ap_hi;weight;height;ap_lo
13,369,0,0,4,height;ap_lo;weight;ap_hi
13,370,1,1,3,height;weight;age
13,371,0,1,4,age;ap_hi;weight;ap_lo
13,372,1,1,3,ap_hi;height;weight
13,373,1,1,3,age;weight;ap_lo
13,374,1,1,3,height;ap_hi;ap_lo
13,375,0,1,3,age;height;ap_lo
13,376,1,0,4,height;ap_hi;age;ap_lo
13,377,1,0,4,age;weight;height;ap_lo
13,378,0,0,3,ap_hi;age;ap_lo
13,379,0,1,4,weight;ap_lo;age;height
13,380,1,0,3,age;ap_lo;ap_hi
13,381,1,1,4,ap_hi;ap_lo;weight;height
13,382,0,1,4,ap_lo;height;weight;ap_hi
13,383,1,1,4,ap_hi;ap_lo;height;age
13,384,1,1,4,age;ap_hi;weight;height
13,385,0,1,4,ap_hi;height;age;ap_lo
13,386,0,1,3,age;ap_hi;weight
13,387,1,1,4,age;height;ap_hi;ap_lo
13,388,0,1,4,age;ap_hi;ap_lo;weight
13,389,0,0,3,ap_hi;height;age
13,390,1,1,4,ap_lo;height;age;ap_hi
13,391,1,0,4,age;ap_lo;ap_hi;height
13,392,0,0,4,age;height;weight;ap_hi
13,393,1,1,4,weight;height;ap_hi;ap_lo
13,394,0,0,3,height;ap_lo;weight
13,395,1,1,3,height;weight;age
13,396,1,1,4,weight;ap_lo;ap_hi;age
13,397,1,1,3,ap_lo;age;weight
13,398,0,0,4,weight;height;ap_hi;ap_lo
13,399,0,1,3,ap_lo;height;age
13,400,1,1,3,age;height;ap_hi
13,401,1,1,3,ap_lo;height;age
13,402,0,1,4,age;ap_hi;weight;ap_lo
13,403,0,0,4,age;height;ap_hi;ap_lo
13,404,0,1,3,weight;ap_hi;age
13,405,0,1,4,weight;ap_hi;ap_lo;height
13,406,0,0,4,ap_hi;height;age;ap_lo
13,407,1,1,4,age;weight;ap_lo;ap_hi
13,408,1,0,4,ap_lo;weight;ap_hi;height
13,409,0,0,4,height;age;ap_lo;ap_hi
13,410,0,0,3,weight;height;ap_lo
13,411,0,1,4,weight;ap_lo;age;ap_hi
13,412,0,1,3,weight;ap_hi;ap_lo
13,413,1,1,4,height;ap_lo;age;ap_hi
13,414,0,0,3,weight;age;ap_hi
13,415,0,1,3,ap_lo;height;weight
13,416,0,0,4,age;ap_hi;height;weight
13,417,0,1,4,age;ap_hi;ap_lo;weight
13,418,0,0,4,ap_hi;age;ap_lo;height
13,419,1,0,3,ap_hi;age;height
13,420,1,0,3,age;ap_lo;weight
13,421,0,0,3,age;weight;ap_lo
13,422,1,1,3,ap_hi;weight;ap_lo
13,423,0,1,3,ap_lo;age;height
13,424,1,1,4,weight;age;ap_lo;height
13,425,1,1,4,age;ap_lo;ap_hi;height
13,426,1,1,4,ap_hi;age;ap_lo;height
13,427,1,1,3,weight;age;height
13,428,0,0,4,ap_lo;height;weight;age
13,429,1,1,3,weight;age;height
13,430,1,0,4,height;age;weight;ap_hi
13,431,1,1,3,age;ap_hi;height
13,432,1,1,4,age;weight;ap_lo;ap_hi
13,433,1,1,4,ap_hi;weight;ap_lo;age
13,434,1,1,4,ap_lo;ap_hi;age;height
13,435,1,1,4,weight;ap_hi;ap_lo;age
13,436,1,1,4,height;age;ap_lo;weight
13,437,1,1,3,ap_hi;age;height
13,438,0,1,3,weight;height;age
13,439,0,1,3,age;ap_lo;weight
13,440,1,0,4,weight;age;ap_hi;ap_lo
13,441,0,0,4,age;ap_hi;weight;height
13,442,0,0,4,ap_hi;height;age;weight
13,443,0,0,4,ap_hi;age;ap_lo;weight
13,444,0,1,4,ap_lo;ap_hi;weight;height
13,445,0,1,4,ap_lo;age;weight;ap_hi
13,446,0,1,3,weight;ap_lo;ap_hi
13,447,1,1,3,age;height;ap_hi
13,448,0,0,4,ap_lo;age;weight;height
13,449,0,0,3,ap_hi;height;ap_lo
13,450,0,1,4,weight;ap_lo;ap_hi;age
13,451,0,1,4,age;weight;height;ap_hi
13,452,1,1,3,ap_hi;ap_lo;age
13,453,1,1,4,height;weight;ap_lo;ap_hi
13,454,1,0,4,age;ap_hi;ap_lo;weight
13,455,0,1,3,age;ap_hi;height
13,456,0,1,3,age;height;ap_lo
13,457,0,0,3,age;ap_hi;weight
13,458,1,1,4,age;weight;ap_lo;height
13,459,1,0,4,age;ap_hi;height;ap_lo
13,460,1,1,4,height;weight;ap_hi;age
13,461,1,0,3,ap_lo;height;age
13,462,0,1,3,ap_lo;ap_hi;age
13,463,0,0,4,ap_hi;weight;ap_lo;height
13,464,1,1,4,height;ap_hi;weight;age
13,465,1,0,4,age;ap_lo;ap_hi;weight
13,466,1,1,3,weight;ap_lo;age
13,467,1,1,4,ap_lo;age;height;weight
13,468,0,1,4,height;weight;ap_lo;age
13,469,1,1,3,height;weight;ap_hi
13,470,1,1,3,age;ap_lo;height
13,471,1,1,4,height;weight;age;ap_lo
13,472,0,1,4,ap_hi;weight;height;age
13,473,1,1,4,ap_lo;ap_hi;height;weight
13,474,1,1,3,weight;height;ap_hi
13,475,0,1,4,weight;ap_hi;age;height
13,476,0,1,3,weight;age;ap_lo
13,477,0,0,3,height;weight;age
13,478,0,0,4,ap_hi;height;age;weight
13,479,0,0,4,age;ap_lo;weight;height
13,480,0,1,3,ap_lo;weight;height
13,481,1,1,4,ap_hi;weight;age;ap_lo
13,482,1,1,4,ap_lo;ap_hi;height;weight
13,483,1,1,3,ap_lo;height;weight
13,484,0,1,4,ap_lo;ap_hi;height;age
13,485,1,0,4,weight;age;height;ap_lo
13,486,1,1,3,height;age;ap_lo
13,487,1,1,3,age;weight;height
13,488,1,1,3,ap_lo;ap_hi;height
13,489,1,1,3,weight;ap_hi;age
13,490,0,1,4,age;ap_lo;weight;height
13,491,0,1,3,weight;height;ap_hi
13,492,0,1,3,height;ap_lo;weight
13,493,1,1,3,age;weight;ap_lo
13,494,1,1,4,height;age;ap_hi;ap_lo
13,495,1,1,4,ap_lo;age;weight;ap_hi
13,496,1,1,3,weight;ap_lo;age
13,497,1,0,3,ap_lo;ap_hi;age
13,498,0,0,4,height;ap_hi;age;ap_lo
13,499,0,0,4,ap_hi;height;ap_lo;age
13,500,0,0,4,weight;height;age;ap_hi
13,501,1,1,4,ap_hi;weight;age;ap_lo
13,502,1,1,4,age;ap_lo;weight;height
13,503,0,1,4,height;ap_lo;ap_hi;weight
13,504,0,0,3,ap_lo;weight;height
13,505,0,0,4,height;weight;ap_hi;ap_lo
13,506,0,0,4,height;weight;ap_lo;age
13,507,1,1,4,ap_hi;ap_lo;age;height
13,508,0,0,3,height;age;ap_hi
13,509,0,1,3,ap_hi;height;weight
13,510,1,1,3,height;weight;age
13,511,0,0,4,ap_lo;age;height;weight
13,512,1,1,3,age;ap_hi;ap_lo
13,513,1,1,4,ap_hi;age;height;ap_lo
13,514,1,1,3,ap_lo;weight;height
13,515,0,0,4,height;weight;ap_hi;ap_lo
13,516,1,1,3,ap_lo;height;weight
13,517,1,0,3,age;height;weight
13,518,0,0,4,ap_lo;height;age;weight
13,519,1,1,3,weight;ap_lo;age
13,520,1,1,3,ap_lo;age;height
13,521,0,0,3,age;ap_lo;weight
13,522,0,1,4,weight;ap_lo;ap_hi;age
13,523,1,0,3,ap_hi;height;ap_lo
13,524,1,1,4,weight;height;age;ap_lo
13,525,0,1,3,ap_lo;ap_hi;age
13,526,0,0,4,weight;ap_hi;ap_lo;age
13,527,1,1,4,ap_lo;ap_hi;height;weight
13,528,0,1,4,weight;height;ap_hi;age
13,529,1,1,3,ap_lo;age;height
13,530,0,0,3,ap_hi;height;age
13,531,1,1,3,age;ap_hi;weight
13,532,0,1,3,weight;ap_lo;age
13,533,1,1,4,weight;height;age;ap_lo
13,534,0,0,3,ap_hi;weight;ap_lo
13,535,1,1,4,ap_hi;weight;age;ap_lo
13,536,1,1,3,ap_hi;height;ap_lo
13,537,1,1,4,weight;ap_hi;ap_lo;height
13,538,0,1,4,ap_lo;height;weight;age
13,539,1,1,3,height;ap_hi;age
13,540,1,1,4,height;age;ap_hi;ap_lo
13,541,1,1,3,age;ap_lo;weight
13,542,1,1,4,height;ap_lo;ap_hi;age
13,543,1,1,4,height;age;ap_hi;ap_lo
13,544,1,1,3,height;age;ap_hi
13,545,0,0,4,age;weight;ap_hi;height
13,546,0,0,3,ap_hi;ap_lo;age
13,547,0,1,3,ap_lo;height;ap_hi
13,548,0,0,4,ap_hi;ap_lo;age;weight
13,549,1,1,4,weight;ap_hi;height;ap_lo
13,550,1,1,4,ap_lo;height;age;weight
13,551,1,0,3,ap_lo;weight;ap_hi
13,552,0,1,3,ap_lo;ap_hi;age
13,553,1,1,3,weight;ap_hi;ap_lo
13,554,0,1,3,age;ap_lo;height
13,555,0,0,3,ap_lo;weight;ap_hi
13,556,1,1,4,height;weight;ap_lo;age
13,557,1,0,4,age;height;ap_hi;ap_lo
13,558,1,0,4,age;weight;ap_lo;ap_hi
13,559,1,1,4,ap_lo;ap_hi;age;weight
13,560,1,1,4,height;ap_lo;weight;age
13,561,0,1,4,ap_hi;weight;age;height
13,562,0,0,3,ap_hi;ap_lo;age
13,563,0,0,4,ap_lo;weight;height;ap_hi
13,564,1,1,4,ap_hi;weight;ap_lo;age
13,565,1,1,3,age;weight;ap_hi
13,566,0,1,4,height;ap_lo;ap_hi;weight
13,567,1,1,4,weight;age;ap_lo;height
13,568,1,1,3,weight;ap_hi;ap_lo
13,569,0,1,3,age;height;ap_hi
13,570,1,0,3,age;ap_hi;ap_lo
13,571,1,0,4,age;ap_hi;weight;height
13,572,0,0,3,ap_hi;weight;height
13,573,1,0,4,age;ap_hi;weight;ap_lo
13,574,1,1,3,ap_hi;age;ap_lo
13,575,0,1,3,weight;height;age
13,576,1,1,4,ap_lo;age;height;ap_hi
13,577,1,1,4,weight;ap_lo;age;height
13,578,1,0,4,ap_lo;ap_hi;height;age
13,579,0,0,4,weight;ap_lo;age;ap_hi
13,580,1,0,4,age;ap_lo;ap_hi;height
13,581,1,1,4,ap_hi;weight;height;ap_lo
13,582,0,0,3,ap_lo;height;age
13,583,0,1,3,height;ap_lo;age
13,584,0,0,4,age;ap_lo;weight;ap_hi
13,585,1,1,3,ap_lo;weight;height
13,586,0,0,4,ap_hi;height;age;weight
13,587,0,1,3,weight;ap_hi;age
13,588,1,1,4,ap_lo;height;age;ap_hi
13,589,1,1,3,ap_lo;ap_hi;weight
13,590,1,1,4,age;ap_lo;ap_hi;weight
13,591,0,1,4,height;ap_lo;ap_hi;age
13,592,0,0,3,height;ap_hi;age
13,593,0,0,4,height;ap_hi;weight;ap_lo
13,594,0,0,4,weight;age;height;ap_hi
13,595,1,1,4,weight;height;age;ap_lo
13,596,1,0,3,ap_hi;age;ap_lo
13,597,0,0,4,age;ap_lo;weight;height
13,598,0,0,3,height;ap_hi;weight
13,599,0,1,4,weight;height;age;ap_lo
13,600,1,0,3,ap_hi;age;height
13,601,1,0,3,ap_hi;weight;ap_lo
13,602,1,1,4,ap_hi;ap_lo;height;age
13,603,1,1,4,weight;ap_lo;height;age
13,604,0,0,4,weight;age;ap_hi;ap_lo
13,605,0,0,4,ap_hi;height;age;ap_lo
13,606,1,1,3,weight;age;height
13,607,1,1,3,age;ap_hi;weight
13,608,0,1,4,age;weight;height;ap_lo
13,609,0,1,3,ap_hi;height;age
13,610,1,0,4,weight;age;ap_lo;height
13,611,1,0,3,weight;age;ap_lo
13,612,0,0,3,ap_lo;weight;age
13,613,0,1,3,age;ap_lo;ap_hi
13,614,0,1,4,age;ap_lo;height;weight
13,615,0,0,4,weight;age;ap_lo;ap_hi
13,616,0,1,3,height;weight;ap_hi
13,617,0,0,4,ap_hi;weight;age;height
13,618,0,1,4,ap_hi;ap_lo;age;weight
13,619,1,1,3,height;ap_hi;ap_lo
13,620,0,0,4,age;height;ap_lo;ap_hi
13,621,1,1,4,ap_hi;height;ap_lo;weight
13,622,0,0,3,height;ap_hi;ap_lo
13,623,1,1,4,height;weight;ap_lo;age
13,624,1,1,4,height;weight;ap_hi;age
13,625,0,0,4,ap_lo;weight;ap_hi;height
13,626,1,1,4,ap_lo;height;weight;ap_hi
13,627,0,1,3,weight;height;ap_hi
13,628,0,0,3,age;height;weight
13,629,0,1,4,age;height;ap_lo;weight
13,630,0,1,3,weight;ap_hi;ap_lo
13,631,1,0,3,height;weight;age
13,632,1,1,4,ap_lo;height;weight;age
13,633,0,0,3,height;age;ap_hi
13,634,0,1,3,age;ap_lo;ap_hi
13,635,1,1,4,weight;ap_hi;age;height
13,636,1,1,4,age;ap_lo;ap_hi;weight
13,637,0,0,4,height;ap_lo;weight;ap_hi
13,638,1,1,4,height;ap_lo;ap_hi;weight
13,639,0,0,3,weight;ap_hi;age
13,640,1,1,3,ap_hi;ap_lo;age
13,641,1,0,4,ap_hi;age;weight;ap_lo
13,642,1,1,4,weight;ap_lo;height;age
13,643,0,1,3,ap_lo;height;age
13,644,1,0,4,age;ap_hi;weight;height
13,645,1,1,3,weight;height;age
13,646,0,0,3,ap_lo;age;height
13,647,0,1,3,ap_lo;age;ap_hi
13,648,0,1,4,age;ap_lo;ap_hi;weight
13,649,0,1,4,ap_lo;height;ap_hi;age
13,650,1,1,4,height;age;ap_hi;ap_lo
13,651,0,1,4,ap_lo;height;weight;ap_hi
13,652,0,0,4,height;ap_lo;age;weight
13,653,0,1,4,weight;ap_lo;age;ap_hi
13,654,0,1,3,height;ap_lo;age
13,655,0,1,4,ap_lo;weight;height;age
13,656,0,1,3,height;ap_hi;ap_lo
13,657,0,1,4,ap_lo;height;age;ap_hi
13,658,1,1,3,ap_lo;ap_hi;height
13,659,0,1,4,ap_lo;weight;height;ap_hi
13,660,1,1,4,height;ap_lo;age;ap_hi
13,661,0,0,3,height;weight;ap_lo
13,662,0,1,3,height;age;ap_hi
13,663,0,1,4,ap_hi;ap_lo;height;weight
13,664,1,1,3,height;ap_hi;age
13,665,1,1,4,height;age;ap_lo;weight
13,666,0,0,3,weight;height;ap_hi
13,667,1,0,3,ap_lo;age;ap_hi
13,668,1,1,3,ap_hi;weight;age
13,669,1,0,3,ap_hi;weight;height
13,670,0,1,3,ap_hi;weight;age
13,671,0,1,4,ap_lo;ap_hi;weight;age
13,672,0,0,4,ap_lo;ap_hi;age;height
13,673,0,0,3,ap_lo;weight;height
13,674,1,0,4,age;ap_lo;weight;ap_hi
13,675,1,1,4,height;weight;ap_lo;age
13,676,1,1,4,ap_hi;height;ap_lo;weight
13,677,1,1,4,ap_lo;weight;ap_hi;age
13,678,0,0,4,height;weight;ap_lo;age
13,679,1,1,3,weight;height;ap_hi
13,680,0,0,4,weight;ap_hi;ap_lo;height
13,681,0,1,4,height;age;ap_hi;weight
13,682,0,0,4,weight;height;ap_hi;ap_lo
13,683,1,1,4,height;age;weight;ap_hi
13,684,0,1,4,ap_hi;height;age;weight
13,685,1,1,4,weight;height;ap_hi;age
13,686,1,1,3,weight;ap_lo;age
13,687,0,0,4,ap_hi;height;age;ap_lo
13,688,1,1,3,ap_hi;age;weight
13,689,1,1,3,weight;age;ap_lo
13,690,0,1,3,age;weight;ap_hi
13,691,0,0,4,ap_hi;age;height;weight
13,692,0,0,3,weight;ap_hi;height
13,693,0,1,3,height;age;ap_lo
13,694,0,1,4,weight;age;height;ap_lo
13,695,1,1,3,ap_lo;height;ap_hi
13,696,0,0,3,age;ap_hi;ap_lo
13,697,1,1,3,weight;ap_hi;ap_lo
13,698,1,0,3,ap_hi;height;ap_lo
13,699,1,0,3,ap_hi;age;ap_lo
13,700,0,1,4,weight;height;age;ap_lo
13,701,0,1,3,weight;ap_hi;age
13,702,0,0,4,weight;ap_hi;ap_lo;height
13,703,0,0,4,age;weight;height;ap_lo
13,704,0,1,3,age;weight;ap_lo
13,705,1,1,3,weight;age;height
13,706,1,0,3,ap_hi;weight;height
13,707,1,1,3,weight;ap_hi;age
13,708,0,1,4,age;ap_hi;weight;ap_lo
13,709,0,0,4,height;ap_lo;ap_hi;age
13,710,0,1,4,weight;ap_lo;age;ap_hi
13,711,0,0,3,weight;height;ap_hi
13,712,1,1,4,weight;ap_lo;ap_hi;height
13,713,1,1,4,weight;ap_lo;age;ap_hi
13,714,1,1,3,weight;ap_hi;ap_lo
13,715,1,1,3,weight;height;age
13,716,1,1,3,height;weight;ap_hi
13,717,0,0,4,age;ap_lo;ap_hi;weight
13,718,0,1,4,ap_hi;ap_lo;age;weight
13,719,1,0,4,height;age;ap_hi;ap_lo
13,720,0,1,4,ap_lo;height;weight;age
13,721,1,1,3,weight;ap_hi;ap_lo
13,722,0,1,4,ap_hi;weight;height;ap_lo
13,723,1,0,3,height;ap_hi;age
13,724,1,1,3,height;weight;ap_lo
13,725,1,1,4,height;ap_hi;weight;age
13,726,1,1,3,weight;age;ap_lo
13,727,1,1,4,ap_lo;height;age;ap_hi
13,728,1,1,4,age;ap_hi;ap_lo;weight
13,729,1,0,3,weight;ap_lo;height
13,730,1,1,3,height;ap_hi;ap_lo
13,731,1,0,3,weight;age;height
13,732,0,1,3,ap_lo;ap_hi;weight
13,733,0,0,4,ap_lo;age;weight;ap_hi
13,734,0,0,3,ap_hi;height;ap_lo
13,735,0,1,3,weight;ap_lo;ap_hi
13,736,0,0,3,weight;ap_hi;ap_lo
13,737,1,1,4,ap_hi;age;height;ap_lo
13,738,0,0,3,age;height;ap_lo
13,739,1,1,3,weight;ap_lo;age
13,740,0,0,4,height;age;ap_hi;weight
13,741,0,1,3,ap_lo;weight;age
13,742,0,0,4,ap_hi;weight;ap_lo;height
13,743,0,0,4,ap_hi;height;age;weight
13,744,1,1,3,ap_lo;height;weight
13,745,0,0,4,ap_lo;weight;ap_hi;age
13,746,0,1,3,weight;ap_hi;height
13,747,0,1,4,weight;ap_hi;ap_lo;height
13,748,0,0,4,weight;height;ap_hi;ap_lo
13,749,0,1,3,age;height;weight
13,750,0,1,3,ap_hi;age;height
13,751,0,1,3,age;ap_lo;weight
13,752,0,1,3,age;height;ap_lo
13,753,1,0,4,ap_lo;ap_hi;height;age
13,754,0,1,3,age;height;ap_lo
13,755,0,1,4,height;age;ap_lo;weight
13,756,1,1,4,age;height;ap_lo;ap_hi
13,757,0,1,3,ap_hi;ap_lo;age
13,758,1,1,3,age;weight;ap_lo
13,759,1,1,4,ap_lo;ap_hi;age;weight
13,760,1,0,4,age;ap_hi;weight;ap_lo
13,761,0,1,4,ap_hi;age;height;weight
13,762,1,1,4,age;ap_lo;weight;ap_hi
13,763,0,1,4,weight;ap_hi;age;height
13,764,0,0,4,ap_hi;weight;height;age
13,765,0,1,3,ap_lo;weight;age
13,766,1,1,4,weight;ap_lo;ap_hi;age
13,767,0,1,4,weight;ap_lo;ap_hi;age
13,768,0,1,3,height;ap_lo;ap_hi
13,769,1,0,3,weight;ap_lo;ap_hi
13,770,0,0,4,ap_lo;height;weight;age
13,771,0,1,3,height;ap_lo;weight
13,772,1,1,3,weight;ap_hi;age
13,773,0,0,3,weight;age;height
13,774,1,0,3,ap_lo;ap_hi;height
13,775,0,0,3,ap_hi;weight;ap_lo
13,776,0,0,4,height;ap_lo;ap_hi;age
13,777,1,1,3,weight;age;ap_lo
13,778,1,0,4,age;ap_hi;ap_lo;height
13,779,0,1,3,age;ap_hi;height
13,780,0,1,4,ap_lo;height;weight;ap_hi
13,781,0,1,3,ap_hi;weight;age
13,782,1,0,4,ap_lo;age;ap_hi;weight
13,783,1,1,4,ap_lo;age;ap_hi;weight
13,784,1,1,4,ap_lo;age;height;weight
13,785,1,1,3,weight;height;ap_lo
13,786,0,0,3,height;ap_lo;age
13,787,0,1,3,height;ap_hi;age
13,788,1,1,4,ap_lo;ap_hi;age;weight
13,789,1,1,4,ap_hi;height;ap_lo;age
13,790,0,0,3,ap_lo;weight;ap_hi
13,791,0,0,4,weight;height;ap_lo;age
13,792,0,0,3,ap_lo;weight;height
13,793,0,1,3,ap_lo;weight;age
13,794,0,1,3,height;ap_lo;weight
13,795,0,1,4,ap_lo;age;ap_hi;height
13,796,0,1,3,height;weight;ap_hi
13,797,0,1,3,weight;age;height
13,798,0,1,4,weight;height;ap_lo;age
13,799,0,0,3,ap_hi;height;age
13,800,0,0,4,age;ap_hi;ap_lo;weight
13,801,0,0,3,age;ap_hi;ap_lo
13,802,0,1,3,ap_hi;height;age
13,803,0,0,3,height;weight;ap_hi
13,804,1,0,4,ap_hi;age;ap_lo;weight
13,805,1,1,4,height;weight;ap_lo;age
13,806,0,1,3,ap_hi;age;ap_lo
13,807,1,1,4,height;age;ap_hi;weight
13,808,0,0,4,weight;height;ap_hi;ap_lo
13,809,1,1,3,height;age;ap_hi
13,810,0,0,4,weight;ap_hi;height;ap_lo
13,811,1,1,4,height;ap_lo;age;ap_hi
13,812,0,1,4,height;ap_hi;ap_lo;weight
13,813,0,1,3,ap_lo;height;age
13,814,0,0,4,ap_lo;ap_hi;height;age
13,815,0,1,4,height;age;ap_lo;ap_hi
13,816,0,0,4,height;ap_lo;ap_hi;weight
13,817,0,1,3,weight;height;age
13,818,1,1,4,ap_hi;height;weight;age
13,819,0,0,3,weight;height;ap_hi
13,820,1,1,3,age;weight;ap_lo
13,821,0,1,3,age;weight;ap_lo
13,822,0,1,3,age;height;weight
13,823,0,1,4,weight;ap_lo;age;height
13,824,1,1,3,weight;height;ap_lo
13,825,0,1,3,ap_hi;age;weight
13,826,0,1,4,ap_hi;weight;height;age
13,827,1,0,4,height;ap_hi;ap_lo;weight
13,828,1,1,3,ap_lo;age;height
13,829,0,1,4,height;weight;age;ap_hi
13,830,1,1,4,height;age;weight;ap_hi
13,831,0,1,3,weight;ap_lo;age
13,832,0,0,3,weight;ap_hi;height
13,833,1,1,3,height;ap_lo;age
13,834,1,1,4,height;ap_lo;age;weight
13,835,0,0,3,age;ap_hi;ap_lo
13,836,0,1,3,weight;age;height
13,837,0,0,4,height;age;ap_hi;weight
13,838,0,1,4,ap_lo;height;age;ap_hi
13,839,0,0,3,ap_lo;height;ap_hi
13,840,0,0,4,age;weight;height;ap_hi
13,841,0,0,4,weight;height;age;ap_hi
13,842,0,1,3,weight;age;height
13,843,1,1,3,ap_lo;height;age
13,844,0,1,4,age;height;ap_lo;ap_hi
13,845,0,1,4,age;weight;ap_lo;ap_hi
13,846,0,0,3,weight;height;ap_lo
13,847,1,0,4,age;ap_lo;ap_hi;height
13,848,0,1,3,height;age;ap_hi
13,849,1,1,3,ap_hi;ap_lo;weight
13,850,1,0,3,weight;age;ap_lo
13,851,0,0,4,age;weight;ap_lo;height
13,852,0,0,3,ap_hi;age;ap_lo
13,853,1,1,3,height;ap_lo;age
13,854,1,0,3,age;height;weight
13,855,1,0,3,ap_hi;age;weight
13,856,0,0,3,ap_lo;ap_hi;weight
13,857,1,1,3,height;ap_hi;age
13,858,1,0,4,ap_hi;weight;age;height
13,859,0,1,3,height;weight;ap_lo
13,860,1,0,3,ap_hi;ap_lo;height
13,861,1,1,4,ap_hi;ap_lo;age;height
13,862,1,1,4,ap_lo;age;ap_hi;height
13,863,0,1,3,ap_hi;weight;ap_lo
13,864,1,0,4,ap_hi;weight;age;height
13,865,0,1,3,ap_lo;age;weight
13,866,1,1,3,ap_hi;weight;height
13,867,1,1,3,age;height;weight
13,868,1,1,4,ap_lo;age;weight;height
13,869,1,1,4,height;ap_lo;weight;age
13,870,0,0,3,age;ap_lo;ap_hi
13,871,1,1,4,age;height;ap_lo;ap_hi
13,872,0,1,3,height;weight;ap_hi
13,873,0,0,4,ap_hi;weight;age;height
13,874,0,0,3,weight;height;ap_hi
13,875,0,0,4,age;ap_hi;weight;ap_lo
13,876,1,1,3,ap_lo;weight;age
13,877,0,0,3,age;ap_lo;ap_hi
13,878,1,1,4,ap_lo;age;weight;height
13,879,1,1,3,ap_lo;height;ap_hi
13,880,1,1,4,ap_lo;height;age;ap_hi
13,881,1,1,3,ap_hi;age;ap_lo
13,882,1,1,4,age;ap_lo;height;ap_hi
13,883,1,1,3,age;height;weight
13,884,0,0,4,age;height;ap_hi;weight
13,885,1,1,3,weight;age;ap_hi
13,886,0,1,3,weight;height;age
13,887,1,1,4,ap_lo;weight;ap_hi;height
13,888,0,1,3,height;ap_lo;weight
13,889,1,0,4,ap_hi;weight;ap_lo;height
13,890,0,0,4,age;weight;ap_hi;height
13,891,0,1,4,ap_lo;ap_hi;height;weight
13,892,0,1,4,height;ap_lo;age;ap_hi
13,893,1,0,4,height;ap_lo;weight;age
13,894,0,1,3,weight;ap_lo;ap_hi
13,895,1,1,4,ap_hi;ap_lo;weight;age
13,896,0,1,3,weight;ap_lo;height
13,897,1,0,4,age;ap_hi;height;weight
13,898,1,1,4,age;ap_lo;weight;ap_hi
13,899,0,0,4,ap_hi;weight;age;ap_lo
13,900,0,1,3,weight;age;ap_lo
13,901,0,0,3,ap_hi;age;height
13,902,1,1,4,height;age;weight;ap_hi
13,903,1,1,3,ap_lo;height;age
13,904,1,0,4,age;ap_lo;ap_hi;height
13,905,0,0,4,age;weight;height;ap_lo
13,906,0,0,4,age;ap_hi;height;weight
13,907,1,1,3,age;ap_lo;weight
13,908,0,0,4,age;ap_lo;height;weight
13,909,1,1,4,ap_hi;ap_lo;weight;height
13,910,0,1,4,weight;height;age;ap_lo
13,911,0,0,3,ap_hi;weight;height
13,912,1,0,4,weight;ap_lo;ap_hi;height
13,913,0,1,4,ap_lo;ap_hi;weight;age
13,914,1,1,4,ap_lo;weight;ap_hi;age
13,915,1,1,4,age;weight;ap_lo;height
13,916,0,1,3,ap_lo;age;weight
13,917,0,0,3,ap_lo;age;ap_hi
13,918,0,1,3,ap_lo;age;weight
13,919,1,0,3,ap_hi;height;ap_lo
13,920,1,1,3,weight;age;height
13,921,1,0,3,height;ap_hi;ap_lo
13,922,0,1,3,ap_hi;weight;age
13,923,0,1,4,height;ap_hi;ap_lo;weight
13,924,1,1,4,height;age;ap_hi;ap_lo
13,925,1,1,3,ap_hi;ap_lo;height
13,926,1,1,3,height;weight;ap_lo
13,927,1,0,4,ap_lo;age;ap_hi;weight
13,928,1,1,4,age;ap_hi;height;ap_lo
13,929,0,0,3,age;weight;ap_hi
13,930,0,0,3,weight;age;ap_lo
13,931,1,1,4,age;ap_lo;ap_hi;height
13,932,0,1,3,height;age;ap_hi
13,933,1,1,3,height;ap_lo;age
13,934,1,1,4,age;ap_lo;weight;height
13,935,1,1,4,ap_hi;weight;ap_lo;height
13,936,0,0,4,age;height;weight;ap_hi
13,937,1,0,4,ap_lo;ap_hi;age;weight
13,938,1,1,3,ap_hi;age;ap_lo
13,939,1,0,4,age;height;ap_hi;ap_lo
13,940,0,1,3,ap_lo;height;age
13,941,0,1,4,ap_hi;weight;age;height
13,942,0,1,3,weight;ap_hi;age
13,943,0,0,4,ap_lo;weight;height;age
13,944,1,1,4,weight;height;age;ap_hi
13,945,0,0,4,ap_lo;ap_hi;age;weight
13,946,0,0,3,height;weight;age
13,947,0,0,3,ap_hi;age;height
13,948,1,1,4,height;age;ap_hi;weight
13,949,0,1,3,ap_lo;ap_hi;age
13,950,0,1,4,age;weight;ap_lo;ap_hi
13,951,0,1,4,height;age;weight;ap_lo
13,952,0,1,3,height;weight;age
13,953,1,1,3,height;weight;age
13,954,0,0,4,age;weight;ap_lo;height
13,955,0,0,4,ap_hi;age;ap_lo;weight
13,956,1,1,3,ap_lo;height;weight
13,957,0,1,4,ap_lo;age;height;ap_hi
13,958,0,1,4,weight;ap_hi;height;age
13,959,1,0,4,weight;height;age;ap_lo
13,960,1,1,3,age;weight;ap_lo
13,961,0,1,3,weight;ap_lo;height
13,962,0,0,3,weight;ap_lo;ap_hi
13,963,0,0,3,ap_hi;age;height
13,964,1,1,3,ap_lo;ap_hi;height
13,965,1,1,3,ap_lo;age;height
13,966,1,0,4,ap_hi;weight;ap_lo;height
13,967,1,0,3,ap_hi;age;height
13,968,1,1,3,weight;height;ap_lo
13,969,1,1,3,weight;age;height
13,970,0,1,3,age;height;weight
13,971,1,1,4,age;ap_hi;height;ap_lo
13,972,1,1,3,ap_lo;height;ap_hi
13,973,0,0,4,age;weight;height;ap_lo
13,974,1,0,3,ap_lo;age;weight
13,975,1,1,4,ap_lo;weight;ap_hi;height
13,976,1,0,3,ap_hi;age;weight
13,977,0,0,3,ap_lo;weight;ap_hi
13,978,1,1,3,age;height;ap_hi
13,979,0,1,3,ap_hi;ap_lo;weight
13,980,1,1,3,ap_lo;age;height
13,981,0,0,3,age;ap_hi;ap_lo
13,982,0,0,3,ap_lo;weight;age
13,983,1,1,3,ap_hi;ap_lo;height
13,984,1,1,4,ap_hi;ap_lo;age;weight
13,985,1,0,4,ap_hi;ap_lo;height;weight
13,986,1,1,3,ap_lo;height;weight
13,987,1,0,4,ap_lo;height;ap_hi;weight
13,988,1,1,4,ap_hi;height;ap_lo;age
13,989,1,1,4,ap_lo;height;weight;ap_hi
13,990,1,0,4,age;weight;ap_lo;height
13,991,0,1,4,weight;height;ap_lo;age
13,992,1,1,4,height;ap_lo;ap_hi;weight
13,993,0,0,3,height;weight;age
13,994,1,0,4,age;ap_lo;weight;height
13,995,1,1,3,weight;ap_lo;height
13,996,1,1,4,ap_lo;ap_hi;weight;height
13,997,0,1,3,age;ap_hi;height
13,998,1,0,4,age;ap_lo;height;ap_hi
13,999,1,1,4,weight;ap_lo;height;ap_hi
14,0,0,1,3,ap_lo;age;ap_hi
14,1,0,1,3,age;ap_lo;ap_hi
14,2,0,1,4,ap_hi;age;ap_lo;height
14,3,0,1,4,age;ap_hi;ap_lo;weight
14,4,1,0,3,age;ap_hi;height
14,5,0,1,3,weight;ap_lo;age
14,6,0,1,4,ap_hi;ap_lo;height;weight
14,7,0,1,3,height;weight;age
14,8,0,1,4,height;age;weight;ap_hi
14,9,1,1,4,ap_hi;age;height;weight
14,10,0,1,3,ap_lo;height;age
14,11,1,1,4,height;ap_lo;age;ap_hi
14,12,0,1,3,weight;ap_hi;age
14,13,0,1,4,ap_hi;weight;age;ap_lo
14,14,0,0,4,age;ap_hi;height;ap_lo
14,15,0,0,3,weight;ap_lo;ap_hi
14,16,1,1,3,height;ap_lo;weight
14,17,0,0,4,weight;ap_lo;ap_hi;height
14,18,0,0,3,ap_lo;height;weight
14,19,1,1,4,weight;age;ap_hi;ap_lo
14,20,0,1,4,ap_lo;weight;ap_hi;age
14,21,1,1,4,ap_lo;weight;age;ap_hi
14,22,1,1,4,ap_lo;height;ap_hi;weight
14,23,0,1,4,height;ap_hi;age;weight
14,24,1,1,4,height;ap_hi;age;weight
14,25,1,1,3,weight;age;ap_hi
14,26,1,1,4,height;ap_hi;age;ap_lo
14,27,0,1,4,ap_hi;age;ap_lo;height
14,28,0,0,4,weight;ap_hi;height;age
14,29,0,1,4,height;ap_lo;weight;ap_hi
14,30,1,1,3,ap_lo;ap_hi;weight
14,31,1,1,3,weight;ap_hi;age
14,32,0,0,4,weight;ap_hi;age;height
14,33,1,0,3,height;age;ap_lo
14,34,1,1,4,weight;age;ap_hi;ap_lo
14,35,1,1,4,ap_hi;ap_lo;height;weight
14,36,0,0,4,ap_hi;age;height;ap_lo
14,37,0,1,4,height;age;weight;ap_lo
14,38,0,1,4,ap_hi;age;weight;ap_lo
14,39,1,1,4,ap_lo;weight;age;height
14,40,1,1,3,height;ap_hi;age
14,41,1,1,4,weight;age;height;ap_hi
14,42,1,1,3,height;weight;ap_lo
14,43,0,1,4,height;weight;age;ap_hi
14,44,1,1,3,height;ap_lo;ap_hi
14,45,1,1,4,ap_hi;weight;age;height
14,46,0,1,4,height;ap_hi;age;weight
14,47,0,1,3,height;ap_lo;weight
14,48,1,1,4,age;ap_lo;weight;ap_hi
14,49,0,1,4,weight;ap_hi;ap_lo;height
14,50,0,0,3,height;ap_hi;age
14,51,0,0,4,weight;age;height;ap_lo
14,52,1,1,3,ap_lo;height;ap_hi
14,53,0,1,3,weight;ap_lo;age
14,54,1,1,4,ap_hi;height;weight;age
14,55,1,0,4,height;weight;age;ap_lo
14,56,0,1,3,ap_lo;weight;height
14,57,1,1,3,ap_lo;ap_hi;weight
14,58,1,1,4,ap_hi;height;weight;age
14,59,0,0,3,weight;ap_hi;age
14,60,1,1,4,age;ap_lo;weight;ap_hi
14,61,1,1,4,ap_lo;ap_hi;height;weight
14,62,0,0,4,weight;ap_hi;age;ap_lo
14,63,1,1,3,weight;ap_hi;age
14,64,0,0,4,ap_hi;age;ap_lo;weight
14,65,0,0,4,ap_hi;ap_lo;height;age
14,66,0,1,4,ap_hi;height;ap_lo;weight
14,67,0,1,4,age;weight;ap_hi;height
14,68,1,1,3,ap_lo;ap_hi;weight
14,69,0,1,3,weight;ap_lo;ap_hi
14,70,1,1,4,ap_lo;height;ap_hi;age
14,71,1,1,3,height;age;weight
14,72,0,1,3,ap_lo;weight;height
14,73,0,0,3,age;ap_lo;ap_hi
14,74,1,1,4,weight;ap_lo;age;ap_hi
14,75,1,0,4,height;ap_lo;ap_hi;weight
14,76,0,0,4,age;ap_hi;weight;height
14,77,1,1,3,weight;ap_hi;ap_lo
14,78,0,0,4,weight;ap_lo;height;ap_hi
14,79,1,1,3,ap_lo;ap_hi;height
14,80,0,1,3,weight;height;ap_hi
14,81,1,0,3,height;age;weight
14,82,1,1,4,ap_hi;age;height;weight
14,83,1,1,3,height;age;ap_lo
14,84,1,1,4,ap_hi;height;ap_lo;age
14,85,0,1,4,age;weight;ap_lo;height
14,86,0,1,3,ap_lo;ap_hi;age
14,87,0,1,3,weight;ap_lo;height
14,88,0,0,4,height;ap_hi;age;weight
14,89,1,1,3,ap_lo;age;height
14,90,1,1,4,age;weight;ap_lo;height
14,91,1,0,4,weight;ap_lo;ap_hi;height
14,92,0,1,3,height;weight;ap_lo
14,93,1,1,4,age;height;weight;ap_hi
14,94,0,0,3,ap_hi;ap_lo;height
14,95,1,0,4,weight;ap_lo;age;ap_hi
14,96,0,1,3,weight;ap_lo;ap_hi
14,97,1,1,3,ap_lo;ap_hi;age
14,98,1,1,4,ap_hi;age;height;ap_lo
14,99,0,1,3,weight;age;height
14,100,0,0,3,age;ap_hi;ap_lo
14,101,1,1,4,age;weight;ap_hi;ap_lo
14,102,0,1,3,age;ap_lo;weight
14,103,1,1,4,weight;height;age;ap_hi
14,104,0,0,3,height;age;weight
14,105,0,0,3,ap_lo;ap_hi;age
14,106,0,0,4,height;weight;ap_lo;age
14,107,0,0,4,age;ap_lo;height;ap_hi
14,108,1,1,4,weight;age;ap_lo;height
14,109,0,0,4,ap_hi;age;weight;height
14,110,0,1,3,ap_hi;age;weight
14,111,0,0,3,height;age;ap_lo
14,112,0,1,4,ap_lo;weight;age;height
14,113,0,1,3,weight;height;ap_lo
14,114,1,1,3,height;ap_lo;weight
14,115,1,1,4,height;ap_lo;weight;age
14,116,1,0,3,ap_lo;weight;ap_hi
14,117,0,1,4,weight;ap_lo;age;height
14,118,0,1,3,height;age;ap_lo
14,119,1,1,4,ap_lo;age;height;ap_hi
14,120,0,1,4,weight;ap_lo;ap_hi;age
14,121,1,1,4,height;ap_lo;ap_hi;weight
14,122,0,1,4,weight;age;height;ap_lo
14,123,1,1,4,height;ap_hi;weight;ap_lo
14,124,1,1,4,weight;ap_lo;age;height
14,125,0,1,3,ap_hi;height;age
14,126,0,1,4,ap_hi;height;age;ap_lo
14,127,1,1,4,height;ap_lo;ap_hi;weight
14,128,0,0,3,weight;age;ap_hi
14,129,0,1,4,ap_lo;ap_hi;height;weight
14,130,0,0,4,age;height;ap_hi;ap_lo
14,131,0,1,4,weight;ap_lo;ap_hi;height
14,132,1,0,4,ap_lo;weight;age;height
14,133,0,0,4,weight;ap_hi;height;ap_lo
14,134,0,1,4,height;ap_hi;weight;age
14,135,1,0,3,ap_hi;age;ap_lo
14,136,1,1,3,weight;ap_hi;height
14,137,1,1,3,weight;height;age
14,138,1,0,3,height;weight;ap_lo
14,139,1,0,4,ap_hi;ap_lo;age;height
14,140,1,1,4,height;age;weight;ap_hi
14,141,1,1,4,ap_hi;weight;ap_lo;age
14,142,0,1,4,height;weight;age;ap_hi
14,143,1,1,4,ap_hi;weight;age;ap_lo
14,144,0,0,3,height;ap_hi;ap_lo
14,145,0,1,4,weight;ap_lo;ap_hi;height
14,146,0,1,3,weight;ap_lo;height
14,147,1,1,4,height;weight;ap_hi;ap_lo
14,148,0,1,4,ap_hi;age;ap_lo;weight
14,149,1,1,4,weight;age;ap_hi;ap_lo
14,150,0,0,4,ap_lo;age;weight;ap_hi
14,151,1,1,4,ap_lo;height;ap_hi;age
14,152,0,0,4,age;weight;height;ap_hi
14,153,1,0,3,weight;age;ap_lo
14,154,0,0,3,age;height;ap_lo
14,155,1,1,3,weight;height;age
14,156,1,0,4,weight;height;ap_lo;ap_hi
14,157,0,1,4,age;ap_hi;ap_lo;height
14,158,1,1,3,height;weight;ap_hi
14,159,0,0,4,ap_hi;height;ap_lo;age
14,160,0,1,4,weight;height;ap_hi;ap_lo
14,161,0,1,3,ap_hi;weight;age
14,162,0,1,3,ap_lo;age;ap_hi
14,163,0,0,4,height;age;ap_lo;ap_hi
14,164,0,0,4,weight;ap_hi;ap_lo;age
14,165,0,1,4,height;ap_hi;ap_lo;age
14,166,1,1,4,ap_hi;weight;age;height
14,167,0,1,4,weight;ap_lo;ap_hi;age
14,168,1,1,3,ap_hi;height;weight
14,169,1,1,4,height;ap_hi;ap_lo;weight
14,170,1,1,3,weight;age;height
14,171,1,1,4,weight;height;ap_lo;ap_hi
14,172,1,1,4,age;ap_hi;ap_lo;height
14,173,0,1,3,ap_hi;ap_lo;weight
14,174,1,1,4,ap_hi;ap_lo;weight;height
14,175,1,1,4,weight;ap_hi;height;age
14,176,1,1,3,height;ap_hi;age
14,177,1,1,3,ap_lo;weight;age
14,178,0,1,3,weight;ap_lo;height
14,179,0,0,3,weight;ap_lo;age
14,180,1,1,4,height;ap_lo;ap_hi;weight
14,181,0,1,3,ap_hi;ap_lo;height
14,182,1,1,4,ap_lo;age;weight;height
14,183,0,0,3,age;ap_lo;height
14,184,0,1,3,ap_lo;height;age
14,185,1,1,4,ap_lo;height;ap_hi;age
14,186,1,1,4,ap_lo;height;age;ap_hi
14,187,1,1,4,ap_hi;ap_lo;height;weight
14,188,0,1,3,ap_lo;ap_hi;weight
14,189,0,1,4,age;ap_lo;ap_hi;weight
14,190,0,1,4,weight;ap_lo;age;ap_hi
14,191,0,0,4,ap_hi;ap_lo;age;height
14,192,0,0,4,ap_lo;ap_hi;weight;height
14,193,1,1,3,age;weight;ap_lo
14,194,1,1,3,age;ap_hi;height
14,195,1,1,4,height;ap_hi;age;weight
14,196,1,1,3,height;age;ap_lo
14,197,1,1,3,ap_hi;ap_lo;weight
14,198,0,1,3,height;ap_lo;age
14,199,1,1,3,ap_lo;age;ap_hi
14,200,1,0,4,ap_hi;weight;height;ap_lo
14,201,0,0,3,ap_hi;ap_lo;height
14,202,0,0,4,ap_hi;height;weight;age
14,203,0,1,3,height;ap_hi;weight
14,204,0,0,4,height;weight;age;ap_hi
14,205,0,0,4,ap_hi;height;age;ap_lo
14,206,1,1,4,ap_hi;height;ap_lo;weight
14,207,0,0,3,height;ap_lo;ap_hi
14,208,1,1,4,weight;ap_lo;age;ap_hi
14,209,0,1,3,height;ap_hi;age
14,210,1,0,4,weight;height;ap_lo;ap_hi
14,211,1,1,4,weight;ap_lo;height;age
14,212,0,0,3,age;ap_hi;weight
14,213,0,1,4,ap_lo;height;ap_hi;age
14,214,0,0,4,ap_hi;height;ap_lo;age
14,215,1,1,3,ap_hi;weight;ap_lo
14,216,0,1,4,ap_lo;ap_hi;weight;height
14,217,1,1,4,ap_lo;height;weight;age
14,218,0,1,4,weight;height;age;ap_lo
14,219,0,0,4,height;age;weight;ap_lo
14,220,1,0,4,ap_lo;ap_hi;age;height
14,221,0,0,4,age;ap_lo;ap_hi;height
14,222,0,1,3,age;weight;ap_lo
14,223,1,1,3,ap_hi;ap_lo;weight
14,224,0,0,3,ap_hi;height;age
14,225,1,1,4,age;height;weight;ap_lo
14,226,0,1,3,height;age;weight
14,227,1,1,3,ap_lo;age;ap_hi
14,228,0,0,4,ap_hi;height;ap_lo;weight
14,229,0,1,3,ap_hi;weight;ap_lo
14,230,1,1,3,age;weight;height
14,231,0,1,3,age;height;weight
14,232,1,1,3,height;weight;ap_lo
14,233,0,1,4,ap_lo;age;ap_hi;weight
14,234,1,1,3,age;height;weight
14,235,1,1,3,age;ap_hi;weight
14,236,1,1,3,age;ap_lo;weight
14,237,0,1,4,weight;age;ap_hi;height
14,238,1,1,3,ap_lo;weight;ap_hi
14,239,1,1,4,ap_hi;ap_lo;age;height
14,240,1,1,4,age;height;weight;ap_hi
14,241,1,0,4,weight;ap_lo;age;height
14,242,0,1,4,weight;age;ap_hi;height
14,243,0,1,4,ap_hi;age;ap_lo;weight
14,244,1,1,4,age;ap_lo;ap_hi;weight
14,245,1,1,3,ap_hi;weight;height
14,246,1,1,3,ap_hi;weight;height
14,247,1,0,3,ap_lo;weight;age
14,248,1,1,3,age;ap_lo;height
14,249,1,1,4,ap_lo;height;weight;ap_hi
14,250,1,1,4,height;ap_lo;ap_hi;age
14,251,0,0,3,weight;ap_hi;height
14,252,0,0,4,height;weight;ap_hi;age
14,253,0,0,4,height;ap_hi;age;ap_lo
14,254,1,0,4,height;ap_hi;ap_lo;weight
14,255,1,1,3,age;ap_hi;weight
14,256,0,1,3,age;ap_hi;height
14,257,0,1,4,ap_hi;age;ap_lo;height
14,258,0,1,4,ap_hi;ap_lo;weight;age
14,259,1,1,3,weight;age;ap_hi
14,260,0,0,3,ap_lo;weight;age
14,261,1,0,3,age;ap_lo;height
14,262,1,1,4,age;ap_hi;ap_lo;height
14,263,1,1,4,height;age;ap_lo;ap_hi
14,264,1,1,3,age;weight;ap_hi
14,265,0,1,4,ap_hi;height;age;ap_lo
14,266,0,1,3,height;ap_hi;weight
14,267,1,1,3,ap_hi;height;age
14,268,0,0,4,age;ap_hi;height;weight
14,269,1,1,4,ap_hi;age;ap_lo;height
14,270,1,1,4,height;weight;ap_hi;age
14,271,1,1,3,ap_hi;height;age
14,272,0,1,3,age;ap_hi;ap_lo
14,273,1,1,3,age;weight;ap_lo
14,274,0,1,3,ap_hi;height;ap_lo
14,275,1,1,3,height;ap_hi;age
14,276,1,1,3,age;weight;height
14,277,0,1,4,height;age;ap_hi;ap_lo
14,278,1,1,4,height;ap_lo;weight;ap_hi
14,279,0,1,3,ap_hi;ap_lo;height
14,280,0,1,4,ap_hi;height;ap_lo;age
14,281,0,0,3,ap_hi;weight;height
14,282,1,0,3,weight;height;ap_lo
14,283,1,1,3,height;ap_hi;weight
14,284,1,0,3,weight;height;ap_lo
14,285,0,0,4,ap_hi;weight;age;height
14,286,1,1,4,age;ap_hi;weight;ap_lo
14,287,1,1,3,age;ap_lo;height
14,288,1,1,3,weight;ap_hi;age
14,289,0,0,3,ap_hi;weight;age
14,290,0,1,3,weight;ap_lo;ap_hi
14,291,0,1,4,age;ap_hi;ap_lo;height
14,292,0,1,3,weight;ap_hi;height
14,293,1,0,4,ap_hi;height;weight;ap_lo
14,294,1,1,4,ap_hi;age;weight;ap_lo
14,295,1,0,3,weight;ap_lo;ap_hi
14,296,0,1,3,ap_hi;height;weight
14,297,1,0,4,age;ap_hi;weight;height
14,298,1,0,3,height;weight;ap_hi
14,299,1,1,3,ap_lo;ap_hi;weight
14,300,0,0,4,height;ap_lo;age;weight
14,301,1,0,3,ap_lo;age;ap_hi
14,302,1,1,4,ap_hi;height;age;ap_lo
14,303,1,1,4,ap_hi;age;ap_lo;weight
14,304,0,1,4,ap_hi;ap_lo;weight;age
14,305,0,1,3,ap_hi;height;age
14,306,1,0,3,age;weight;height
14,307,0,0,4,weight;ap_hi;age;ap_lo
14,308,0,0,3,height;weight;ap_lo
14,309,0,1,4,age;ap_lo;weight;ap_hi
14,310,0,0,4,ap_lo;weight;age;height
14,311,0,1,3,ap_lo;height;age
14,312,0,1,3,ap_hi;weight;age
14,313,0,1,4,age;height;weight;ap_hi
14,314,1,1,4,ap_hi;weight;height;age
14,315,1,1,3,age;ap_hi;weight
14,316,1,1,3,ap_hi;weight;height
14,317,1,1,4,age;ap_lo;weight;height
14,318,0,0,4,ap_hi;ap_lo;age;height
14,319,1,1,4,ap_lo;age;weight;height
14,320,1,1,4,age;ap_hi;height;weight
14,321,1,1,4,age;height;weight;ap_lo
14,322,1,1,4,age;ap_lo;ap_hi;weight
14,323,0,0,3,weight;age;ap_lo
14,324,0,0,4,weight;age;ap_hi;height
14,325,0,1,3,weight;ap_lo;height
14,326,1,1,4,weight;height;age;ap_hi
14,327,1,0,4,age;weight;ap_lo;ap_hi
14,328,0,1,4,height;age;ap_lo;weight
14,329,1,1,3,ap_lo;weight;age
14,330,0,1,3,ap_lo;age;height
14,331,1,1,4,ap_hi;ap_lo;age;height
14,332,0,1,4,ap_hi;ap_lo;height;age
14,333,0,0,4,weight;height;ap_hi;ap_lo
14,334,1,1,4,ap_hi;ap_lo;height;age
14,335,1,1,3,height;ap_lo;ap_hi
14,336,0,0,4,weight;height;age;ap_lo
14,337,0,1,3,ap_lo;height;ap_hi
14,338,0,1,3,ap_lo;age;ap_hi
14,339,0,1,3,ap_lo;age;height
14,340,1,1,4,ap_lo;ap_hi;height;age
14,341,1,1,4,ap_lo;age;weight;height
14,342,1,1,3,height;ap_lo;age
14,343,1,1,4,age;weight;ap_lo;height
14,344,1,1,4,ap_hi;weight;ap_lo;age
14,345,1,1,3,ap_hi;age;ap_lo
14,346,0,0,3,age;ap_hi;height
14,347,0,0,3,weight;age;ap_hi
14,348,1,1,3,age;ap_hi;ap_lo
14,349,0,0,4,weight;ap_lo;height;ap_hi
14,350,1,1,3,ap_hi;age;ap_lo
14,351,1,1,3,height;ap_hi;ap_lo
14,352,0,1,4,weight;age;ap_hi;ap_lo
14,353,1,1,3,ap_hi;age;weight
14,354,1,0,3,height;weight;age
14,355,1,1,4,age;ap_lo;ap_hi;height
14,356,1,0,3,height;age;ap_hi
14,357,1,1,3,weight;ap_hi;height
14,358,1,1,3,height;age;weight
14,359,1,1,4,ap_lo;age;weight;ap_hi
14,360,1,1,4,ap_lo;weight;age;height
14,361,0,0,4,height;weight;ap_hi;age
14,362,1,1,3,ap_lo;age;height
14,363,1,1,4,age;weight;ap_hi;height
14,364,1,1,4,ap_lo;ap_hi;age;height
14,365,1,0,3,height;age;weight
14,366,0,0,4,height;age;ap_lo;ap_hi
14,367,1,1,4,height;weight;ap_hi;age
14,368,1,1,4,ap_lo;ap_hi;weight;height
14,369,0,1,4,age;weight;ap_lo;ap_hi
14,370,1,0,4,ap_lo;height;age;ap_hi
14,371,0,1,3,ap_hi;ap_lo;height
14,372,1,1,3,ap_lo;weight;height
14,373,1,1,4,height;ap_hi;weight;ap_lo
14,374,1,1,4,ap_lo;height;weight;ap_hi
14,375,0,1,3,ap_hi;height;age
14,376,1,0,3,height;weight;age
14,377,1,0,4,height;ap_lo;weight;ap_hi
14,378,0,1,3,weight;height;ap_hi
14,379,0,1,3,age;ap_lo;weight
14,380,1,0,4,height;ap_lo;ap_hi;age
14,381,1,1,3,ap_hi;height;weight
14,382,0,1,3,ap_lo;weight;age
14,383,1,1,3,height;age;ap_lo
14,384,1,1,4,age;weight;ap_lo;ap_hi
14,385,0,0,4,weight;ap_hi;age;ap_lo
14,386,0,1,4,ap_hi;weight;ap_lo;height
14,387,1,1,4,weight;age;height;ap_lo
14,388,0,0,4,ap_lo;weight;age;height
14,389,0,1,3,ap_lo;height;weight
14,390,1,1,3,ap_hi;height;age
14,391,1,0,4,age;ap_hi;ap_lo;height
14,392,0,0,4,height;ap_hi;weight;ap_lo
14,393,1,1,3,ap_lo;age;height
14,394,0,1,3,ap_hi;weight;height
14,395,1,1,4,height;ap_hi;age;weight
14,396,1,1,4,height;ap_hi;ap_lo;age
14,397,1,1,4,height;ap_lo;ap_hi;age
14,398,0,1,4,ap_hi;ap_lo;weight;age
14,399,0,1,3,ap_hi;ap_lo;age
14,400,1,1,4,age;ap_lo;weight;ap_hi
14,401,1,1,4,age;weight;height;ap_lo
14,402,0,1,4,height;ap_lo;weight;age
14,403,0,1,4,ap_hi;ap_lo;height;weight
14,404,0,1,4,weight;ap_hi;ap_lo;age
14,405,0,0,3,ap_hi;age;ap_lo
14,406,0,0,3,age;height;weight
14,407,1,0,3,age;ap_hi;height
14,408,1,1,3,height;ap_hi;weight
14,409,0,0,3,ap_lo;height;weight
14,410,0,0,3,height;ap_lo;age
14,411,0,1,4,ap_hi;weight;height;ap_lo
14,412,0,1,4,ap_lo;ap_hi;weight;height
14,413,1,1,4,age;height;weight;ap_lo
14,414,0,0,3,ap_hi;age;height
14,415,0,1,3,ap_lo;age;ap_hi
14,416,0,1,3,age;height;ap_lo
14,417,0,1,4,age;weight;ap_lo;ap_hi
14,418,0,1,3,ap_hi;ap_lo;weight
14,419,1,1,3,ap_lo;weight;age
14,420,1,1,3,weight;ap_hi;height
14,421,0,0,4,ap_lo;weight;ap_hi;height
14,422,1,1,4,age;ap_lo;ap_hi;height
14,423,0,1,4,age;ap_lo;ap_hi;weight
14,424,1,1,4,ap_lo;age;weight;height
14,425,1,1,4,ap_lo;age;ap_hi;height
14,426,1,1,4,ap_lo;ap_hi;age;weight
14,427,1,1,4,ap_lo;height;age;ap_hi
14,428,0,0,4,weight;height;age;ap_hi
14,429,1,1,4,ap_hi;ap_lo;age;weight
14,430,1,0,3,ap_hi;weight;age
14,431,1,1,4,height;weight;age;ap_lo
14,432,1,1,3,height;ap_lo;ap_hi
14,433,1,1,3,ap_hi;height;age
14,434,1,0,3,age;weight;height
14,435,1,1,3,age;ap_hi;weight
14,436,1,1,4,ap_hi;height;weight;ap_lo
14,437,1,1,4,ap_lo;age;ap_hi;height
14,438,0,0,3,age;weight;height
14,439,0,1,3,ap_hi;age;height
14,440,1,0,3,height;age;ap_lo
14,441,0,0,3,ap_hi;weight;ap_lo
14,442,0,0,4,age;ap_lo;ap_hi;weight
14,443,0,0,4,ap_hi;ap_lo;age;height
14,444,0,1,4,ap_hi;weight;ap_lo;height
14,445,0,1,4,weight;height;age;ap_lo
14,446,0,1,3,height;ap_lo;weight
14,447,1,1,4,ap_hi;height;ap_lo;weight
14,448,0,1,4,ap_hi;age;weight;height
14,449,0,1,4,ap_hi;age;ap_lo;weight
14,450,0,1,3,ap_lo;ap_hi;age
14,451,0,1,4,ap_hi;height;ap_lo;age
14,452,1,1,4,ap_lo;weight;height;age
14,453,1,1,3,ap_hi;ap_lo;weight
14,454,1,0,3,ap_hi;age;height
14,455,0,0,4,height;ap_hi;age;ap_lo
14,456,0,1,4,weight;age;ap_hi;height
14,457,0,0,3,ap_hi;age;ap_lo
14,458,1,1,3,ap_hi;height;ap_lo
14,459,1,0,4,height;ap_lo;ap_hi;weight
14,460,1,1,3,ap_hi;weight;height
14,461,1,1,3,ap_lo;ap_hi;height
14,462,0,0,3,height;weight;ap_hi
14,463,0,1,4,age;ap_hi;weight;height
14,464,1,1,3,ap_hi;weight;ap_lo
14,465,1,0,4,weight;height;age;ap_hi
14,466,1,1,4,height;ap_hi;age;ap_lo
14,467,1,1,3,ap_hi;ap_lo;height
14,468,0,1,3,ap_lo;ap_hi;weight
14,469,1,1,4,height;weight;ap_hi;ap_lo
14,470,1,1,3,weight;ap_lo;age
14,471,1,1,4,weight;age;height;ap_lo
14,472,0,1,3,age;height;weight
14,473,1,1,3,ap_hi;weight;ap_lo
14,474,1,1,3,age;ap_lo;weight
14,475,0,1,3,age;weight;ap_hi
14,476,0,1,4,age;ap_hi;ap_lo;height
14,477,0,1,3,age;ap_hi;weight
14,478,0,0,4,age;weight;ap_lo;ap_hi
14,479,0,0,3,age;height;ap_lo
14,480,0,1,3,ap_lo;ap_hi;height
14,481,1,1,3,weight;ap_lo;age
14,482,1,1,3,weight;ap_hi;height
14,483,1,1,4,weight;age;ap_lo;height
14,484,0,0,3,ap_lo;weight;ap_hi
14,485,1,1,4,ap_lo;weight;ap_hi;age
14,486,1,1,4,ap_lo;age;height;weight
14,487,1,1,3,age;ap_lo;weight
14,488,1,1,4,age;ap_hi;height;ap_lo
14,489,1,0,3,ap_lo;height;weight
14,490,0,1,4,ap_hi;height;age;ap_lo
14,491,0,1,3,ap_hi;height;weight
14,492,0,0,4,age;ap_hi;height;weight
14,493,1,1,3,ap_hi;weight;age
14,494,1,0,3,ap_lo;height;weight
14,495,1,1,4,weight;ap_lo;age;ap_hi
14,496,1,1,4,age;ap_hi;ap_lo;height
14,497,1,0,3,weight;ap_lo;ap_hi
14,498,0,0,4,weight;ap_hi;height;ap_lo
14,499,0,0,4,age;weight;height;ap_lo
14,500,0,0,4,age;ap_hi;ap_lo;height
14,501,1,1,3,ap_hi;height;weight
14,502,1,1,4,age;ap_lo;weight;ap_hi
14,503,0,1,3,ap_hi;age;weight
14,504,0,1,3,age;height;weight
14,505,0,0,4,age;weight;ap_lo;height
14,506,0,0,3,height;age;ap_lo
14,507,1,1,4,age;weight;height;ap_hi
14,508,0,0,3,ap_hi;height;weight
14,509,0,1,3,ap_hi;ap_lo;weight
14,510,1,1,4,age;height;weight;ap_hi
14,511,0,1,3,height;age;weight
14,512,1,1,3,ap_lo;ap_hi;age
14,513,1,1,4,weight;height;ap_lo;age
14,514,1,1,4,weight;ap_hi;ap_lo;age
14,515,0,0,3,age;weight;height
14,516,1,1,4,age;ap_hi;ap_lo;weight
14,517,1,1,4,ap_lo;age;ap_hi;weight
14,518,0,1,3,ap_lo;ap_hi;height
14,519,1,1,4,ap_hi;age;weight;height
14,520,1,1,3,ap_hi;height;age
14,521,0,1,4,ap_lo;weight;height;ap_hi
14,522,0,1,3,height;weight;age
14,523,1,1,3,ap_hi;age;weight
14,524,1,0,4,weight;height;ap_hi;ap_lo
14,525,0,1,4,height;ap_lo;age;weight
14,526,0,1,4,height;weight;age;ap_lo
14,527,1,1,4,weight;ap_hi;height;age
14,528,0,1,4,weight;height;age;ap_lo
14,529,1,1,4,ap_lo;height;weight;age
14,530,0,1,4,age;ap_lo;ap_hi;weight
14,531,1,1,4,age;height;ap_lo;ap_hi
14,532,0,1,4,age;weight;ap_hi;height
14,533,1,1,4,height;ap_lo;age;weight
14,534,0,0,4,weight;ap_lo;height;ap_hi
14,535,1,1,4,height;ap_lo;weight;ap_hi
14,536,1,1,3,weight;age;ap_hi
14,537,1,1,4,ap_lo;age;ap_hi;weight
14,538,0,1,4,weight;ap_lo;age;ap_hi
14,539,1,0,4,height;ap_hi;ap_lo;weight
14,540,1,1,4,weight;ap_lo;age;ap_hi
14,541,1,0,4,height;age;ap_hi;weight
14,542,1,1,4,ap_lo;age;height;ap_hi
14,543,1,1,4,ap_hi;ap_lo;weight;age
14,544,1,1,3,age;ap_hi;ap_lo
14,545,0,1,3,height;weight;ap_hi
14,546,0,0,3,weight;ap_lo;ap_hi
14,547,0,1,4,weight;ap_hi;height;ap_lo
14,548,0,1,3,ap_lo;height;age
14,549,1,1,3,age;height;weight
14,550,1,1,3,height;ap_hi;ap_lo
14,551,1,1,3,ap_hi;ap_lo;age
14,552,0,1,4,age;ap_hi;weight;ap_lo
14,553,1,1,3,height;age;weight
14,554,0,1,4,weight;age;height;ap_lo
14,555,0,1,4,ap_hi;height;ap_lo;weight
14,556,1,1,3,ap_lo;height;ap_hi
14,557,1,0,4,weight;ap_lo;height;ap_hi
14,558,1,1,3,ap_hi;weight;height
14,559,1,1,3,ap_hi;age;height
14,560,1,1,3,weight;age;ap_lo
14,561,0,1,3,age;weight;ap_hi
14,562,0,0,4,weight;height;ap_lo;ap_hi
14,563,0,1,3,ap_lo;ap_hi;age
14,564,1,1,3,ap_lo;weight;height
14,565,1,1,3,ap_lo;weight;ap_hi
14,566,0,1,3,ap_lo;height;age
14,567,1,0,3,ap_hi;height;weight
14,568,1,1,4,age;ap_hi;weight;ap_lo
14,569,0,1,3,age;ap_lo;ap_hi
14,570,1,1,4,ap_hi;height;weight;age
14,571,1,1,3,height;ap_hi;weight
14,572,0,1,3,ap_lo;ap_hi;height
14,573,1,0,4,ap_hi;weight;age;height
14,574,1,1,3,weight;height;ap_hi
14,575,0,1,4,age;height;ap_lo;ap_hi
14,576,1,1,3,ap_lo;ap_hi;height
14,577,1,1,4,age;ap_lo;weight;ap_hi
14,578,1,0,4,weight;ap_hi;height;age
14,579,0,1,3,ap_hi;ap_lo;age
14,580,1,0,4,height;weight;ap_hi;ap_lo
14,581,1,1,4,height;ap_lo;age;weight
14,582,0,0,3,age;height;weight
14,583,0,0,3,age;ap_hi;height
14,584,0,0,3,ap_lo;ap_hi;height
14,585,1,1,4,age;ap_hi;height;ap_lo
14,586,0,0,4,ap_lo;height;weight;age
14,587,0,1,3,weight;height;ap_hi
14,588,1,1,4,ap_hi;age;weight;ap_lo
14,589,1,1,3,age;ap_lo;ap_hi
14,590,1,1,4,weight;ap_hi;age;ap_lo
14,591,0,1,4,height;ap_hi;weight;age
14,592,0,0,4,height;weight;age;ap_lo
14,593,0,1,3,weight;age;height
14,594,0,0,4,ap_hi;weight;age;height
14,595,1,1,4,ap_lo;ap_hi;height;weight
14,596,1,1,4,ap_hi;weight;ap_lo;height
14,597,0,0,4,weight;height;ap_hi;ap_lo
14,598,0,1,3,weight;ap_lo;ap_hi
14,599,0,1,4,height;weight;age;ap_lo
14,600,1,0,4,height;ap_hi;age;weight
14,601,1,1,3,ap_hi;age;ap_lo
14,602,1,1,4,age;ap_lo;weight;height
14,603,1,1,3,ap_lo;weight;age
14,604,0,0,3,ap_hi;ap_lo;height
14,605,0,1,3,ap_hi;weight;age
14,606,1,1,4,ap_hi;ap_lo;age;height
14,607,1,1,4,ap_lo;age;height;weight
14,608,0,0,4,height;weight;age;ap_hi
14,609,0,0,4,height;ap_hi;weight;ap_lo
14,610,1,1,3,weight;age;height
14,611,1,1,4,height;age;ap_hi;ap_lo
14,612,0,0,4,ap_hi;height;ap_lo;weight
14,613,0,1,4,age;ap_hi;height;ap_lo
14,614,0,1,4,ap_lo;ap_hi;weight;age
14,615,0,0,4,ap_hi;weight;age;height
14,616,0,1,4,ap_lo;weight;ap_hi;age
14,617,0,1,4,age;weight;ap_lo;ap_hi
14,618,0,0,4,height;age;weight;ap_lo
14,619,1,1,4,age;weight;ap_lo;height
14,620,0,1,4,weight;age;height;ap_lo
14,621,1,1,4,ap_hi;age;ap_lo;height
14,622,0,0,4,height;age;ap_lo;ap_hi
14,623,1,0,3,weight;height;ap_hi
14,624,1,1,3,height;ap_lo;age
14,625,0,0,3,height;ap_hi;age
14,626,1,1,3,age;weight;ap_lo
14,627,0,1,4,height;age;ap_hi;weight
14,628,0,0,3,weight;age;ap_lo
14,629,0,1,4,ap_hi;height;ap_lo;age
14,630,0,0,3,height;age;weight
14,631,1,0,3,age;ap_lo;height
14,632,1,0,3,ap_lo;weight;height
14,633,0,0,3,ap_hi;height;ap_lo
14,634,0,1,3,ap_hi;age;ap_lo
14,635,1,1,3,age;weight;ap_hi
14,636,1,1,4,ap_lo;ap_hi;height;age
14,637,0,0,3,height;ap_lo;ap_hi
14,638,1,1,4,ap_hi;age;height;weight
14,639,0,0,4,weight;height;ap_lo;ap_hi
14,640,1,1,3,age;ap_lo;height
14,641,1,1,4,ap_lo;age;height;ap_hi
14,642,1,1,4,ap_lo;weight;age;height
14,643,0,1,4,height;age;ap_hi;ap_lo
14,644,1,1,4,height;ap_lo;ap_hi;weight
14,645,1,1,3,age;ap_hi;weight
14,646,0,0,3,ap_hi;age;ap_lo
14,647,0,0,4,ap_hi;ap_lo;weight;age
14,648,0,1,4,height;ap_hi;ap_lo;weight
14,649,0,0,4,ap_lo;age;ap_hi;weight
14,650,1,1,4,weight;height;ap_hi;age
14,651,0,0,3,age;weight;ap_lo
14,652,0,0,3,age;height;ap_hi
14,653,0,1,3,weight;ap_hi;height
14,654,0,0,3,ap_hi;height;age
14,655,0,1,4,height;age;ap_hi;weight
14,656,0,1,3,weight;height;ap_lo
14,657,0,1,4,height;ap_hi;weight;age
14,658,1,1,4,age;ap_lo;weight;height
14,659,0,0,4,weight;ap_lo;height;ap_hi
14,660,1,1,4,ap_hi;weight;ap_lo;height
14,661,0,0,3,ap_lo;ap_hi;height
14,662,0,1,4,weight;height;ap_hi;age
14,663,0,1,4,age;weight;height;ap_lo
14,664,1,0,3,age;weight;height
14,665,1,1,4,weight;age;ap_lo;ap_hi
14,666,0,1,4,ap_hi;height;age;weight
14,667,1,0,3,height;weight;age
14,668,1,1,4,weight;age;height;ap_hi
14,669,1,1,3,ap_lo;age;ap_hi
14,670,0,1,4,ap_lo;age;height;weight
14,671,0,0,3,height;age;ap_lo
14,672,0,0,3,ap_hi;weight;age
14,673,0,1,3,ap_lo;age;weight
14,674,1,1,3,ap_hi;height;ap_lo
14,675,1,1,3,age;height;ap_lo
14,676,1,1,3,weight;ap_hi;height
14,677,1,1,3,age;weight;height
14,678,0,0,3,ap_hi;ap_lo;weight
14,679,1,1,4,age;ap_lo;height;ap_hi
14,680,0,1,3,ap_lo;weight;ap_hi
14,681,0,0,3,ap_lo;age;ap_hi
14,682,0,0,3,age;weight;ap_hi
14,683,1,1,3,ap_lo;height;ap_hi
14,684,0,1,4,ap_hi;weight;ap_lo;age
14,685,1,0,4,height;age;weight;ap_lo
14,686,1,1,4,age;height;weight;ap_lo
14,687,0,0,4,ap_hi;height;age;weight
14,688,1,1,3,ap_lo;ap_hi;age
14,689,1,1,4,weight;ap_lo;ap_hi;height
14,690,0,0,4,weight;ap_lo;ap_hi;height
14,691,0,0,4,height;ap_hi;weight;age
14,692,0,0,4,ap_lo;age;ap_hi;height
14,693,0,0,3,ap_lo;ap_hi;weight
14,694,0,1,3,ap_hi;height;weight
14,695,1,1,4,ap_hi;age;weight;height
14,696,0,0,4,height;weight;ap_lo;age
14,697,1,1,3,height;weight;ap_hi
14,698,1,0,4,ap_hi;height;weight;ap_lo
14,699,1,1,3,height;ap_hi;weight
14,700,0,1,4,height;weight;ap_hi;age
14,701,0,0,3,ap_hi;age;height
14,702,0,0,3,height;weight;age
14,703,0,1,3,weight;ap_lo;ap_hi
14,704,0,1,4,height;age;ap_lo;ap_hi
14,705,1,0,4,height;ap_hi;weight;ap_lo
14,706,1,1,4,age;height;ap_hi;weight
14,707,1,1,4,ap_hi;height;weight;age
14,708,0,0,4,age;height;ap_lo;ap_hi
14,709,0,1,3,ap_lo;height;weight
14,710,0,1,3,ap_lo;weight;ap_hi
14,711,0,1,3,weight;height;age
14,712,1,0,3,ap_lo;age;weight
14,713,1,1,3,ap_lo;weight;height
14,714,1,1,4,weight;age;ap_hi;height
14,715,1,1,4,age;height;weight;ap_hi
14,716,1,1,3,ap_hi;height;age
14,717,0,0,4,ap_hi;age;height;weight
14,718,0,1,3,ap_lo;age;weight
14,719,1,0,4,height;age;ap_lo;ap_hi
14,720,0,1,4,height;ap_hi;ap_lo;weight
14,721,1,1,3,weight;age;ap_hi
14,722,0,1,4,age;ap_hi;weight;height
14,723,1,1,4,weight;ap_hi;ap_lo;height
14,724,1,1,3,ap_lo;ap_hi;height
14,725,1,1,3,weight;ap_lo;height
14,726,1,1,4,height;ap_hi;weight;ap_lo
14,727,1,1,4,ap_lo;ap_hi;weight;height
14,728,1,1,4,age;ap_lo;ap_hi;weight
14,729,1,1,3,age;weight;ap_hi
14,730,1,1,4,age;ap_hi;height;ap_lo
14,731,1,1,3,weight;age;ap_hi
14,732,0,1,3,height;ap_hi;weight
14,733,0,0,4,height;age;ap_hi;ap_lo
14,734,0,1,3,ap_lo;weight;ap_hi
14,735,0,1,3,weight;age;height
14,736,0,0,3,ap_lo;weight;ap_hi
14,737,1,1,3,height;ap_lo;age
14,738,0,1,3,ap_lo;ap_hi;weight
14,739,1,1,4,ap_hi;age;ap_lo;height
14,740,0,0,4,ap_lo;age;height;ap_hi
14,741,0,1,3,weight;ap_hi;ap_lo
14,742,0,0,4,age;ap_hi;height;ap_lo
14,743,0,1,3,weight;ap_hi;height
14,744,1,0,3,weight;height;ap_hi
14,745,0,0,4,ap_lo;ap_hi;weight;age
14,746,0,1,4,age;ap_hi;ap_lo;weight
14,747,0,1,4,weight;ap_hi;ap_lo;height
14,748,0,1,4,weight;ap_hi;height;age
14,749,0,1,3,weight;height;ap_lo
14,750,0,0,3,weight;ap_lo;age
14,751,0,0,4,ap_lo;height;ap_hi;age
14,752,0,1,4,weight;height;age;ap_hi
14,753,1,0,3,weight;ap_lo;ap_hi
14,754,0,1,4,ap_lo;ap_hi;height;weight
14,755,0,1,3,ap_hi;ap_lo;weight
14,756,1,1,3,weight;height;ap_lo
14,757,0,1,4,age;weight;height;ap_lo
14,758,1,0,3,height;age;ap_hi
14,759,1,1,3,height;age;ap_hi
14,760,1,0,4,age;ap_hi;ap_lo;height
14,761,0,1,4,ap_lo;age;height;weight
14,762,1,1,3,ap_lo;ap_hi;height
14,763,0,1,4,age;weight;height;ap_hi
14,764,0,0,3,weight;ap_hi;age
14,765,0,0,4,ap_lo;height;weight;ap_hi
14,766,1,1,3,weight;height;ap_lo
14,767,0,0,3,age;weight;height
14,768,0,1,4,ap_lo;weight;age;height
14,769,1,1,3,weight;ap_hi;ap_lo
14,770,0,0,3,age;ap_hi;ap_lo
14,771,0,0,4,ap_lo;age;height;ap_hi
14,772,1,1,4,height;ap_hi;ap_lo;age
14,773,0,0,3,ap_lo;weight;age
14,774,1,1,3,age;height;weight
14,775,0,0,4,age;ap_hi;height;weight
14,776,0,0,4,weight;height;age;ap_lo
14,777,1,1,4,height;ap_hi;weight;age
14,778,1,0,4,ap_lo;ap_hi;weight;height
14,779,0,1,3,weight;age;height
14,780,0,1,4,ap_hi;height;age;ap_lo
14,781,0,1,3,weight;height;ap_lo
14,782,1,1,4,ap_lo;age;ap_hi;height
14,783,1,1,3,ap_lo;height;ap_hi
14,784,1,1,4,age;ap_hi;ap_lo;weight
14,785,1,1,4,age;ap_hi;height;weight
14,786,0,0,3,age;height;ap_lo
14,787,0,1,3,weight;height;age
14,788,1,1,3,age;ap_hi;height
14,789,1,1,3,height;ap_hi;age
14,790,0,1,4,ap_hi;height;weight;ap_lo
14,791,0,0,4,ap_lo;height;age;ap_hi
14,792,0,1,4,ap_lo;weight;height;ap_hi
14,793,0,1,4,age;height;ap_lo;weight
14,794,0,0,3,ap_lo;weight;ap_hi
14,795,0,0,4,weight;height;ap_lo;ap_hi
14,796,0,1,3,weight;ap_hi;height
14,797,0,1,4,ap_hi;ap_lo;age;height
14,798,0,1,3,ap_lo;height;weight
14,799,0,0,3,age;ap_hi;weight
14,800,0,0,4,height;weight;ap_hi;ap_lo
14,801,0,0,3,weight;height;ap_hi
14,802,0,1,4,weight;ap_hi;ap_lo;age
14,803,0,0,3,age;weight;ap_hi
14,804,1,1,3,age;height;ap_hi
14,805,1,1,3,ap_lo;age;height
14,806,0,1,3,ap_lo;height;weight
14,807,1,1,3,age;ap_lo;height
14,808,0,1,4,age;height;weight;ap_lo
14,809,1,1,3,height;weight;ap_hi
14,810,0,1,3,ap_lo;weight;ap_hi
14,811,1,1,4,ap_hi;age;height;ap_lo
14,812,0,1,3,weight;height;ap_hi
14,813,0,0,3,ap_lo;ap_hi;weight
14,814,0,0,3,weight;height;age
14,815,0,1,3,weight;age;height
14,816,0,0,4,age;ap_lo;weight;ap_hi
14,817,0,1,3,ap_lo;height;weight
14,818,1,1,3,height;age;ap_lo
14,819,0,1,3,age;weight;ap_hi
14,820,1,1,3,ap_hi;ap_lo;weight
14,821,0,0,3,height;ap_hi;weight
14,822,0,1,3,ap_lo;ap_hi;weight
14,823,0,1,4,weight;ap_lo;age;ap_hi
14,824,1,1,4,ap_hi;height;ap_lo;age
14,825,0,1,4,ap_lo;age;ap_hi;weight
14,826,0,1,3,ap_lo;weight;height
14,827,1,1,4,age;ap_hi;weight;height
14,828,1,1,4,age;height;ap_hi;weight
14,829,0,1,3,ap_hi;age;ap_lo
14,830,1,1,3,height;weight;age
14,831,0,1,3,ap_hi;weight;ap_lo
14,832,0,1,4,height;ap_hi;ap_lo;weight
14,833,1,1,3,age;ap_hi;height
14,834,1,0,3,ap_hi;height;weight
14,835,0,0,3,age;ap_hi;height
14,836,0,1,4,ap_lo;age;weight;height
14,837,0,1,3,ap_lo;weight;height
14,838,0,1,3,ap_lo;ap_hi;height
14,839,0,0,4,ap_hi;height;weight;ap_lo
14,840,0,1,4,weight;ap_lo;ap_hi;height
14,841,0,0,4,ap_lo;ap_hi;height;age
14,842,0,1,4,ap_lo;height;age;weight
14,843,1,1,4,ap_hi;weight;height;age
14,844,0,1,3,ap_lo;height;age
14,845,0,1,3,age;ap_hi;height
14,846,0,1,4,height;ap_lo;weight;ap_hi
14,847,1,1,4,ap_lo;height;ap_hi;weight
14,848,0,1,4,ap_lo;ap_hi;weight;age
14,849,1,0,3,age;weight;height
14,850,1,1,3,weight;ap_lo;ap_hi
14,851,0,1,3,weight;ap_lo;ap_hi
14,852,0,1,4,weight;ap_lo;ap_hi;age
14,853,1,1,3,age;height;ap_lo
14,854,1,1,4,height;weight;ap_hi;ap_lo
14,855,1,1,4,ap_lo;age;ap_hi;height
14,856,0,1,3,height;ap_lo;age
14,857,1,1,4,ap_hi;weight;ap_lo;height
14,858,1,1,4,ap_lo;ap_hi;age;weight
14,859,0,1,4,height;ap_lo;age;weight
14,860,1,1,4,weight;height;ap_lo;ap_hi
14,861,1,1,4,weight;age;height;ap_lo
14,862,1,1,4,height;ap_hi;age;weight
14,863,0,0,4,height;ap_lo;age;weight
14,864,1,1,4,height;ap_lo;age;ap_hi
14,865,0,1,3,weight;age;ap_lo
14,866,1,1,4,ap_hi;weight;height;age
14,867,1,1,4,ap_hi;ap_lo;height;weight
14,868,1,1,3,height;age;weight
14,869,1,1,4,age;ap_lo;weight;ap_hi
14,870,0,0,4,ap_lo;height;age;ap_hi
14,871,1,1,3,weight;ap_lo;ap_hi
14,872,0,0,4,ap_hi;age;height;ap_lo
14,873,0,0,4,ap_lo;ap_hi;age;weight
14,874,0,1,3,weight;ap_hi;ap_lo
14,875,0,0,4,height;ap_lo;age;weight
14,876,1,1,4,ap_hi;age;weight;ap_lo
14,877,0,1,3,height;ap_lo;age
14,878,1,1,3,age;height;ap_lo
14,879,1,1,4,height;weight;ap_lo;ap_hi
14,880,1,0,4,weight;height;ap_hi;ap_lo
14,881,1,1,3,height;ap_lo;age
14,882,1,1,3,age;weight;height
14,883,1,1,3,ap_hi;weight;ap_lo
14,884,0,0,4,ap_hi;ap_lo;weight;age
14,885,1,1,4,height;weight;ap_hi;age
14,886,0,0,4,age;ap_hi;ap_lo;weight
14,887,1,1,3,ap_hi;weight;height
14,888,0,1,3,height;weight;ap_lo
14,889,1,0,4,height;age;ap_hi;ap_lo
14,890,0,0,3,age;ap_hi;ap_lo
14,891,0,1,3,weight;age;ap_hi
14,892,0,1,4,ap_hi;age;height;ap_lo
14,893,1,0,4,age;weight;height;ap_lo
14,894,0,1,4,ap_lo;height;age;weight
14,895,1,1,3,height;age;weight
14,896,0,1,4,height;weight;age;ap_hi
14,897,1,0,3,ap_hi;height;ap_lo
14,898,1,1,3,ap_lo;age;weight
14,899,0,1,4,height;ap_hi;ap_lo;weight
14,900,0,1,3,ap_hi;height;weight
14,901,0,0,4,weight;age;height;ap_lo
14,902,1,1,4,ap_hi;weight;age;ap_lo
14,903,1,1,3,height;ap_lo;age
14,904,1,1,3,ap_lo;weight;age
14,905,0,0,4,age;weight;ap_hi;ap_lo
14,906,0,0,3,age;height;weight
14,907,1,1,3,age;weight;height
14,908,0,1,3,height;age;weight
14,909,1,1,3,ap_lo;ap_hi;height
14,910,0,0,4,height;age;ap_hi;ap_lo
14,911,0,1,4,height;age;weight;ap_lo
14,912,1,1,3,ap_lo;age;height
14,913,0,1,3,ap_lo;weight;ap_hi
14,914,1,1,4,height;age;weight;ap_hi
14,915,1,1,4,ap_lo;height;age;weight
14,916,0,1,3,height;weight;ap_hi
14,917,0,0,4,weight;height;ap_lo;ap_hi
14,918,0,1,4,height;ap_hi;age;ap_lo
14,919,1,1,3,weight;ap_lo;height
14,920,1,1,4,ap_hi;ap_lo;weight;age
14,921,1,1,4,weight;age;ap_lo;ap_hi
14,922,0,1,3,ap_hi;age;height
14,923,0,0,4,ap_lo;height;weight;ap_hi
14,924,1,1,4,ap_hi;height;weight;ap_lo
14,925,1,1,3,ap_hi;weight;ap_lo
14,926,1,1,3,height;weight;ap_hi
14,927,1,1,4,height;ap_hi;age;weight
14,928,1,1,4,weight;ap_lo;ap_hi;height
14,929,0,1,4,age;ap_hi;weight;ap_lo
14,930,0,1,3,ap_hi;ap_lo;weight
14,931,1,0,4,height;age;ap_hi;ap_lo
14,932,0,1,3,height;ap_lo;weight
14,933,1,1,3,ap_hi;height;weight
14,934,1,1,3,height;ap_hi;ap_lo
14,935,1,1,4,age;ap_lo;weight;height
14,936,0,0,4,ap_hi;weight;ap_lo;height
14,937,1,0,4,age;ap_lo;ap_hi;weight
14,938,1,1,4,weight;height;ap_lo;ap_hi
14,939,1,1,3,ap_hi;height;age
14,940,0,0,4,weight;height;ap_hi;ap_lo
14,941,0,1,3,weight;ap_lo;age
14,942,0,1,4,ap_hi;ap_lo;age;height
14,943,0,0,4,weight;ap_lo;age;ap_hi
14,944,1,1,3,ap_lo;weight;ap_hi
14,945,0,0,4,ap_hi;age;weight;ap_lo
14,946,0,0,4,age;ap_hi;ap_lo;weight
14,947,0,0,3,height;ap_hi;ap_lo
14,948,1,1,4,height;ap_lo;ap_hi;age
14,949,0,1,4,height;age;ap_lo;weight
14,950,0,1,3,weight;ap_hi;height
14,951,0,1,3,ap_lo;ap_hi;weight
14,952,0,1,3,weight;height;ap_hi
14,953,1,1,3,age;ap_lo;height
14,954,0,1,3,weight;age;ap_lo
14,955,0,0,3,ap_lo;weight;ap_hi
14,956,1,1,4,height;ap_hi;age;ap_lo
14,957,0,1,3,ap_lo;ap_hi;weight
14,958,0,1,3,age;ap_lo;height
14,959,1,1,4,weight;age;height;ap_lo
14,960,1,1,4,height;ap_lo;age;weight
14,961,0,1,4,age;ap_lo;height;weight
14,962,0,1,3,weight;ap_hi;age
14,963,0,1,3,height;weight;ap_hi
14,964,1,1,4,weight;age;ap_lo;ap_hi
14,965,1,1,3,height;weight;age
14,966,1,0,4,weight;age;ap_lo;ap_hi
14,967,1,1,3,age;height;ap_hi
14,968,1,1,4,ap_hi;height;weight;ap_lo
14,969,1,1,3,height;age;weight
14,970,0,1,4,age;height;ap_hi;weight
14,971,1,1,4,weight;age;ap_hi;ap_lo
14,972,1,1,3,age;ap_lo;ap_hi
14,973,0,1,4,ap_hi;ap_lo;weight;height
14,974,1,1,3,weight;age;ap_lo
14,975,1,1,4,age;ap_lo;height;weight
14,976,1,1,4,ap_lo;height;ap_hi;age
14,977,0,0,4,ap_lo;ap_hi;height;age
14,978,1,1,3,age;ap_hi;weight
14,979,0,1,3,ap_hi;weight;height
14,980,1,1,4,ap_hi;weight;height;ap_lo
14,981,0,1,3,ap_hi;weight;height
14,982,0,0,3,weight;height;ap_lo
14,983,1,1,3,ap_lo;age;ap_hi
14,984,1,0,4,age;ap_lo;ap_hi;height
14,985,1,1,3,ap_hi;height;age
14,986,1,1,4,weight;ap_lo;height;age
14,987,1,1,3,height;weight;ap_lo
14,988,1,1,3,ap_lo;age;weight
14,989,1,1,4,ap_hi;weight;height;age
14,990,1,1,4,age;ap_hi;ap_lo;weight
14,991,0,1,3,ap_hi;weight;height
14,992,1,1,3,height;weight;ap_hi
14,993,0,0,3,ap_lo;ap_hi;height
14,994,1,1,4,age;weight;ap_hi;ap_lo
14,995,1,1,3,weight;ap_lo;age
14,996,1,1,4,ap_hi;age;height;ap_lo
14,997,0,1,4,height;ap_hi;weight;age
14,998,1,1,4,ap_lo;height;weight;age
14,999,1,1,4,age;height;ap_hi;weight
15,0,0,1,3,weight;ap_lo;height
15,1,0,1,4,ap_hi;height;weight;ap_lo
15,2,0,0,3,weight;height;age
15,3,0,0,3,age;ap_hi;weight
15,4,1,0,3,height;ap_lo;ap_hi
15,5,0,0,4,ap_hi;height;weight;ap_lo
15,6,0,1,3,ap_lo;height;age
15,7,0,0,3,ap_hi;weight;height
15,8,0,1,4,height;ap_hi;weight;age
15,9,1,1,4,ap_hi;height;ap_lo;age
15,10,0,0,3,age;height;ap_hi
15,11,1,1,4,weight;ap_lo;height;age
15,12,0,1,3,height;ap_lo;weight
15,13,0,0,4,age;weight;ap_hi;ap_lo
15,14,0,1,4,age;ap_lo;height;weight
15,15,0,1,4,height;ap_lo;ap_hi;age
15,16,1,1,4,ap_lo;age;weight;ap_hi
15,17,0,1,4,height;age;ap_hi;weight
15,18,0,0,3,age;ap_hi;ap_lo
15,19,1,1,3,height;age;ap_lo
15,20,0,1,4,ap_lo;ap_hi;height;weight
15,21,1,1,4,height;ap_hi;age;weight
15,22,1,0,3,ap_lo;height;ap_hi
15,23,0,0,3,ap_hi;age;height
15,24,1,1,3,weight;height;ap_lo
15,25,1,1,4,ap_hi;height;age;weight
15,26,1,1,4,age;ap_hi;weight;height
15,27,0,1,4,height;weight;ap_hi;age
15,28,0,0,4,ap_hi;ap_lo;age;height
15,29,0,1,4,height;ap_lo;age;weight
15,30,1,0,3,ap_hi;age;height
15,31,1,1,3,weight;height;ap_hi
15,32,0,1,3,weight;age;height
15,33,1,0,3,weight;age;ap_lo
15,34,1,1,4,height;age;weight;ap_lo
15,35,1,1,4,height;weight;age;ap_lo
15,36,0,1,3,ap_hi;weight;ap_lo
15,37,0,1,3,ap_hi;ap_lo;age
15,38,0,0,4,weight;ap_hi;ap_lo;height
15,39,1,1,3,age;height;ap_lo
15,40,1,1,4,ap_lo;ap_hi;weight;height
15,41,1,1,3,ap_lo;height;weight
15,42,1,0,4,ap_lo;ap_hi;weight;height
15,43,0,1,4,ap_hi;weight;age;height
15,44,1,1,3,weight;height;ap_hi
15,45,1,1,4,weight;ap_hi;ap_lo;height
15,46,0,0,3,height;weight;ap_hi
15,47,0,0,4,height;weight;age;ap_hi
15,48,1,1,3,weight;ap_lo;height
15,49,0,0,4,age;weight;ap_hi;height
15,50,0,0,4,ap_lo;ap_hi;height;weight
15,51,0,0,4,age;ap_hi;weight;height
15,52,1,1,4,age;height;weight;ap_lo
15,53,0,1,4,weight;ap_hi;age;height
15,54,1,1,3,height;ap_hi;age
15,55,1,0,4,age;ap_lo;ap_hi;weight
15,56,0,1,4,height;weight;age;ap_lo
15,57,1,1,4,ap_lo;weight;ap_hi;height
15,58,1,1,4,age;ap_lo;height;weight
15,59,0,0,3,weight;ap_lo;ap_hi
15,60,1,1,3,age;weight;ap_lo
15,61,1,1,3,weight;ap_hi;height
15,62,0,1,3,weight;ap_hi;age
15,63,1,1,4,weight;age;ap_lo;ap_hi
15,64,0,0,3,ap_lo;weight;age
15,65,0,0,4,height;weight;ap_hi;age
15,66,0,1,3,weight;ap_lo;ap_hi
15,67,0,0,4,age;weight;height;ap_hi
15,68,1,1,3,ap_hi;height;weight
15,69,0,0,3,height;weight;ap_hi
15,70,1,1,3,ap_lo;height;weight
15,71,1,1,4,height;age;weight;ap_lo
15,72,0,1,4,ap_lo;ap_hi;weight;age
15,73,0,0,4,height;age;ap_hi;ap_lo
15,74,1,1,3,ap_hi;weight;age
15,75,1,0,3,age;ap_hi;height
15,76,0,0,3,weight;ap_hi;height
15,77,1,1,4,height;ap_hi;age;weight
15,78,0,0,3,ap_hi;weight;height
15,79,1,1,4,ap_hi;weight;ap_lo;age
15,80,0,1,3,ap_lo;ap_hi;weight
15,81,1,1,4,age;ap_lo;ap_hi;weight
15,82,1,1,4,height;weight;ap_hi;age
15,83,1,1,4,height;weight;ap_lo;age
15,84,1,1,4,weight;age;ap_lo;ap_hi
15,85,0,1,4,weight;height;ap_hi;age
15,86,0,1,4,weight;age;ap_hi;ap_lo
15,87,0,1,4,weight;ap_hi;ap_lo;age
15,88,0,0,4,age;ap_hi;ap_lo;height
15,89,1,1,4,ap_hi;height;ap_lo;age
15,90,1,1,4,ap_hi;age;weight;height
15,91,1,0,3,ap_lo;age;ap_hi
15,92,0,0,4,weight;ap_lo;ap_hi;height
15,93,1,0,4,ap_lo;height;age;ap_hi
15,94,0,0,4,age;ap_lo;height;ap_hi
15,95,1,0,4,weight;ap_lo;height;ap_hi
15,96,0,1,3,ap_hi;age;ap_lo
15,97,1,1,4,age;weight;ap_lo;height
15,98,1,1,3,weight;height;ap_hi
15,99,0,1,3,ap_lo;age;height
15,100,0,1,4,height;age;weight;ap_lo
15,101,1,1,3,height;ap_lo;age
15,102,0,1,3,height;ap_lo;weight
15,103,1,0,4,weight;height;age;ap_hi
15,104,0,0,4,ap_lo;ap_hi;age;height
15,105,0,1,4,ap_lo;age;weight;height
15,106,0,0,3,weight;height;ap_lo
15,107,0,0,3,ap_hi;ap_lo;height
15,108,1,1,4,height;age;weight;ap_hi
15,109,0,0,3,weight;ap_lo;age
15,110,0,0,3,ap_lo;ap_hi;age
15,111,0,0,4,age;ap_lo;weight;height
15,112,0,1,3,height;weight;age
15,113,0,0,3,weight;ap_hi;height
15,114,1,1,3,ap_hi;ap_lo;height
15,115,1,1,4,weight;ap_lo;ap_hi;age
15,116,1,1,4,ap_hi;ap_lo;height;weight
15,117,0,1,3,weight;age;ap_lo
15,118,0,0,4,age;ap_hi;weight;ap_lo
15,119,1,1,3,age;ap_lo;weight
15,120,0,1,4,weight;ap_hi;ap_lo;height
15,121,1,1,4,age;ap_lo;height;ap_hi
15,122,0,1,3,age;weight;ap_lo
15,123,1,1,3,age;height;ap_lo
15,124,1,1,3,ap_lo;age;ap_hi
15,125,0,1,4,age;ap_hi;height;ap_lo
15,126,0,1,3,ap_hi;weight;ap_lo
15,127,1,1,4,age;weight;height;ap_lo
15,128,0,0,4,weight;height;ap_lo;ap_hi
15,129,0,1,3,age;ap_hi;weight
15,130,0,0,4,age;ap_hi;height;ap_lo
15,131,0,1,3,height;age;ap_lo
15,132,1,1,4,age;ap_hi;ap_lo;height
15,133,0,1,3,ap_lo;age;weight
15,134,0,0,4,weight;ap_hi;height;ap_lo
15,135,1,1,4,weight;ap_lo;height;age
15,136,1,1,3,age;weight;ap_lo
15,137,1,1,3,ap_hi;height;age
15,138,1,1,3,ap_lo;height;age
15,139,1,0,4,height;age;ap_lo;ap_hi
15,140,1,0,3,height;ap_hi;age
15,141,1,1,4,ap_lo;weight;ap_hi;age
15,142,0,1,4,height;age;weight;ap_lo
15,143,1,1,4,height;ap_lo;ap_hi;age
15,144,0,0,3,ap_lo;height;age
15,145,0,1,3,age;ap_hi;weight
15,146,0,0,4,height;age;ap_lo;ap_hi
15,147,1,1,4,ap_lo;ap_hi;weight;age
15,148,0,1,3,weight;ap_lo;height
15,149,1,1,3,weight;ap_lo;height
15,150,0,0,3,ap_lo;ap_hi;height
15,151,1,1,4,age;ap_hi;height;ap_lo
15,152,0,0,3,ap_hi;ap_lo;weight
15,153,1,0,4,ap_lo;weight;age;ap_hi
15,154,0,1,4,weight;age;ap_hi;ap_lo
15,155,1,1,4,ap_hi;ap_lo;height;weight
15,156,1,1,4,height;ap_hi;ap_lo;age
15,157,0,1,3,weight;ap_hi;age
15,158,1,1,4,ap_hi;ap_lo;age;height
15,159,0,0,4,ap_lo;height;ap_hi;age
15,160,0,1,3,weight;ap_lo;age
15,161,0,1,4,weight;height;ap_hi;age
15,162,0,1,4,ap_hi;weight;ap_lo;age
15,163,0,1,3,age;weight;height
15,164,0,0,3,ap_lo;age;weight
15,165,0,1,4,ap_lo;height;weight;age
15,166,1,1,3,ap_hi;weight;ap_lo
15,167,0,1,3,weight;age;height
15,168,1,1,3,ap_lo;age;ap_hi
15,169,1,1,3,ap_lo;weight;ap_hi
15,170,1,1,4,weight;ap_hi;age;ap_lo
15,171,1,1,3,age;weight;ap_lo
15,172,1,1,3,height;ap_lo;age
15,173,0,1,4,weight;ap_hi;ap_lo;height
15,174,1,1,4,ap_lo;weight;age;height
15,175,1,1,3,weight;ap_lo;height
15,176,1,1,4,ap_lo;ap_hi;age;height
15,177,1,0,3,ap_hi;ap_lo;weight
15,178,0,1,3,age;weight;ap_hi
15,179,0,0,4,ap_lo;ap_hi;age;height
15,180,1,1,4,height;ap_hi;ap_lo;age
15,181,0,1,3,ap_lo;age;ap_hi
15,182,1,1,4,height;ap_lo;age;weight
15,183,0,0,4,weight;age;ap_hi;height
15,184,0,1,3,age;height;ap_lo
15,185,1,1,4,ap_lo;ap_hi;weight;age
15,186,1,0,4,weight;ap_hi;height;ap_lo
15,187,1,1,4,height;weight;ap_hi;ap_lo
15,188,0,1,4,ap_lo;weight;ap_hi;age
15,189,0,1,4,weight;ap_lo;ap_hi;age
15,190,0,0,3,height;weight;ap_hi
15,191,0,1,3,height;ap_lo;ap_hi
15,192,0,0,3,age;ap_lo;ap_hi
15,193,1,1,4,ap_hi;ap_lo;height;weight
15,194,1,1,3,age;weight;ap_lo
15,195,1,1,3,ap_lo;weight;height
15,196,1,0,3,ap_hi;height;weight
15,197,1,1,3,age;height;ap_lo
15,198,0,1,4,height;ap_lo;weight;age
15,199,1,1,3,weight;ap_lo;age
15,200,1,1,4,weight;ap_lo;ap_hi;height
15,201,0,1,4,weight;age;height;ap_lo
15,202,0,0,4,ap_lo;ap_hi;age;height
15,203,0,1,4,age;height;ap_hi;weight
15,204,0,0,3,weight;ap_hi;ap_lo
15,205,0,0,4,ap_hi;weight;age;height
15,206,1,1,4,ap_hi;ap_lo;height;weight
15,207,0,0,4,weight;height;ap_lo;age
15,208,1,0,3,height;weight;ap_hi
15,209,0,1,3,weight;age;ap_lo
15,210,1,0,4,age;ap_hi;ap_lo;height
15,211,1,1,4,weight;age;ap_hi;height
15,212,0,1,3,ap_lo;height;age
15,213,0,1,4,ap_lo;ap_hi;weight;height
15,214,0,0,4,age;ap_hi;weight;height
15,215,1,1,3,ap_hi;weight;age
15,216,0,0,4,ap_hi;age;weight;height
15,217,1,1,3,age;weight;ap_lo
15,218,0,1,3,height;weight;age
15,219,0,0,4,age;ap_hi;ap_lo;weight
15,220,1,1,4,height;age;ap_hi;weight
15,221,0,1,4,weight;ap_hi;ap_lo;height
15,222,0,0,3,age;ap_hi;height
15,223,1,1,4,height;ap_lo;weight;age
15,224,0,1,4,height;ap_hi;weight;age
15,225,1,1,3,height;weight;age
15,226,0,1,4,height;age;weight;ap_lo
15,227,1,0,3,weight;ap_hi;ap_lo
15,228,0,0,4,height;weight;ap_lo;age
15,229,0,0,3,weight;ap_hi;ap_lo
15,230,1,1,3,weight;age;ap_lo
15,231,0,0,4,ap_lo;ap_hi;weight;age
15,232,1,1,4,age;height;weight;ap_lo
15,233,0,1,3,height;age;ap_hi
15,234,1,0,4,ap_lo;weight;ap_hi;height
15,235,1,1,3,ap_hi;ap_lo;age
15,236,1,1,4,weight;age;ap_hi;ap_lo
15,237,0,1,4,ap_lo;weight;ap_hi;height
15,238,1,1,3,ap_hi;weight;age
15,239,1,1,4,height;weight;ap_hi;ap_lo
15,240,1,1,4,ap_hi;age;height;weight
15,241,1,1,4,ap_lo;ap_hi;weight;height
15,242,0,0,3,ap_hi;age;height
15,243,0,0,4,age;ap_hi;height;ap_lo
15,244,1,1,4,ap_hi;height;ap_lo;weight
15,245,1,1,3,age;weight;height
15,246,1,1,4,age;ap_hi;height;ap_lo
15,247,1,1,3,height;ap_hi;weight
15,248,1,1,3,ap_hi;age;ap_lo
15,249,1,1,4,ap_lo;height;ap_hi;age
15,250,1,1,4,ap_lo;weight;height;age
15,251,0,0,4,ap_lo;weight;height;age
15,252,0,1,3,height;weight;ap_lo
15,253,0,0,3,height;age;ap_lo
15,254,1,0,3,height;ap_hi;weight
15,255,1,0,3,weight;ap_lo;height
15,256,0,0,3,ap_lo;weight;ap_hi
15,257,0,1,3,ap_lo;age;height
15,258,0,1,3,age;ap_lo;height
15,259,1,1,4,ap_hi;weight;age;height
15,260,0,0,4,weight;ap_lo;age;ap_hi
15,261,1,1,3,height;ap_lo;age
15,262,1,1,4,weight;height;age;ap_hi
15,263,1,1,3,ap_hi;ap_lo;weight
15,264,1,1,3,ap_hi;age;weight
15,265,0,1,3,age;height;weight
15,266,0,0,3,weight;ap_hi;age
15,267,1,1,3,weight;ap_lo;ap_hi
15,268,0,0,3,age;ap_lo;height
15,269,1,1,4,height;ap_lo;ap_hi;weight
15,270,1,1,3,age;ap_lo;weight
15,271,1,1,4,weight;age;ap_lo;ap_hi
15,272,0,1,4,weight;ap_lo;height;ap_hi
15,273,1,1,3,ap_lo;ap_hi;age
15,274,0,0,4,ap_lo;height;age;weight
15,275,1,0,3,ap_hi;age;weight
15,276,1,1,4,height;weight;age;ap_lo
15,277,0,1,4,age;height;ap_hi;weight
15,278,1,1,3,age;ap_hi;weight
15,279,0,0,4,age;ap_lo;weight;ap_hi
15,280,0,1,3,ap_lo;weight;ap_hi
15,281,0,1,4,height;ap_lo;ap_hi;age
15,282,1,0,3,ap_lo;height;ap_hi
15,283,1,0,3,ap_hi;ap_lo;age
15,284,1,1,3,height;ap_hi;ap_lo
15,285,0,0,3,ap_lo;ap_hi;age
15,286,1,1,4,height;weight;ap_hi;age
15,287,1,1,4,height;weight;ap_hi;age
15,288,1,1,4,weight;ap_hi;ap_lo;height
15,289,0,0,3,ap_hi;height;ap_lo
15,290,0,1,4,height;age;ap_lo;ap_hi
15,291,0,0,3,ap_hi;ap_lo;height
15,292,0,0,3,age;ap_hi;ap_lo
15,293,1,0,4,age;ap_lo;height;ap_hi
15,294,1,0,3,ap_hi;weight;ap_lo
15,295,1,1,4,ap_hi;age;weight;height
15,296,0,1,4,ap_hi;weight;ap_lo;age
15,297,1,1,4,height;weight;ap_hi;ap_lo
15,298,1,1,4,height;weight;ap_hi;age
15,299,1,1,3,weight;ap_hi;age
15,300,0,0,3,ap_hi;height;weight
15,301,1,1,4,weight;ap_lo;height;age
15,302,1,1,3,age;height;ap_hi
15,303,1,0,3,weight;ap_hi;age
15,304,0,1,4,ap_lo;height;weight;age
15,305,0,1,4,ap_lo;age;height;ap_hi
15,306,1,0,4,height;age;ap_lo;weight
15,307,0,0,4,ap_lo;age;ap_hi;weight
15,308,0,0,4,weight;age;ap_lo;height
15,309,0,1,3,age;weight;ap_lo
15,310,0,1,4,ap_lo;height;weight;ap_hi
15,311,0,0,3,height;ap_lo;ap_hi
15,312,0,1,4,age;weight;ap_hi;height
15,313,0,1,3,height;age;ap_lo
15,314,1,1,4,height;age;ap_lo;ap_hi
15,315,1,1,4,age;ap_lo;height;ap_hi
15,316,1,1,4,ap_hi;weight;age;ap_lo
15,317,1,0,4,weight;age;height;ap_hi
15,318,0,0,3,ap_lo;height;ap_hi
15,319,1,1,4,age;ap_lo;weight;ap_hi
15,320,1,1,4,ap_lo;ap_hi;weight;age
15,321,1,0,3,weight;height;ap_hi
15,322,1,1,4,age;height;ap_hi;ap_lo
15,323,0,0,3,ap_lo;age;height
15,324,0,0,3,age;ap_hi;weight
15,325,0,1,3,age;weight;ap_hi
15,326,1,1,3,ap_lo;height;weight
15,327,1,1,3,ap_hi;weight;age
15,328,0,1,4,height;ap_lo;ap_hi;weight
15,329,1,1,4,ap_lo;weight;age;height
15,330,0,1,3,height;age;weight
15,331,1,1,3,weight;ap_lo;age
15,332,0,0,4,ap_hi;ap_lo;weight;height
15,333,0,0,3,weight;ap_hi;ap_lo
15,334,1,1,3,height;ap_lo;ap_hi
15,335,1,1,3,age;ap_lo;height
15,336,0,1,3,weight;height;age
15,337,0,0,4,ap_lo;age;height;weight
15,338,0,1,3,age;height;weight
15,339,0,1,3,age;height;weight
15,340,1,1,4,ap_lo;ap_hi;height;weight
15,341,1,1,3,ap_hi;age;ap_lo
15,342,1,1,4,height;ap_hi;age;ap_lo
15,343,1,1,3,weight;height;ap_lo
15,344,1,1,4,ap_lo;ap_hi;weight;age
15,345,1,1,4,weight;ap_hi;age;ap_lo
15,346,0,0,3,height;weight;age
15,347,0,0,4,height;ap_hi;weight;ap_lo
15,348,1,1,3,height;age;ap_hi
15,349,0,0,4,ap_lo;age;weight;ap_hi
15,350,1,1,3,ap_hi;age;weight
15,351,1,1,3,age;weight;height
15,352,0,0,4,height;ap_lo;weight;ap_hi
15,353,1,1,3,age;height;ap_lo
15,354,1,0,3,ap_hi;weight;age
15,355,1,1,4,weight;height;age;ap_lo
15,356,1,1,3,height;ap_lo;weight
15,357,1,1,3,weight;ap_hi;age
15,358,1,1,3,ap_hi;age;weight
15,359,1,0,4,ap_lo;weight;ap_hi;height
15,360,1,1,3,ap_hi;weight;ap_lo
15,361,0,1,3,height;ap_lo;age
15,362,1,1,4,ap_hi;height;weight;ap_lo
15,363,1,1,3,weight;ap_hi;height
15,364,1,1,4,ap_lo;age;height;weight
15,365,1,0,3,ap_lo;weight;ap_hi
15,366,0,1,3,ap_lo;weight;height
15,367,1,1,4,age;ap_lo;ap_hi;height
15,368,1,1,3,ap_lo;height;age
15,369,0,1,4,height;weight;ap_hi;age
15,370,1,1,4,age;height;ap_hi;ap_lo
15,371,0,1,3,ap_hi;ap_lo;age
15,372,1,1,4,height;age;weight;ap_lo
15,373,1,0,4,weight;age;ap_hi;ap_lo
15,374,1,1,3,ap_lo;age;ap_hi
15,375,0,1,4,weight;age;ap_lo;ap_hi
15,376,1,1,3,ap_lo;weight;height
15,377,1,0,3,height;age;weight
15,378,0,1,4,ap_hi;ap_lo;weight;age
15,379,0,1,4,ap_hi;age;ap_lo;height
15,380,1,1,3,age;ap_lo;height
15,381,1,1,4,height;ap_lo;weight;age
15,382,0,1,4,height;age;ap_hi;ap_lo
15,383,1,0,3,age;height;ap_hi
15,384,1,1,4,weight;ap_hi;ap_lo;height
15,385,0,1,4,ap_hi;ap_lo;age;weight
15,386,0,1,4,height;ap_lo;weight;age
15,387,1,1,4,ap_lo;weight;age;height
15,388,0,1,3,age;weight;ap_lo
15,389,0,0,3,ap_lo;ap_hi;weight
15,390,1,1,3,ap_lo;age;weight
15,391,1,0,3,ap_lo;height;ap_hi
15,392,0,0,4,ap_lo;weight;age;ap_hi
15,393,1,1,3,age;ap_lo;height
15,394,0,0,3,weight;height;ap_lo
15,395,1,0,4,age;height;ap_lo;ap_hi
15,396,1,1,3,ap_hi;weight;age
15,397,1,1,4,height;ap_hi;weight;ap_lo
15,398,0,0,3,weight;height;ap_hi
15,399,0,1,4,ap_lo;age;height;weight
15,400,1,1,4,ap_hi;weight;ap_lo;age
15,401,1,1,3,ap_hi;ap_lo;age
15,402,0,1,4,age;ap_lo;height;weight
15,403,0,1,3,ap_lo;height;ap_hi
15,404,0,0,4,height;age;ap_hi;ap_lo
15,405,0,1,4,ap_lo;ap_hi;age;height
15,406,0,1,4,ap_lo;ap_hi;weight;height
15,407,1,1,4,weight;ap_lo;height;age
15,408,1,1,4,height;weight;ap_lo;age
15,409,0,1,3,ap_hi;ap_lo;weight
15,410,0,0,4,weight;age;ap_lo;height
15,411,0,0,3,age;ap_lo;ap_hi
15,412,0,0,3,age;ap_hi;height
15,413,1,1,3,age;ap_lo;ap_hi
15,414,0,0,4,age;weight;ap_lo;ap_hi
15,415,0,0,3,ap_hi;weight;age
15,416,0,0,3,height;weight;ap_hi
15,417,0,1,4,age;weight;height;ap_hi
15,418,0,0,3,weight;ap_lo;ap_hi
15,419,1,0,4,age;ap_hi;weight;ap_lo
15,420,1,0,4,age;weight;ap_lo;ap_hi
15,421,0,0,4,ap_lo;age;height;weight
15,422,1,1,4,height;age;ap_hi;weight
15,423,0,0,4,ap_lo;weight;height;age
15,424,1,1,3,age;ap_hi;height
15,425,1,1,3,ap_lo;weight;age
15,426,1,0,3,age;height;ap_hi
15,427,1,1,3,ap_lo;age;weight
15,428,0,0,4,age;ap_hi;height;ap_lo
15,429,1,1,3,weight;age;height
15,430,1,1,4,age;weight;height;ap_lo
15,431,1,1,4,ap_lo;age;height;weight
15,432,1,1,4,ap_hi;ap_lo;age;height
15,433,1,1,3,ap_hi;weight;height
15,434,1,0,3,weight;height;ap_lo
15,435,1,1,3,ap_lo;height;age
15,436,1,1,3,weight;height;age
15,437,1,1,3,weight;ap_lo;ap_hi
15,438,0,1,4,age;weight;ap_lo;height
15,439,0,1,3,height;age;ap_hi
15,440,1,1,4,height;ap_hi;ap_lo;age
15,441,0,0,4,ap_hi;height;ap_lo;age
15,442,0,1,4,height;ap_hi;weight;ap_lo
15,443,0,1,3,ap_lo;weight;ap_hi
15,444,0,0,4,height;weight;age;ap_hi
15,445,0,1,3,height;ap_lo;age
15,446,0,0,4,weight;age;height;ap_hi
15,447,1,1,3,ap_hi;height;ap_lo
15,448,0,1,3,height;ap_lo;ap_hi
15,449,0,0,3,weight;height;ap_hi
15,450,0,1,3,height;weight;ap_hi
15,451,0,1,4,height;ap_hi;ap_lo;weight
15,452,1,1,4,weight;age;ap_hi;height
15,453,1,1,3,ap_hi;age;height
15,454,1,1,4,height;weight;ap_lo;age
15,455,0,1,3,ap_hi;ap_lo;weight
15,456,0,1,4,weight;ap_lo;height;ap_hi
15,457,0,0,3,ap_hi;weight;height
15,458,1,1,4,ap_lo;ap_hi;height;age
15,459,1,0,4,ap_hi;height;weight;age
15,460,1,1,4,ap_lo;height;ap_hi;weight
15,461,1,0,3,age;ap_lo;height
15,462,0,0,3,ap_hi;height;age
15,463,0,1,4,age;ap_lo;ap_hi;weight
15,464,1,1,4,age;ap_hi;height;weight
15,465,1,1,3,ap_hi;ap_lo;age
15,466,1,1,4,ap_lo;ap_hi;height;weight
15,467,1,1,4,weight;ap_lo;height;ap_hi
15,468,0,1,3,ap_lo;ap_hi;age
15,469,1,1,3,ap_lo;age;ap_hi
15,470,1,1,3,height;ap_hi;age
15,471,1,1,3,height;age;weight
15,472,0,0,4,height;weight;ap_lo;ap_hi
15,473,1,1,3,weight;age;ap_hi
15,474,1,1,3,weight;age;height
15,475,0,1,4,weight;height;age;ap_hi
15,476,0,0,3,ap_hi;ap_lo;weight
15,477,0,1,4,age;ap_lo;ap_hi;height
15,478,0,0,3,ap_lo;age;weight
15,479,0,1,3,ap_hi;ap_lo;weight
15,480,0,1,3,ap_hi;weight;age
15,481,1,1,3,height;weight;ap_lo
15,482,1,1,3,height;weight;ap_hi
15,483,1,1,4,ap_hi;weight;ap_lo;age
15,484,0,0,3,ap_hi;height;ap_lo
15,485,1,0,3,age;ap_hi;ap_lo
15,486,1,1,3,height;age;ap_lo
15,487,1,1,4,ap_lo;height;age;ap_hi
15,488,1,1,4,ap_hi;age;height;weight
15,489,1,0,3,weight;age;height
15,490,0,0,4,height;ap_hi;age;weight
15,491,0,0,3,weight;ap_hi;age
15,492,0,0,4,ap_hi;height;age;ap_lo
15,493,1,1,3,ap_hi;ap_lo;height
15,494,1,1,3,ap_hi;height;weight
15,495,1,1,4,ap_hi;age;height;weight
15,496,1,1,3,age;height;ap_lo
15,497,1,1,3,ap_lo;ap_hi;age
15,498,0,0,3,ap_hi;ap_lo;weight
15,499,0,0,3,ap_hi;weight;height
15,500,0,1,3,ap_lo;weight;age
15,501,1,1,4,age;ap_hi;ap_lo;height
15,502,1,1,3,weight;ap_hi;age
15,503,0,1,3,weight;height;ap_hi
15,504,0,1,4,ap_lo;age;weight;ap_hi
15,505,0,0,3,age;ap_hi;weight
15,506,0,0,4,ap_hi;weight;age;height
15,507,1,1,3,ap_hi;height;weight
15,508,0,0,4,weight;ap_hi;age;ap_lo
15,509,0,1,3,weight;ap_hi;ap_lo
15,510,1,1,3,ap_hi;weight;age
15,511,0,1,4,age;weight;height;ap_lo
15,512,1,1,3,age;ap_hi;height
15,513,1,1,3,height;age;ap_lo
15,514,1,1,3,ap_hi;ap_lo;weight
15,515,0,0,4,height;weight;ap_hi;ap_lo
15,516,1,1,3,age;height;ap_lo
15,517,1,1,4,ap_lo;age;weight;height
15,518,0,0,3,ap_lo;height;weight
15,519,1,1,4,ap_hi;ap_lo;weight;age
15,520,1,1,4,ap_hi;ap_lo;age;weight
15,521,0,1,4,ap_hi;weight;height;ap_lo
15,522,0,0,4,ap_lo;weight;age;ap_hi
15,523,1,1,4,ap_hi;height;ap_lo;age
15,524,1,1,4,weight;ap_hi;height;age
15,525,0,1,3,age;weight;ap_lo
15,526,0,1,4,weight;age;ap_lo;height
15,527,1,1,4,weight;ap_hi;height;ap_lo
15,528,0,1,3,weight;ap_lo;age
15,529,1,1,4,height;weight;age;ap_lo
15,530,0,1,4,age;ap_lo;ap_hi;weight
15,531,1,1,4,ap_lo;age;height;ap_hi
15,532,0,0,3,age;height;ap_hi
15,533,1,1,4,height;age;weight;ap_hi
15,534,0,1,3,height;weight;age
15,535,1,1,4,age;ap_hi;weight;height
15,536,1,1,3,weight;age;ap_hi
15,537,1,1,3,weight;height;age
15,538,0,1,4,age;ap_hi;weight;ap_lo
15,539,1,0,3,ap_hi;age;height
15,540,1,1,4,ap_lo;weight;age;height
15,541,1,1,3,ap_lo;height;age
15,542,1,1,4,height;age;weight;ap_hi
15,543,1,1,4,height;ap_hi;weight;ap_lo
15,544,1,1,3,age;weight;height
15,545,0,1,4,ap_lo;age;ap_hi;weight
15,546,0,0,4,height;ap_hi;age;ap_lo
15,547,0,1,4,ap_hi;age;weight;height
15,548,0,0,4,height;weight;ap_hi;age
15,549,1,1,4,height;ap_hi;ap_lo;age
15,550,1,1,4,ap_lo;age;ap_hi;height
15,551,1,1,4,ap_lo;weight;age;ap_hi
15,552,0,1,3,height;age;ap_hi
15,553,1,1,4,age;ap_hi;ap_lo;weight
15,554,0,1,4,ap_hi;weight;age;ap_lo
15,555,0,1,4,ap_lo;ap_hi;height;age
15,556,1,1,3,height;ap_hi;weight
15,557,1,1,3,ap_lo;height;weight
15,558,1,1,3,weight;ap_lo;ap_hi
15,559,1,1,3,age;height;weight
15,560,1,1,4,ap_hi;weight;ap_lo;height
15,561,0,1,3,height;ap_lo;age
15,562,0,1,4,ap_lo;age;ap_hi;weight
15,563,0,0,4,ap_hi;weight;ap_lo;height
15,564,1,1,3,age;ap_hi;height
15,565,1,1,3,weight;ap_lo;height
15,566,0,1,4,height;ap_lo;age;weight
15,567,1,0,3,ap_hi;age;weight
15,568,1,1,4,weight;ap_lo;ap_hi;height
15,569,0,1,4,age;height;ap_hi;weight
15,570,1,1,3,age;weight;ap_lo
15,571,1,1,4,height;age;ap_lo;weight
15,572,0,1,4,height;age;weight;ap_lo
15,573,1,1,4,height;ap_hi;ap_lo;age
15,574,1,1,3,ap_lo;age;ap_hi
15,575,0,1,4,age;ap_hi;weight;ap_lo
15,576,1,1,4,ap_hi;height;weight;age
15,577,1,1,3,ap_hi;age;height
15,578,1,0,3,ap_hi;height;age
15,579,0,0,3,height;age;weight
15,580,1,1,3,height;age;ap_lo
15,581,1,1,3,ap_hi;age;weight
15,582,0,0,4,age;height;weight;ap_hi
15,583,0,0,3,ap_lo;ap_hi;height
15,584,0,0,3,weight;ap_hi;height
15,585,1,1,4,weight;ap_lo;age;ap_hi
15,586,0,1,4,ap_lo;age;weight;height
15,587,0,1,4,ap_lo;weight;ap_hi;age
15,588,1,1,3,ap_lo;weight;height
15,589,1,1,4,height;ap_lo;ap_hi;weight
15,590,1,1,4,weight;ap_hi;height;age
15,591,0,1,3,height;ap_lo;age
15,592,0,0,4,weight;ap_hi;height;age
15,593,0,1,4,ap_hi;weight;ap_lo;age
15,594,0,1,4,ap_hi;height;ap_lo;age
15,595,1,1,4,height;weight;age;ap_hi
15,596,1,1,4,ap_lo;weight;ap_hi;age
15,597,0,1,4,weight;ap_lo;height;age
15,598,0,0,4,age;weight;ap_lo;ap_hi
15,599,0,1,4,height;weight;ap_hi;ap_lo
15,600,1,0,4,ap_hi;height;weight;ap_lo
15,601,1,1,4,height;weight;ap_hi;ap_lo
15,602,1,1,3,height;age;ap_lo
15,603,1,1,3,height;ap_lo;age
15,604,0,0,3,height;age;ap_hi
15,605,0,0,3,height;age;ap_hi
15,606,1,1,4,ap_hi;ap_lo;height;weight
15,607,1,1,4,ap_hi;ap_lo;age;height
15,608,0,1,4,age;height;weight;ap_lo
15,609,0,0,3,weight;ap_hi;ap_lo
15,610,1,1,4,age;ap_lo;weight;height
15,611,1,1,3,ap_lo;ap_hi;weight
15,612,0,0,3,height;weight;ap_lo
15,613,0,0,4,age;weight;ap_hi;ap_lo
15,614,0,1,4,ap_hi;weight;height;age
15,615,0,0,4,age;weight;ap_hi;ap_lo
15,616,0,1,4,weight;age;ap_lo;height
15,617,0,1,3,height;weight;age
15,618,0,0,4,ap_hi;ap_lo;age;weight
15,619,1,1,3,ap_hi;age;height
15,620,0,1,4,weight;height;age;ap_lo
15,621,1,1,3,weight;ap_lo;ap_hi
15,622,0,0,3,height;ap_hi;age
15,623,1,0,3,age;weight;ap_hi
15,624,1,1,3,weight;ap_lo;height
15,625,0,0,4,age;ap_lo;weight;ap_hi
15,626,1,1,4,ap_hi;ap_lo;weight;height
15,627,0,1,3,ap_hi;height;ap_lo
15,628,0,0,4,ap_lo;height;ap_hi;weight
15,629,0,1,4,ap_hi;height;ap_lo;age
15,630,0,1,4,weight;ap_lo;height;age
15,631,1,0,4,height;ap_lo;weight;ap_hi
15,632,1,1,3,weight;age;ap_lo
15,633,0,1,3,age;weight;ap_lo
15,634,0,0,4,age;height;ap_hi;ap_lo
15,635,1,1,4,ap_lo;ap_hi;age;weight
15,636,1,1,4,ap_lo;ap_hi;height;age
15,637,0,0,3,weight;height;age
15,638,1,1,3,weight;ap_lo;ap_hi
15,639,0,0,3,ap_hi;weight;ap_lo
15,640,1,1,3,ap_hi;ap_lo;height
15,641,1,1,4,ap_hi;ap_lo;height;age
15,642,1,1,3,weight;height;ap_lo
15,643,0,1,4,ap_hi;ap_lo;weight;age
15,644,1,0,4,age;weight;height;ap_hi
15,645,1,1,4,weight;ap_lo;ap_hi;age
15,646,0,0,4,ap_lo;weight;age;ap_hi
15,647,0,1,3,height;ap_lo;age
15,648,0,1,4,ap_hi;height;ap_lo;weight
15,649,0,0,3,ap_lo;age;ap_hi
15,650,1,1,3,weight;ap_hi;ap_lo
15,651,0,0,4,ap_hi;height;age;ap_lo
15,652,0,1,4,ap_hi;age;weight;ap_lo
15,653,0,1,3,ap_lo;age;weight
15,654,0,1,4,age;ap_hi;height;weight
15,655,0,1,3,ap_lo;ap_hi;height
15,656,0,1,4,age;height;ap_hi;weight
15,657,0,0,3,weight;ap_hi;age
15,658,1,1,3,height;ap_hi;age
15,659,0,0,3,ap_hi;weight;ap_lo
15,660,1,1,4,ap_hi;height;ap_lo;weight
15,661,0,0,4,ap_hi;age;ap_lo;height
15,662,0,1,4,ap_hi;age;ap_lo;weight
15,663,0,1,4,weight;age;height;ap_lo
15,664,1,1,3,height;ap_lo;ap_hi
15,665,1,1,3,ap_hi;ap_lo;weight
15,666,0,1,4,age;height;ap_lo;weight
15,667,1,0,4,age;ap_lo;weight;height
15,668,1,1,4,weight;age;ap_lo;ap_hi
15,669,1,0,3,ap_hi;height;ap_lo
15,670,0,0,3,ap_lo;weight;ap_hi
15,671,0,1,4,ap_lo;weight;age;ap_hi
15,672,0,1,4,height;ap_lo;weight;ap_hi
15,673,0,0,4,age;ap_lo;ap_hi;height
15,674,1,1,4,ap_lo;height;weight;ap_hi
15,675,1,1,3,ap_lo;weight;ap_hi
15,676,1,1,3,height;ap_hi;weight
15,677,1,1,4,weight;age;ap_lo;ap_hi
15,678,0,0,3,weight;age;ap_lo
15,679,1,0,3,ap_hi;weight;ap_lo
15,680,0,1,4,ap_lo;height;age;weight
15,681,0,0,4,weight;ap_lo;height;age
15,682,0,0,4,age;ap_lo;ap_hi;height
15,683,1,1,3,weight;age;height
15,684,0,1,4,ap_hi;ap_lo;weight;height
15,685,1,1,3,ap_hi;age;weight
15,686,1,1,4,ap_hi;weight;age;ap_lo
15,687,0,0,4,ap_lo;age;ap_hi;weight
15,688,1,0,3,weight;age;height
15,689,1,1,4,ap_lo;weight;height;ap_hi
15,690,0,1,3,age;height;weight
15,691,0,0,3,age;ap_lo;ap_hi
15,692,0,0,4,weight;age;ap_hi;ap_lo
15,693,0,0,4,age;ap_hi;weight;height
15,694,0,0,4,weight;age;height;ap_hi
15,695,1,1,3,ap_hi;height;weight
15,696,0,0,3,ap_hi;age;weight
15,697,1,0,3,height;weight;ap_lo
15,698,1,0,3,height;ap_lo;age
15,699,1,1,3,ap_lo;ap_hi;age
15,700,0,0,3,ap_lo;ap_hi;age
15,701,0,0,3,weight;ap_lo;height
15,702,0,0,3,ap_hi;weight;ap_lo
15,703,0,1,4,ap_hi;ap_lo;weight;height
15,704,0,1,4,ap_lo;ap_hi;height;age
15,705,1,1,4,ap_hi;ap_lo;height;age
15,706,1,1,3,height;age;ap_lo
15,707,1,1,4,height;ap_hi;ap_lo;weight
15,708,0,0,4,age;ap_lo;ap_hi;height
15,709,0,1,4,ap_lo;height;ap_hi;weight
15,710,0,1,4,ap_hi;age;weight;ap_lo
15,711,0,0,4,weight;height;age;ap_hi
15,712,1,1,4,age;ap_hi;height;ap_lo
15,713,1,1,3,ap_lo;ap_hi;weight
15,714,1,1,4,weight;age;height;ap_lo
15,715,1,1,4,height;ap_hi;age;weight
15,716,1,1,4,weight;ap_hi;ap_lo;age
15,717,0,1,3,ap_lo;height;weight
15,718,0,1,4,ap_lo;height;age;ap_hi
15,719,1,0,4,ap_hi;ap_lo;weight;height
15,720,0,0,3,weight;height;ap_hi
15,721,1,1,4,ap_hi;age;ap_lo;height
15,722,0,1,3,age;weight;height
15,723,1,1,4,height;ap_lo;age;weight
15,724,1,1,3,weight;age;ap_hi
15,725,1,1,4,height;weight;age;ap_lo
15,726,1,1,3,weight;height;age
15,727,1,1,4,height;ap_hi;age;ap_lo
15,728,1,1,4,ap_hi;height;ap_lo;age
15,729,1,0,3,weight;height;ap_lo
15,730,1,1,3,height;ap_lo;weight
15,731,1,1,4,ap_hi;ap_lo;age;height
15,732,0,1,3,age;weight;ap_lo
15,733,0,0,4,ap_lo;age;height;ap_hi
15,734,0,1,3,weight;age;ap_lo
15,735,0,1,4,ap_lo;height;ap_hi;age
15,736,0,0,3,ap_hi;height;age
15,737,1,1,3,age;height;weight
15,738,0,1,3,ap_lo;height;age
15,739,1,1,4,weight;height;age;ap_lo
15,740,0,1,4,height;ap_lo;weight;age
15,741,0,0,4,age;height;weight;ap_hi
15,742,0,1,3,ap_lo;weight;ap_hi
15,743,0,0,4,weight;age;ap_hi;ap_lo
15,744,1,1,3,height;weight;ap_lo
15,745,0,0,3,ap_hi;age;ap_lo
15,746,0,0,4,ap_lo;weight;age;height
15,747,0,0,4,height;ap_hi;age;ap_lo
15,748,0,1,3,height;age;ap_lo
15,749,0,0,4,age;ap_hi;ap_lo;weight
15,750,0,1,3,age;weight;ap_hi
15,751,0,1,3,height;age;ap_hi
15,752,0,1,3,ap_lo;height;age
15,753,1,0,3,age;ap_hi;weight
15,754,0,1,3,age;height;weight
15,755,0,1,4,age;ap_lo;height;weight
15,756,1,1,4,weight;age;height;ap_hi
15,757,0,1,3,weight;ap_lo;height
15,758,1,0,3,weight;ap_hi;height
15,759,1,1,3,height;ap_hi;weight
15,760,1,1,3,ap_hi;ap_lo;weight
15,761,0,0,4,weight;ap_lo;height;ap_hi
15,762,1,1,4,ap_hi;ap_lo;age;height
15,763,0,1,4,age;height;ap_hi;ap_lo
15,764,0,0,4,ap_hi;weight;ap_lo;age
15,765,0,1,3,age;height;ap_lo
15,766,1,1,4,weight;age;height;ap_hi
15,767,0,1,3,height;ap_lo;age
15,768,0,1,4,age;ap_lo;weight;height
15,769,1,1,4,height;ap_hi;ap_lo;age
15,770,0,0,4,height;weight;ap_lo;ap_hi
15,771,0,1,4,ap_lo;age;height;weight
15,772,1,1,4,ap_hi;ap_lo;age;weight
15,773,0,0,3,ap_lo;age;ap_hi
15,774,1,0,4,weight;ap_hi;ap_lo;age
15,775,0,0,4,weight;height;age;ap_hi
15,776,0,0,4,age;height;ap_lo;ap_hi
15,777,1,1,4,height;ap_lo;ap_hi;weight
15,778,1,0,3,ap_lo;ap_hi;height
15,779,0,1,3,age;weight;ap_lo
15,780,0,1,3,ap_hi;age;height
15,781,0,1,4,ap_lo;ap_hi;height;weight
15,782,1,1,4,ap_lo;age;height;weight
15,783,1,1,3,ap_lo;height;age
15,784,1,1,3,age;ap_hi;weight
15,785,1,1,4,height;weight;ap_hi;age
15,786,0,0,3,ap_hi;height;weight
15,787,0,1,3,height;ap_hi;weight
15,788,1,1,3,weight;ap_hi;ap_lo
15,789,1,1,3,weight;height;ap_hi
15,790,0,0,3,ap_lo;ap_hi;age
15,791,0,0,3,ap_hi;height;age
15,792,0,1,4,weight;ap_lo;age;ap_hi
15,793,0,1,3,ap_lo;ap_hi;weight
15,794,0,0,3,height;weight;age
15,795,0,1,4,height;ap_hi;age;ap_lo
15,796,0,1,3,age;weight;height
15,797,0,1,3,age;ap_hi;height
15,798,0,1,4,weight;ap_hi;height;ap_lo
15,799,0,0,4,age;ap_hi;ap_lo;weight
15,800,0,0,4,weight;ap_hi;height;age
15,801,0,0,3,weight;age;ap_hi
15,802,0,1,4,weight;height;ap_hi;age
15,803,0,0,4,ap_lo;weight;ap_hi;height
15,804,1,1,3,height;ap_lo;ap_hi
15,805,1,1,3,height;age;ap_lo
15,806,0,1,4,ap_hi;weight;ap_lo;age
15,807,1,1,3,age;ap_hi;weight
15,808,0,1,4,height;ap_lo;age;weight
15,809,1,1,3,weight;ap_lo;ap_hi
15,810,0,1,3,height;ap_hi;age
15,811,1,1,4,ap_hi;ap_lo;height;weight
15,812,0,1,3,weight;ap_lo;ap_hi
15,813,0,0,4,ap_lo;age;ap_hi;weight
15,814,0,0,4,ap_lo;height;age;ap_hi
15,815,0,1,3,age;weight;height
15,816,0,0,4,age;ap_hi;weight;ap_lo
15,817,0,1,3,height;ap_hi;weight
15,818,1,1,4,ap_lo;age;weight;ap_hi
15,819,0,0,4,ap_lo;weight;age;ap_hi
15,820,1,0,4,height;weight;ap_hi;ap_lo
15,821,0,1,3,ap_lo;age;height
15,822,0,1,3,weight;height;ap_hi
15,823,0,0,3,ap_hi;age;weight
15,824,1,1,4,height;ap_hi;age;ap_lo
15,825,0,0,4,age;height;ap_hi;ap_lo
15,826,0,1,4,ap_hi;ap_lo;age;height
15,827,1,0,4,ap_lo;age;height;ap_hi
15,828,1,1,4,age;height;weight;ap_lo
15,829,0,1,3,ap_lo;height;weight
15,830,1,1,4,ap_hi;age;ap_lo;weight
15,831,0,0,3,ap_lo;height;ap_hi
15,832,0,0,4,ap_hi;height;ap_lo;weight
15,833,1,1,3,ap_lo;ap_hi;height
15,834,1,1,3,weight;age;ap_lo
15,835,0,1,3,age;ap_lo;height
15,836,0,0,3,ap_lo;weight;ap_hi
15,837,0,1,4,weight;age;height;ap_lo
15,838,0,1,4,weight;ap_hi;age;height
15,839,0,0,3,ap_lo;age;height
15,840,0,0,3,ap_hi;weight;age
15,841,0,0,3,ap_lo;age;ap_hi
15,842,0,1,4,ap_hi;age;height;weight
15,843,1,1,4,height;weight;age;ap_hi
15,844,0,0,4,height;ap_lo;age;ap_hi
15,845,0,1,3,ap_hi;weight;ap_lo
15,846,0,1,4,height;weight;age;ap_lo
15,847,1,0,4,age;weight;ap_lo;ap_hi
15,848,0,1,3,ap_hi;age;height
15,849,1,1,4,height;ap_lo;ap_hi;weight
15,850,1,0,4,height;weight;ap_hi;ap_lo
15,851,0,1,3,weight;height;ap_lo
15,852,0,1,3,height;ap_lo;weight
15,853,1,1,4,ap_hi;weight;height;ap_lo
15,854,1,1,4,height;ap_hi;weight;age
15,855,1,1,4,ap_lo;ap_hi;weight;age
15,856,0,1,3,weight;height;age
15,857,1,1,4,ap_hi;height;age;weight
15,858,1,1,4,ap_hi;height;weight;age
15,859,0,0,4,ap_lo;ap_hi;height;age
15,860,1,1,4,weight;ap_hi;height;age
15,861,1,1,3,height;age;ap_lo
15,862,1,1,4,ap_hi;weight;ap_lo;age
15,863,0,1,3,height;ap_lo;weight
15,864,1,1,4,height;age;ap_lo;weight
15,865,0,0,4,weight;ap_lo;ap_hi;height
15,866,1,1,4,weight;height;ap_lo;age
15,867,1,1,3,weight;height;ap_lo
15,868,1,1,3,weight;age;height
15,869,1,1,4,weight;age;ap_hi;height
15,870,0,0,3,ap_hi;weight;ap_lo
15,871,1,1,3,age;ap_lo;ap_hi
15,872,0,1,3,ap_lo;age;weight
15,873,0,0,4,ap_hi;height;age;weight
15,874,0,0,4,weight;ap_lo;age;height
15,875,0,0,4,weight;age;ap_lo;ap_hi
15,876,1,1,3,weight;ap_lo;age
15,877,0,1,3,ap_lo;age;weight
15,878,1,1,4,height;age;ap_hi;weight
15,879,1,1,4,weight;height;age;ap_lo
15,880,1,1,4,weight;ap_hi;age;height
15,881,1,1,4,ap_lo;ap_hi;weight;height
15,882,1,1,3,ap_lo;height;ap_hi
15,883,1,1,3,ap_lo;weight;ap_hi
15,884,0,0,4,ap_lo;weight;ap_hi;height
15,885,1,1,4,ap_lo;height;weight;ap_hi
15,886,0,0,4,ap_hi;ap_lo;height;age
15,887,1,1,4,ap_lo;height;ap_hi;age
15,888,0,0,3,age;height;ap_hi
15,889,1,0,4,ap_hi;ap_lo;height;weight
15,890,0,0,3,weight;ap_hi;height
15,891,0,1,4,weight;height;age;ap_lo
15,892,0,1,4,age;ap_hi;height;ap_lo
15,893,1,0,4,ap_hi;age;weight;ap_lo
15,894,0,1,4,weight;height;ap_hi;ap_lo
15,895,1,1,4,ap_hi;ap_lo;age;height
15,896,0,1,4,weight;ap_hi;age;ap_lo
15,897,1,1,4,ap_hi;weight;height;age
15,898,1,1,4,ap_lo;height;ap_hi;weight
15,899,0,0,3,weight;ap_hi;ap_lo
15,900,0,1,3,height;age;ap_lo
15,901,0,1,3,height;ap_hi;weight
15,902,1,1,4,age;ap_lo;height;weight
15,903,1,1,4,ap_hi;height;weight;age
15,904,1,1,3,ap_lo;height;age
15,905,0,0,4,ap_lo;ap_hi;weight;height
15,906,0,0,3,ap_hi;weight;height
15,907,1,1,4,age;weight;height;ap_lo
15,908,0,0,3,height;age;ap_hi
15,909,1,1,4,ap_lo;weight;ap_hi;age
15,910,0,0,3,weight;ap_hi;age
15,911,0,1,3,height;age;weight
15,912,1,1,4,height;weight;ap_hi;age
15,913,0,1,3,ap_lo;height;weight
15,914,1,1,3,age;weight;ap_lo
15,915,1,1,3,ap_lo;weight;ap_hi
15,916,0,1,4,age;ap_lo;height;ap_hi
15,917,0,0,4,height;ap_lo;age;weight
15,918,0,1,4,ap_lo;age;height;weight
15,919,1,1,3,height;ap_lo;weight
15,920,1,1,3,weight;ap_lo;ap_hi
15,921,1,0,3,age;ap_lo;ap_hi
15,922,0,1,4,height;weight;ap_lo;age
15,923,0,1,3,age;weight;ap_lo
15,924,1,1,4,weight;ap_lo;age;height
15,925,1,0,4,age;ap_hi;ap_lo;weight
15,926,1,1,4,weight;height;age;ap_hi
15,927,1,0,3,age;weight;ap_lo
15,928,1,1,4,weight;height;ap_lo;ap_hi
15,929,0,0,3,weight;age;ap_hi
15,930,0,0,4,height;ap_hi;ap_lo;age
15,931,1,1,3,ap_lo;height;weight
15,932,0,1,4,height;ap_lo;weight;age
15,933,1,1,3,age;height;weight
15,934,1,1,4,ap_lo;weight;age;height
15,935,1,1,3,ap_lo;height;weight
15,936,0,1,3,height;ap_lo;ap_hi
15,937,1,1,3,age;height;ap_lo
15,938,1,1,4,age;weight;ap_lo;ap_hi
15,939,1,1,4,ap_lo;height;age;weight
15,940,0,0,3,ap_hi;height;weight
15,941,0,1,3,age;weight;ap_lo
15,942,0,1,3,ap_hi;weight;age
15,943,0,0,3,ap_hi;weight;height
15,944,1,1,3,ap_lo;age;weight
15,945,0,1,3,height;ap_lo;weight
15,946,0,0,4,ap_lo;age;height;weight
15,947,0,0,3,ap_hi;height;age
15,948,1,1,4,ap_hi;weight;age;height
15,949,0,1,3,ap_hi;height;ap_lo
15,950,0,1,3,height;ap_lo;weight
15,951,0,0,4,ap_hi;age;height;ap_lo
15,952,0,1,3,age;weight;ap_lo
15,953,1,1,3,ap_lo;ap_hi;weight
15,954,0,1,3,weight;height;age
15,955,0,0,4,ap_lo;height;ap_hi;age
15,956,1,1,3,ap_lo;age;height
15,957,0,1,4,age;weight;height;ap_lo
15,958,0,0,4,weight;age;height;ap_hi
15,959,1,1,4,ap_hi;ap_lo;weight;age
15,960,1,1,3,age;weight;ap_hi
15,961,0,0,3,height;ap_hi;weight
15,962,0,0,3,height;ap_hi;weight
15,963,0,1,3,height;ap_hi;weight
15,964,1,1,3,ap_hi;weight;height
15,965,1,1,4,age;ap_lo;ap_hi;weight
15,966,1,1,4,ap_hi;ap_lo;age;weight
15,967,1,1,3,weight;height;ap_lo
15,968,1,1,4,height;ap_hi;age;ap_lo
15,969,1,1,4,age;weight;height;ap_lo
15,970,0,1,4,age;weight;ap_lo;height
15,971,1,1,3,age;ap_hi;height
15,972,1,1,3,weight;height;ap_hi
15,973,0,0,3,height;age;ap_hi
15,974,1,1,4,ap_lo;age;weight;ap_hi
15,975,1,1,3,age;height;ap_hi
15,976,1,1,4,weight;ap_lo;ap_hi;age
15,977,0,1,4,age;height;weight;ap_hi
15,978,1,1,3,weight;height;ap_lo
15,979,0,1,3,age;weight;ap_hi
15,980,1,1,4,age;ap_hi;ap_lo;height
15,981,0,0,3,ap_hi;height;ap_lo
15,982,0,0,4,weight;ap_lo;height;ap_hi
15,983,1,1,4,weight;ap_hi;height;age
15,984,1,0,3,weight;ap_hi;ap_lo
15,985,1,1,3,height;age;ap_lo
15,986,1,1,4,weight;age;ap_lo;height
15,987,1,0,3,age;weight;ap_lo
15,988,1,0,4,height;ap_hi;age;weight
15,989,1,1,4,weight;ap_lo;age;ap_hi
15,990,1,1,4,ap_hi;height;ap_lo;age
15,991,0,1,3,age;weight;ap_lo
15,992,1,1,3,weight;ap_lo;age
15,993,0,0,4,weight;ap_lo;ap_hi;age
15,994,1,1,4,ap_lo;age;weight;height
15,995,1,1,3,ap_lo;age;weight
15,996,1,1,4,ap_lo;weight;height;age
15,997,0,1,4,weight;height;ap_lo;ap_hi
15,998,1,0,3,weight;ap_lo;ap_hi
15,999,1,1,4,ap_hi;height;age;weight
16,0,0,0,4,weight;ap_lo;age;height
16,1,0,1,4,age;ap_lo;height;ap_hi
16,2,0,0,4,ap_hi;ap_lo;age;height
16,3,0,0,4,ap_hi;height;weight;ap_lo
16,4,1,0,4,weight;age;ap_hi;height
16,5,0,0,3,age;weight;ap_lo
16,6,0,0,4,weight;ap_hi;ap_lo;age
16,7,0,0,4,ap_hi;height;ap_lo;weight
16,8,0,1,4,height;ap_lo;age;weight
16,9,1,0,4,ap_hi;ap_lo;weight;age
16,10,0,1,3,weight;ap_lo;age
16,11,1,1,3,age;height;weight
16,12,0,0,3,height;age;weight
16,13,0,0,4,height;age;ap_lo;ap_hi
16,14,0,0,4,age;weight;ap_lo;height
16,15,0,0,4,ap_lo;height;weight;ap_hi
16,16,1,1,4,age;height;ap_lo;ap_hi
16,17,0,0,3,weight;ap_hi;height
16,18,0,0,3,ap_lo;height;ap_hi
16,19,1,0,3,ap_lo;age;ap_hi
16,20,0,1,4,height;age;ap_lo;weight
16,21,1,1,3,height;ap_hi;age
16,22,1,0,4,ap_hi;weight;height;ap_lo
16,23,0,0,3,ap_hi;ap_lo;height
16,24,1,1,4,age;weight;ap_hi;height
16,25,1,1,3,ap_hi;age;weight
16,26,1,1,3,age;weight;ap_lo
16,27,0,1,4,weight;height;age;ap_lo
16,28,0,0,4,ap_lo;weight;height;age
16,29,0,1,4,age;weight;ap_hi;height
16,30,1,0,3,ap_hi;ap_lo;age
16,31,1,1,4,ap_lo;age;height;weight
16,32,0,0,3,height;ap_lo;ap_hi
16,33,1,0,3,ap_lo;weight;ap_hi
16,34,1,1,4,ap_hi;age;weight;ap_lo
16,35,1,1,3,weight;ap_hi;ap_lo
16,36,0,0,4,age;ap_hi;weight;ap_lo
16,37,0,1,4,height;age;ap_lo;ap_hi
16,38,0,0,4,height;ap_hi;age;ap_lo
16,39,1,1,3,weight;ap_hi;age
16,40,1,1,4,ap_lo;height;age;ap_hi
16,41,1,1,3,ap_hi;ap_lo;age
16,42,1,0,3,height;ap_lo;weight
16,43,0,0,4,ap_hi;age;height;ap_lo
16,44,1,1,3,ap_lo;height;age
16,45,1,1,3,weight;ap_hi;age
16,46,0,1,3,age;weight;height
16,47,0,0,3,ap_lo;age;weight
16,48,1,1,3,age;weight;height
16,49,0,0,4,height;age;ap_lo;weight
16,50,0,0,4,ap_hi;age;height;weight
16,51,0,0,3,ap_hi;weight;height
16,52,1,1,3,ap_lo;height;ap_hi
16,53,0,0,3,ap_hi;height;ap_lo
16,54,1,1,4,height;weight;ap_lo;ap_hi
16,55,1,0,3,age;ap_hi;weight
16,56,0,0,4,height;ap_lo;age;ap_hi
16,57,1,1,3,ap_lo;age;weight
16,58,1,1,4,height;age;ap_lo;ap_hi
16,59,0,0,3,height;weight;ap_lo
16,60,1,0,4,ap_lo;weight;ap_hi;age
16,61,1,1,3,ap_hi;weight;height
16,62,0,0,3,age;ap_hi;height
16,63,1,1,3,ap_lo;age;ap_hi
16,64,0,0,4,weight;age;height;ap_hi
16,65,0,0,3,height;weight;ap_lo
16,66,0,0,4,weight;ap_hi;ap_lo;age
16,67,0,0,4,age;weight;ap_hi;height
16,68,1,1,4,ap_hi;weight;ap_lo;age
16,69,0,1,3,weight;ap_hi;age
16,70,1,1,3,ap_hi;age;weight
16,71,1,1,4,height;ap_lo;weight;age
16,72,0,0,4,ap_lo;height;weight;age
16,73,0,1,4,age;height;ap_hi;weight
16,74,1,1,3,ap_hi;ap_lo;age
16,75,1,0,3,ap_hi;weight;height
16,76,0,0,3,age;height;ap_hi
16,77,1,0,3,age;ap_hi;weight
16,78,0,0,3,age;ap_hi;height
16,79,1,0,4,weight;ap_hi;age;ap_lo
16,80,0,0,4,ap_lo;ap_hi;weight;height
16,81,1,0,3,weight;ap_lo;age
16,82,1,1,3,age;weight;height
16,83,1,1,3,ap_lo;ap_hi;weight
16,84,1,1,4,ap_hi;ap_lo;age;weight
16,85,0,0,3,ap_lo;age;weight
16,86,0,1,4,height;ap_lo;age;ap_hi
16,87,0,1,4,height;age;ap_hi;weight
16,88,0,0,3,weight;age;ap_lo
16,89,1,0,4,ap_lo;weight;height;age
16,90,1,1,4,ap_hi;ap_lo;weight;height
16,91,1,0,4,age;height;ap_lo;weight
16,92,0,0,4,age;ap_lo;height;weight
16,93,1,0,4,ap_lo;weight;age;ap_hi
16,94,0,0,4,ap_hi;ap_lo;weight;height
16,95,1,0,4,ap_hi;height;ap_lo;age
16,96,0,0,4,weight;age;ap_hi;height
16,97,1,1,4,ap_lo;age;height;weight
16,98,1,1,4,ap_hi;ap_lo;weight;height
16,99,0,0,4,ap_lo;height;age;ap_hi
16,100,0,0,4,age;height;ap_hi;ap_lo
16,101,1,0,4,age;weight;height;ap_hi
16,102,0,0,3,ap_hi;weight;age
16,103,1,0,4,age;weight;ap_lo;ap_hi
16,104,0,0,4,ap_lo;height;weight;ap_hi
16,105,0,0,4,height;age;ap_hi;ap_lo
16,106,0,0,3,ap_lo;age;ap_hi
16,107,0,0,3,ap_lo;age;ap_hi
16,108,1,1,4,height;age;ap_lo;ap_hi
16,109,0,0,3,ap_lo;height;age
16,110,0,0,4,height;ap_lo;ap_hi;age
16,111,0,0,3,ap_hi;height;weight
16,112,0,1,4,height;ap_hi;weight;ap_lo
16,113,0,1,4,height;weight;age;ap_lo
16,114,1,0,3,ap_lo;height;age
16,115,1,1,3,height;ap_lo;age
16,116,1,0,4,weight;ap_lo;height;ap_hi
16,117,0,0,3,ap_hi;ap_lo;age
16,118,0,0,4,ap_lo;ap_hi;weight;age
16,119,1,1,4,ap_lo;height;weight;age
16,120,0,0,4,height;ap_hi;age;ap_lo
16,121,1,0,3,weight;ap_hi;height
16,122,0,1,3,age;height;ap_lo
16,123,1,1,3,age;ap_lo;weight
16,124,1,1,4,ap_hi;ap_lo;height;age
16,125,0,0,4,ap_lo;weight;ap_hi;height
16,126,0,1,4,ap_hi;ap_lo;age;weight
16,127,1,1,4,weight;height;ap_hi;ap_lo
16,128,0,0,3,ap_lo;age;height
16,129,0,0,4,age;ap_lo;ap_hi;height
16,130,0,0,3,ap_lo;age;ap_hi
16,131,0,0,3,ap_lo;weight;age
16,132,1,0,4,ap_hi;weight;ap_lo;height
16,133,0,1,4,weight;height;ap_lo;age
16,134,0,0,4,weight;age;ap_hi;ap_lo
16,135,1,0,3,weight;ap_hi;age
16,136,1,0,3,height;ap_hi;age
16,137,1,1,4,age;weight;height;ap_lo
16,138,1,1,3,ap_lo;ap_hi;age
16,139,1,0,3,height;weight;ap_hi
16,140,1,0,3,ap_lo;age;ap_hi
16,141,1,1,3,ap_hi;age;ap_lo
16,142,0,0,3,ap_hi;weight;age
16,143,1,1,3,ap_lo;ap_hi;age
16,144,0,0,3,age;weight;ap_lo
16,145,0,1,3,weight;height;ap_hi
16,146,0,0,3,weight;height;ap_lo
16,147,1,1,3,age;height;ap_lo
16,148,0,1,4,age;weight;ap_lo;height
16,149,1,0,3,height;ap_hi;age
16,150,0,0,3,ap_hi;ap_lo;height
16,151,1,1,3,ap_hi;age;ap_lo
16,152,0,0,3,ap_hi;height;ap_lo
16,153,1,0,4,ap_hi;height;ap_lo;weight
16,154,0,1,4,age;height;weight;ap_lo
16,155,1,0,4,ap_lo;ap_hi;age;height
16,156,1,0,4,height;age;weight;ap_lo
16,157,0,1,3,ap_hi;ap_lo;weight
16,158,1,0,3,height;age;ap_lo
16,159,0,0,3,ap_lo;weight;age
16,160,0,1,4,age;height;ap_lo;weight
16,161,0,0,3,ap_hi;weight;age
16,162,0,0,4,age;ap_lo;height;ap_hi
16,163,0,1,3,weight;height;age
16,164,0,0,3,weight;age;ap_hi
16,165,0,0,3,ap_hi;ap_lo;height
16,166,1,1,3,weight;height;age
16,167,0,0,4,weight;age;ap_lo;ap_hi
16,168,1,1,3,ap_lo;weight;age
16,169,1,1,3,age;height;ap_lo
16,170,1,1,4,height;age;weight;ap_lo
16,171,1,0,4,height;ap_hi;age;weight
16,172,1,1,3,weight;ap_hi;age
16,173,0,0,4,age;ap_hi;height;weight
16,174,1,1,3,age;height;weight
16,175,1,1,3,weight;height;age
16,176,1,0,3,ap_hi;ap_lo;age
16,177,1,0,4,weight;height;ap_hi;ap_lo
16,178,0,0,3,ap_lo;weight;ap_hi
16,179,0,0,3,age;ap_lo;ap_hi
16,180,1,1,4,height;ap_lo;weight;age
16,181,0,1,3,ap_lo;ap_hi;height
16,182,1,1,4,height;age;weight;ap_lo
16,183,0,0,3,height;ap_hi;weight
16,184,0,0,3,height;age;ap_hi
16,185,1,1,3,ap_hi;weight;height
16,186,1,0,3,height;weight;ap_hi
16,187,1,0,3,height;age;weight
16,188,0,1,3,age;ap_lo;height
16,189,0,0,3,ap_lo;ap_hi;age
16,190,0,0,3,weight;height;ap_hi
16,191,0,0,3,ap_hi;ap_lo;weight
16,192,0,0,4,ap_lo;weight;height;ap_hi
16,193,1,1,3,height;ap_hi;age
16,194,1,1,3,height;age;weight
16,195,1,0,3,age;weight;ap_hi
16,196,1,0,3,weight;ap_hi;age
16,197,1,1,3,age;ap_hi;ap_lo
16,198,0,0,4,weight;age;height;ap_lo
16,199,1,0,3,ap_lo;height;weight
16,200,1,0,3,ap_lo;weight;height
16,201,0,0,3,height;ap_lo;age
16,202,0,0,3,ap_hi;height;age
16,203,0,1,4,weight;height;age;ap_hi
16,204,0,0,4,ap_lo;weight;age;ap_hi
16,205,0,0,4,height;age;ap_lo;ap_hi
16,206,1,1,3,ap_hi;ap_lo;height
16,207,0,0,4,ap_lo;weight;height;age
16,208,1,0,3,weight;ap_lo;height
16,209,0,0,3,ap_lo;weight;height
16,210,1,0,4,height;age;ap_hi;weight
16,211,1,0,3,age;height;ap_hi
16,212,0,0,4,age;weight;height;ap_lo
16,213,0,0,3,age;ap_hi;ap_lo
16,214,0,0,3,ap_hi;age;height
16,215,1,1,4,age;ap_hi;ap_lo;height
16,216,0,0,4,ap_lo;ap_hi;weight;height
16,217,1,1,4,weight;ap_lo;height;ap_hi
16,218,0,0,4,height;ap_lo;ap_hi;age
16,219,0,0,4,height;ap_hi;ap_lo;age
16,220,1,0,3,age;weight;height
16,221,0,1,4,age;weight;ap_lo;height
16,222,0,0,3,age;ap_hi;weight
16,223,1,0,3,age;ap_lo;weight
16,224,0,0,3,age;ap_lo;ap_hi
16,225,1,0,4,height;ap_hi;ap_lo;weight
16,226,0,0,3,ap_lo;weight;age
16,227,1,0,3,age;weight;ap_hi
16,228,0,0,3,weight;ap_lo;ap_hi
16,229,0,0,4,weight;ap_hi;age;ap_lo
16,230,1,1,3,ap_lo;ap_hi;height
16,231,0,0,3,age;ap_lo;height
16,232,1,0,3,age;height;ap_hi
16,233,0,1,3,ap_hi;ap_lo;age
16,234,1,1,4,ap_hi;ap_lo;weight;height
16,235,1,0,4,age;ap_hi;weight;ap_lo
16,236,1,1,4,ap_hi;age;ap_lo;height
16,237,0,1,4,ap_hi;ap_lo;age;weight
16,238,1,0,4,ap_hi;ap_lo;height;age
16,239,1,0,4,age;height;ap_lo;weight
16,240,1,1,3,height;weight;ap_lo
16,241,1,0,4,ap_hi;height;weight;age
16,242,0,1,3,weight;ap_lo;age
16,243,0,0,3,weight;ap_hi;age
16,244,1,1,3,ap_hi;age;height
16,245,1,0,4,height;weight;ap_lo;age
16,246,1,1,4,ap_hi;ap_lo;age;weight
16,247,1,0,3,age;weight;height
16,248,1,1,4,ap_hi;weight;height;age
16,249,1,1,3,age;weight;ap_hi
16,250,1,0,3,age;ap_hi;height
16,251,0,0,4,weight;ap_lo;height;age
16,252,0,0,4,ap_hi;ap_lo;weight;age
16,253,0,1,4,height;age;ap_lo;weight
16,254,1,0,4,height;ap_hi;ap_lo;weight
16,255,1,1,4,height;age;ap_lo;ap_hi
16,256,0,0,4,weight;ap_lo;age;ap_hi
16,257,0,1,4,ap_lo;height;age;weight
16,258,0,0,3,ap_lo;weight;ap_hi
16,259,1,1,3,ap_lo;height;weight
16,260,0,0,3,weight;height;ap_lo
16,261,1,0,4,height;ap_lo;ap_hi;age
16,262,1,1,4,height;weight;ap_hi;ap_lo
16,263,1,1,4,ap_lo;weight;ap_hi;age
16,264,1,1,3,weight;ap_lo;age
16,265,0,0,4,height;weight;ap_lo;ap_hi
16,266,0,0,3,ap_lo;weight;height
16,267,1,0,3,age;ap_lo;ap_hi
16,268,0,0,4,age;height;ap_lo;weight
16,269,1,1,3,height;age;ap_hi
16,270,1,0,4,ap_hi;ap_lo;age;height
16,271,1,1,4,age;weight;ap_hi;height
16,272,0,0,4,age;height;weight;ap_lo
16,273,1,1,4,ap_lo;ap_hi;height;weight
16,274,0,0,4,ap_hi;weight;age;height
16,275,1,0,4,ap_lo;ap_hi;age;height
16,276,1,1,4,age;height;ap_hi;ap_lo
16,277,0,0,4,height;ap_hi;weight;age
16,278,1,1,3,age;weight;height
16,279,0,0,4,ap_hi;ap_lo;height;age
16,280,0,0,4,age;height;ap_lo;weight
16,281,0,0,3,ap_lo;height;weight
16,282,1,0,4,ap_lo;weight;ap_hi;height
16,283,1,1,4,height;ap_lo;age;weight
16,284,1,0,4,ap_lo;height;ap_hi;weight
16,285,0,0,4,ap_hi;weight;ap_lo;age
16,286,1,1,4,ap_lo;weight;age;height
16,287,1,1,3,height;ap_lo;age
16,288,1,1,4,height;age;ap_lo;ap_hi
16,289,0,0,3,height;weight;ap_lo
16,290,0,0,4,weight;height;ap_hi;age
16,291,0,0,3,ap_hi;weight;age
16,292,0,0,3,ap_hi;weight;height
16,293,1,1,3,height;age;weight
16,294,1,0,4,weight;height;age;ap_lo
16,295,1,0,4,ap_hi;ap_lo;age;height
16,296,0,0,4,weight;age;height;ap_lo
16,297,1,1,3,ap_lo;age;height
16,298,1,0,3,height;ap_hi;ap_lo
16,299,1,1,3,ap_lo;weight;age
16,300,0,0,3,weight;height;age
16,301,1,0,3,height;weight;ap_lo
16,302,1,1,3,weight;ap_hi;age
16,303,1,0,4,weight;height;age;ap_lo
16,304,0,0,3,height;ap_hi;age
16,305,0,0,3,ap_lo;height;weight
16,306,1,0,4,weight;ap_lo;ap_hi;height
16,307,0,0,3,ap_lo;weight;ap_hi
16,308,0,0,3,height;ap_hi;ap_lo
16,309,0,0,4,weight;ap_hi;age;ap_lo
16,310,0,1,3,ap_hi;ap_lo;weight
16,311,0,0,4,ap_lo;ap_hi;height;age
16,312,0,0,3,weight;ap_hi;ap_lo
16,313,0,1,4,ap_hi;age;weight;height
16,314,1,0,4,ap_lo;ap_hi;weight;age
16,315,1,1,4,age;ap_hi;ap_lo;height
16,316,1,1,3,ap_hi;age;weight
16,317,1,1,3,age;height;weight
16,318,0,0,4,ap_hi;height;weight;age
16,319,1,1,4,ap_lo;age;ap_hi;height
16,320,1,1,3,ap_lo;age;height
16,321,1,0,3,age;ap_lo;ap_hi
16,322,1,0,3,weight;age;height
16,323,0,0,4,height;weight;ap_hi;age
16,324,0,0,3,ap_lo;age;height
16,325,0,1,4,ap_hi;weight;age;height
16,326,1,1,3,age;height;weight
16,327,1,0,3,ap_lo;weight;height
16,328,0,1,3,height;ap_hi;weight
16,329,1,1,3,weight;age;ap_lo
16,330,0,0,3,ap_lo;ap_hi;height
16,331,1,1,3,weight;age;ap_lo
16,332,0,0,3,weight;ap_lo;height
16,333,0,0,3,ap_hi;weight;age
16,334,1,1,3,ap_hi;ap_lo;weight
16,335,1,1,4,ap_hi;height;weight;age
16,336,0,0,4,age;height;ap_hi;weight
16,337,0,0,3,weight;age;ap_hi
16,338,0,0,4,age;height;weight;ap_lo
16,339,0,1,3,ap_lo;height;ap_hi
16,340,1,1,4,ap_lo;ap_hi;height;age
16,341,1,1,3,height;ap_hi;age
16,342,1,1,3,height;ap_lo;age
16,343,1,0,4,age;height;ap_hi;weight
16,344,1,1,4,ap_lo;height;ap_hi;weight
16,345,1,1,3,ap_lo;weight;height
16,346,0,0,4,weight;age;ap_lo;ap_hi
16,347,0,0,4,height;weight;age;ap_lo
16,348,1,1,4,ap_hi;age;weight;height
16,349,0,0,3,height;age;ap_lo
16,350,1,1,4,weight;ap_lo;age;height
16,351,1,1,3,age;height;weight
16,352,0,0,3,age;ap_hi;ap_lo
16,353,1,1,3,age;height;ap_lo
16,354,1,0,3,weight;height;ap_lo
16,355,1,1,3,height;weight;ap_lo
16,356,1,1,3,age;weight;height
16,357,1,1,4,age;height;ap_lo;ap_hi
16,358,1,1,3,age;ap_lo;height
16,359,1,0,3,age;ap_lo;weight
16,360,1,1,4,height;ap_hi;age;weight
16,361,0,0,4,height;age;weight;ap_lo
16,362,1,1,4,ap_hi;weight;ap_lo;height
16,363,1,1,4,age;ap_lo;ap_hi;height
16,364,1,1,3,height;ap_lo;age
16,365,1,1,3,ap_lo;ap_hi;weight
16,366,0,0,4,ap_hi;height;ap_lo;age
16,367,1,0,4,ap_lo;height;weight;ap_hi
16,368,1,1,3,height;age;weight
16,369,0,1,3,weight;age;height
16,370,1,1,3,height;weight;age
16,371,0,1,3,ap_hi;weight;age
16,372,1,1,4,weight;height;ap_lo;ap_hi
16,373,1,1,3,age;ap_lo;weight
16,374,1,1,4,ap_lo;ap_hi;age;weight
16,375,0,0,4,weight;ap_hi;age;ap_lo
16,376,1,0,4,weight;ap_lo;ap_hi;height
16,377,1,0,3,ap_lo;ap_hi;weight
16,378,0,0,4,ap_lo;age;ap_hi;height
16,379,0,1,4,ap_lo;ap_hi;weight;age
16,380,1,0,4,height;ap_hi;weight;ap_lo
16,381,1,1,3,weight;height;ap_lo
16,382,0,1,3,ap_lo;weight;ap_hi
16,383,1,0,4,age;ap_lo;height;weight
16,384,1,1,4,height;weight;ap_lo;age
16,385,0,0,4,ap_hi;height;weight;age
16,386,0,0,4,ap_lo;age;ap_hi;weight
16,387,1,1,3,age;height;ap_hi
16,388,0,0,4,height;weight;age;ap_hi
16,389,0,0,3,height;age;weight
16,390,1,1,3,weight;age;ap_lo
16,391,1,0,4,height;ap_hi;weight;ap_lo
16,392,0,0,3,ap_hi;age;ap_lo
16,393,1,1,4,ap_hi;ap_lo;height;age
16,394,0,0,4,height;weight;ap_hi;ap_lo
16,395,1,1,4,height;ap_lo;ap_hi;weight
16,396,1,1,4,weight;age;ap_hi;height
16,397,1,1,4,ap_hi;height;age;weight
16,398,0,0,3,ap_lo;height;ap_hi
16,399,0,0,4,weight;ap_lo;age;height
16,400,1,0,4,ap_lo;weight;ap_hi;height
16,401,1,1,3,age;ap_hi;weight
16,402,0,0,3,age;ap_lo;weight
16,403,0,1,4,weight;ap_hi;height;age
16,404,0,0,4,weight;ap_lo;height;ap_hi
16,405,0,0,4,ap_lo;age;weight;height
16,406,0,0,3,age;weight;ap_hi
16,407,1,1,3,ap_hi;height;age
16,408,1,1,4,ap_hi;age;height;weight
16,409,0,0,4,age;weight;ap_hi;ap_lo
16,410,0,0,4,age;ap_hi;ap_lo;weight
16,411,0,0,4,weight;ap_lo;age;ap_hi
16,412,0,0,3,weight;height;ap_hi
16,413,1,0,3,height;age;weight
16,414,0,0,3,ap_lo;age;ap_hi
16,415,0,1,4,weight;height;ap_hi;ap_lo
16,416,0,0,4,ap_lo;ap_hi;height;age
16,417,0,0,3,ap_hi;age;ap_lo
16,418,0,0,3,height;age;ap_lo
16,419,1,0,3,weight;ap_lo;age
16,420,1,0,4,weight;ap_hi;ap_lo;height
16,421,0,0,4,height;weight;age;ap_lo
16,422,1,0,3,ap_lo;weight;ap_hi
16,423,0,0,4,ap_lo;weight;ap_hi;age
16,424,1,1,3,ap_lo;ap_hi;weight
16,425,1,1,3,age;height;weight
16,426,1,0,3,age;ap_lo;ap_hi
16,427,1,1,3,height;age;ap_lo
16,428,0,0,3,height;ap_hi;age
16,429,1,0,3,height;ap_hi;age
16,430,1,0,3,height;weight;ap_hi
16,431,1,1,3,age;weight;ap_hi
16,432,1,1,4,weight;height;ap_lo;age
16,433,1,1,3,weight;age;ap_hi
16,434,1,0,3,ap_lo;age;height
16,435,1,1,3,height;ap_lo;age
16,436,1,1,3,ap_lo;height;age
16,437,1,1,4,age;height;weight;ap_lo
16,438,0,0,4,height;ap_hi;age;ap_lo
16,439,0,1,4,ap_hi;ap_lo;weight;height
16,440,1,0,4,weight;ap_lo;height;age
16,441,0,0,4,age;ap_lo;weight;ap_hi
16,442,0,0,4,height;age;weight;ap_lo
16,443,0,0,3,weight;ap_hi;age
16,444,0,1,4,height;age;weight;ap_lo
16,445,0,1,3,height;age;weight
16,446,0,1,3,weight;ap_hi;age
16,447,1,1,3,ap_hi;ap_lo;weight
16,448,0,1,4,age;height;weight;ap_lo
16,449,0,0,4,ap_lo;height;age;weight
16,450,0,0,4,height;ap_lo;age;weight
16,451,0,1,3,weight;ap_lo;ap_hi
16,452,1,1,4,ap_hi;weight;height;age
16,453,1,1,4,age;weight;ap_hi;ap_lo
16,454,1,0,3,weight;height;ap_lo
16,455,0,1,4,height;ap_hi;weight;age
16,456,0,0,3,weight;ap_hi;ap_lo
16,457,0,0,3,ap_lo;weight;height
16,458,1,1,3,ap_lo;weight;ap_hi
16,459,1,0,4,ap_hi;ap_lo;height;age
16,460,1,1,3,ap_hi;weight;height
16,461,1,0,3,height;age;ap_lo
16,462,0,0,4,age;ap_hi;weight;height
16,463,0,0,3,weight;age;ap_lo
16,464,1,1,3,ap_hi;age;height
16,465,1,0,3,ap_hi;height;ap_lo
16,466,1,0,3,weight;height;ap_lo
16,467,1,1,4,ap_hi;height;weight;ap_lo
16,468,0,1,3,weight;age;ap_lo
16,469,1,1,3,ap_lo;height;ap_hi
16,470,1,1,3,weight;ap_lo;ap_hi
16,471,1,1,3,ap_lo;age;weight
16,472,0,0,4,weight;ap_lo;ap_hi;age
16,473,1,1,4,ap_hi;ap_lo;weight;age
16,474,1,0,4,height;weight;age;ap_lo
16,475,0,1,3,ap_lo;ap_hi;weight
16,476,0,1,3,age;height;ap_hi
16,477,0,0,4,weight;age;height;ap_hi
16,478,0,0,3,weight;age;ap_lo
16,479,0,0,4,height;age;weight;ap_lo
16,480,0,1,4,ap_lo;height;weight;age
16,481,1,1,4,ap_hi;ap_lo;age;weight
16,482,1,1,4,ap_lo;age;weight;height
16,483,1,1,3,weight;age;height
16,484,0,0,4,ap_lo;age;height;ap_hi
16,485,1,1,4,height;weight;age;ap_hi
16,486,1,1,3,ap_lo;weight;age
16,487,1,0,3,weight;height;ap_hi
16,488,1,1,3,weight;ap_hi;age
16,489,1,0,4,age;ap_hi;height;ap_lo
16,490,0,0,4,ap_hi;ap_lo;height;weight
16,491,0,0,4,weight;ap_hi;height;age
16,492,0,0,4,age;weight;ap_lo;ap_hi
16,493,1,1,4,ap_lo;weight;height;age
16,494,1,0,4,weight;age;ap_lo;height
16,495,1,1,3,age;height;ap_hi
16,496,1,0,3,weight;ap_lo;height
16,497,1,0,3,ap_hi;age;height
16,498,0,0,3,ap_lo;age;ap_hi
16,499,0,0,3,ap_hi;height;ap_lo
16,500,0,0,3,age;weight;ap_lo
16,501,1,1,4,height;age;ap_lo;weight
16,502,1,1,4,height;ap_hi;ap_lo;age
16,503,0,1,4,height;ap_lo;ap_hi;weight
16,504,0,0,4,ap_hi;age;ap_lo;height
16,505,0,0,3,ap_hi;weight;age
16,506,0,0,3,height;ap_lo;ap_hi
16,507,1,1,4,ap_hi;ap_lo;age;weight
16,508,0,0,4,ap_hi;age;height;ap_lo
16,509,0,1,4,ap_hi;weight;ap_lo;age
16,510,1,1,3,age;weight;ap_hi
16,511,0,0,3,height;age;weight
16,512,1,1,3,ap_lo;weight;age
16,513,1,1,3,ap_hi;age;ap_lo
16,514,1,1,4,weight;age;height;ap_lo
16,515,0,0,4,ap_hi;weight;age;height
16,516,1,1,3,age;weight;ap_lo
16,517,1,0,4,age;ap_hi;height;ap_lo
16,518,0,0,4,weight;ap_hi;height;ap_lo
16,519,1,0,4,ap_hi;height;age;ap_lo
16,520,1,1,4,weight;ap_hi;age;height
16,521,0,1,3,height;ap_lo;ap_hi
16,522,0,0,4,weight;ap_hi;height;age
16,523,1,0,4,ap_lo;ap_hi;height;weight
16,524,1,0,3,ap_lo;ap_hi;height
16,525,0,1,3,weight;height;ap_lo
16,526,0,0,4,ap_hi;age;ap_lo;height
16,527,1,1,3,age;height;ap_lo
16,528,0,0,3,height;ap_hi;ap_lo
16,529,1,1,4,age;weight;ap_lo;height
16,530,0,0,4,weight;age;ap_hi;height
16,531,1,1,4,ap_lo;ap_hi;weight;age
16,532,0,1,4,ap_lo;height;weight;age
16,533,1,1,4,height;weight;age;ap_hi
16,534,0,0,3,weight;ap_hi;ap_lo
16,535,1,1,4,ap_hi;height;ap_lo;age
16,536,1,1,4,weight;age;height;ap_lo
16,537,1,0,4,ap_lo;weight;height;ap_hi
16,538,0,0,3,ap_hi;weight;age
16,539,1,0,4,weight;ap_hi;age;height
16,540,1,0,4,height;ap_lo;ap_hi;age
16,541,1,1,3,height;weight;age
16,542,1,1,3,ap_hi;height;ap_lo
16,543,1,1,3,height;ap_hi;weight
16,544,1,0,3,ap_lo;ap_hi;height
16,545,0,0,4,weight;ap_hi;ap_lo;height
16,546,0,0,3,ap_lo;weight;height
16,547,0,0,3,height;age;ap_hi
16,548,0,0,3,age;height;ap_lo
16,549,1,1,4,height;ap_lo;weight;age
16,550,1,1,3,age;ap_hi;weight
16,551,1,1,4,ap_lo;ap_hi;age;height
16,552,0,0,4,age;ap_lo;weight;ap_hi
16,553,1,1,3,ap_lo;age;ap_hi
16,554,0,0,3,ap_lo;ap_hi;weight
16,555,0,0,4,age;ap_lo;weight;ap_hi
16,556,1,1,4,ap_lo;weight;ap_hi;height
16,557,1,1,3,age;height;weight
16,558,1,0,4,age;weight;ap_hi;ap_lo
16,559,1,0,3,ap_hi;height;ap_lo
16,560,1,1,4,age;ap_lo;weight;ap_hi
16,561,0,1,3,height;age;ap_hi
16,562,0,0,4,ap_lo;height;weight;age
16,563,0,0,3,ap_hi;height;weight
16,564,1,1,4,weight;height;ap_lo;age
16,565,1,1,3,ap_lo;weight;ap_hi
16,566,0,0,3,height;weight;ap_lo
16,567,1,1,3,weight;age;height
16,568,1,1,4,weight;age;height;ap_hi
16,569,0,0,4,age;ap_lo;height;ap_hi
16,570,1,1,4,age;ap_hi;weight;ap_lo
16,571,1,1,3,ap_hi;ap_lo;height
16,572,0,0,3,ap_lo;age;weight
16,573,1,1,4,ap_lo;weight;height;age
16,574,1,1,4,weight;height;age;ap_lo
16,575,0,1,4,age;weight;height;ap_hi
16,576,1,1,3,ap_hi;height;weight
16,577,1,1,3,weight;ap_hi;age
16,578,1,0,3,ap_lo;age;height
16,579,0,0,3,height;ap_lo;age
16,580,1,0,4,ap_lo;weight;age;height
16,581,1,0,3,age;ap_lo;ap_hi
16,582,0,0,4,height;age;ap_hi;ap_lo
16,583,0,0,4,weight;ap_lo;age;ap_hi
16,584,0,0,3,weight;age;ap_lo
16,585,1,1,4,ap_hi;ap_lo;weight;height
16,586,0,0,3,ap_lo;weight;age
16,587,0,1,4,height;ap_lo;age;weight
16,588,1,1,4,ap_hi;age;ap_lo;height
16,589,1,1,3,weight;height;ap_hi
16,590,1,1,4,age;ap_hi;height;weight
16,591,0,1,4,ap_hi;age;height;ap_lo
16,592,0,0,3,height;ap_lo;ap_hi
16,593,0,0,3,height;weight;ap_hi
16,594,0,0,3,ap_hi;weight;ap_lo
16,595,1,1,4,height;weight;age;ap_lo
16,596,1,1,3,height;age;weight
16,597,0,0,4,weight;ap_lo;height;ap_hi
16,598,0,0,4,age;height;ap_hi;weight
16,599,0,1,4,weight;ap_lo;age;ap_hi
16,600,1,0,4,ap_hi;weight;height;ap_lo
16,601,1,1,4,height;age;ap_lo;weight
16,602,1,1,3,ap_hi;ap_lo;age
16,603,1,1,3,ap_hi;weight;height
16,604,0,0,3,ap_lo;ap_hi;height
16,605,0,0,3,height;weight;ap_hi
16,606,1,0,4,height;weight;ap_lo;ap_hi
16,607,1,1,4,weight;height;ap_hi;ap_lo
16,608,0,0,4,age;ap_lo;ap_hi;height
16,609,0,0,3,age;height;weight
16,610,1,1,3,height;age;weight
16,611,1,1,4,ap_lo;ap_hi;height;age
16,612,0,0,3,ap_hi;ap_lo;age
16,613,0,1,3,height;ap_lo;age
16,614,0,0,3,ap_lo;ap_hi;height
16,615,0,0,3,ap_lo;height;weight
16,616,0,0,4,height;ap_lo;weight;ap_hi
16,617,0,0,4,age;ap_hi;height;weight
16,618,0,0,3,ap_lo;ap_hi;weight
16,619,1,1,3,ap_lo;weight;age
16,620,0,0,4,height;weight;ap_lo;age
16,621,1,0,3,weight;ap_lo;ap_hi
16,622,0,0,3,ap_lo;height;age
16,623,1,1,4,height;age;ap_hi;weight
16,624,1,1,3,age;ap_hi;weight
16,625,0,0,3,ap_lo;age;ap_hi
16,626,1,0,3,ap_hi;ap_lo;weight
16,627,0,1,4,ap_lo;age;height;ap_hi
16,628,0,0,4,weight;ap_hi;ap_lo;height
16,629,0,1,4,weight;age;height;ap_hi
16,630,0,0,3,age;ap_lo;ap_hi
16,631,1,0,3,age;ap_lo;weight
16,632,1,0,3,weight;ap_lo;age
16,633,0,0,3,ap_hi;weight;height
16,634,0,0,4,height;ap_lo;weight;ap_hi
16,635,1,1,3,ap_lo;weight;height
16,636,1,0,3,ap_lo;weight;ap_hi
16,637,0,0,4,height;ap_lo;ap_hi;age
16,638,1,1,4,age;ap_lo;weight;height
16,639,0,0,4,age;height;ap_hi;ap_lo
16,640,1,1,4,height;ap_lo;ap_hi;weight
16,641,1,0,4,ap_hi;ap_lo;age;weight
16,642,1,1,3,weight;height;ap_lo
16,643,0,1,3,weight;ap_hi;age
16,644,1,0,3,height;age;weight
16,645,1,1,3,ap_lo;height;age
16,646,0,0,3,ap_hi;ap_lo;height
16,647,0,0,3,height;ap_hi;ap_lo
16,648,0,1,3,ap_lo;weight;ap_hi
16,649,0,0,4,ap_lo;ap_hi;weight;age
16,650,1,1,3,age;height;ap_lo
16,651,0,0,3,ap_hi;height;age
16,652,0,0,4,weight;ap_hi;height;ap_lo
16,653,0,1,3,ap_lo;age;weight
16,654,0,0,3,ap_lo;weight;ap_hi
16,655,0,1,4,ap_hi;age;weight;ap_lo
16,656,0,0,4,weight;ap_lo;age;ap_hi
16,657,0,0,3,weight;ap_hi;ap_lo
16,658,1,1,4,ap_lo;age;height;ap_hi
16,659,0,1,3,height;age;weight
16,660,1,1,3,ap_lo;weight;age
16,661,0,0,4,weight;height;ap_hi;age
16,662,0,1,4,weight;height;ap_lo;age
16,663,0,0,3,weight;age;height
16,664,1,0,4,height;ap_lo;ap_hi;weight
16,665,1,1,3,weight;age;ap_hi
16,666,0,0,4,age;height;weight;ap_lo
16,667,1,0,4,age;height;ap_lo;weight
16,668,1,1,3,ap_lo;weight;ap_hi
16,669,1,0,4,ap_lo;age;weight;height
16,670,0,0,4,ap_lo;weight;age;ap_hi
16,671,0,0,4,height;age;ap_lo;weight
16,672,0,0,3,height;age;ap_lo
16,673,0,0,4,ap_lo;ap_hi;age;height
16,674,1,1,4,height;weight;ap_hi;age
16,675,1,1,4,height;ap_lo;ap_hi;weight
16,676,1,1,3,age;ap_lo;ap_hi
16,677,1,1,3,ap_hi;weight;age
16,678,0,0,4,ap_lo;age;height;ap_hi
16,679,1,0,3,ap_hi;weight;ap_lo
16,680,0,0,3,height;weight;ap_lo
16,681,0,0,4,height;ap_lo;age;weight
16,682,0,0,3,weight;ap_hi;height
16,683,1,1,4,ap_lo;height;age;weight
16,684,0,1,3,weight;ap_hi;height
16,685,1,0,3,age;ap_lo;height
16,686,1,1,4,age;ap_lo;height;weight
16,687,0,0,4,ap_lo;weight;ap_hi;height
16,688,1,1,3,ap_hi;height;age
16,689,1,1,3,ap_lo;age;height
16,690,0,0,3,weight;height;ap_lo
16,691,0,0,4,ap_hi;weight;height;age
16,692,0,0,3,age;ap_hi;height
16,693,0,0,4,age;height;ap_hi;ap_lo
16,694,0,0,3,ap_hi;ap_lo;weight
16,695,1,1,4,age;ap_hi;ap_lo;weight
16,696,0,1,3,age;height;weight
16,697,1,1,3,age;weight;ap_lo
16,698,1,0,4,age;ap_hi;ap_lo;height
16,699,1,1,4,height;weight;ap_lo;ap_hi
16,700,0,1,3,height;age;weight
16,701,0,0,3,ap_hi;ap_lo;height
16,702,0,0,3,height;age;ap_lo
16,703,0,0,3,height;ap_lo;ap_hi
16,704,0,1,4,height;weight;ap_lo;age
16,705,1,0,4,weight;age;height;ap_lo
16,706,1,0,4,weight;ap_lo;age;height
16,707,1,1,4,age;height;ap_hi;ap_lo
16,708,0,0,3,ap_hi;weight;ap_lo
16,709,0,0,4,ap_hi;weight;ap_lo;height
16,710,0,0,3,ap_hi;ap_lo;height
16,711,0,0,4,weight;height;age;ap_hi
16,712,1,0,3,age;height;weight
16,713,1,1,4,weight;ap_hi;height;ap_lo
16,714,1,1,3,age;ap_hi;height
16,715,1,1,4,age;weight;height;ap_lo
16,716,1,1,3,ap_hi;weight;age
16,717,0,0,4,weight;height;age;ap_hi
16,718,0,0,3,ap_lo;ap_hi;weight
16,719,1,0,3,ap_hi;ap_lo;height
16,720,0,0,4,ap_lo;weight;age;height
16,721,1,0,4,height;ap_lo;age;weight
16,722,0,1,3,weight;age;ap_lo
16,723,1,1,3,ap_lo;height;age
16,724,1,1,3,ap_hi;weight;age
16,725,1,1,4,age;height;ap_lo;weight
16,726,1,1,4,height;age;ap_lo;ap_hi
16,727,1,1,3,ap_hi;age;ap_lo
16,728,1,1,4,age;ap_lo;height;weight
16,729,1,1,4,height;ap_lo;age;weight
16,730,1,1,4,ap_hi;weight;age;height
16,731,1,1,3,ap_hi;weight;height
16,732,0,0,4,ap_hi;ap_lo;weight;age
16,733,0,0,3,age;ap_lo;weight
16,734,0,0,3,ap_lo;ap_hi;weight
16,735,0,0,4,age;weight;ap_hi;ap_lo
16,736,0,0,4,age;height;ap_lo;ap_hi
16,737,1,1,3,age;ap_hi;weight
16,738,0,0,3,age;weight;ap_hi
16,739,1,1,3,weight;ap_hi;height
16,740,0,0,4,ap_hi;height;weight;ap_lo
16,741,0,0,3,ap_lo;age;ap_hi
16,742,0,0,4,age;ap_hi;height;weight
16,743,0,0,4,height;ap_hi;age;ap_lo
16,744,1,0,3,weight;ap_hi;age
16,745,0,0,4,ap_hi;age;ap_lo;height
16,746,0,0,3,weight;age;ap_lo
16,747,0,0,4,ap_lo;age;weight;height
16,748,0,0,4,weight;age;height;ap_lo
16,749,0,0,4,age;ap_lo;weight;height
16,750,0,0,3,height;ap_lo;weight
16,751,0,0,4,height;weight;age;ap_hi
16,752,0,1,4,ap_lo;height;age;weight
16,753,1,0,4,height;weight;ap_hi;age
16,754,0,1,3,ap_lo;age;weight
16,755,0,0,4,age;weight;ap_hi;ap_lo
16,756,1,1,3,ap_hi;age;height
16,757,0,0,4,age;ap_hi;ap_lo;weight
16,758,1,0,3,ap_hi;height;weight
16,759,1,1,4,weight;ap_hi;age;height
16,760,1,0,3,age;height;ap_hi
16,761,0,0,4,ap_hi;ap_lo;weight;height
16,762,1,1,3,ap_hi;height;ap_lo
16,763,0,1,3,height;ap_lo;age
16,764,0,1,3,height;ap_lo;age
16,765,0,1,4,weight;ap_lo;age;height
16,766,1,1,4,height;age;ap_lo;weight
16,767,0,0,4,age;ap_hi;weight;height
16,768,0,0,4,weight;ap_lo;height;age
16,769,1,0,4,weight;height;ap_lo;ap_hi
16,770,0,0,3,ap_hi;age;ap_lo
16,771,0,0,4,ap_lo;ap_hi;age;height
16,772,1,1,3,ap_hi;age;weight
16,773,0,0,4,weight;ap_hi;ap_lo;age
16,774,1,0,3,height;ap_lo;age
16,775,0,0,4,ap_hi;weight;ap_lo;age
16,776,0,1,3,ap_lo;height;weight
16,777,1,0,4,age;ap_hi;ap_lo;weight
16,778,1,0,4,age;height;weight;ap_hi
16,779,0,1,4,ap_hi;age;height;weight
16,780,0,1,4,height;ap_hi;age;weight
16,781,0,0,3,ap_lo;height;ap_hi
16,782,1,1,3,age;weight;height
16,783,1,0,4,height;ap_hi;weight;ap_lo
16,784,1,1,4,weight;ap_lo;age;height
16,785,1,1,4,ap_hi;ap_lo;weight;age
16,786,0,0,4,weight;age;height;ap_lo
16,787,0,1,3,age;height;ap_hi
16,788,1,1,3,height;ap_lo;weight
16,789,1,1,4,ap_lo;height;age;weight
16,790,0,0,3,ap_lo;height;ap_hi
16,791,0,0,3,age;height;ap_lo
16,792,0,0,3,ap_hi;height;weight
16,793,0,0,4,ap_hi;age;weight;height
16,794,0,0,4,ap_hi;weight;ap_lo;age
16,795,0,0,3,height;ap_hi;age
16,796,0,1,4,ap_hi;ap_lo;height;age
16,797,0,1,3,ap_lo;height;age
16,798,0,1,3,height;ap_lo;weight
16,799,0,0,4,height;weight;age;ap_lo
16,800,0,0,3,ap_hi;weight;age
16,801,0,0,3,weight;ap_hi;age
16,802,0,0,3,weight;ap_lo;age
16,803,0,0,3,height;ap_lo;weight
16,804,1,1,4,ap_hi;weight;height;ap_lo
16,805,1,1,4,ap_hi;height;weight;age
16,806,0,1,3,age;ap_hi;weight
16,807,1,1,3,ap_hi;ap_lo;height
16,808,0,0,3,weight;height;ap_hi
16,809,1,1,3,ap_lo;ap_hi;weight
16,810,0,0,3,age;ap_hi;height
16,811,1,1,4,weight;height;ap_hi;age
16,812,0,0,4,ap_lo;ap_hi;age;height
16,813,0,0,3,height;ap_hi;weight
16,814,0,0,3,ap_hi;age;ap_lo
16,815,0,1,3,ap_lo;weight;height
16,816,0,1,3,height;ap_lo;weight
16,817,0,0,4,height;ap_hi;weight;age
16,818,1,0,3,ap_lo;ap_hi;height
16,819,0,0,3,age;ap_hi;ap_lo
16,820,1,1,3,ap_hi;ap_lo;age
16,821,0,0,3,age;ap_lo;ap_hi
16,822,0,1,3,weight;ap_hi;age
16,823,0,0,4,height;ap_hi;age;weight
16,824,1,1,3,age;ap_lo;weight
16,825,0,0,4,weight;ap_lo;ap_hi;age
16,826,0,1,3,ap_hi;weight;ap_lo
16,827,1,0,4,ap_lo;age;weight;height
16,828,1,1,4,height;age;ap_lo;weight
16,829,0,1,3,weight;height;ap_hi
16,830,1,1,4,ap_lo;height;weight;ap_hi
16,831,0,0,4,height;weight;ap_hi;ap_lo
16,832,0,0,4,ap_hi;age;ap_lo;weight
16,833,1,1,4,ap_hi;ap_lo;height;weight
16,834,1,1,4,height;weight;age;ap_hi
16,835,0,1,3,age;ap_lo;weight
16,836,0,1,3,height;age;ap_hi
16,837,0,0,3,height;weight;ap_lo
16,838,0,1,4,ap_lo;height;ap_hi;age
16,839,0,0,3,age;ap_lo;height
16,840,0,0,4,weight;height;ap_lo;age
16,841,0,1,3,age;weight;height
16,842,0,1,4,ap_hi;height;weight;age
16,843,1,1,3,ap_lo;ap_hi;age
16,844,0,0,4,age;weight;height;ap_lo
16,845,0,1,3,age;ap_hi;ap_lo
16,846,0,0,3,ap_lo;age;height
16,847,1,0,3,ap_hi;ap_lo;weight
16,848,0,0,4,age;weight;height;ap_lo
16,849,1,1,4,height;ap_lo;weight;age
16,850,1,0,3,height;age;weight
16,851,0,0,3,ap_hi;ap_lo;height
16,852,0,0,4,ap_lo;age;height;ap_hi
16,853,1,0,4,height;ap_lo;ap_hi;age
16,854,1,1,4,ap_lo;height;age;ap_hi
16,855,1,1,3,age;weight;ap_lo
16,856,0,0,3,ap_hi;ap_lo;height
16,857,1,1,4,ap_lo;height;age;weight
16,858,1,1,3,height;ap_hi;age
16,859,0,0,3,ap_hi;age;ap_lo
16,860,1,1,3,age;weight;ap_lo
16,861,1,1,4,ap_lo;height;ap_hi;age
16,862,1,1,3,ap_hi;ap_lo;weight
16,863,0,0,3,age;weight;ap_hi
16,864,1,1,4,ap_hi;ap_lo;age;weight
16,865,0,1,3,ap_hi;height;age
16,866,1,1,3,weight;ap_lo;height
16,867,1,1,3,weight;age;ap_lo
16,868,1,1,3,age;ap_lo;weight
16,869,1,1,3,height;ap_hi;ap_lo
16,870,0,0,3,height;ap_lo;weight
16,871,1,1,4,weight;ap_hi;age;ap_lo
16,872,0,0,4,ap_hi;ap_lo;weight;age
16,873,0,0,3,ap_lo;height;ap_hi
16,874,0,0,3,ap_lo;height;weight
16,875,0,0,4,weight;height;ap_hi;age
16,876,1,1,3,height;ap_lo;age
16,877,0,0,3,height;age;ap_lo
16,878,1,1,3,ap_lo;age;weight
16,879,1,1,3,height;ap_hi;ap_lo
16,880,1,1,4,ap_lo;height;weight;age
16,881,1,1,4,ap_hi;age;weight;height
16,882,1,1,3,height;weight;ap_hi
16,883,1,1,3,age;height;ap_lo
16,884,0,0,3,height;age;weight
16,885,1,1,3,weight;ap_hi;ap_lo
16,886,0,0,3,ap_hi;height;ap_lo
16,887,1,1,4,weight;ap_hi;ap_lo;height
16,888,0,0,3,age;ap_lo;ap_hi
16,889,1,0,3,age;ap_lo;weight
16,890,0,0,3,weight;ap_lo;height
16,891,0,1,4,ap_lo;weight;age;height
16,892,0,0,3,height;age;ap_lo
16,893,1,0,4,weight;ap_lo;height;age
16,894,0,1,4,ap_lo;height;age;ap_hi
16,895,1,1,4,ap_hi;age;ap_lo;weight
16,896,0,1,3,age;height;ap_lo
16,897,1,0,3,ap_lo;weight;age
16,898,1,1,3,ap_hi;weight;ap_lo
16,899,0,0,3,ap_hi;height;ap_lo
16,900,0,0,3,ap_lo;height;weight
16,901,0,0,4,height;age;ap_hi;ap_lo
16,902,1,0,4,weight;ap_lo;height;ap_hi
16,903,1,1,3,age;height;ap_hi
16,904,1,0,4,ap_hi;ap_lo;age;height
16,905,0,0,4,weight;ap_hi;height;ap_lo
16,906,0,0,4,height;age;ap_lo;ap_hi
16,907,1,1,3,ap_hi;weight;ap_lo
16,908,0,1,3,age;height;weight
16,909,1,0,3,ap_hi;age;height
16,910,0,0,4,ap_lo;height;ap_hi;weight
16,911,0,1,4,ap_lo;weight;height;ap_hi
16,912,1,1,3,age;height;weight
16,913,0,0,4,age;height;ap_lo;ap_hi
16,914,1,1,4,age;ap_lo;ap_hi;height
16,915,1,1,4,height;weight;ap_hi;ap_lo
16,916,0,0,4,ap_hi;ap_lo;weight;height
16,917,0,0,3,ap_hi;height;ap_lo
16,918,0,0,4,age;height;ap_hi;weight
16,919,1,0,4,ap_lo;age;height;ap_hi
16,920,1,1,4,ap_lo;height;age;ap_hi
16,921,1,0,3,ap_lo;ap_hi;age
16,922,0,1,3,ap_hi;ap_lo;height
16,923,0,1,4,weight;height;ap_hi;age
16,924,1,0,4,ap_lo;height;ap_hi;weight
16,925,1,0,3,ap_hi;weight;age
16,926,1,1,3,ap_lo;ap_hi;age
16,927,1,1,3,weight;ap_hi;ap_lo
16,928,1,1,3,age;height;ap_lo
16,929,0,0,3,ap_hi;height;ap_lo
16,930,0,0,4,weight;ap_lo;age;height
16,931,1,1,3,age;weight;ap_lo
16,932,0,0,4,ap_lo;ap_hi;height;age
16,933,1,1,3,ap_lo;ap_hi;height
16,934,1,1,4,ap_lo;height;ap_hi;age
16,935,1,1,3,ap_lo;weight;height
16,936,0,0,4,height;ap_hi;weight;age
16,937,1,0,3,weight;ap_hi;height
16,938,1,1,4,ap_lo;weight;height;age
16,939,1,0,4,height;weight;ap_lo;ap_hi
16,940,0,0,4,height;ap_hi;ap_lo;weight
16,941,0,1,3,age;ap_hi;height
16,942,0,0,4,age;ap_lo;height;ap_hi
16,943,0,0,3,ap_lo;height;weight
16,944,1,1,4,ap_hi;ap_lo;height;age
16,945,0,0,4,ap_lo;weight;ap_hi;age
16,946,0,0,3,weight;ap_hi;ap_lo
16,947,0,0,4,ap_hi;age;ap_lo;height
16,948,1,0,3,height;weight;age
16,949,0,1,3,ap_hi;age;ap_lo
16,950,0,1,4,height;ap_hi;weight;age
16,951,0,0,3,age;ap_hi;height
16,952,0,0,4,age;ap_lo;weight;ap_hi
16,953,1,0,4,ap_lo;weight;age;ap_hi
16,954,0,0,3,weight;age;ap_lo
16,955,0,0,3,ap_hi;age;weight
16,956,1,0,3,ap_lo;height;age
16,957,0,0,3,ap_hi;age;height
16,958,0,0,3,age;ap_hi;weight
16,959,1,0,4,weight;ap_lo;height;ap_hi
16,960,1,1,4,ap_lo;age;height;weight
16,961,0,0,3,weight;ap_lo;height
16,962,0,0,3,ap_hi;height;ap_lo
16,963,0,0,4,age;ap_lo;weight;ap_hi
16,964,1,1,4,height;age;ap_hi;ap_lo
16,965,1,1,3,ap_hi;ap_lo;age
16,966,1,0,3,ap_lo;ap_hi;age
16,967,1,1,3,age;weight;ap_lo
16,968,1,0,3,age;ap_hi;height
16,969,1,1,3,age;height;weight
16,970,0,0,3,ap_lo;weight;age
16,971,1,0,3,weight;ap_hi;height
16,972,1,0,3,weight;height;age
16,973,0,0,3,weight;age;ap_hi
16,974,1,1,4,ap_lo;weight;height;age
16,975,1,1,4,ap_hi;age;weight;ap_lo
16,976,1,1,4,weight;ap_hi;ap_lo;age
16,977,0,1,3,ap_lo;height;weight
16,978,1,1,4,height;ap_hi;age;weight
16,979,0,0,3,age;height;weight
16,980,1,1,4,weight;height;ap_lo;ap_hi
16,981,0,0,4,ap_hi;age;ap_lo;weight
16,982,0,0,3,height;ap_hi;weight
16,983,1,0,4,age;weight;ap_hi;height
16,984,1,0,4,height;ap_lo;age;weight
16,985,1,0,4,height;age;weight;ap_hi
16,986,1,1,4,weight;height;ap_lo;age
16,987,1,0,4,weight;ap_lo;ap_hi;age
16,988,1,0,4,weight;ap_lo;height;ap_hi
16,989,1,0,3,weight;ap_hi;age
16,990,1,1,4,weight;height;age;ap_lo
16,991,0,0,4,ap_hi;weight;height;age
16,992,1,0,4,weight;ap_lo;height;age
16,993,0,0,4,height;ap_hi;weight;age
16,994,1,0,3,weight;age;ap_lo
16,995,1,0,4,weight;ap_hi;height;age
16,996,1,1,3,weight;ap_lo;ap_hi
16,997,0,0,4,age;ap_hi;weight;ap_lo
16,998,1,1,4,weight;age;ap_lo;height
16,999,1,1,4,ap_lo;ap_hi;weight;age
17,0,0,0,3,height;ap_hi;weight
17,1,0,1,3,ap_lo;age;height
17,2,0,0,3,ap_hi;weight;ap_lo
17,3,0,1,4,height;ap_hi;ap_lo;weight
17,4,1,0,4,height;weight;ap_hi;ap_lo
17,5,0,0,4,weight;ap_lo;ap_hi;age
17,6,0,0,3,height;ap_lo;weight
17,7,0,0,3,ap_lo;height;age
17,8,0,1,3,weight;height;ap_hi
17,9,1,0,3,ap_lo;ap_hi;weight
17,10,0,1,4,weight;height;ap_lo;age
17,11,1,1,3,height;weight;ap_hi
17,12,0,0,3,height;ap_hi;weight
17,13,0,1,4,ap_lo;age;weight;height
17,14,0,1,3,ap_hi;age;ap_lo
17,15,0,1,3,weight;ap_hi;ap_lo
17,16,1,1,4,height;weight;age;ap_hi
17,17,0,1,3,weight;height;age
17,18,0,0,3,weight;height;ap_hi
17,19,1,1,3,ap_lo;height;ap_hi
17,20,0,1,3,height;ap_lo;weight
17,21,1,1,4,ap_lo;age;weight;ap_hi
17,22,1,1,4,age;weight;height;ap_hi
17,23,0,0,3,weight;ap_hi;age
17,24,1,1,3,ap_lo;weight;height
17,25,1,1,3,weight;ap_lo;ap_hi
17,26,1,1,4,weight;ap_hi;age;ap_lo
17,27,0,1,3,age;weight;ap_lo
17,28,0,0,4,weight;ap_lo;age;ap_hi
17,29,0,1,3,age;ap_hi;ap_lo
17,30,1,0,3,ap_lo;weight;height
17,31,1,1,4,age;ap_lo;height;ap_hi
17,32,0,0,4,height;weight;ap_lo;ap_hi
17,33,1,0,3,age;weight;height
17,34,1,1,4,age;height;ap_hi;ap_lo
17,35,1,1,4,age;height;ap_lo;ap_hi
17,36,0,1,4,ap_hi;ap_lo;weight;age
17,37,0,1,4,height;ap_hi;age;ap_lo
17,38,0,0,4,ap_lo;age;height;ap_hi
17,39,1,1,4,weight;age;height;ap_lo
17,40,1,1,4,weight;age;height;ap_lo
17,41,1,1,4,height;age;ap_lo;ap_hi
17,42,1,0,4,weight;ap_hi;age;height
17,43,0,1,4,weight;height;ap_lo;age
17,44,1,1,3,age;weight;ap_lo
17,45,1,1,4,ap_lo;ap_hi;height;weight
17,46,0,1,4,ap_lo;weight;age;ap_hi
17,47,0,0,3,age;height;weight
17,48,1,1,4,height;ap_lo;weight;ap_hi
17,49,0,0,3,weight;ap_lo;height
17,50,0,0,3,weight;height;ap_lo
17,51,0,0,3,height;ap_lo;age
17,52,1,1,3,weight;ap_lo;age
17,53,0,1,4,ap_lo;height;ap_hi;age
17,54,1,1,3,ap_hi;weight;height
17,55,1,0,3,age;ap_hi;ap_lo
17,56,0,0,3,weight;height;ap_hi
17,57,1,1,4,height;ap_hi;weight;age
17,58,1,1,3,height;weight;age
17,59,0,0,3,height;age;ap_lo
17,60,1,1,3,ap_lo;weight;age
17,61,1,1,3,ap_hi;height;age
17,62,0,0,4,age;ap_lo;ap_hi;height
17,63,1,1,4,ap_hi;ap_lo;height;weight
17,64,0,0,3,weight;age;ap_hi
17,65,0,0,3,ap_hi;ap_lo;height
17,66,0,1,4,ap_lo;age;ap_hi;weight
17,67,0,1,3,age;weight;ap_hi
17,68,1,1,3,ap_lo;weight;age
17,69,0,1,4,ap_lo;weight;age;ap_hi
17,70,1,1,4,age;ap_hi;ap_lo;weight
17,71,1,1,3,height;weight;ap_lo
17,72,0,1,3,ap_lo;ap_hi;weight
17,73,0,1,4,age;ap_lo;height;ap_hi
17,74,1,1,4,ap_lo;ap_hi;height;age
17,75,1,0,3,ap_hi;age;ap_lo
17,76,0,0,4,ap_hi;height;weight;ap_lo
17,77,1,1,3,height;weight;ap_hi
17,78,0,1,3,ap_lo;ap_hi;height
17,79,1,0,3,ap_lo;ap_hi;weight
17,80,0,1,3,ap_hi;age;height
17,81,1,1,4,height;ap_hi;age;weight
17,82,1,1,3,height;ap_hi;weight
17,83,1,1,3,weight;ap_hi;age
17,84,1,1,3,weight;height;age
17,85,0,0,3,age;weight;ap_hi
17,86,0,1,3,height;weight;age
17,87,0,1,3,ap_hi;weight;ap_lo
17,88,0,0,3,weight;ap_lo;ap_hi
17,89,1,1,3,height;ap_hi;weight
17,90,1,1,3,ap_hi;weight;height
17,91,1,1,4,ap_lo;age;height;weight
17,92,0,0,3,weight;ap_hi;ap_lo
17,93,1,0,3,ap_lo;weight;ap_hi
17,94,0,0,4,weight;ap_hi;ap_lo;age
17,95,1,0,4,age;ap_lo;weight;height
17,96,0,1,4,ap_lo;ap_hi;age;height
17,97,1,1,3,age;ap_hi;ap_lo
17,98,1,1,3,age;ap_hi;weight
17,99,0,0,3,ap_lo;height;ap_hi
17,100,0,0,3,age;weight;height
17,101,1,0,3,ap_hi;ap_lo;age
17,102,0,0,4,age;weight;height;ap_hi
17,103,1,1,4,height;age;weight;ap_lo
17,104,0,0,4,height;weight;ap_hi;age
17,105,0,0,4,weight;ap_hi;ap_lo;age
17,106,0,1,4,weight;ap_hi;height;age
17,107,0,0,3,ap_hi;weight;height
17,108,1,1,4,height;age;ap_lo;weight
17,109,0,0,4,ap_lo;height;ap_hi;age
17,110,0,1,3,age;height;weight
17,111,0,0,4,ap_lo;age;ap_hi;weight
17,112,0,1,4,height;ap_hi;age;weight
17,113,0,1,3,height;weight;ap_hi
17,114,1,1,3,age;ap_hi;weight
17,115,1,1,3,ap_hi;ap_lo;weight
17,116,1,1,4,ap_hi;height;age;weight
17,117,0,1,3,ap_hi;height;weight
17,118,0,0,4,weight;ap_lo;height;age
17,119,1,1,3,ap_hi;height;weight
17,120,0,1,4,weight;ap_lo;age;height
17,121,1,1,3,weight;height;age
17,122,0,1,4,ap_lo;ap_hi;age;height
17,123,1,1,4,age;weight;height;ap_hi
17,124,1,1,3,ap_lo;age;weight
17,125,0,0,3,height;weight;ap_lo
17,126,0,1,3,age;weight;ap_lo
17,127,1,1,3,age;ap_hi;height
17,128,0,0,3,ap_lo;weight;age
17,129,0,1,3,ap_hi;height;age
17,130,0,1,3,weight;height;age
17,131,0,1,4,age;ap_lo;height;ap_hi
17,132,1,0,3,weight;ap_lo;age
17,133,0,1,4,age;ap_lo;ap_hi;weight
17,134,0,0,3,weight;ap_hi;age
17,135,1,1,3,weight;ap_hi;age
17,136,1,1,4,height;ap_lo;ap_hi;age
17,137,1,1,4,ap_lo;ap_hi;age;height
17,138,1,1,4,weight;ap_lo;age;height
17,139,1,0,4,height;weight;age;ap_lo
17,140,1,1,3,age;ap_hi;height
17,141,1,1,3,weight;ap_lo;height
17,142,0,1,3,ap_hi;age;ap_lo
17,143,1,1,4,height;ap_lo;weight;age
17,144,0,0,3,ap_lo;age;height
17,145,0,1,4,height;weight;age;ap_hi
17,146,0,0,4,weight;ap_hi;height;ap_lo
17,147,1,1,4,ap_hi;age;weight;height
17,148,0,0,3,ap_lo;ap_hi;age
17,149,1,1,4,ap_hi;weight;height;age
17,150,0,0,4,ap_lo;weight;height;age
17,151,1,1,4,weight;height;age;ap_hi
17,152,0,0,3,height;ap_lo;weight
17,153,1,0,3,ap_hi;age;ap_lo
17,154,0,1,4,height;ap_lo;ap_hi;weight
17,155,1,0,3,ap_lo;weight;ap_hi
17,156,1,1,4,ap_lo;height;age;weight
17,157,0,1,4,weight;age;ap_lo;ap_hi
17,158,1,0,3,ap_lo;height;ap_hi
17,159,0,0,3,weight;age;ap_hi
17,160,0,1,3,ap_hi;ap_lo;weight
17,161,0,0,3,ap_lo;height;ap_hi
17,162,0,1,3,weight;ap_lo;height
17,163,0,0,3,age;ap_lo;ap_hi
17,164,0,0,4,age;weight;height;ap_hi
17,165,0,1,3,age;ap_lo;ap_hi
17,166,1,1,4,height;weight;ap_hi;age
17,167,0,1,4,ap_lo;age;weight;height
17,168,1,1,4,ap_hi;height;weight;ap_lo
17,169,1,1,3,height;weight;ap_hi
17,170,1,1,4,age;ap_hi;weight;height
17,171,1,1,4,height;age;weight;ap_lo
17,172,1,1,3,height;age;ap_lo
17,173,0,0,4,age;ap_hi;weight;height
17,174,1,1,4,age;weight;ap_hi;ap_lo
17,175,1,1,3,ap_lo;ap_hi;weight
17,176,1,1,3,weight;height;ap_lo
17,177,1,1,4,age;ap_hi;height;weight
17,178,0,0,3,ap_lo;weight;height
17,179,0,0,3,ap_hi;age;height
17,180,1,1,3,height;weight;ap_lo
17,181,0,1,4,ap_hi;height;age;ap_lo
17,182,1,1,4,age;weight;height;ap_hi
17,183,0,0,3,ap_hi;age;height
17,184,0,0,4,ap_hi;height;age;ap_lo
17,185,1,1,4,ap_lo;age;ap_hi;height
17,186,1,1,3,age;ap_hi;ap_lo
17,187,1,1,4,age;ap_lo;ap_hi;height
17,188,0,1,3,ap_lo;height;ap_hi
17,189,0,1,3,ap_hi;height;weight
17,190,0,0,3,height;ap_lo;weight
17,191,0,0,3,weight;ap_hi;height
17,192,0,1,4,ap_lo;height;weight;age
17,193,1,1,4,ap_hi;weight;ap_lo;age
17,194,1,1,3,ap_hi;ap_lo;weight
17,195,1,1,4,weight;ap_hi;ap_lo;age
17,196,1,0,4,age;weight;ap_lo;ap_hi
17,197,1,1,4,age;ap_hi;height;ap_lo
17,198,0,1,4,weight;ap_hi;height;ap_lo
17,199,1,1,3,age;height;weight
17,200,1,0,3,ap_lo;height;weight
17,201,0,0,3,ap_lo;ap_hi;height
17,202,0,0,3,height;weight;ap_hi
17,203,0,1,3,weight;ap_hi;ap_lo
17,204,0,0,3,ap_lo;weight;height
17,205,0,0,4,age;height;ap_lo;ap_hi
17,206,1,1,3,weight;ap_lo;height
17,207,0,0,4,age;height;weight;ap_hi
17,208,1,1,4,ap_hi;weight;age;ap_lo
17,209,0,0,4,age;weight;ap_hi;height
17,210,1,1,3,height;age;weight
17,211,1,1,3,weight;age;ap_lo
17,212,0,0,3,ap_lo;height;weight
17,213,0,1,4,age;ap_hi;ap_lo;height
17,214,0,1,4,weight;age;ap_hi;ap_lo
17,215,1,1,3,ap_hi;ap_lo;weight
17,216,0,0,4,weight;age;ap_hi;height
17,217,1,1,4,age;ap_hi;ap_lo;weight
17,218,0,1,3,age;ap_lo;weight
17,219,0,0,3,ap_hi;ap_lo;age
17,220,1,1,4,weight;age;ap_hi;ap_lo
17,221,0,1,4,age;ap_lo;ap_hi;weight
17,222,0,0,3,weight;ap_hi;height
17,223,1,1,4,height;weight;age;ap_lo
17,224,0,1,3,ap_lo;weight;age
17,225,1,0,3,height;weight;ap_lo
17,226,0,1,3,age;ap_lo;ap_hi
17,227,1,0,3,height;ap_hi;weight
17,228,0,0,4,ap_hi;ap_lo;age;height
17,229,0,1,3,weight;age;ap_lo
17,230,1,1,4,ap_hi;ap_lo;height;weight
17,231,0,0,4,weight;ap_hi;age;ap_lo
17,232,1,0,3,height;ap_hi;ap_lo
17,233,0,1,3,ap_hi;ap_lo;height
17,234,1,1,3,weight;age;height
17,235,1,1,4,ap_hi;weight;ap_lo;height
17,236,1,1,3,ap_lo;height;age
17,237,0,0,4,age;ap_lo;height;weight
17,238,1,1,4,ap_lo;height;age;weight
17,239,1,1,4,age;ap_hi;ap_lo;weight
17,240,1,1,4,ap_lo;ap_hi;weight;height
17,241,1,1,4,height;ap_hi;ap_lo;weight
17,242,0,1,4,ap_hi;ap_lo;height;age
17,243,0,1,4,height;ap_lo;age;ap_hi
17,244,1,1,3,ap_lo;ap_hi;weight
17,245,1,1,3,weight;ap_lo;age
17,246,1,1,4,height;ap_hi;weight;ap_lo
17,247,1,1,4,height;age;ap_hi;weight
17,248,1,1,4,ap_lo;age;weight;height
17,249,1,1,3,weight;height;ap_hi
17,250,1,1,3,weight;age;ap_hi
17,251,0,0,4,weight;age;height;ap_hi
17,252,0,0,3,height;ap_hi;weight
17,253,0,1,3,age;ap_hi;weight
17,254,1,0,3,age;ap_hi;ap_lo
17,255,1,1,3,age;height;ap_hi
17,256,0,1,3,age;weight;height
17,257,0,1,3,height;weight;age
17,258,0,1,3,height;age;ap_hi
17,259,1,1,4,weight;ap_hi;height;ap_lo
17,260,0,0,4,age;height;ap_lo;weight
17,261,1,1,3,ap_lo;weight;ap_hi
17,262,1,0,3,weight;height;age
17,263,1,1,3,height;ap_lo;ap_hi
17,264,1,1,3,weight;height;ap_lo
17,265,0,1,4,weight;ap_hi;age;height
17,266,0,0,4,weight;age;ap_lo;ap_hi
17,267,1,1,3,weight;age;ap_hi
17,268,0,0,3,ap_hi;weight;ap_lo
17,269,1,1,4,age;ap_lo;weight;height
17,270,1,0,4,height;ap_lo;weight;ap_hi
17,271,1,1,3,ap_hi;weight;age
17,272,0,1,3,age;weight;height
17,273,1,1,3,height;age;ap_hi
17,274,0,0,4,age;height;weight;ap_hi
17,275,1,0,3,ap_lo;age;ap_hi
17,276,1,1,4,height;weight;age;ap_lo
17,277,0,0,4,ap_lo;age;height;ap_hi
17,278,1,1,3,age;height;ap_hi
17,279,0,0,3,ap_hi;height;ap_lo
17,280,0,1,3,ap_hi;ap_lo;height
17,281,0,0,3,weight;ap_lo;ap_hi
17,282,1,1,4,ap_hi;ap_lo;height;age
17,283,1,1,4,weight;ap_hi;ap_lo;height
17,284,1,1,3,ap_hi;age;ap_lo
17,285,0,0,3,ap_lo;age;ap_hi
17,286,1,1,3,ap_hi;age;weight
17,287,1,1,3,height;age;ap_lo
17,288,1,1,4,age;weight;height;ap_lo
17,289,0,0,4,ap_lo;ap_hi;age;height
17,290,0,1,4,age;ap_hi;ap_lo;height
17,291,0,0,4,age;ap_hi;weight;height
17,292,0,0,3,height;ap_hi;age
17,293,1,0,3,ap_hi;height;age
17,294,1,1,4,height;ap_lo;weight;ap_hi
17,295,1,1,3,ap_lo;height;ap_hi
17,296,0,1,4,ap_hi;height;weight;age
17,297,1,1,3,weight;age;height
17,298,1,0,4,ap_hi;age;ap_lo;height
17,299,1,1,3,ap_hi;height;age
17,300,0,0,4,ap_hi;height;ap_lo;age
17,301,1,0,4,age;height;ap_hi;ap_lo
17,302,1,1,4,height;ap_lo;weight;age
17,303,1,1,4,ap_lo;ap_hi;weight;height
17,304,0,0,4,ap_hi;height;ap_lo;age
17,305,0,1,3,height;ap_lo;age
17,306,1,0,3,ap_hi;weight;age
17,307,0,0,4,weight;ap_lo;age;ap_hi
17,308,0,0,3,ap_lo;height;age
17,309,0,1,3,ap_lo;ap_hi;age
17,310,0,1,4,age;ap_lo;ap_hi;weight
17,311,0,1,4,height;ap_hi;ap_lo;age
17,312,0,1,4,age;ap_lo;ap_hi;height
17,313,0,1,3,ap_hi;age;weight
17,314,1,1,3,weight;age;ap_lo
17,315,1,1,4,weight;age;ap_lo;ap_hi
17,316,1,1,3,weight;height;age
17,317,1,0,4,ap_hi;weight;ap_lo;height
17,318,0,0,3,ap_lo;age;height
17,319,1,1,3,ap_lo;ap_hi;height
17,320,1,1,4,ap_hi;weight;age;height
17,321,1,1,3,age;ap_lo;height
17,322,1,1,3,weight;ap_hi;age
17,323,0,0,4,ap_lo;height;ap_hi;age
17,324,0,0,4,weight;ap_lo;height;ap_hi
17,325,0,1,3,height;weight;ap_hi
17,326,1,1,3,height;weight;age
17,327,1,0,4,height;ap_hi;weight;ap_lo
17,328,0,1,4,ap_hi;weight;height;age
17,329,1,0,4,ap_hi;height;ap_lo;age
17,330,0,1,4,ap_lo;height;age;ap_hi
17,331,1,1,4,weight;height;ap_lo;age
17,332,0,1,3,height;ap_hi;ap_lo
17,333,0,0,3,age;ap_hi;height
17,334,1,1,4,ap_lo;age;ap_hi;weight
17,335,1,1,3,height;ap_lo;ap_hi
17,336,0,0,3,ap_lo;weight;ap_hi
17,337,0,0,3,height;age;ap_lo
17,338,0,1,4,weight;height;ap_lo;ap_hi
17,339,0,1,3,age;weight;height
17,340,1,1,3,weight;age;ap_hi
17,341,1,1,3,age;height;weight
17,342,1,1,4,height;ap_lo;age;weight
17,343,1,1,3,age;height;weight
17,344,1,1,4,age;weight;ap_lo;ap_hi
17,345,1,0,3,ap_hi;age;height
17,346,0,0,4,height;ap_lo;weight;age
17,347,0,1,4,ap_hi;ap_lo;weight;age
17,348,1,1,3,weight;ap_hi;ap_lo
17,349,0,0,3,height;ap_hi;ap_lo
17,350,1,1,3,ap_hi;height;ap_lo
17,351,1,1,3,age;weight;ap_lo
17,352,0,1,3,ap_lo;ap_hi;age
17,353,1,1,3,weight;ap_lo;age
17,354,1,1,3,ap_lo;age;weight
17,355,1,1,4,ap_hi;height;age;weight
17,356,1,1,3,age;ap_hi;height
17,357,1,1,4,weight;ap_lo;height;age
17,358,1,1,3,age;height;ap_hi
17,359,1,1,4,ap_lo;ap_hi;weight;age
17,360,1,1,4,height;weight;age;ap_lo
17,361,0,0,4,ap_hi;ap_lo;height;weight
17,362,1,1,4,ap_lo;weight;age;height
17,363,1,1,3,ap_lo;age;ap_hi
17,364,1,1,4,age;weight;height;ap_hi
17,365,1,0,3,ap_hi;height;age
17,366,0,1,4,weight;height;ap_lo;ap_hi
17,367,1,1,4,height;ap_lo;weight;age
17,368,1,1,4,ap_lo;age;height;ap_hi
17,369,0,1,3,age;height;weight
17,370,1,1,3,weight;age;ap_hi
17,371,0,1,4,age;ap_lo;height;ap_hi
17,372,1,1,3,ap_lo;ap_hi;weight
17,373,1,1,4,weight;age;height;ap_hi
17,374,1,1,4,weight;age;height;ap_hi
17,375,0,0,4,height;weight;ap_hi;ap_lo
17,376,1,0,3,weight;ap_hi;height
17,377,1,1,3,height;weight;ap_hi
17,378,0,1,4,height;age;ap_lo;weight
17,379,0,1,4,ap_lo;weight;age;ap_hi
17,380,1,0,3,height;age;ap_lo
17,381,1,1,4,ap_hi;ap_lo;weight;height
17,382,0,1,4,weight;height;ap_hi;age
17,383,1,0,3,weight;age;ap_hi
17,384,1,1,3,ap_lo;ap_hi;height
17,385,0,1,3,ap_hi;height;ap_lo
17,386,0,1,3,ap_hi;age;height
17,387,1,1,3,age;height;weight
17,388,0,0,4,ap_hi;height;ap_lo;age
17,389,0,0,4,height;weight;ap_hi;age
17,390,1,1,4,age;ap_lo;height;ap_hi
17,391,1,1,4,weight;ap_lo;height;age
17,392,0,0,3,ap_hi;weight;height
17,393,1,1,3,ap_hi;weight;height
17,394,0,0,4,weight;age;ap_lo;height
17,395,1,1,4,height;ap_lo;ap_hi;weight
17,396,1,1,4,weight;ap_lo;ap_hi;height
17,397,1,1,4,ap_lo;height;weight;ap_hi
17,398,0,1,3,height;weight;age
17,399,0,1,3,ap_hi;age;ap_lo
17,400,1,0,4,weight;age;ap_hi;height
17,401,1,1,4,age;weight;height;ap_lo
17,402,0,1,3,ap_hi;ap_lo;height
17,403,0,1,4,weight;ap_lo;age;height
17,404,0,1,4,ap_lo;height;weight;age
17,405,0,0,3,ap_lo;ap_hi;weight
17,406,0,0,3,height;weight;ap_hi
17,407,1,1,4,ap_lo;height;weight;age
17,408,1,1,4,age;weight;ap_lo;ap_hi
17,409,0,1,4,ap_hi;age;ap_lo;height
17,410,0,0,3,height;age;ap_hi
17,411,0,0,3,ap_hi;ap_lo;weight
17,412,0,1,3,ap_hi;weight;age
17,413,1,1,4,height;ap_hi;ap_lo;age
17,414,0,1,4,ap_hi;ap_lo;age;weight
17,415,0,1,3,age;ap_lo;weight
17,416,0,0,3,age;weight;height
17,417,0,1,3,weight;age;ap_lo
17,418,0,0,4,ap_hi;ap_lo;weight;age
17,419,1,0,3,ap_hi;height;weight
17,420,1,1,3,age;ap_lo;height
17,421,0,0,3,age;weight;ap_lo
17,422,1,1,4,weight;height;ap_lo;age
17,423,0,1,3,age;ap_lo;height
17,424,1,1,4,weight;ap_lo;age;height
17,425,1,1,4,ap_lo;height;ap_hi;weight
17,426,1,1,3,ap_lo;ap_hi;weight
17,427,1,1,4,ap_lo;age;weight;ap_hi
17,428,0,0,3,ap_lo;ap_hi;weight
17,429,1,1,3,weight;age;height
17,430,1,0,4,ap_hi;ap_lo;age;weight
17,431,1,1,4,age;weight;height;ap_hi
17,432,1,1,4,height;age;weight;ap_lo
17,433,1,1,3,ap_lo;height;weight
17,434,1,1,4,ap_hi;age;ap_lo;weight
17,435,1,0,3,weight;ap_hi;height
17,436,1,1,3,ap_lo;weight;age
17,437,1,1,4,height;ap_hi;weight;ap_lo
17,438,0,0,4,weight;ap_hi;height;ap_lo
17,439,0,1,4,ap_lo;height;weight;ap_hi
17,440,1,1,4,height;age;ap_hi;weight
17,441,0,0,4,height;age;weight;ap_hi
17,442,0,0,4,ap_lo;ap_hi;age;height
17,443,0,0,4,height;ap_lo;weight;ap_hi
17,444,0,1,3,weight;ap_lo;age
17,445,0,1,3,age;ap_lo;ap_hi
17,446,0,1,4,ap_lo;age;weight;ap_hi
17,447,1,1,3,ap_hi;ap_lo;weight
17,448,0,1,4,ap_lo;ap_hi;age;height
17,449,0,1,4,age;ap_lo;height;weight
17,450,0,0,3,height;ap_hi;weight
17,451,0,1,4,age;weight;height;ap_lo
17,452,1,1,4,weight;ap_lo;age;ap_hi
17,453,1,1,4,ap_lo;age;height;weight
17,454,1,0,4,age;weight;ap_hi;ap_lo
17,455,0,1,4,height;age;weight;ap_hi
17,456,0,1,3,age;weight;ap_hi
17,457,0,1,3,ap_lo;ap_hi;weight
17,458,1,1,3,weight;height;age
17,459,1,1,4,age;weight;ap_hi;ap_lo
17,460,1,1,3,ap_lo;height;weight
17,461,1,0,3,ap_lo;height;age
17,462,0,0,4,weight;height;ap_hi;ap_lo
17,463,0,0,3,age;weight;height
17,464,1,1,3,age;ap_hi;height
17,465,1,0,4,ap_hi;height;ap_lo;weight
17,466,1,1,4,height;weight;age;ap_lo
17,467,1,1,3,height;age;ap_lo
17,468,0,1,3,weight;ap_lo;height
17,469,1,1,3,ap_lo;ap_hi;height
17,470,1,1,3,ap_lo;weight;ap_hi
17,471,1,1,4,age;ap_lo;weight;height
17,472,0,0,3,age;weight;ap_hi
17,473,1,1,3,height;age;ap_lo
17,474,1,0,3,weight;height;ap_lo
17,475,0,1,3,ap_lo;age;ap_hi
17,476,0,0,4,ap_lo;height;weight;ap_hi
17,477,0,0,4,age;ap_lo;weight;ap_hi
17,478,0,0,3,ap_lo;age;ap_hi
17,479,0,1,4,weight;ap_lo;height;ap_hi
17,480,0,0,3,weight;ap_hi;age
17,481,1,1,4,age;height;weight;ap_lo
17,482,1,1,3,ap_lo;height;weight
17,483,1,1,4,ap_lo;height;age;weight
17,484,0,0,3,ap_hi;age;height
17,485,1,0,4,ap_hi;height;age;ap_lo
17,486,1,1,3,weight;age;ap_hi
17,487,1,1,4,ap_lo;ap_hi;height;weight
17,488,1,1,4,height;ap_lo;weight;ap_hi
17,489,1,1,4,ap_lo;height;weight;age
17,490,0,1,3,ap_lo;height;age
17,491,0,0,4,ap_lo;age;weight;height
17,492,0,1,4,height;ap_lo;age;weight
17,493,1,1,4,age;ap_lo;height;ap_hi
17,494,1,1,3,weight;ap_hi;age
17,495,1,1,4,age;weight;height;ap_lo
17,496,1,1,3,ap_lo;ap_hi;age
17,497,1,1,3,ap_hi;height;ap_lo
17,498,0,0,3,ap_lo;height;age
17,499,0,0,4,height;age;ap_lo;ap_hi
17,500,0,0,4,age;ap_hi;weight;ap_lo
17,501,1,1,4,height;ap_lo;ap_hi;weight
17,502,1,1,3,ap_hi;height;weight
17,503,0,1,4,age;ap_hi;height;weight
17,504,0,0,3,ap_lo;age;height
17,505,0,0,4,ap_lo;height;weight;age
17,506,0,0,3,weight;ap_hi;age
17,507,1,1,4,age;height;ap_lo;weight
17,508,0,1,4,height;age;weight;ap_lo
17,509,0,0,4,ap_lo;ap_hi;age;height
17,510,1,1,3,weight;height;ap_hi
17,511,0,0,3,ap_lo;weight;height
17,512,1,1,3,height;ap_hi;age
17,513,1,0,3,ap_hi;ap_lo;weight
17,514,1,1,3,height;weight;age
17,515,0,0,3,age;ap_lo;ap_hi
17,516,1,1,4,ap_hi;age;height;ap_lo
17,517,1,1,4,weight;ap_hi;ap_lo;age
17,518,0,1,3,age;height;ap_hi
17,519,1,1,4,ap_hi;age;weight;height
17,520,1,1,3,ap_hi;weight;height
17,521,0,1,4,ap_hi;age;height;ap_lo
17,522,0,0,3,ap_lo;weight;height
17,523,1,1,4,weight;age;height;ap_lo
17,524,1,1,3,height;age;weight
17,525,0,1,3,ap_hi;age;weight
17,526,0,0,4,height;ap_lo;ap_hi;age
17,527,1,1,3,age;ap_lo;height
17,528,0,1,4,height;ap_hi;age;weight
17,529,1,1,4,weight;height;ap_lo;age
17,530,0,0,3,age;ap_lo;ap_hi
17,531,1,1,4,weight;age;height;ap_hi
17,532,0,1,4,ap_hi;age;ap_lo;weight
17,533,1,1,3,age;ap_hi;height
17,534,0,0,4,weight;ap_lo;ap_hi;height
17,535,1,1,4,ap_lo;height;weight;age
17,536,1,1,4,ap_lo;age;weight;ap_hi
17,537,1,1,3,height;weight;ap_lo
17,538,0,1,4,height;ap_hi;weight;age
17,539,1,1,3,ap_lo;weight;age
17,540,1,1,4,ap_hi;height;ap_lo;age
17,541,1,1,4,ap_lo;height;ap_hi;age
17,542,1,1,4,ap_hi;weight;ap_lo;height
17,543,1,1,4,age;height;ap_lo;ap_hi
17,544,1,1,3,ap_hi;height;weight
17,545,0,1,4,age;height;ap_lo;weight
17,546,0,1,4,weight;ap_lo;height;age
17,547,0,0,3,weight;ap_lo;age
17,548,0,1,3,ap_lo;height;age
17,549,1,1,3,weight;height;ap_hi
17,550,1,1,4,ap_hi;weight;ap_lo;height
17,551,1,1,3,height;weight;ap_hi
17,552,0,1,3,ap_lo;weight;ap_hi
17,553,1,1,3,height;age;ap_hi
17,554,0,1,4,height;age;ap_lo;ap_hi
17,555,0,1,4,weight;ap_hi;height;ap_lo
17,556,1,1,3,ap_lo;weight;ap_hi
17,557,1,0,4,height;ap_lo;weight;ap_hi
17,558,1,1,4,ap_lo;ap_hi;height;age
17,559,1,1,4,age;ap_hi;ap_lo;height
17,560,1,1,3,ap_hi;weight;ap_lo
17,561,0,1,3,age;height;ap_hi
17,562,0,1,4,weight;ap_hi;age;ap_lo
17,563,0,1,3,age;weight;ap_lo
17,564,1,1,4,age;ap_hi;weight;ap_lo
17,565,1,1,3,height;ap_lo;age
17,566,0,1,4,weight;ap_hi;height;ap_lo
17,567,1,1,4,ap_lo;ap_hi;age;weight
17,568,1,1,4,weight;height;age;ap_lo
17,569,0,1,3,ap_hi;ap_lo;weight
17,570,1,1,3,age;weight;ap_hi
17,571,1,1,4,age;ap_hi;height;ap_lo
17,572,0,0,3,ap_hi;weight;age
17,573,1,0,4,ap_hi;weight;age;height
17,574,1,1,3,ap_hi;weight;ap_lo
17,575,0,1,4,age;ap_hi;ap_lo;weight
17,576,1,1,4,ap_hi;age;height;weight
17,577,1,1,3,age;ap_hi;weight
17,578,1,0,3,height;ap_hi;age
17,579,0,0,3,ap_hi;age;weight
17,580,1,1,3,height;age;weight
17,581,1,0,3,ap_hi;ap_lo;height
17,582,0,0,4,ap_hi;age;weight;height
17,583,0,1,3,ap_lo;age;ap_hi
17,584,0,0,4,ap_hi;height;ap_lo;age
17,585,1,1,3,age;height;weight
17,586,0,0,4,height;weight;ap_lo;ap_hi
17,587,0,1,3,ap_lo;weight;ap_hi
17,588,1,1,4,weight;ap_lo;age;ap_hi
17,589,1,1,4,age;ap_hi;ap_lo;height
17,590,1,1,3,age;weight;ap_lo
17,591,0,1,3,height;ap_lo;ap_hi
17,592,0,0,4,ap_lo;age;weight;ap_hi
17,593,0,1,4,height;age;ap_lo;weight
17,594,0,0,3,weight;age;ap_hi
17,595,1,1,3,ap_lo;ap_hi;age
17,596,1,1,3,ap_lo;height;ap_hi
17,597,0,0,3,weight;ap_lo;height
17,598,0,1,3,ap_hi;height;ap_lo
17,599,0,1,4,ap_lo;ap_hi;age;weight
17,600,1,0,3,ap_lo;age;height
17,601,1,1,4,weight;ap_lo;age;height
17,602,1,1,4,ap_lo;ap_hi;height;weight
17,603,1,0,3,age;ap_lo;height
17,604,0,0,4,ap_hi;age;height;weight
17,605,0,1,3,weight;age;height
17,606,1,1,4,ap_lo;weight;height;age
17,607,1,1,3,height;age;weight
17,608,0,0,3,age;weight;ap_hi
17,609,0,0,3,height;ap_hi;weight
17,610,1,1,4,ap_hi;ap_lo;weight;age
17,611,1,1,3,ap_hi;age;ap_lo
17,612,0,1,3,age;weight;height
17,613,0,1,4,age;weight;ap_lo;ap_hi
17,614,0,1,3,ap_lo;age;weight
17,615,0,0,3,ap_lo;age;ap_hi
17,616,0,1,4,ap_hi;ap_lo;age;weight
17,617,0,0,4,height;weight;ap_lo;ap_hi
17,618,0,0,3,age;ap_lo;weight
17,619,1,1,3,weight;ap_lo;age
17,620,0,0,4,ap_lo;ap_hi;weight;height
17,621,1,1,3,age;ap_hi;ap_lo
17,622,0,1,3,age;weight;height
17,623,1,1,4,ap_lo;height;age;ap_hi
17,624,1,1,3,ap_lo;ap_hi;height
17,625,0,0,3,ap_hi;ap_lo;height
17,626,1,1,3,ap_hi;age;height
17,627,0,1,3,age;height;ap_lo
17,628,0,0,4,ap_lo;height;weight;ap_hi
17,629,0,1,3,ap_lo;weight;height
17,630,0,1,4,ap_lo;weight;age;height
17,631,1,0,4,weight;ap_hi;age;ap_lo
17,632,1,1,3,ap_lo;weight;ap_hi
17,633,0,0,3,ap_lo;ap_hi;height
17,634,0,1,3,ap_hi;age;ap_lo
17,635,1,1,3,ap_lo;weight;age
17,636,1,1,3,ap_lo;weight;height
17,637,0,0,4,weight;ap_hi;age;ap_lo
17,638,1,1,4,ap_hi;ap_lo;weight;height
17,639,0,0,4,weight;ap_lo;ap_hi;age
17,640,1,1,4,weight;age;height;ap_lo
17,641,1,0,4,ap_lo;age;ap_hi;height
17,642,1,1,3,height;ap_hi;age
17,643,0,1,3,age;height;ap_hi
17,644,1,1,3,ap_hi;ap_lo;height
17,645,1,1,4,height;ap_hi;weight;age
17,646,0,0,4,ap_hi;height;ap_lo;weight
17,647,0,0,4,weight;age;ap_lo;ap_hi
17,648,0,1,3,ap_lo;ap_hi;age
17,649,0,1,3,height;ap_lo;age
17,650,1,1,3,ap_lo;ap_hi;age
17,651,0,1,4,ap_hi;height;weight;age
17,652,0,0,4,ap_hi;age;ap_lo;weight
17,653,0,1,3,age;height;ap_hi
17,654,0,0,3,ap_lo;age;height
17,655,0,1,4,ap_lo;age;ap_hi;height
17,656,0,0,4,ap_hi;age;ap_lo;height
17,657,0,0,4,height;weight;ap_lo;ap_hi
17,658,1,1,4,ap_hi;age;height;ap_lo
17,659,0,0,4,ap_hi;weight;age;height
17,660,1,1,3,ap_lo;age;weight
17,661,0,0,4,ap_lo;weight;age;height
17,662,0,1,4,weight;age;ap_lo;ap_hi
17,663,0,1,4,age;height;weight;ap_lo
17,664,1,0,4,age;weight;height;ap_hi
17,665,1,1,3,ap_lo;ap_hi;age
17,666,0,0,3,ap_hi;ap_lo;age
17,667,1,0,4,ap_hi;height;weight;ap_lo
17,668,1,1,4,height;ap_lo;ap_hi;age
17,669,1,1,3,weight;ap_hi;ap_lo
17,670,0,1,3,height;ap_lo;ap_hi
17,671,0,0,3,height;age;ap_lo
17,672,0,0,4,weight;height;ap_lo;age
17,673,0,1,4,ap_lo;ap_hi;weight;height
17,674,1,1,3,ap_hi;ap_lo;age
17,675,1,1,3,age;height;weight
17,676,1,1,4,age;weight;height;ap_hi
17,677,1,1,3,height;ap_hi;age
17,678,0,1,3,weight;height;age
17,679,1,1,4,age;height;ap_lo;ap_hi
17,680,0,0,4,age;weight;height;ap_hi
17,681,0,0,4,weight;ap_lo;height;ap_hi
17,682,0,0,4,age;weight;ap_hi;height
17,683,1,1,3,ap_lo;age;height
17,684,0,1,4,height;ap_hi;weight;ap_lo
17,685,1,1,4,ap_lo;age;weight;ap_hi
17,686,1,1,4,ap_lo;ap_hi;weight;age
17,687,0,0,3,weight;ap_lo;age
17,688,1,1,4,age;height;ap_hi;ap_lo
17,689,1,1,3,weight;age;ap_lo
17,690,0,1,3,ap_lo;height;age
17,691,0,0,4,ap_hi;age;weight;height
17,692,0,1,3,height;ap_hi;age
17,693,0,0,4,ap_lo;ap_hi;height;age
17,694,0,0,3,height;ap_lo;ap_hi
17,695,1,1,4,height;weight;age;ap_hi
17,696,0,1,3,weight;height;age
17,697,1,1,3,ap_hi;weight;ap_lo
17,698,1,0,3,ap_hi;height;ap_lo
17,699,1,1,4,ap_lo;ap_hi;age;height
17,700,0,1,4,ap_hi;age;ap_lo;height
17,701,0,0,3,height;weight;ap_hi
17,702,0,1,4,ap_lo;weight;ap_hi;age
17,703,0,0,3,ap_hi;age;ap_lo
17,704,0,1,4,ap_hi;weight;ap_lo;age
17,705,1,0,3,weight;ap_hi;ap_lo
17,706,1,0,3,age;ap_hi;weight
17,707,1,1,3,ap_hi;ap_lo;age
17,708,0,1,3,ap_hi;age;weight
17,709,0,0,3,height;age;ap_lo
17,710,0,1,3,ap_lo;weight;age
17,711,0,1,3,age;weight;height
17,712,1,0,3,ap_lo;age;weight
17,713,1,1,4,height;ap_lo;age;weight
17,714,1,1,3,ap_hi;weight;age
17,715,1,1,4,ap_hi;height;ap_lo;weight
17,716,1,1,4,height;age;ap_hi;weight
17,717,0,0,4,weight;age;height;ap_lo
17,718,0,1,4,ap_lo;weight;height;ap_hi
17,719,1,1,3,weight;ap_hi;age
17,720,0,1,4,ap_hi;height;ap_lo;age
17,721,1,1,3,ap_lo;ap_hi;age
17,722,0,1,4,weight;age;ap_lo;ap_hi
17,723,1,1,3,ap_lo;age;weight
17,724,1,1,3,weight;ap_hi;ap_lo
17,725,1,1,4,weight;height;age;ap_lo
17,726,1,1,4,ap_hi;age;ap_lo;weight
17,727,1,1,3,ap_hi;weight;ap_lo
17,728,1,1,3,ap_hi;height;ap_lo
17,729,1,0,4,weight;ap_lo;ap_hi;height
17,730,1,1,4,height;weight;age;ap_lo
17,731,1,1,3,ap_hi;weight;ap_lo
17,732,0,1,3,height;ap_hi;weight
17,733,0,0,4,ap_lo;age;weight;height
17,734,0,1,3,ap_hi;height;age
17,735,0,0,4,age;weight;ap_lo;ap_hi
17,736,0,0,4,ap_hi;age;ap_lo;weight
17,737,1,1,3,height;weight;ap_lo
17,738,0,1,4,age;weight;height;ap_hi
17,739,1,1,4,ap_hi;age;ap_lo;weight
17,740,0,0,3,weight;ap_hi;ap_lo
17,741,0,1,4,age;ap_lo;weight;ap_hi
17,742,0,0,4,height;weight;age;ap_hi
17,743,0,1,3,age;ap_lo;ap_hi
17,744,1,0,4,ap_hi;ap_lo;age;height
17,745,0,0,4,weight;age;ap_hi;height
17,746,0,0,3,ap_lo;age;ap_hi
17,747,0,1,4,ap_lo;height;weight;ap_hi
17,748,0,0,4,age;ap_hi;weight;height
17,749,0,0,4,height;ap_lo;ap_hi;weight
17,750,0,1,3,age;weight;ap_lo
17,751,0,0,3,height;ap_hi;age
17,752,0,1,3,age;weight;height
17,753,1,0,3,ap_hi;ap_lo;weight
17,754,0,1,3,weight;ap_hi;height
17,755,0,0,4,height;ap_lo;weight;ap_hi
17,756,1,0,3,weight;ap_hi;ap_lo
17,757,0,1,3,ap_hi;height;age
17,758,1,0,3,weight;height;age
17,759,1,1,4,height;age;ap_hi;weight
17,760,1,1,4,height;age;ap_lo;ap_hi
17,761,0,1,3,age;weight;height
17,762,1,1,3,age;ap_hi;height
17,763,0,1,4,weight;ap_lo;age;height
17,764,0,0,3,weight;ap_hi;ap_lo
17,765,0,1,4,weight;age;height;ap_hi
17,766,1,1,3,weight;age;height
17,767,0,1,4,weight;age;ap_hi;height
17,768,0,1,3,age;height;ap_hi
17,769,1,0,3,ap_lo;ap_hi;weight
17,770,0,0,3,height;ap_hi;age
17,771,0,1,4,age;height;ap_lo;weight
17,772,1,1,4,weight;age;ap_lo;height
17,773,0,0,3,ap_hi;weight;age
17,774,1,1,4,age;ap_hi;weight;ap_lo
17,775,0,0,3,height;ap_lo;ap_hi
17,776,0,0,3,weight;ap_hi;ap_lo
17,777,1,0,3,ap_lo;weight;height
17,778,1,1,3,weight;ap_hi;ap_lo
17,779,0,1,4,ap_hi;height;age;ap_lo
17,780,0,1,3,height;age;weight
17,781,0,1,4,ap_hi;height;age;weight
17,782,1,1,4,weight;age;ap_hi;height
17,783,1,1,4,weight;height;age;ap_hi
17,784,1,1,3,age;ap_lo;height
17,785,1,1,4,age;height;ap_hi;ap_lo
17,786,0,1,3,height;ap_lo;ap_hi
17,787,0,1,4,age;ap_hi;height;ap_lo
17,788,1,1,3,age;height;weight
17,789,1,1,3,ap_lo;height;age
17,790,0,0,3,ap_hi;height;age
17,791,0,1,4,ap_lo;age;height;weight
17,792,0,1,4,ap_hi;height;weight;age
17,793,0,0,3,age;ap_hi;weight
17,794,0,0,4,age;weight;ap_hi;ap_lo
17,795,0,1,3,ap_lo;weight;height
17,796,0,1,3,age;ap_hi;ap_lo
17,797,0,1,4,ap_lo;ap_hi;weight;height
17,798,0,1,3,age;ap_lo;height
17,799,0,0,3,age;ap_lo;height
17,800,0,1,3,ap_hi;weight;height
17,801,0,1,3,weight;ap_lo;height
17,802,0,0,3,ap_lo;age;height
17,803,0,1,4,ap_lo;weight;age;height
17,804,1,1,4,height;ap_lo;weight;age
17,805,1,1,4,ap_hi;ap_lo;height;age
17,806,0,1,4,ap_hi;ap_lo;age;weight
17,807,1,0,3,age;weight;height
17,808,0,1,3,weight;ap_lo;age
17,809,1,0,3,height;age;weight
17,810,0,1,4,age;ap_hi;ap_lo;height
17,811,1,0,4,age;weight;ap_hi;ap_lo
17,812,0,0,4,age;ap_lo;ap_hi;height
17,813,0,1,4,age;ap_lo;weight;height
17,814,0,0,4,ap_lo;age;weight;ap_hi
17,815,0,1,3,age;weight;height
17,816,0,0,3,weight;ap_hi;height
17,817,0,0,3,ap_hi;age;weight
17,818,1,1,4,ap_hi;ap_lo;age;weight
17,819,0,1,3,height;ap_hi;age
17,820,1,1,4,ap_hi;height;ap_lo;age
17,821,0,0,4,weight;ap_lo;height;age
17,822,0,1,4,height;ap_lo;weight;ap_hi
17,823,0,1,4,ap_hi;ap_lo;age;weight
17,824,1,1,4,ap_lo;weight;age;ap_hi
17,825,0,0,4,height;weight;ap_lo;ap_hi
17,826,0,1,4,height;ap_hi;age;ap_lo
17,827,1,0,3,ap_hi;ap_lo;weight
17,828,1,1,4,height;ap_hi;weight;age
17,829,0,1,3,ap_hi;weight;ap_lo
17,830,1,1,3,weight;height;ap_hi
17,831,0,1,4,ap_hi;weight;height;age
17,832,0,0,4,ap_lo;weight;height;ap_hi
17,833,1,1,3,age;ap_lo;weight
17,834,1,1,4,weight;height;ap_hi;ap_lo
17,835,0,1,4,ap_lo;height;ap_hi;weight
17,836,0,1,3,height;age;ap_hi
17,837,0,0,4,height;ap_hi;weight;age
17,838,0,1,4,ap_lo;age;ap_hi;weight
17,839,0,0,3,weight;age;ap_lo
17,840,0,0,4,ap_lo;weight;ap_hi;height
17,841,0,1,3,ap_lo;weight;age
17,842,0,0,3,age;ap_lo;height
17,843,1,1,4,ap_hi;ap_lo;age;weight
17,844,0,0,3,weight;ap_lo;ap_hi
17,845,0,1,4,weight;ap_lo;height;ap_hi
17,846,0,1,4,ap_hi;age;ap_lo;weight
17,847,1,0,3,ap_lo;height;ap_hi
17,848,0,1,3,age;ap_hi;weight
17,849,1,1,4,weight;ap_lo;age;height
17,850,1,0,3,ap_lo;ap_hi;age
17,851,0,1,3,age;height;weight
17,852,0,0,3,height;ap_hi;ap_lo
17,853,1,1,4,weight;height;ap_hi;age
17,854,1,1,3,ap_lo;age;weight
17,855,1,1,4,weight;height;ap_hi;ap_lo
17,856,0,1,4,weight;age;ap_lo;height
17,857,1,1,4,weight;ap_lo;ap_hi;height
17,858,1,1,4,ap_lo;weight;height;ap_hi
17,859,0,1,4,ap_lo;height;ap_hi;weight
17,860,1,1,3,age;ap_hi;ap_lo
17,861,1,1,3,height;age;ap_hi
17,862,1,1,4,age;height;ap_hi;weight
17,863,0,1,3,age;height;ap_lo
17,864,1,1,4,ap_hi;ap_lo;age;weight
17,865,0,1,4,weight;height;ap_lo;age
17,866,1,1,4,weight;ap_hi;age;ap_lo
17,867,1,1,4,ap_lo;ap_hi;height;age
17,868,1,1,4,weight;ap_lo;ap_hi;height
17,869,1,1,3,ap_hi;age;ap_lo
17,870,0,0,3,weight;ap_lo;ap_hi
17,871,1,1,3,weight;ap_hi;age
17,872,0,1,4,age;weight;height;ap_lo
17,873,0,0,4,ap_lo;weight;height;age
17,874,0,1,3,age;height;ap_lo
17,875,0,0,4,age;weight;height;ap_hi
17,876,1,1,3,ap_hi;weight;age
17,877,0,0,3,age;weight;ap_hi
17,878,1,1,3,ap_hi;age;weight
17,879,1,1,3,height;ap_hi;ap_lo
17,880,1,0,4,age;height;ap_hi;ap_lo
17,881,1,1,4,ap_hi;height;ap_lo;age
17,882,1,1,3,age;weight;height
17,883,1,1,3,weight;height;ap_lo
17,884,0,0,4,ap_lo;height;age;weight
17,885,1,1,4,age;height;weight;ap_lo
17,886,0,0,3,ap_hi;weight;ap_lo
17,887,1,1,3,ap_hi;height;ap_lo
17,888,0,1,3,ap_hi;height;weight
17,889,1,1,4,weight;age;ap_lo;height
17,890,0,0,3,ap_lo;height;weight
17,891,0,1,4,ap_lo;weight;ap_hi;height
17,892,0,1,4,age;ap_hi;ap_lo;weight
17,893,1,0,4,ap_lo;age;weight;ap_hi
17,894,0,1,3,weight;age;ap_hi
17,895,1,1,3,ap_lo;age;weight
17,896,0,1,4,age;height;weight;ap_hi
17,897,1,0,3,height;ap_hi;ap_lo
17,898,1,1,4,weight;height;age;ap_hi
17,899,0,0,4,ap_hi;weight;age;ap_lo
17,900,0,0,3,ap_hi;age;weight
17,901,0,0,3,age;ap_lo;height
17,902,1,1,3,height;age;ap_lo
17,903,1,1,4,ap_hi;ap_lo;height;weight
17,904,1,1,4,age;ap_lo;ap_hi;weight
17,905,0,0,4,ap_lo;ap_hi;weight;height
17,906,0,0,4,weight;ap_hi;height;age
17,907,1,1,3,height;ap_hi;age
17,908,0,1,3,height;ap_hi;age
17,909,1,1,4,ap_hi;ap_lo;height;age
17,910,0,1,4,height;weight;ap_lo;age
17,911,0,1,4,height;weight;ap_hi;ap_lo
17,912,1,0,4,height;ap_hi;ap_lo;weight
17,913,0,0,4,age;ap_hi;height;ap_lo
17,914,1,1,4,ap_lo;age;ap_hi;height
17,915,1,1,3,height;weight;age
17,916,0,1,4,ap_lo;ap_hi;age;height
17,917,0,0,3,ap_hi;ap_lo;age
17,918,0,1,4,weight;height;ap_lo;age
17,919,1,0,3,age;ap_lo;height
17,920,1,1,4,age;height;weight;ap_hi
17,921,1,1,4,height;age;weight;ap_hi
17,922,0,1,3,ap_hi;age;weight
17,923,0,1,3,height;weight;ap_hi
17,924,1,0,4,weight;ap_hi;height;ap_lo
17,925,1,1,4,height;weight;age;ap_hi
17,926,1,1,4,height;age;ap_hi;ap_lo
17,927,1,0,4,height;ap_lo;age;weight
17,928,1,1,4,height;ap_lo;ap_hi;age
17,929,0,0,3,age;ap_hi;ap_lo
17,930,0,0,3,ap_lo;height;age
17,931,1,1,4,weight;height;age;ap_lo
17,932,0,1,3,ap_lo;height;weight
17,933,1,1,4,age;height;ap_lo;weight
17,934,1,1,4,ap_lo;ap_hi;age;weight
17,935,1,1,3,age;ap_lo;height
17,936,0,0,4,age;height;ap_lo;weight
17,937,1,0,3,age;weight;ap_lo
17,938,1,1,4,height;ap_hi;age;weight
17,939,1,1,3,weight;height;age
17,940,0,0,4,ap_hi;height;weight;age
17,941,0,1,3,ap_hi;height;ap_lo
17,942,0,1,3,ap_hi;weight;age
17,943,0,1,3,ap_lo;height;weight
17,944,1,1,3,age;ap_hi;ap_lo
17,945,0,0,3,ap_lo;ap_hi;weight
17,946,0,0,3,ap_hi;weight;height
17,947,0,0,3,height;ap_lo;weight
17,948,1,1,4,height;ap_lo;ap_hi;weight
17,949,0,1,3,height;ap_lo;age
17,950,0,1,4,weight;height;ap_lo;ap_hi
17,951,0,1,4,age;ap_hi;weight;ap_lo
17,952,0,1,3,weight;ap_hi;age
17,953,1,1,4,height;age;weight;ap_lo
17,954,0,0,4,ap_hi;ap_lo;age;weight
17,955,0,0,3,weight;height;age
17,956,1,1,4,ap_hi;age;weight;height
17,957,0,1,3,ap_lo;age;weight
17,958,0,0,3,weight;ap_lo;height
17,959,1,1,4,ap_lo;weight;age;ap_hi
17,960,1,1,3,weight;age;ap_lo
17,961,0,1,3,height;ap_lo;age
17,962,0,0,4,age;weight;ap_hi;height
17,963,0,1,3,age;weight;height
17,964,1,1,4,height;age;ap_lo;weight
17,965,1,1,4,ap_hi;height;weight;age
17,966,1,1,4,height;weight;age;ap_lo
17,967,1,1,3,height;ap_hi;age
17,968,1,1,4,ap_hi;age;weight;ap_lo
17,969,1,0,3,ap_hi;ap_lo;height
17,970,0,1,3,ap_lo;ap_hi;age
17,971,1,1,3,ap_lo;age;ap_hi
17,972,1,0,3,height;age;ap_lo
17,973,0,0,4,weight;ap_hi;ap_lo;height
17,974,1,1,4,weight;ap_hi;ap_lo;height
17,975,1,1,4,ap_hi;height;ap_lo;weight
17,976,1,1,3,weight;ap_lo;ap_hi
17,977,0,1,3,ap_hi;weight;ap_lo
17,978,1,1,3,height;ap_hi;age
17,979,0,1,3,ap_lo;weight;age
17,980,1,1,3,ap_lo;ap_hi;age
17,981,0,1,4,weight;height;ap_lo;ap_hi
17,982,0,0,3,age;height;ap_hi
17,983,1,1,4,height;ap_lo;ap_hi;weight
17,984,1,0,3,ap_lo;ap_hi;height
17,985,1,0,3,ap_lo;weight;age
17,986,1,1,4,ap_hi;weight;age;ap_lo
17,987,1,0,3,ap_hi;age;height
17,988,1,1,3,ap_lo;age;weight
17,989,1,0,4,ap_hi;age;height;ap_lo
17,990,1,0,4,weight;ap_hi;height;ap_lo
17,991,0,1,3,weight;ap_hi;height
17,992,1,1,4,ap_lo;age;height;weight
17,993,0,0,4,age;weight;height;ap_hi
17,994,1,1,4,ap_lo;weight;ap_hi;age
17,995,1,0,3,ap_hi;ap_lo;age
17,996,1,1,3,weight;ap_lo;ap_hi
17,997,0,0,4,weight;ap_hi;height;ap_lo
17,998,1,1,3,ap_lo;age;weight
17,999,1,1,3,ap_hi;ap_lo;age
18,0,0,0,3,height;weight;ap_lo
18,1,0,0,3,ap_lo;age;ap_hi
18,2,0,0,3,ap_lo;height;ap_hi
18,3,0,0,4,age;ap_hi;height;weight
18,4,1,0,3,height;age;ap_hi
18,5,0,0,4,age;height;ap_hi;ap_lo
18,6,0,0,4,ap_lo;ap_hi;height;age
18,7,0,0,3,weight;ap_hi;ap_lo
18,8,0,0,3,ap_lo;height;ap_hi
18,9,1,0,4,age;weight;ap_lo;ap_hi
18,10,0,0,3,ap_hi;ap_lo;height
18,11,1,1,3,weight;ap_hi;ap_lo
18,12,0,0,4,height;ap_hi;ap_lo;age
18,13,0,0,4,ap_hi;ap_lo;age;weight
18,14,0,0,3,height;ap_lo;weight
18,15,0,0,3,height;ap_lo;weight
18,16,1,1,3,height;age;ap_hi
18,17,0,1,4,ap_lo;height;ap_hi;age
18,18,0,0,4,weight;ap_lo;ap_hi;age
18,19,1,0,3,age;ap_lo;height
18,20,0,1,3,weight;ap_lo;ap_hi
18,21,1,1,4,height;weight;age;ap_lo
18,22,1,0,4,weight;ap_hi;age;ap_lo
18,23,0,0,4,ap_hi;age;height;ap_lo
18,24,1,0,3,ap_lo;ap_hi;height
18,25,1,1,4,ap_lo;age;height;weight
18,26,1,1,3,ap_hi;age;height
18,27,0,0,3,ap_hi;ap_lo;weight
18,28,0,0,4,ap_lo;height;weight;age
18,29,0,0,4,ap_hi;ap_lo;height;weight
18,30,1,0,3,ap_hi;age;ap_lo
18,31,1,1,4,ap_lo;age;height;weight
18,32,0,0,3,height;weight;age
18,33,1,0,3,age;ap_hi;ap_lo
18,34,1,1,4,weight;ap_hi;height;ap_lo
18,35,1,1,3,age;ap_lo;height
18,36,0,1,3,weight;ap_lo;height
18,37,0,0,4,ap_hi;height;weight;ap_lo
18,38,0,0,3,height;age;weight
18,39,1,1,4,ap_hi;height;age;ap_lo
18,40,1,1,3,height;ap_hi;ap_lo
18,41,1,1,4,height;age;ap_lo;ap_hi
18,42,1,0,4,height;ap_hi;ap_lo;age
18,43,0,1,3,height;age;ap_hi
18,44,1,1,3,weight;age;height
18,45,1,1,3,ap_hi;weight;ap_lo
18,46,0,0,3,ap_hi;height;age
18,47,0,0,4,height;weight;ap_hi;age
18,48,1,1,3,height;ap_hi;age
18,49,0,0,4,ap_lo;height;ap_hi;weight
18,50,0,0,4,age;ap_hi;ap_lo;height
18,51,0,0,3,ap_lo;ap_hi;weight
18,52,1,1,3,ap_hi;weight;age
18,53,0,0,3,ap_lo;age;ap_hi
18,54,1,1,3,ap_hi;ap_lo;height
18,55,1,0,3,age;weight;ap_hi
18,56,0,0,3,weight;ap_hi;height
18,57,1,1,3,age;ap_hi;weight
18,58,1,1,3,age;ap_hi;weight
18,59,0,0,3,age;height;ap_hi
18,60,1,1,3,age;weight;height
18,61,1,1,4,height;age;ap_lo;ap_hi
18,62,0,0,4,weight;height;ap_lo;ap_hi
18,63,1,1,3,ap_lo;ap_hi;age
18,64,0,0,4,weight;ap_lo;age;height
18,65,0,0,4,age;ap_lo;height;ap_hi
18,66,0,0,4,age;weight;ap_hi;ap_lo
18,67,0,0,4,weight;ap_hi;height;ap_lo
18,68,1,1,4,weight;ap_lo;height;ap_hi
18,69,0,0,4,age;ap_hi;height;weight
18,70,1,1,4,height;ap_lo;ap_hi;age
18,71,1,1,4,ap_hi;height;weight;ap_lo
18,72,0,1,4,ap_hi;ap_lo;weight;height
18,73,0,1,4,age;ap_lo;weight;height
18,74,1,1,3,height;ap_lo;ap_hi
18,75,1,0,4,ap_hi;age;height;weight
18,76,0,0,4,ap_hi;age;weight;height
18,77,1,0,3,ap_hi;height;ap_lo
18,78,0,0,3,ap_hi;weight;ap_lo
18,79,1,1,3,ap_lo;height;age
18,80,0,0,4,ap_hi;height;ap_lo;weight
18,81,1,0,4,weight;height;age;ap_lo
18,82,1,1,4,ap_hi;weight;height;age
18,83,1,1,4,age;ap_lo;ap_hi;weight
18,84,1,1,4,ap_hi;age;height;ap_lo
18,85,0,1,4,ap_lo;weight;age;height
18,86,0,1,4,age;ap_hi;height;ap_lo
18,87,0,1,4,ap_hi;ap_lo;weight;age
18,88,0,0,3,height;weight;ap_lo
18,89,1,0,4,ap_lo;age;height;weight
18,90,1,1,4,ap_hi;weight;height;age
18,91,1,1,3,height;age;weight
18,92,0,0,4,ap_hi;height;weight;ap_lo
18,93,1,0,3,age;ap_lo;height
18,94,0,1,4,height;weight;ap_hi;age
18,95,1,0,3,ap_hi;weight;ap_lo
18,96,0,0,3,ap_hi;age;ap_lo
18,97,1,1,3,height;ap_lo;age
18,98,1,1,3,age;weight;ap_hi
18,99,0,0,4,ap_hi;ap_lo;age;weight
18,100,0,0,4,ap_hi;age;height;weight
18,101,1,0,3,ap_hi;weight;age
18,102,0,0,3,ap_lo;ap_hi;age
18,103,1,0,4,ap_lo;ap_hi;age;weight
18,104,0,0,3,height;age;ap_lo
18,105,0,0,3,weight;ap_hi;age
18,106,0,0,4,weight;ap_hi;height;ap_lo
18,107,0,0,4,ap_hi;ap_lo;height;age
18,108,1,1,3,height;ap_hi;weight
18,109,0,0,4,ap_hi;ap_lo;age;height
18,110,0,0,4,ap_hi;height;weight;ap_lo
18,111,0,0,3,height;ap_hi;age
18,112,0,1,4,ap_lo;age;height;ap_hi
18,113,0,0,3,weight;height;ap_hi
18,114,1,1,4,ap_lo;age;height;ap_hi
18,115,1,0,3,ap_hi;age;ap_lo
18,116,1,0,3,ap_lo;age;weight
18,117,0,1,4,ap_hi;ap_lo;height;weight
18,118,0,0,3,weight;ap_lo;ap_hi
18,119,1,1,4,weight;ap_lo;age;ap_hi
18,120,0,0,3,height;ap_lo;ap_hi
18,121,1,1,3,height;age;ap_hi
18,122,0,1,4,ap_lo;weight;height;age
18,123,1,1,3,height;ap_lo;weight
18,124,1,1,3,ap_hi;weight;height
18,125,0,0,4,age;ap_lo;weight;ap_hi
18,126,0,1,3,weight;ap_hi;height
18,127,1,0,3,height;age;ap_lo
18,128,0,1,3,weight;age;ap_lo
18,129,0,0,4,height;weight;ap_lo;ap_hi
18,130,0,0,4,ap_hi;ap_lo;height;age
18,131,0,1,3,age;weight;height
18,132,1,0,4,ap_hi;ap_lo;weight;age
18,133,0,0,4,age;weight;ap_hi;ap_lo
18,134,0,0,3,weight;age;ap_lo
18,135,1,0,3,weight;ap_hi;height
18,136,1,0,3,height;weight;ap_lo
18,137,1,1,4,height;age;weight;ap_lo
18,138,1,1,4,ap_lo;ap_hi;weight;height
18,139,1,0,4,ap_lo;weight;ap_hi;height
18,140,1,0,4,weight;height;ap_hi;age
18,141,1,0,3,ap_hi;ap_lo;height
18,142,0,0,4,ap_lo;ap_hi;age;weight
18,143,1,1,3,height;ap_hi;age
18,144,0,0,4,age;weight;ap_hi;height
18,145,0,1,4,height;ap_hi;weight;age
18,146,0,0,4,age;ap_hi;weight;height
18,147,1,1,4,ap_lo;ap_hi;age;weight
18,148,0,1,4,ap_hi;ap_lo;age;weight
18,149,1,1,4,ap_lo;ap_hi;weight;height
18,150,0,0,3,ap_hi;ap_lo;height
18,151,1,1,3,age;ap_lo;height
18,152,0,0,3,height;age;ap_lo
18,153,1,0,4,height;weight;ap_lo;ap_hi
18,154,0,0,3,weight;age;height
18,155,1,0,3,ap_lo;height;ap_hi
18,156,1,0,4,weight;height;ap_hi;age
18,157,0,1,4,height;ap_lo;age;weight
18,158,1,0,4,ap_lo;height;weight;ap_hi
18,159,0,0,3,ap_lo;weight;ap_hi
18,160,0,0,4,height;age;ap_hi;weight
18,161,0,0,3,ap_lo;age;ap_hi
18,162,0,1,4,weight;ap_lo;age;ap_hi
18,163,0,1,3,weight;height;ap_lo
18,164,0,1,3,weight;height;ap_lo
18,165,0,0,4,age;ap_hi;height;ap_lo
18,166,1,1,3,age;weight;height
18,167,0,0,3,ap_hi;ap_lo;weight
18,168,1,1,3,height;ap_hi;age
18,169,1,1,4,height;weight;ap_lo;age
18,170,1,1,4,ap_lo;age;ap_hi;height
18,171,1,0,4,ap_hi;ap_lo;weight;age
18,172,1,1,3,height;weight;ap_lo
18,173,0,0,4,ap_lo;ap_hi;weight;height
18,174,1,0,4,ap_lo;weight;age;ap_hi
18,175,1,0,3,ap_hi;height;ap_lo
18,176,1,1,4,ap_hi;ap_lo;height;age
18,177,1,0,4,height;ap_lo;weight;ap_hi
18,178,0,0,4,ap_lo;weight;height;ap_hi
18,179,0,0,4,age;ap_lo;height;ap_hi
18,180,1,1,4,ap_hi;ap_lo;weight;height
18,181,0,1,4,age;height;ap_lo;ap_hi
18,182,1,0,3,ap_hi;age;height
18,183,0,1,4,weight;height;age;ap_lo
18,184,0,1,3,weight;ap_lo;height
18,185,1,1,4,weight;ap_lo;age;height
18,186,1,1,4,height;age;ap_lo;weight
18,187,1,1,4,age;weight;ap_hi;height
18,188,0,1,4,ap_hi;weight;ap_lo;height
18,189,0,1,3,ap_lo;weight;ap_hi
18,190,0,0,4,age;height;ap_hi;ap_lo
18,191,0,0,3,ap_lo;age;ap_hi
18,192,0,0,3,height;ap_hi;weight
18,193,1,1,3,height;ap_lo;ap_hi
18,194,1,1,3,weight;ap_hi;age
18,195,1,1,3,weight;ap_lo;ap_hi
18,196,1,0,4,ap_lo;height;age;ap_hi
18,197,1,1,4,height;weight;ap_hi;ap_lo
18,198,0,1,4,age;weight;ap_hi;height
18,199,1,0,4,height;age;ap_lo;weight
18,200,1,0,4,age;height;ap_hi;ap_lo
18,201,0,0,4,height;ap_lo;weight;ap_hi
18,202,0,0,3,weight;ap_hi;ap_lo
18,203,0,0,4,ap_lo;height;age;ap_hi
18,204,0,0,4,height;ap_hi;weight;ap_lo
18,205,0,0,4,height;ap_hi;ap_lo;age
18,206,1,1,4,ap_lo;weight;age;ap_hi
18,207,0,0,4,weight;ap_hi;age;height
18,208,1,0,3,height;ap_hi;age
18,209,0,0,4,ap_hi;age;height;weight
18,210,1,0,4,ap_hi;weight;height;age
18,211,1,0,3,height;weight;ap_hi
18,212,0,0,3,weight;ap_hi;age
18,213,0,1,3,age;height;weight
18,214,0,0,3,age;ap_lo;height
18,215,1,1,4,ap_lo;ap_hi;age;weight
18,216,0,0,3,ap_hi;ap_lo;age
18,217,1,1,3,ap_hi;ap_lo;weight
18,218,0,0,4,height;ap_hi;ap_lo;weight
18,219,0,0,4,age;height;ap_hi;weight
18,220,1,0,3,ap_hi;weight;height
18,221,0,0,4,weight;ap_lo;height;age
18,222,0,0,3,weight;ap_hi;ap_lo
18,223,1,0,3,weight;ap_hi;age
18,224,0,0,4,ap_hi;weight;height;ap_lo
18,225,1,1,3,age;ap_lo;height
18,226,0,0,4,ap_hi;height;ap_lo;age
18,227,1,0,3,ap_hi;height;age
18,228,0,0,3,weight;height;ap_hi
18,229,0,0,3,height;weight;ap_lo
18,230,1,1,4,height;age;ap_hi;ap_lo
18,231,0,0,4,weight;age;ap_hi;height
18,232,1,1,3,height;weight;age
18,233,0,1,3,height;age;ap_hi
18,234,1,0,3,weight;ap_hi;ap_lo
18,235,1,0,4,weight;ap_hi;height;age
18,236,1,0,3,height;ap_lo;age
18,237,0,1,3,age;ap_lo;height
18,238,1,0,3,ap_lo;height;ap_hi
18,239,1,0,3,weight;height;ap_hi
18,240,1,0,3,ap_lo;ap_hi;age
18,241,1,0,3,ap_hi;ap_lo;age
18,242,0,0,4,weight;ap_lo;age;ap_hi
18,243,0,0,3,ap_lo;height;ap_hi
18,244,1,1,4,height;ap_lo;ap_hi;weight
18,245,1,1,3,ap_hi;weight;ap_lo
18,246,1,0,3,height;weight;ap_lo
18,247,1,1,4,weight;ap_hi;age;ap_lo
18,248,1,1,4,age;ap_hi;weight;ap_lo
18,249,1,1,3,weight;ap_lo;age
18,250,1,0,4,ap_lo;age;weight;ap_hi
18,251,0,0,4,ap_hi;weight;ap_lo;height
18,252,0,0,4,ap_hi;ap_lo;age;weight
18,253,0,0,3,ap_hi;ap_lo;age
18,254,1,0,3,ap_hi;height;weight
18,255,1,1,4,weight;age;ap_lo;ap_hi
18,256,0,0,4,ap_hi;ap_lo;height;weight
18,257,0,0,3,weight;ap_hi;height
18,258,0,0,3,ap_hi;weight;age
18,259,1,1,4,height;ap_hi;ap_lo;weight
18,260,0,0,4,weight;height;age;ap_hi
18,261,1,0,4,ap_hi;weight;age;height
18,262,1,1,4,weight;ap_hi;height;ap_lo
18,263,1,1,3,age;ap_hi;weight
18,264,1,1,4,weight;height;age;ap_lo
18,265,0,1,3,weight;age;height
18,266,0,1,3,age;ap_lo;weight
18,267,1,1,3,ap_lo;weight;ap_hi
18,268,0,0,3,age;height;ap_lo
18,269,1,1,3,weight;ap_hi;height
18,270,1,0,4,weight;ap_lo;ap_hi;height
18,271,1,1,4,age;weight;ap_lo;height
18,272,0,1,3,ap_hi;ap_lo;weight
18,273,1,1,3,ap_hi;weight;ap_lo
18,274,0,0,3,ap_hi;ap_lo;age
18,275,1,0,4,ap_hi;ap_lo;weight;height
18,276,1,1,3,weight;ap_lo;height
18,277,0,0,4,weight;height;age;ap_hi
18,278,1,1,4,age;weight;ap_hi;height
18,279,0,0,3,age;height;ap_hi
18,280,0,1,3,ap_hi;height;age
18,281,0,0,3,weight;ap_hi;height
18,282,1,0,4,ap_lo;weight;ap_hi;height
18,283,1,0,4,weight;ap_lo;height;ap_hi
18,284,1,0,3,age;ap_lo;weight
18,285,0,0,3,ap_lo;age;height
18,286,1,1,3,ap_hi;age;weight
18,287,1,1,3,height;ap_lo;ap_hi
18,288,1,1,3,weight;age;ap_hi
18,289,0,0,4,ap_hi;age;ap_lo;height
18,290,0,0,4,weight;age;height;ap_lo
18,291,0,0,4,weight;ap_hi;height;ap_lo
18,292,0,0,3,height;ap_hi;ap_lo
18,293,1,1,3,height;age;weight
18,294,1,0,3,height;ap_lo;age
18,295,1,1,4,age;ap_lo;height;weight
18,296,0,0,3,height;weight;ap_hi
18,297,1,0,3,ap_hi;height;ap_lo
18,298,1,0,4,ap_lo;age;weight;ap_hi
18,299,1,1,3,height;weight;ap_lo
18,300,0,0,4,ap_lo;ap_hi;weight;age
18,301,1,0,3,ap_lo;height;weight
18,302,1,1,3,ap_lo;weight;ap_hi
18,303,1,0,4,age;ap_hi;ap_lo;weight
18,304,0,0,4,ap_hi;ap_lo;age;height
18,305,0,0,3,ap_lo;age;height
18,306,1,0,3,age;height;ap_hi
18,307,0,0,3,ap_hi;ap_lo;height
18,308,0,0,3,ap_lo;height;ap_hi
18,309,0,0,4,age;height;ap_hi;ap_lo
18,310,0,1,3,weight;height;age
18,311,0,1,3,ap_lo;age;weight
18,312,0,0,4,ap_hi;ap_lo;height;weight
18,313,0,1,4,height;ap_hi;ap_lo;weight
18,314,1,0,4,age;ap_lo;height;ap_hi
18,315,1,1,4,ap_lo;height;weight;ap_hi
18,316,1,1,4,ap_hi;age;ap_lo;weight
18,317,1,0,3,weight;height;ap_lo
18,318,0,0,3,age;ap_lo;height
18,319,1,1,3,ap_hi;height;age
18,320,1,0,3,ap_lo;age;weight
18,321,1,0,4,age;ap_lo;height;weight
18,322,1,1,4,height;weight;age;ap_lo
18,323,0,0,4,ap_lo;age;ap_hi;weight
18,324,0,0,4,weight;age;height;ap_lo
18,325,0,1,4,height;ap_hi;age;ap_lo
18,326,1,1,4,ap_lo;height;ap_hi;age
18,327,1,0,4,height;ap_hi;ap_lo;weight
18,328,0,1,4,height;age;weight;ap_lo
18,329,1,1,3,ap_lo;weight;height
18,330,0,0,3,age;ap_hi;ap_lo
18,331,1,0,4,ap_hi;age;weight;ap_lo
18,332,0,0,4,age;ap_lo;height;ap_hi
18,333,0,0,4,weight;age;height;ap_hi
18,334,1,1,4,height;ap_hi;ap_lo;age
18,335,1,1,3,height;ap_lo;age
18,336,0,0,3,age;ap_hi;height
18,337,0,0,4,weight;ap_lo;height;age
18,338,0,1,4,ap_lo;weight;age;ap_hi
18,339,0,0,3,weight;ap_lo;height
18,340,1,1,3,height;age;weight
18,341,1,1,3,height;age;ap_lo
18,342,1,1,3,weight;age;ap_hi
18,343,1,1,4,height;ap_lo;weight;age
18,344,1,1,4,ap_lo;age;weight;height
18,345,1,0,4,weight;ap_hi;age;height
18,346,0,0,4,age;weight;height;ap_lo
18,347,0,0,4,weight;ap_hi;age;height
18,348,1,1,4,ap_hi;height;age;weight
18,349,0,0,4,weight;ap_lo;age;ap_hi
18,350,1,1,4,height;ap_hi;weight;age
18,351,1,1,3,age;ap_hi;weight
18,352,0,0,4,ap_lo;ap_hi;weight;height
18,353,1,1,4,ap_lo;height;age;ap_hi
18,354,1,0,4,height;ap_lo;ap_hi;weight
18,355,1,1,4,height;ap_hi;weight;age
18,356,1,0,3,ap_lo;age;weight
18,357,1,1,3,age;height;ap_lo
18,358,1,1,3,ap_hi;height;ap_lo
18,359,1,0,4,weight;height;age;ap_hi
18,360,1,1,3,weight;ap_lo;height
18,361,0,0,3,ap_hi;weight;height
18,362,1,1,4,ap_hi;height;weight;age
18,363,1,1,4,height;weight;age;ap_lo
18,364,1,1,4,ap_hi;height;age;weight
18,365,1,0,3,ap_lo;ap_hi;weight
18,366,0,0,4,ap_hi;weight;height;ap_lo
18,367,1,0,3,ap_hi;ap_lo;age
18,368,1,1,4,age;height;weight;ap_lo
18,369,0,0,3,height;weight;ap_hi
18,370,1,0,3,weight;age;ap_hi
18,371,0,1,3,weight;height;ap_hi
18,372,1,1,3,height;weight;ap_hi
18,373,1,0,4,age;height;weight;ap_lo
18,374,1,1,3,ap_lo;age;ap_hi
18,375,0,1,4,ap_lo;age;height;weight
18,376,1,0,3,ap_lo;weight;ap_hi
18,377,1,0,3,age;ap_hi;ap_lo
18,378,0,0,3,ap_lo;height;ap_hi
18,379,0,1,4,age;height;weight;ap_lo
18,380,1,0,4,height;ap_hi;weight;ap_lo
18,381,1,1,3,age;height;weight
18,382,0,1,3,height;age;ap_lo
18,383,1,0,4,age;ap_hi;ap_lo;height
18,384,1,1,4,age;height;ap_hi;ap_lo
18,385,0,0,4,weight;ap_hi;age;ap_lo
18,386,0,0,3,age;ap_lo;height
18,387,1,0,3,height;weight;ap_lo
18,388,0,0,3,ap_lo;weight;height
18,389,0,0,3,height;ap_lo;ap_hi
18,390,1,0,3,age;ap_lo;weight
18,391,1,0,4,age;ap_lo;weight;height
18,392,0,0,4,weight;ap_lo;ap_hi;age
18,393,1,0,4,age;height;ap_lo;weight
18,394,0,0,4,ap_lo;weight;age;height
18,395,1,0,4,weight;age;ap_lo;ap_hi
18,396,1,1,4,weight;ap_lo;ap_hi;age
18,397,1,1,4,age;weight;ap_hi;height
18,398,0,0,4,ap_lo;weight;height;ap_hi
18,399,0,0,3,ap_hi;weight;age
18,400,1,0,3,age;ap_lo;weight
18,401,1,1,3,weight;ap_hi;ap_lo
18,402,0,0,4,age;weight;ap_hi;ap_lo
18,403,0,1,3,height;age;weight
18,404,0,0,4,age;height;weight;ap_hi
18,405,0,0,4,age;height;ap_hi;weight
18,406,0,0,3,age;ap_lo;weight
18,407,1,0,3,age;ap_hi;ap_lo
18,408,1,1,3,ap_hi;ap_lo;height
18,409,0,0,3,ap_hi;age;weight
18,410,0,0,3,weight;age;ap_lo
18,411,0,0,4,ap_lo;height;ap_hi;age
18,412,0,0,4,ap_hi;ap_lo;age;height
18,413,1,1,4,ap_lo;height;ap_hi;age
18,414,0,0,4,ap_hi;age;height;ap_lo
18,415,0,0,3,age;ap_hi;weight
18,416,0,0,4,ap_hi;ap_lo;weight;height
18,417,0,1,4,ap_hi;age;weight;height
18,418,0,0,4,height;ap_hi;ap_lo;weight
18,419,1,0,3,height;weight;ap_lo
18,420,1,0,3,ap_lo;ap_hi;height
18,421,0,0,3,ap_lo;height;ap_hi
18,422,1,0,4,age;weight;ap_hi;ap_lo
18,423,0,0,4,ap_lo;ap_hi;weight;height
18,424,1,1,3,age;ap_lo;height
18,425,1,1,4,height;ap_hi;ap_lo;age
18,426,1,0,4,ap_lo;height;ap_hi;age
18,427,1,1,3,ap_hi;height;ap_lo
18,428,0,0,4,age;ap_hi;weight;ap_lo
18,429,1,0,3,ap_hi;weight;age
18,430,1,0,4,ap_hi;height;ap_lo;weight
18,431,1,1,4,weight;age;ap_lo;ap_hi
18,432,1,1,3,age;height;ap_hi
18,433,1,0,4,height;age;ap_lo;weight
18,434,1,0,4,weight;ap_lo;ap_hi;height
18,435,1,0,3,age;height;ap_hi
18,436,1,1,3,age;ap_lo;weight
18,437,1,1,4,ap_lo;age;ap_hi;height
18,438,0,0,4,age;ap_lo;weight;height
18,439,0,1,3,ap_hi;ap_lo;weight
18,440,1,0,4,age;ap_hi;height;ap_lo
18,441,0,0,3,height;ap_hi;weight
18,442,0,0,3,ap_lo;weight;height
18,443,0,0,4,weight;age;ap_hi;ap_lo
18,444,0,0,3,age;height;ap_lo
18,445,0,0,4,ap_hi;age;height;ap_lo
18,446,0,0,4,age;ap_hi;height;ap_lo
18,447,1,1,4,age;ap_hi;ap_lo;weight
18,448,0,1,3,age;ap_lo;weight
18,449,0,0,4,ap_lo;age;height;ap_hi
18,450,0,1,3,height;ap_lo;age
18,451,0,1,4,ap_hi;height;weight;ap_lo
18,452,1,1,3,ap_hi;ap_lo;height
18,453,1,1,3,age;ap_hi;ap_lo
18,454,1,0,4,ap_lo;height;weight;ap_hi
18,455,0,1,4,age;height;ap_lo;weight
18,456,0,1,3,weight;ap_lo;age
18,457,0,0,4,weight;ap_hi;ap_lo;height
18,458,1,1,4,ap_hi;ap_lo;weight;age
18,459,1,0,4,age;ap_hi;height;ap_lo
18,460,1,1,3,weight;age;ap_hi
18,461,1,0,4,age;height;ap_lo;ap_hi
18,462,0,0,4,ap_hi;ap_lo;age;height
18,463,0,0,3,ap_lo;weight;height
18,464,1,0,3,height;weight;age
18,465,1,0,3,ap_lo;ap_hi;weight
18,466,1,1,4,ap_hi;height;ap_lo;weight
18,467,1,1,4,ap_hi;weight;height;ap_lo
18,468,0,0,3,ap_lo;age;height
18,469,1,1,3,ap_lo;height;age
18,470,1,1,3,ap_lo;ap_hi;weight
18,471,1,0,3,age;ap_lo;height
18,472,0,0,3,height;age;ap_lo
18,473,1,1,4,age;ap_hi;height;weight
18,474,1,0,4,height;ap_lo;weight;age
18,475,0,0,3,age;ap_hi;weight
18,476,0,0,3,ap_lo;age;height
18,477,0,1,3,weight;height;age
18,478,0,0,3,weight;height;age
18,479,0,0,4,ap_hi;ap_lo;height;age
18,480,0,1,3,weight;ap_hi;height
18,481,1,0,3,weight;height;ap_lo
18,482,1,0,3,ap_lo;weight;height
18,483,1,1,3,ap_lo;weight;age
18,484,0,0,3,height;ap_hi;ap_lo
18,485,1,1,3,ap_lo;weight;ap_hi
18,486,1,0,4,ap_hi;height;age;ap_lo
18,487,1,1,4,age;ap_lo;weight;ap_hi
18,488,1,1,4,age;height;ap_hi;ap_lo
18,489,1,0,3,weight;ap_hi;ap_lo
18,490,0,1,3,height;weight;age
18,491,0,0,3,weight;ap_lo;age
18,492,0,0,3,age;ap_lo;weight
18,493,1,1,4,ap_hi;height;ap_lo;weight
18,494,1,1,4,weight;ap_hi;age;height
18,495,1,1,4,ap_lo;weight;height;age
18,496,1,0,3,ap_lo;weight;ap_hi
18,497,1,0,4,weight;height;ap_hi;ap_lo
18,498,0,0,4,ap_lo;age;weight;ap_hi
18,499,0,0,3,ap_lo;weight;age
18,500,0,0,3,ap_lo;age;ap_hi
18,501,1,1,3,height;weight;ap_hi
18,502,1,1,4,weight;ap_hi;height;age
18,503,0,0,3,age;ap_lo;ap_hi
18,504,0,0,4,weight;height;age;ap_hi
18,505,0,0,3,height;weight;ap_hi
18,506,0,0,4,ap_lo;age;weight;ap_hi
18,507,1,1,3,ap_hi;height;weight
18,508,0,0,3,weight;age;ap_lo
18,509,0,1,3,age;ap_hi;weight
18,510,1,1,4,ap_hi;age;ap_lo;weight
18,511,0,0,3,weight;height;ap_lo
18,512,1,1,4,age;height;ap_lo;ap_hi
18,513,1,0,3,ap_hi;age;height
18,514,1,1,3,ap_hi;ap_lo;height
18,515,0,0,4,height;age;ap_hi;weight
18,516,1,1,4,age;height;ap_hi;weight
18,517,1,1,3,ap_hi;weight;age
18,518,0,0,4,weight;height;age;ap_lo
18,519,1,1,4,ap_hi;ap_lo;height;weight
18,520,1,1,4,age;weight;height;ap_hi
18,521,0,0,4,ap_lo;ap_hi;weight;age
18,522,0,0,3,ap_hi;weight;height
18,523,1,0,3,ap_lo;weight;ap_hi
18,524,1,1,4,weight;age;ap_lo;height
18,525,0,0,4,ap_lo;ap_hi;weight;age
18,526,0,0,3,weight;ap_lo;ap_hi
18,527,1,1,4,height;ap_lo;ap_hi;age
18,528,0,0,3,height;weight;ap_hi
18,529,1,1,3,weight;ap_hi;age
18,530,0,0,4,weight;age;height;ap_lo
18,531,1,0,4,age;ap_hi;ap_lo;height
18,532,0,0,4,ap_hi;height;ap_lo;age
18,533,1,1,3,ap_lo;height;ap_hi
18,534,0,1,3,age;ap_lo;weight
18,535,1,1,3,height;ap_hi;weight
18,536,1,1,3,ap_hi;height;weight
18,537,1,0,3,age;ap_lo;ap_hi
18,538,0,0,4,age;ap_lo;weight;height
18,539,1,0,4,ap_lo;weight;ap_hi;height
18,540,1,0,4,height;ap_lo;weight;ap_hi
18,541,1,0,3,age;ap_hi;ap_lo
18,542,1,1,4,ap_lo;height;ap_hi;age
18,543,1,1,4,height;weight;ap_lo;ap_hi
18,544,1,0,3,ap_lo;height;weight
18,545,0,0,3,ap_hi;age;ap_lo
18,546,0,0,3,ap_hi;weight;age
18,547,0,0,4,ap_hi;height;ap_lo;weight
18,548,0,0,3,height;weight;ap_lo
18,549,1,1,4,weight;ap_lo;age;ap_hi
18,550,1,1,3,ap_lo;height;ap_hi
18,551,1,1,4,ap_lo;age;height;weight
18,552,0,1,3,ap_lo;ap_hi;height
18,553,1,1,3,ap_hi;ap_lo;age
18,554,0,1,4,ap_hi;weight;height;age
18,555,0,0,4,weight;height;ap_hi;ap_lo
18,556,1,1,4,weight;height;ap_lo;age
18,557,1,0,4,height;age;ap_hi;weight
18,558,1,0,3,ap_hi;age;ap_lo
18,559,1,0,3,weight;ap_lo;age
18,560,1,1,3,age;weight;ap_lo
18,561,0,1,3,age;ap_hi;weight
18,562,0,0,4,height;ap_hi;ap_lo;weight
18,563,0,1,3,ap_lo;age;height
18,564,1,1,3,ap_hi;ap_lo;age
18,565,1,1,3,ap_hi;height;weight
18,566,0,1,3,ap_hi;height;weight
18,567,1,0,3,height;ap_lo;ap_hi
18,568,1,1,3,ap_lo;ap_hi;weight
18,569,0,1,3,ap_hi;weight;height
18,570,1,1,4,weight;ap_lo;height;age
18,571,1,1,3,height;weight;ap_hi
18,572,0,1,3,ap_lo;height;age
18,573,1,0,4,age;ap_hi;weight;height
18,574,1,1,4,ap_lo;ap_hi;age;height
18,575,0,1,3,weight;age;height
18,576,1,1,3,age;ap_hi;height
18,577,1,1,3,weight;age;ap_lo
18,578,1,0,4,height;ap_lo;ap_hi;age
18,579,0,0,4,ap_lo;height;ap_hi;age
18,580,1,0,4,age;ap_hi;height;ap_lo
18,581,1,1,3,ap_lo;height;age
18,582,0,0,3,ap_hi;height;weight
18,583,0,0,3,ap_lo;weight;height
18,584,0,0,3,ap_lo;ap_hi;age
18,585,1,1,3,weight;age;ap_hi
18,586,0,0,3,height;ap_hi;ap_lo
18,587,0,1,4,weight;ap_hi;age;height
18,588,1,0,3,age;ap_lo;ap_hi
18,589,1,1,4,ap_hi;ap_lo;age;height
18,590,1,0,3,weight;ap_lo;height
18,591,0,1,3,ap_hi;weight;ap_lo
18,592,0,0,3,height;weight;ap_lo
18,593,0,1,3,ap_lo;age;height
18,594,0,0,3,ap_lo;weight;age
18,595,1,1,4,ap_hi;ap_lo;weight;age
18,596,1,1,3,ap_lo;height;ap_hi
18,597,0,0,4,age;ap_lo;ap_hi;weight
18,598,0,1,3,age;height;weight
18,599,0,1,4,ap_hi;height;age;ap_lo
18,600,1,0,4,age;ap_hi;weight;ap_lo
18,601,1,1,3,weight;ap_lo;ap_hi
18,602,1,1,4,age;weight;ap_hi;height
18,603,1,0,4,ap_hi;ap_lo;height;age
18,604,0,0,4,ap_lo;ap_hi;weight;height
18,605,0,0,3,ap_lo;height;age
18,606,1,1,3,ap_lo;weight;age
18,607,1,1,3,ap_lo;ap_hi;weight
18,608,0,0,3,weight;ap_lo;height
18,609,0,0,3,ap_lo;weight;age
18,610,1,0,3,age;height;ap_lo
18,611,1,1,4,ap_hi;weight;height;ap_lo
18,612,0,0,3,age;ap_hi;weight
18,613,0,0,3,age;weight;ap_hi
18,614,0,0,3,height;ap_hi;ap_lo
18,615,0,0,3,height;ap_lo;weight
18,616,0,0,4,weight;age;ap_lo;ap_hi
18,617,0,0,3,weight;ap_hi;age
18,618,0,0,4,weight;ap_hi;height;ap_lo
18,619,1,1,4,ap_lo;age;ap_hi;weight
18,620,0,0,3,ap_lo;age;ap_hi
18,621,1,1,4,ap_hi;weight;age;ap_lo
18,622,0,0,3,weight;ap_lo;height
18,623,1,0,3,age;ap_hi;ap_lo
18,624,1,1,4,ap_lo;height;age;weight
18,625,0,0,4,ap_hi;ap_lo;age;weight
18,626,1,1,3,height;weight;ap_lo
18,627,0,1,3,ap_lo;height;ap_hi
18,628,0,0,3,height;ap_lo;age
18,629,0,0,3,age;ap_lo;ap_hi
18,630,0,0,3,weight;ap_hi;ap_lo
18,631,1,0,4,weight;ap_lo;ap_hi;age
18,632,1,0,3,ap_hi;weight;height
18,633,0,0,3,height;weight;age
18,634,0,0,3,age;ap_lo;ap_hi
18,635,1,1,4,ap_lo;weight;age;ap_hi
18,636,1,0,4,weight;ap_hi;height;ap_lo
18,637,0,0,3,ap_lo;height;weight
18,638,1,1,4,height;weight;age;ap_hi
18,639,0,0,3,ap_lo;height;age
18,640,1,1,3,ap_hi;weight;height
18,641,1,1,4,ap_lo;age;weight;ap_hi
18,642,1,1,3,height;weight;age
18,643,0,0,3,weight;ap_lo;ap_hi
18,644,1,0,4,ap_hi;age;weight;ap_lo
18,645,1,0,4,height;weight;age;ap_lo
18,646,0,0,3,ap_hi;age;height
18,647,0,0,3,age;ap_lo;weight
18,648,0,1,3,ap_hi;weight;height
18,649,0,0,4,ap_hi;age;weight;ap_lo
18,650,1,1,4,height;age;ap_hi;ap_lo
18,651,0,0,4,weight;height;ap_hi;age
18,652,0,0,4,age;ap_lo;weight;height
18,653,0,1,4,weight;ap_lo;ap_hi;age
18,654,0,0,4,ap_hi;age;ap_lo;weight
18,655,0,1,4,weight;ap_hi;age;height
18,656,0,0,3,age;ap_lo;weight
18,657,0,0,3,age;ap_lo;height
18,658,1,1,4,ap_hi;ap_lo;age;weight
18,659,0,1,3,weight;ap_lo;age
18,660,1,1,4,weight;ap_hi;ap_lo;age
18,661,0,0,4,ap_lo;weight;age;ap_hi
18,662,0,1,3,weight;ap_hi;age
18,663,0,0,3,weight;ap_lo;height
18,664,1,0,4,ap_lo;weight;ap_hi;height
18,665,1,0,3,ap_hi;weight;age
18,666,0,0,3,age;ap_hi;height
18,667,1,0,3,age;height;ap_hi
18,668,1,1,3,height;age;ap_lo
18,669,1,0,4,ap_hi;weight;ap_lo;height
18,670,0,0,3,ap_lo;weight;ap_hi
18,671,0,0,3,ap_lo;age;weight
18,672,0,0,3,height;ap_lo;weight
18,673,0,0,4,ap_lo;weight;height;ap_hi
18,674,1,1,4,age;weight;ap_lo;height
18,675,1,1,4,height;weight;ap_hi;age
18,676,1,1,3,weight;ap_hi;age
18,677,1,1,4,ap_lo;weight;ap_hi;height
18,678,0,0,3,weight;height;age
18,679,1,1,3,weight;age;height
18,680,0,0,4,age;weight;ap_lo;height
18,681,0,0,3,ap_hi;height;age
18,682,0,0,3,weight;height;age
18,683,1,1,4,weight;ap_hi;height;age
18,684,0,1,3,height;ap_hi;ap_lo
18,685,1,1,4,age;ap_hi;ap_lo;weight
18,686,1,1,3,ap_lo;ap_hi;height
18,687,0,0,3,ap_lo;height;weight
18,688,1,1,3,height;ap_hi;age
18,689,1,1,4,ap_hi;age;height;ap_lo
18,690,0,0,4,weight;age;ap_hi;ap_lo
18,691,0,0,4,height;ap_hi;ap_lo;age
18,692,0,0,4,age;height;ap_hi;weight
18,693,0,0,3,age;weight;ap_lo
18,694,0,0,3,age;ap_lo;height
18,695,1,1,3,height;age;ap_hi
18,696,0,0,3,height;ap_hi;age
18,697,1,1,4,ap_hi;age;weight;height
18,698,1,0,4,weight;height;ap_lo;ap_hi
18,699,1,1,3,ap_lo;age;weight
18,700,0,0,3,ap_hi;height;weight
18,701,0,0,4,ap_hi;ap_lo;height;age
18,702,0,0,3,height;ap_lo;weight
18,703,0,0,4,age;weight;ap_lo;ap_hi
18,704,0,1,3,age;height;ap_lo
18,705,1,0,4,ap_lo;ap_hi;weight;age
18,706,1,0,4,ap_hi;weight;height;ap_lo
18,707,1,1,3,ap_hi;height;weight
18,708,0,0,4,weight;height;age;ap_lo
18,709,0,0,3,ap_hi;weight;height
18,710,0,0,4,weight;height;ap_hi;ap_lo
18,711,0,0,4,height;ap_lo;weight;age
18,712,1,1,3,height;weight;ap_hi
18,713,1,1,3,ap_lo;age;ap_hi
18,714,1,1,3,ap_lo;height;ap_hi
18,715,1,0,4,weight;age;ap_hi;ap_lo
18,716,1,1,3,height;ap_lo;age
18,717,0,0,3,weight;age;ap_hi
18,718,0,0,4,weight;height;ap_lo;age
18,719,1,0,3,height;ap_lo;age
18,720,0,0,4,height;weight;age;ap_lo
18,721,1,0,4,weight;age;height;ap_lo
18,722,0,0,3,ap_hi;age;ap_lo
18,723,1,1,3,weight;ap_lo;ap_hi
18,724,1,1,4,height;ap_hi;age;weight
18,725,1,1,3,ap_hi;age;weight
18,726,1,1,4,height;age;ap_lo;weight
18,727,1,1,4,ap_hi;weight;age;ap_lo
18,728,1,1,3,weight;age;ap_hi
18,729,1,0,4,height;age;ap_hi;weight
18,730,1,1,4,height;weight;ap_hi;ap_lo
18,731,1,1,4,weight;ap_lo;ap_hi;age
18,732,0,0,3,height;age;ap_hi
18,733,0,0,3,ap_lo;age;weight
18,734,0,0,3,height;age;ap_hi
18,735,0,0,4,height;ap_hi;age;ap_lo
18,736,0,0,3,height;age;weight
18,737,1,1,4,weight;ap_lo;ap_hi;height
18,738,0,0,3,age;ap_hi;ap_lo
18,739,1,1,4,weight;ap_hi;ap_lo;age
18,740,0,0,4,age;height;ap_hi;weight
18,741,0,1,3,age;height;weight
18,742,0,0,4,weight;ap_lo;height;ap_hi
18,743,0,0,4,weight;height;ap_hi;ap_lo
18,744,1,1,3,age;weight;height
18,745,0,0,3,height;ap_lo;age
18,746,0,0,4,ap_hi;ap_lo;age;height
18,747,0,0,3,age;ap_hi;weight
18,748,0,0,4,age;ap_hi;height;ap_lo
18,749,0,0,4,age;ap_hi;ap_lo;height
18,750,0,0,3,age;ap_lo;weight
18,751,0,0,3,weight;ap_lo;age
18,752,0,1,4,ap_lo;height;ap_hi;weight
18,753,1,0,4,ap_lo;age;height;weight
18,754,0,1,3,ap_lo;weight;age
18,755,0,0,4,height;ap_hi;ap_lo;weight
18,756,1,0,4,weight;height;ap_lo;ap_hi
18,757,0,0,3,ap_lo;height;weight
18,758,1,0,3,weight;ap_lo;height
18,759,1,1,4,ap_hi;weight;height;ap_lo
18,760,1,1,3,weight;height;age
18,761,0,0,3,weight;ap_hi;height
18,762,1,1,4,weight;ap_lo;height;ap_hi
18,763,0,1,3,ap_hi;weight;ap_lo
18,764,0,0,3,height;weight;ap_hi
18,765,0,0,3,height;ap_hi;age
18,766,1,1,3,ap_lo;height;age
18,767,0,0,3,ap_lo;age;height
18,768,0,0,3,height;weight;ap_lo
18,769,1,0,4,ap_hi;weight;age;height
18,770,0,0,3,height;ap_hi;ap_lo
18,771,0,0,3,ap_hi;age;ap_lo
18,772,1,1,4,age;height;ap_lo;weight
18,773,0,0,3,ap_lo;ap_hi;height
18,774,1,0,4,ap_lo;age;weight;ap_hi
18,775,0,0,3,age;ap_hi;ap_lo
18,776,0,0,4,height;ap_lo;ap_hi;age
18,777,1,0,3,weight;age;ap_hi
18,778,1,0,4,height;ap_hi;weight;age
18,779,0,1,3,ap_hi;height;age
18,780,0,1,3,ap_lo;ap_hi;height
18,781,0,0,3,age;ap_lo;height
18,782,1,1,3,ap_hi;ap_lo;weight
18,783,1,1,4,weight;ap_lo;height;age
18,784,1,1,4,ap_lo;age;ap_hi;height
18,785,1,0,3,height;weight;ap_lo
18,786,0,0,4,ap_hi;height;ap_lo;age
18,787,0,1,3,weight;age;ap_lo
18,788,1,1,4,ap_lo;age;height;weight
18,789,1,1,3,height;age;ap_hi
18,790,0,0,4,ap_lo;height;weight;age
18,791,0,0,3,weight;height;ap_hi
18,792,0,0,4,ap_lo;weight;age;height
18,793,0,0,4,ap_lo;height;ap_hi;weight
18,794,0,0,3,height;age;weight
18,795,0,0,3,ap_hi;age;ap_lo
18,796,0,1,3,height;ap_hi;ap_lo
18,797,0,1,3,weight;ap_lo;ap_hi
18,798,0,0,4,weight;age;ap_lo;height
18,799,0,0,4,height;ap_hi;weight;ap_lo
18,800,0,0,3,ap_lo;ap_hi;height
18,801,0,0,3,weight;ap_hi;ap_lo
18,802,0,0,3,ap_lo;height;ap_hi
18,803,0,0,4,ap_hi;height;age;ap_lo
18,804,1,0,4,ap_lo;age;ap_hi;height
18,805,1,1,3,weight;ap_lo;ap_hi
18,806,0,1,4,ap_hi;age;ap_lo;weight
18,807,1,1,4,age;height;weight;ap_lo
18,808,0,0,4,age;height;ap_hi;ap_lo
18,809,1,1,4,ap_lo;ap_hi;weight;age
18,810,0,0,4,ap_hi;height;age;ap_lo
18,811,1,0,3,ap_lo;ap_hi;weight
18,812,0,1,3,age;weight;ap_lo
18,813,0,0,4,height;age;ap_lo;weight
18,814,0,0,4,ap_lo;weight;age;ap_hi
18,815,0,1,3,age;weight;ap_lo
18,816,0,0,4,weight;age;ap_hi;height
18,817,0,0,3,height;weight;ap_lo
18,818,1,1,3,age;weight;height
18,819,0,0,4,ap_lo;height;age;ap_hi
18,820,1,0,3,ap_hi;age;ap_lo
18,821,0,0,4,weight;ap_lo;age;height
18,822,0,0,4,ap_lo;weight;height;ap_hi
18,823,0,0,4,ap_hi;age;height;ap_lo
18,824,1,1,3,ap_hi;height;age
18,825,0,0,3,ap_lo;age;ap_hi
18,826,0,0,4,age;ap_hi;ap_lo;height
18,827,1,0,3,ap_lo;weight;ap_hi
18,828,1,1,3,ap_hi;ap_lo;height
18,829,0,1,4,height;ap_lo;weight;age
18,830,1,1,3,ap_hi;height;weight
18,831,0,0,4,weight;ap_lo;age;height
18,832,0,0,3,age;weight;ap_hi
18,833,1,1,3,height;ap_hi;ap_lo
18,834,1,0,4,age;ap_hi;weight;ap_lo
18,835,0,0,3,ap_lo;height;ap_hi
18,836,0,0,4,height;weight;ap_hi;ap_lo
18,837,0,0,3,weight;ap_hi;height
18,838,0,1,4,ap_lo;height;weight;age
18,839,0,0,4,weight;age;height;ap_hi
18,840,0,0,3,ap_hi;ap_lo;age
18,841,0,0,3,age;height;ap_lo
18,842,0,1,4,weight;ap_lo;ap_hi;height
18,843,1,1,3,age;weight;ap_hi
18,844,0,0,4,ap_hi;weight;height;age
18,845,0,1,3,ap_hi;height;age
18,846,0,0,3,ap_hi;weight;ap_lo
18,847,1,0,4,height;weight;ap_lo;ap_hi
18,848,0,1,4,height;ap_hi;weight;age
18,849,1,1,4,ap_hi;age;ap_lo;height
18,850,1,0,4,height;ap_lo;age;weight
18,851,0,0,3,ap_hi;height;age
18,852,0,0,3,age;weight;ap_hi
18,853,1,1,4,ap_lo;age;weight;ap_hi
18,854,1,1,3,ap_hi;weight;age
18,855,1,1,3,weight;height;ap_lo
18,856,0,0,4,weight;age;ap_hi;height
18,857,1,1,3,height;weight;ap_lo
18,858,1,0,3,ap_hi;age;height
18,859,0,0,3,weight;ap_lo;height
18,860,1,1,4,ap_lo;weight;age;ap_hi
18,861,1,1,4,age;height;ap_hi;weight
18,862,1,1,4,ap_hi;age;height;weight
18,863,0,0,4,age;height;ap_hi;weight
18,864,1,1,4,ap_lo;ap_hi;age;weight
18,865,0,0,3,height;ap_hi;age
18,866,1,1,3,weight;ap_lo;age
18,867,1,1,4,age;ap_hi;weight;height
18,868,1,1,3,weight;ap_lo;height
18,869,1,1,4,height;ap_lo;weight;ap_hi
18,870,0,0,4,ap_lo;age;ap_hi;weight
18,871,1,1,4,weight;age;height;ap_lo
18,872,0,0,4,ap_hi;age;height;ap_lo
18,873,0,0,3,ap_lo;ap_hi;height
18,874,0,0,4,weight;ap_hi;age;height
18,875,0,0,3,weight;age;ap_hi
18,876,1,1,3,height;age;ap_lo
18,877,0,0,3,ap_hi;height;weight
18,878,1,1,4,weight;ap_hi;height;ap_lo
18,879,1,1,3,weight;height;ap_lo
18,880,1,0,4,weight;ap_hi;ap_lo;age
18,881,1,1,4,ap_lo;ap_hi;weight;height
18,882,1,1,3,ap_lo;height;age
18,883,1,1,4,ap_lo;weight;ap_hi;height
18,884,0,0,4,ap_hi;age;ap_lo;height
18,885,1,1,4,height;ap_lo;weight;ap_hi
18,886,0,0,3,ap_hi;age;ap_lo
18,887,1,1,4,height;age;ap_hi;ap_lo
18,888,0,0,3,height;weight;ap_lo
18,889,1,0,3,weight;ap_lo;ap_hi
18,890,0,0,3,ap_hi;height;weight
18,891,0,1,4,ap_lo;age;ap_hi;weight
18,892,0,0,3,weight;age;ap_lo
18,893,1,0,4,weight;height;ap_hi;ap_lo
18,894,0,1,3,ap_lo;ap_hi;weight
18,895,1,1,3,ap_lo;age;weight
18,896,0,0,4,age;ap_lo;ap_hi;weight
18,897,1,0,4,ap_hi;weight;age;height
18,898,1,1,3,weight;height;age
18,899,0,0,4,ap_hi;ap_lo;height;age
18,900,0,0,3,ap_hi;weight;ap_lo
18,901,0,0,3,weight;ap_lo;height
18,902,1,1,4,ap_lo;height;weight;age
18,903,1,1,4,age;height;ap_lo;weight
18,904,1,0,3,age;weight;ap_hi
18,905,0,0,3,ap_hi;ap_lo;height
18,906,0,0,4,age;height;ap_hi;ap_lo
18,907,1,1,3,age;weight;ap_hi
18,908,0,0,4,age;height;ap_hi;ap_lo
18,909,1,1,3,weight;age;ap_lo
18,910,0,0,3,height;ap_lo;ap_hi
18,911,0,1,4,age;ap_hi;height;ap_lo
18,912,1,1,4,age;weight;ap_lo;height
18,913,0,0,3,age;ap_hi;ap_lo
18,914,1,1,4,ap_lo;weight;age;ap_hi
18,915,1,1,4,age;height;ap_lo;weight
18,916,0,1,3,height;age;weight
18,917,0,0,4,ap_hi;ap_lo;height;weight
18,918,0,0,3,weight;ap_hi;age
18,919,1,0,4,height;ap_hi;age;ap_lo
18,920,1,1,3,weight;ap_hi;age
18,921,1,0,3,weight;ap_hi;age
18,922,0,1,3,ap_hi;age;height
18,923,0,0,3,weight;ap_hi;ap_lo
18,924,1,0,4,age;ap_hi;ap_lo;height
18,925,1,0,3,height;ap_lo;ap_hi
18,926,1,1,4,ap_lo;age;height;weight
18,927,1,1,4,height;ap_hi;ap_lo;age
18,928,1,1,3,weight;height;ap_lo
18,929,0,0,3,ap_hi;weight;height
18,930,0,0,4,ap_hi;ap_lo;weight;height
18,931,1,1,3,height;weight;age
18,932,0,0,3,ap_hi;weight;height
18,933,1,1,3,ap_hi;height;age
18,934,1,1,4,weight;ap_lo;height;age
18,935,1,1,4,height;weight;ap_hi;age
18,936,0,0,4,age;weight;ap_hi;height
18,937,1,0,3,age;height;weight
18,938,1,1,3,ap_lo;ap_hi;weight
18,939,1,0,4,age;weight;ap_lo;ap_hi
18,940,0,0,4,age;height;ap_hi;ap_lo
18,941,0,1,4,ap_hi;weight;height;age
18,942,0,0,4,age;ap_hi;weight;ap_lo
18,943,0,0,3,ap_lo;ap_hi;height
18,944,1,1,4,height;ap_hi;age;weight
18,945,0,0,4,age;ap_lo;ap_hi;weight
18,946,0,1,3,weight;height;ap_lo
18,947,0,0,4,height;ap_lo;ap_hi;age
18,948,1,1,4,weight;ap_lo;age;ap_hi
18,949,0,0,4,age;height;ap_hi;ap_lo
18,950,0,1,3,ap_hi;ap_lo;weight
18,951,0,1,3,weight;age;ap_lo
18,952,0,1,4,ap_lo;ap_hi;weight;age
18,953,1,0,4,ap_hi;age;weight;ap_lo
18,954,0,0,3,ap_hi;age;weight
18,955,0,0,4,weight;ap_hi;age;height
18,956,1,0,4,age;height;ap_lo;weight
18,957,0,0,4,height;ap_lo;weight;ap_hi
18,958,0,0,3,ap_hi;weight;ap_lo
18,959,1,1,4,ap_hi;age;ap_lo;height
18,960,1,0,3,ap_hi;weight;ap_lo
18,961,0,0,4,ap_hi;age;weight;height
18,962,0,0,3,weight;ap_hi;ap_lo
18,963,0,0,4,weight;age;height;ap_lo
18,964,1,1,4,height;age;ap_hi;weight
18,965,1,1,3,weight;age;ap_hi
18,966,1,0,4,weight;ap_lo;age;ap_hi
18,967,1,1,4,age;ap_hi;height;weight
18,968,1,1,3,weight;height;age
18,969,1,0,3,weight;ap_lo;ap_hi
18,970,0,0,4,age;height;ap_hi;ap_lo
18,971,1,1,3,age;ap_hi;height
18,972,1,0,4,ap_lo;weight;ap_hi;age
18,973,0,0,4,ap_lo;ap_hi;height;age
18,974,1,0,3,height;weight;age
18,975,1,1,3,ap_hi;age;weight
18,976,1,1,3,height;ap_hi;age
18,977,0,0,4,weight;ap_hi;height;age
18,978,1,1,3,weight;ap_hi;age
18,979,0,1,4,age;height;ap_hi;weight
18,980,1,1,3,age;weight;ap_hi
18,981,0,0,4,ap_hi;ap_lo;height;age
18,982,0,0,4,weight;ap_lo;height;age
18,983,1,0,4,age;height;ap_hi;ap_lo
18,984,1,0,3,weight;ap_hi;ap_lo
18,985,1,0,4,weight;ap_hi;ap_lo;height
18,986,1,1,3,age;weight;ap_lo
18,987,1,0,3,ap_hi;weight;ap_lo
18,988,1,0,4,ap_hi;weight;age;ap_lo
18,989,1,0,4,age;weight;ap_lo;ap_hi
18,990,1,0,4,age;height;weight;ap_lo
18,991,0,0,4,weight;ap_lo;ap_hi;height
18,992,1,1,4,weight;age;height;ap_hi
18,993,0,0,4,weight;age;ap_hi;height
18,994,1,1,4,ap_lo;ap_hi;weight;age
18,995,1,0,4,age;ap_lo;height;ap_hi
18,996,1,1,4,ap_hi;height;ap_lo;weight
18,997,0,1,3,weight;height;ap_hi
18,998,1,0,4,weight;ap_lo;height;ap_hi
18,999,1,1,4,weight;ap_hi;height;ap_lo
19,0,0,1,4,weight;ap_hi;height;age
19,1,0,1,4,height;ap_hi;ap_lo;age
19,2,0,1,3,ap_hi;age;weight
19,3,0,1,3,ap_hi;height;weight
19,4,1,1,3,ap_lo;age;height
19,5,0,1,4,ap_lo;age;height;ap_hi
19,6,0,0,4,weight;height;age;ap_hi
19,7,0,1,3,weight;age;height
19,8,0,1,3,ap_hi;weight;age
19,9,1,1,3,ap_lo;ap_hi;weight
19,10,0,1,4,age;height;weight;ap_lo
19,11,1,1,3,ap_hi;age;weight
19,12,0,0,4,ap_lo;height;ap_hi;age
19,13,0,1,3,ap_lo;ap_hi;age
19,14,0,0,4,ap_lo;height;weight;ap_hi
19,15,0,1,3,weight;ap_lo;height
19,16,1,1,3,ap_hi;weight;age
19,17,0,0,4,weight;height;ap_lo;age
19,18,0,0,4,weight;ap_hi;age;ap_lo
19,19,1,1,4,ap_lo;age;weight;height
19,20,0,1,3,age;ap_hi;height
19,21,1,1,3,ap_hi;weight;ap_lo
19,22,1,1,3,age;weight;ap_lo
19,23,0,0,4,age;ap_hi;height;weight
19,24,1,0,4,age;ap_hi;height;ap_lo
19,25,1,1,4,height;age;ap_hi;weight
19,26,1,1,4,height;ap_lo;ap_hi;age
19,27,0,1,4,age;ap_hi;height;ap_lo
19,28,0,0,3,age;weight;ap_hi
19,29,0,1,3,ap_hi;weight;height
19,30,1,0,4,ap_lo;weight;age;height
19,31,1,1,4,age;weight;ap_lo;height
19,32,0,1,3,weight;ap_hi;height
19,33,1,1,3,weight;ap_hi;ap_lo
19,34,1,1,3,height;ap_lo;age
19,35,1,1,3,height;age;weight
19,36,0,1,4,weight;ap_lo;age;ap_hi
19,37,0,1,3,age;height;weight
19,38,0,0,3,height;ap_hi;age
19,39,1,1,4,ap_lo;weight;ap_hi;height
19,40,1,1,4,ap_hi;height;age;ap_lo
19,41,1,1,4,height;ap_lo;age;ap_hi
19,42,1,1,4,age;weight;ap_lo;height
19,43,0,1,3,height;age;ap_lo
19,44,1,1,4,ap_hi;ap_lo;weight;age
19,45,1,1,3,weight;age;height
19,46,0,0,4,height;ap_lo;ap_hi;age
19,47,0,1,3,ap_lo;age;height
19,48,1,1,4,weight;age;ap_hi;ap_lo
19,49,0,0,4,height;ap_hi;age;weight
19,50,0,0,4,age;ap_lo;weight;height
19,51,0,0,3,height;age;ap_lo
19,52,1,1,3,ap_hi;ap_lo;weight
19,53,0,1,3,ap_hi;age;weight
19,54,1,1,4,weight;ap_lo;age;height
19,55,1,0,3,height;age;ap_hi
19,56,0,1,4,height;age;weight;ap_hi
19,57,1,1,3,ap_hi;ap_lo;age
19,58,1,1,3,ap_hi;age;weight
19,59,0,1,4,ap_hi;ap_lo;height;weight
19,60,1,0,3,height;weight;ap_hi
19,61,1,1,3,height;ap_lo;weight
19,62,0,1,4,age;ap_lo;height;ap_hi
19,63,1,1,4,age;weight;ap_hi;height
19,64,0,1,4,age;ap_hi;weight;ap_lo
19,65,0,0,3,weight;age;ap_lo
19,66,0,1,3,ap_hi;ap_lo;weight
19,67,0,1,3,age;height;ap_hi
19,68,1,0,4,ap_lo;height;age;weight
19,69,0,1,4,ap_hi;age;ap_lo;weight
19,70,1,1,4,height;age;weight;ap_hi
19,71,1,1,3,weight;height;ap_hi
19,72,0,1,3,age;weight;height
19,73,0,1,3,ap_hi;age;ap_lo
19,74,1,1,3,height;ap_lo;age
19,75,1,1,4,ap_hi;weight;height;ap_lo
19,76,0,0,4,age;ap_lo;ap_hi;height
19,77,1,1,4,age;weight;ap_lo;ap_hi
19,78,0,0,3,weight;age;height
19,79,1,1,3,ap_lo;weight;age
19,80,0,0,3,ap_lo;weight;ap_hi
19,81,1,1,4,ap_lo;ap_hi;age;height
19,82,1,1,4,age;ap_lo;weight;ap_hi
19,83,1,1,3,ap_hi;age;ap_lo
19,84,1,1,3,ap_hi;height;ap_lo
19,85,0,1,3,height;weight;age
19,86,0,1,3,weight;ap_hi;ap_lo
19,87,0,1,3,ap_hi;weight;ap_lo
19,88,0,0,4,height;ap_lo;weight;ap_hi
19,89,1,1,4,weight;height;ap_lo;ap_hi
19,90,1,0,3,weight;ap_lo;height
19,91,1,1,3,ap_hi;weight;age
19,92,0,1,3,ap_lo;weight;height
19,93,1,0,3,ap_hi;weight;ap_lo
19,94,0,1,3,ap_hi;age;height
19,95,1,0,3,weight;ap_hi;ap_lo
19,96,0,0,4,height;age;ap_lo;ap_hi
19,97,1,1,4,ap_lo;height;ap_hi;weight
19,98,1,1,4,ap_lo;weight;ap_hi;height
19,99,0,1,4,age;weight;height;ap_lo
19,100,0,0,3,height;ap_hi;age
19,101,1,1,4,weight;ap_lo;ap_hi;age
19,102,0,1,4,weight;ap_lo;age;ap_hi
19,103,1,1,3,weight;ap_lo;age
19,104,0,0,4,ap_lo;height;age;ap_hi
19,105,0,0,4,height;ap_hi;ap_lo;age
19,106,0,1,3,weight;height;age
19,107,0,0,4,ap_hi;height;weight;age
19,108,1,1,3,age;ap_hi;height
19,109,0,0,4,ap_hi;weight;ap_lo;age
19,110,0,0,4,age;ap_lo;ap_hi;height
19,111,0,1,3,ap_lo;ap_hi;weight
19,112,0,1,3,height;age;ap_hi
19,113,0,1,4,weight;ap_hi;height;ap_lo
19,114,1,1,4,ap_hi;weight;ap_lo;age
19,115,1,1,3,ap_lo;height;age
19,116,1,1,4,ap_lo;ap_hi;age;weight
19,117,0,1,4,height;weight;ap_hi;age
19,118,0,0,3,age;ap_lo;ap_hi
19,119,1,1,4,ap_lo;weight;ap_hi;height
19,120,0,0,3,height;weight;ap_hi
19,121,1,1,3,ap_lo;age;ap_hi
19,122,0,1,4,ap_hi;height;age;ap_lo
19,123,1,1,4,ap_hi;ap_lo;height;weight
19,124,1,1,4,ap_lo;age;height;weight
19,125,0,1,4,ap_lo;height;ap_hi;weight
19,126,0,1,3,age;weight;ap_lo
19,127,1,1,3,ap_hi;age;height
19,128,0,1,3,height;age;ap_lo
19,129,0,1,4,age;ap_lo;weight;ap_hi
19,130,0,1,3,weight;ap_lo;age
19,131,0,1,3,weight;age;ap_hi
19,132,1,1,3,age;weight;ap_hi
19,133,0,1,3,ap_lo;age;height
19,134,0,1,3,ap_hi;weight;ap_lo
19,135,1,1,4,height;ap_hi;ap_lo;weight
19,136,1,1,4,age;ap_hi;weight;ap_lo
19,137,1,1,3,height;ap_hi;age
19,138,1,1,3,age;height;weight
19,139,1,0,4,height;age;ap_hi;weight
19,140,1,1,4,ap_lo;weight;ap_hi;age
19,141,1,1,3,ap_lo;weight;height
19,142,0,1,3,age;ap_lo;weight
19,143,1,1,4,ap_hi;ap_lo;height;age
19,144,0,1,3,height;ap_lo;weight
19,145,0,1,3,ap_lo;age;height
19,146,0,1,4,weight;ap_hi;age;height
19,147,1,1,3,height;weight;ap_lo
19,148,0,0,3,ap_lo;height;ap_hi
19,149,1,1,4,ap_hi;weight;height;ap_lo
19,150,0,0,4,age;ap_lo;weight;ap_hi
19,151,1,1,4,ap_hi;age;height;weight
19,152,0,1,4,ap_lo;weight;ap_hi;age
19,153,1,1,4,age;ap_lo;ap_hi;height
19,154,0,0,3,height;ap_lo;age
19,155,1,1,4,ap_hi;age;ap_lo;weight
19,156,1,1,4,ap_lo;height;ap_hi;weight
19,157,0,1,3,weight;ap_hi;ap_lo
19,158,1,1,3,height;age;ap_hi
19,159,0,0,4,height;weight;ap_lo;age
19,160,0,1,4,age;ap_lo;weight;ap_hi
19,161,0,1,4,height;age;ap_lo;weight
19,162,0,1,4,weight;ap_lo;height;age
19,163,0,1,3,age;ap_hi;weight
19,164,0,0,3,age;ap_lo;ap_hi
19,165,0,1,3,ap_lo;ap_hi;weight
19,166,1,1,4,height;weight;age;ap_lo
19,167,0,1,4,height;age;weight;ap_lo
19,168,1,1,4,height;ap_hi;weight;ap_lo
19,169,1,1,4,age;ap_lo;height;ap_hi
19,170,1,1,4,age;height;weight;ap_hi
19,171,1,0,4,height;ap_hi;age;ap_lo
19,172,1,1,4,ap_lo;ap_hi;age;height
19,173,0,0,4,ap_hi;ap_lo;height;age
19,174,1,1,4,ap_lo;ap_hi;weight;age
19,175,1,1,4,weight;height;ap_hi;age
19,176,1,1,4,ap_lo;height;ap_hi;weight
19,177,1,1,4,ap_hi;age;weight;ap_lo
19,178,0,1,4,height;age;ap_hi;weight
19,179,0,0,3,ap_hi;age;height
19,180,1,1,3,weight;ap_hi;ap_lo
19,181,0,1,3,ap_hi;weight;height
19,182,1,0,4,age;ap_hi;height;weight
19,183,0,1,4,weight;height;ap_lo;age
19,184,0,0,4,height;ap_lo;ap_hi;age
19,185,1,1,4,height;age;ap_lo;ap_hi
19,186,1,1,3,age;weight;ap_hi
19,187,1,1,3,weight;age;height
19,188,0,1,3,age;ap_hi;ap_lo
19,189,0,1,4,ap_hi;weight;age;height
19,190,0,1,4,ap_hi;ap_lo;age;weight
19,191,0,0,4,age;height;weight;ap_lo
19,192,0,1,4,ap_lo;age;weight;height
19,193,1,1,4,age;ap_lo;weight;ap_hi
19,194,1,1,3,weight;height;ap_lo
19,195,1,1,3,ap_hi;ap_lo;height
19,196,1,1,4,ap_lo;age;height;ap_hi
19,197,1,1,3,height;age;weight
19,198,0,1,4,ap_hi;height;ap_lo;age
19,199,1,1,3,weight;age;ap_hi
19,200,1,0,3,age;weight;ap_hi
19,201,0,1,3,weight;age;ap_lo
19,202,0,0,4,weight;ap_hi;ap_lo;height
19,203,0,1,4,ap_hi;weight;age;ap_lo
19,204,0,0,3,age;ap_hi;weight
19,205,0,0,3,age;height;ap_lo
19,206,1,1,4,height;age;ap_lo;ap_hi
19,207,0,1,3,ap_lo;age;weight
19,208,1,1,4,age;weight;height;ap_lo
19,209,0,1,3,ap_hi;age;height
19,210,1,1,4,height;age;ap_hi;weight
19,211,1,1,3,height;weight;age
19,212,0,0,3,height;ap_lo;weight
19,213,0,1,4,weight;ap_lo;height;age
19,214,0,1,4,ap_hi;weight;age;ap_lo
19,215,1,1,3,height;age;weight
19,216,0,0,3,ap_hi;height;age
19,217,1,1,4,weight;ap_hi;ap_lo;height
19,218,0,0,4,height;ap_lo;weight;ap_hi
19,219,0,0,3,ap_lo;ap_hi;height
19,220,1,1,4,weight;age;ap_lo;ap_hi
19,221,0,1,3,ap_lo;height;age
19,222,0,0,4,age;ap_hi;weight;height
19,223,1,0,4,ap_hi;weight;height;age
19,224,0,0,3,ap_hi;weight;age
19,225,1,1,4,height;ap_hi;weight;age
19,226,0,1,3,age;height;weight
19,227,1,0,3,age;ap_hi;ap_lo
19,228,0,0,4,ap_lo;age;height;weight
19,229,0,1,3,height;weight;ap_lo
19,230,1,1,3,height;weight;ap_lo
19,231,0,1,4,weight;ap_lo;age;height
19,232,1,1,4,ap_hi;ap_lo;weight;age
19,233,0,1,4,age;height;ap_hi;weight
19,234,1,1,3,weight;height;ap_hi
19,235,1,0,3,ap_hi;age;height
19,236,1,1,3,ap_lo;ap_hi;age
19,237,0,0,3,weight;height;ap_lo
19,238,1,1,3,age;ap_lo;ap_hi
19,239,1,1,3,weight;ap_hi;height
19,240,1,1,4,age;height;weight;ap_hi
19,241,1,0,3,weight;age;ap_lo
19,242,0,1,4,ap_lo;ap_hi;age;weight
19,243,0,1,3,age;weight;ap_lo
19,244,1,1,3,age;ap_hi;height
19,245,1,1,4,weight;height;ap_lo;ap_hi
19,246,1,1,4,age;ap_hi;height;weight
19,247,1,1,4,ap_lo;weight;height;ap_hi
19,248,1,1,3,age;height;ap_hi
19,249,1,1,4,age;ap_hi;ap_lo;height
19,250,1,1,3,height;ap_hi;ap_lo
19,251,0,0,3,weight;height;age
19,252,0,1,3,weight;ap_lo;height
19,253,0,1,3,weight;age;height
19,254,1,0,4,height;weight;ap_lo;ap_hi
19,255,1,1,3,age;ap_lo;weight
19,256,0,1,3,height;ap_lo;age
19,257,0,1,3,weight;ap_hi;ap_lo
19,258,0,0,3,height;age;weight
19,259,1,1,3,height;ap_lo;ap_hi
19,260,0,1,4,weight;ap_hi;ap_lo;age
19,261,1,1,4,weight;age;ap_lo;height
19,262,1,0,3,height;weight;ap_lo
19,263,1,1,4,age;weight;ap_hi;ap_lo
19,264,1,1,3,height;ap_hi;weight
19,265,0,1,3,ap_lo;ap_hi;height
19,266,0,1,3,ap_hi;age;height
19,267,1,1,4,weight;height;age;ap_hi
19,268,0,0,4,age;height;ap_hi;weight
19,269,1,1,3,weight;height;age
19,270,1,1,3,age;weight;ap_lo
19,271,1,1,3,weight;ap_lo;ap_hi
19,272,0,1,4,ap_lo;weight;ap_hi;height
19,273,1,1,3,ap_lo;weight;ap_hi
19,274,0,0,3,weight;age;height
19,275,1,1,4,weight;ap_hi;height;ap_lo
19,276,1,1,3,age;ap_lo;height
19,277,0,1,3,ap_hi;age;weight
19,278,1,1,4,height;ap_hi;ap_lo;age
19,279,0,0,4,age;height;weight;ap_lo
19,280,0,1,4,age;height;ap_lo;weight
19,281,0,1,3,age;height;weight
19,282,1,1,4,height;weight;ap_hi;age
19,283,1,1,3,ap_hi;height;weight
19,284,1,1,3,ap_lo;ap_hi;height
19,285,0,1,4,ap_hi;weight;ap_lo;age
19,286,1,1,4,ap_lo;height;weight;ap_hi
19,287,1,1,4,ap_lo;weight;age;ap_hi
19,288,1,1,4,weight;age;ap_hi;ap_lo
19,289,0,0,4,height;age;weight;ap_lo
19,290,0,1,4,height;ap_lo;ap_hi;age
19,291,0,0,3,age;ap_hi;ap_lo
19,292,0,1,3,age;ap_hi;height
19,293,1,0,4,ap_lo;height;weight;ap_hi
19,294,1,1,4,height;ap_lo;age;ap_hi
19,295,1,0,4,height;age;ap_lo;ap_hi
19,296,0,1,4,age;ap_lo;weight;height
19,297,1,1,4,age;ap_hi;weight;ap_lo
19,298,1,1,4,age;ap_hi;height;weight
19,299,1,1,3,age;ap_lo;weight
19,300,0,1,3,ap_lo;height;ap_hi
19,301,1,0,4,height;ap_hi;age;ap_lo
19,302,1,1,3,age;ap_lo;ap_hi
19,303,1,1,3,ap_hi;height;age
19,304,0,1,3,ap_lo;height;age
19,305,0,1,4,weight;age;ap_lo;height
19,306,1,1,3,ap_hi;age;weight
19,307,0,1,4,weight;ap_lo;ap_hi;age
19,308,0,0,4,height;ap_lo;weight;age
19,309,0,0,4,height;ap_hi;weight;ap_lo
19,310,0,1,3,ap_lo;weight;age
19,311,0,1,3,weight;age;height
19,312,0,1,3,age;weight;height
19,313,0,1,4,height;ap_hi;ap_lo;weight
19,314,1,1,4,height;weight;ap_lo;ap_hi
19,315,1,1,3,ap_lo;weight;ap_hi
19,316,1,1,3,age;weight;ap_hi
19,317,1,1,4,ap_hi;height;weight;ap_lo
19,318,0,1,4,weight;ap_lo;height;ap_hi
19,319,1,1,4,age;ap_lo;height;ap_hi
19,320,1,1,4,ap_lo;weight;age;ap_hi
19,321,1,1,3,ap_hi;weight;age
19,322,1,0,3,ap_lo;height;weight
19,323,0,0,4,age;ap_hi;ap_lo;height
19,324,0,0,4,height;age;weight;ap_lo
19,325,0,1,4,ap_hi;ap_lo;height;weight
19,326,1,1,4,weight;height;age;ap_hi
19,327,1,1,3,weight;ap_hi;age
19,328,0,1,3,ap_lo;weight;age
19,329,1,1,3,ap_lo;ap_hi;age
19,330,0,1,4,age;ap_hi;weight;ap_lo
19,331,1,1,4,ap_lo;age;weight;ap_hi
19,332,0,1,3,height;ap_lo;weight
19,333,0,0,3,weight;ap_hi;ap_lo
19,334,1,1,3,height;ap_lo;weight
19,335,1,1,4,weight;height;age;ap_lo
19,336,0,0,3,weight;age;ap_hi
19,337,0,1,3,age;ap_lo;weight
19,338,0,1,4,ap_lo;ap_hi;age;weight
19,339,0,1,3,weight;age;ap_lo
19,340,1,1,4,ap_hi;height;ap_lo;weight
19,341,1,1,3,ap_lo;ap_hi;weight
19,342,1,1,4,ap_hi;height;age;ap_lo
19,343,1,1,4,weight;height;age;ap_hi
19,344,1,1,4,ap_lo;ap_hi;age;weight
19,345,1,1,3,ap_lo;age;ap_hi
19,346,0,0,4,weight;height;ap_lo;age
19,347,0,0,4,age;ap_hi;ap_lo;weight
19,348,1,1,3,weight;height;age
19,349,0,1,4,ap_hi;height;ap_lo;age
19,350,1,1,3,ap_hi;height;weight
19,351,1,1,3,weight;age;height
19,352,0,1,3,height;ap_lo;weight
19,353,1,1,4,weight;age;ap_lo;ap_hi
19,354,1,1,3,ap_hi;weight;height
19,355,1,1,3,ap_lo;ap_hi;weight
19,356,1,1,4,age;ap_hi;weight;ap_lo
19,357,1,1,3,ap_lo;weight;age
19,358,1,1,3,ap_lo;ap_hi;weight
19,359,1,1,3,ap_lo;ap_hi;height
19,360,1,1,4,ap_lo;height;ap_hi;weight
19,361,0,0,4,age;ap_hi;height;weight
19,362,1,0,3,ap_lo;height;weight
19,363,1,1,3,ap_hi;height;ap_lo
19,364,1,1,4,weight;height;age;ap_lo
19,365,1,1,4,weight;height;ap_lo;age
19,366,0,1,4,ap_lo;weight;height;age
19,367,1,1,3,age;ap_lo;weight
19,368,1,1,4,height;ap_hi;ap_lo;age
19,369,0,1,4,ap_hi;weight;age;ap_lo
19,370,1,1,4,ap_hi;height;weight;ap_lo
19,371,0,1,4,ap_hi;age;height;ap_lo
19,372,1,1,4,height;age;ap_lo;weight
19,373,1,0,4,weight;age;ap_hi;height
19,374,1,1,4,ap_lo;weight;ap_hi;height
19,375,0,1,4,age;weight;ap_lo;height
19,376,1,0,4,ap_hi;height;age;ap_lo
19,377,1,1,4,weight;height;age;ap_lo
19,378,0,1,3,height;weight;ap_lo
19,379,0,1,4,ap_lo;weight;height;age
19,380,1,1,3,weight;ap_hi;height
19,381,1,0,3,ap_lo;ap_hi;height
19,382,0,1,3,weight;height;age
19,383,1,1,4,ap_hi;ap_lo;age;weight
19,384,1,0,3,ap_lo;age;weight
19,385,0,0,3,age;ap_hi;height
19,386,0,1,3,age;ap_lo;weight
19,387,1,0,3,height;ap_lo;ap_hi
19,388,0,1,3,age;ap_lo;weight
19,389,0,1,4,ap_lo;weight;height;age
19,390,1,1,4,height;weight;ap_hi;age
19,391,1,1,4,age;ap_lo;weight;ap_hi
19,392,0,1,3,ap_lo;weight;height
19,393,1,1,4,height;ap_hi;ap_lo;age
19,394,0,0,3,height;age;weight
19,395,1,1,4,ap_hi;height;age;ap_lo
19,396,1,1,3,age;ap_lo;ap_hi
19,397,1,1,4,ap_hi;height;ap_lo;age
19,398,0,1,3,weight;height;age
19,399,0,1,4,height;age;weight;ap_lo
19,400,1,0,3,weight;age;ap_hi
19,401,1,1,3,age;ap_hi;weight
19,402,0,1,4,ap_lo;weight;age;ap_hi
19,403,0,1,3,weight;age;height
19,404,0,1,4,ap_lo;age;weight;height
19,405,0,1,4,weight;ap_lo;height;age
19,406,0,0,3,weight;ap_hi;height
19,407,1,1,4,height;ap_hi;age;weight
19,408,1,1,3,height;age;ap_lo
19,409,0,1,4,ap_hi;ap_lo;weight;age
19,410,0,1,4,ap_lo;age;ap_hi;height
19,411,0,0,4,weight;age;ap_hi;height
19,412,0,0,4,height;ap_lo;ap_hi;age
19,413,1,1,4,age;ap_hi;height;ap_lo
19,414,0,1,4,ap_lo;weight;ap_hi;age
19,415,0,1,3,ap_hi;age;height
19,416,0,1,4,age;ap_hi;weight;height
19,417,0,1,4,weight;age;ap_hi;height
19,418,0,1,4,age;ap_lo;ap_hi;height
19,419,1,1,3,height;ap_lo;age
19,420,1,0,3,ap_hi;height;age
19,421,0,1,4,ap_lo;weight;age;ap_hi
19,422,1,1,4,weight;ap_hi;height;ap_lo
19,423,0,0,3,height;weight;age
19,424,1,1,3,ap_hi;age;ap_lo
19,425,1,1,3,ap_hi;weight;age
19,426,1,0,3,height;ap_lo;ap_hi
19,427,1,1,3,age;height;ap_hi
19,428,0,0,3,weight;height;ap_hi
19,429,1,1,3,weight;age;height
19,430,1,1,4,height;ap_hi;ap_lo;weight
19,431,1,1,3,height;weight;ap_hi
19,432,1,1,4,height;ap_hi;ap_lo;weight
19,433,1,1,4,age;weight;ap_hi;ap_lo
19,434,1,0,3,ap_lo;height;ap_hi
19,435,1,1,4,ap_lo;age;height;weight
19,436,1,1,4,age;ap_lo;weight;ap_hi
19,437,1,1,4,weight;ap_hi;height;ap_lo
19,438,0,0,4,weight;ap_hi;height;ap_lo
19,439,0,1,3,height;ap_hi;age
19,440,1,1,4,ap_hi;height;age;weight
19,441,0,0,4,height;age;weight;ap_lo
19,442,0,0,4,ap_hi;age;height;weight
19,443,0,1,3,ap_lo;ap_hi;age
19,444,0,1,4,ap_hi;age;ap_lo;height
19,445,0,1,3,age;ap_lo;weight
19,446,0,1,4,ap_hi;age;weight;ap_lo
19,447,1,1,3,height;weight;ap_hi
19,448,0,1,4,height;age;ap_lo;weight
19,449,0,0,3,weight;ap_lo;ap_hi
19,450,0,0,3,height;age;ap_hi
19,451,0,1,4,age;weight;height;ap_hi
19,452,1,1,3,age;weight;ap_hi
19,453,1,1,4,ap_lo;ap_hi;height;age
19,454,1,1,4,ap_lo;height;age;ap_hi
19,455,0,0,3,height;age;ap_hi
19,456,0,1,3,ap_hi;age;height
19,457,0,1,4,age;ap_lo;ap_hi;height
19,458,1,1,4,ap_hi;age;height;weight
19,459,1,1,3,age;height;ap_lo
19,460,1,1,4,height;weight;age;ap_lo
19,461,1,0,3,weight;age;ap_lo
19,462,0,0,4,weight;ap_hi;height;ap_lo
19,463,0,0,4,weight;age;ap_hi;ap_lo
19,464,1,1,4,height;ap_hi;age;ap_lo
19,465,1,1,4,age;height;weight;ap_lo
19,466,1,1,4,ap_lo;ap_hi;age;weight
19,467,1,1,4,ap_hi;weight;ap_lo;age
19,468,0,1,4,height;ap_lo;weight;age
19,469,1,1,3,height;ap_lo;ap_hi
19,470,1,1,3,ap_lo;ap_hi;weight
19,471,1,1,3,ap_lo;ap_hi;age
19,472,0,1,3,weight;ap_lo;ap_hi
19,473,1,1,4,age;ap_hi;height;weight
19,474,1,1,4,ap_lo;height;ap_hi;weight
19,475,0,1,3,age;weight;ap_lo
19,476,0,1,4,ap_lo;age;ap_hi;height
19,477,0,0,3,height;age;weight
19,478,0,1,4,weight;ap_lo;age;ap_hi
19,479,0,1,3,age;weight;ap_lo
19,480,0,1,4,weight;age;ap_hi;height
19,481,1,1,3,age;ap_hi;height
19,482,1,0,3,ap_lo;height;age
19,483,1,1,4,age;ap_hi;ap_lo;weight
19,484,0,1,3,ap_lo;weight;height
19,485,1,0,3,age;ap_lo;height
19,486,1,1,4,age;weight;ap_hi;ap_lo
19,487,1,1,4,ap_lo;height;ap_hi;weight
19,488,1,1,3,weight;age;height
19,489,1,1,3,ap_lo;height;weight
19,490,0,0,4,weight;age;ap_hi;height
19,491,0,1,4,ap_lo;ap_hi;age;weight
19,492,0,1,4,ap_lo;weight;height;ap_hi
19,493,1,1,4,weight;ap_hi;height;age
19,494,1,1,3,age;ap_hi;weight
19,495,1,1,4,ap_hi;age;ap_lo;height
19,496,1,1,4,ap_hi;age;weight;ap_lo
19,497,1,1,4,ap_hi;ap_lo;height;age
19,498,0,0,4,age;weight;ap_lo;height
19,499,0,0,4,age;height;ap_hi;weight
19,500,0,0,4,weight;height;ap_hi;age
19,501,1,1,4,ap_hi;age;ap_lo;weight
19,502,1,1,3,ap_lo;ap_hi;age
19,503,0,1,3,ap_hi;ap_lo;height
19,504,0,0,3,ap_hi;ap_lo;weight
19,505,0,0,3,height;ap_hi;weight
19,506,0,0,3,weight;ap_lo;ap_hi
19,507,1,1,3,ap_lo;height;weight
19,508,0,1,3,age;ap_hi;height
19,509,0,1,3,age;height;weight
19,510,1,1,3,ap_hi;weight;ap_lo
19,511,0,1,3,height;ap_lo;ap_hi
19,512,1,0,3,ap_lo;ap_hi;height
19,513,1,1,4,ap_lo;age;ap_hi;height
19,514,1,1,3,ap_hi;ap_lo;weight
19,515,0,0,4,ap_hi;height;weight;age
19,516,1,0,3,ap_lo;weight;height
19,517,1,1,3,weight;ap_lo;age
19,518,0,0,3,height;weight;ap_lo
19,519,1,1,3,age;ap_hi;weight
19,520,1,1,3,weight;height;ap_hi
19,521,0,1,4,ap_hi;height;weight;age
19,522,0,1,4,ap_hi;ap_lo;age;height
19,523,1,1,4,ap_hi;age;weight;height
19,524,1,1,3,weight;height;ap_hi
19,525,0,1,3,ap_lo;height;weight
19,526,0,1,4,ap_hi;ap_lo;age;height
19,527,1,0,3,ap_hi;ap_lo;weight
19,528,0,1,3,ap_hi;age;ap_lo
19,529,1,1,3,age;ap_lo;weight
19,530,0,1,3,weight;height;age
19,531,1,1,3,weight;ap_hi;age
19,532,0,1,3,height;age;weight
19,533,1,1,3,ap_hi;weight;age
19,534,0,1,3,age;height;ap_lo
19,535,1,1,3,age;ap_hi;height
19,536,1,1,3,weight;height;ap_hi
19,537,1,1,4,ap_hi;weight;ap_lo;height
19,538,0,1,3,ap_hi;ap_lo;age
19,539,1,0,4,weight;age;height;ap_lo
19,540,1,1,3,height;age;weight
19,541,1,1,4,ap_lo;age;weight;ap_hi
19,542,1,1,3,height;age;ap_lo
19,543,1,1,4,ap_hi;ap_lo;height;weight
19,544,1,1,4,weight;ap_hi;height;ap_lo
19,545,0,1,3,ap_hi;ap_lo;weight
19,546,0,1,4,age;height;ap_lo;weight
19,547,0,1,3,ap_lo;ap_hi;age
19,548,0,0,4,height;age;weight;ap_lo
19,549,1,1,4,age;height;ap_hi;weight
19,550,1,1,4,weight;ap_lo;age;height
19,551,1,1,3,ap_lo;height;weight
19,552,0,1,3,ap_lo;weight;age
19,553,1,1,4,height;age;weight;ap_lo
19,554,0,1,3,age;ap_hi;ap_lo
19,555,0,1,3,weight;height;ap_lo
19,556,1,1,3,ap_lo;ap_hi;height
19,557,1,1,4,height;weight;ap_hi;age
19,558,1,1,3,ap_lo;height;weight
19,559,1,1,4,age;height;ap_lo;weight
19,560,1,1,4,height;ap_hi;ap_lo;weight
19,561,0,1,3,age;weight;ap_hi
19,562,0,1,4,ap_lo;ap_hi;weight;height
19,563,0,0,3,ap_hi;height;age
19,564,1,1,3,age;ap_lo;ap_hi
19,565,1,1,3,height;ap_hi;ap_lo
19,566,0,1,4,ap_lo;weight;height;age
19,567,1,1,4,height;weight;age;ap_hi
19,568,1,1,4,weight;height;ap_hi;ap_lo
19,569,0,1,3,ap_hi;weight;ap_lo
19,570,1,1,3,age;weight;ap_hi
19,571,1,1,3,ap_lo;weight;ap_hi
19,572,0,0,3,ap_hi;weight;height
19,573,1,0,4,ap_hi;height;weight;age
19,574,1,1,4,height;age;ap_lo;weight
19,575,0,1,3,height;ap_hi;age
19,576,1,0,3,weight;ap_lo;height
19,577,1,1,4,ap_hi;weight;height;ap_lo
19,578,1,0,3,ap_lo;height;age
19,579,0,1,3,ap_lo;height;ap_hi
19,580,1,1,3,age;ap_hi;ap_lo
19,581,1,1,4,ap_hi;weight;height;ap_lo
19,582,0,0,4,ap_lo;ap_hi;height;weight
19,583,0,0,4,height;ap_lo;age;ap_hi
19,584,0,1,3,age;height;weight
19,585,1,1,4,height;age;weight;ap_hi
19,586,0,1,4,ap_hi;weight;ap_lo;height
19,587,0,1,4,height;age;ap_lo;ap_hi
19,588,1,1,3,age;ap_lo;weight
19,589,1,1,3,height;ap_hi;ap_lo
19,590,1,1,3,ap_hi;height;weight
19,591,0,1,3,age;height;ap_lo
19,592,0,1,3,ap_hi;height;weight
19,593,0,1,4,ap_lo;age;weight;ap_hi
19,594,0,1,3,ap_lo;height;ap_hi
19,595,1,1,4,age;ap_lo;height;ap_hi
19,596,1,1,4,ap_lo;ap_hi;weight;height
19,597,0,1,3,ap_hi;weight;ap_lo
19,598,0,1,3,ap_lo;age;weight
19,599,0,1,3,age;ap_lo;weight
19,600,1,1,4,age;weight;ap_hi;ap_lo
19,601,1,1,3,weight;ap_hi;ap_lo
19,602,1,1,3,ap_lo;ap_hi;height
19,603,1,1,3,ap_lo;weight;ap_hi
19,604,0,0,3,ap_lo;ap_hi;age
19,605,0,1,3,ap_hi;weight;age
19,606,1,1,4,ap_lo;height;ap_hi;age
19,607,1,1,4,weight;age;height;ap_lo
19,608,0,0,3,age;weight;ap_hi
19,609,0,0,4,ap_hi;ap_lo;weight;height
19,610,1,1,3,ap_hi;ap_lo;weight
19,611,1,1,4,ap_lo;ap_hi;height;age
19,612,0,0,4,ap_lo;weight;height;ap_hi
19,613,0,1,3,age;height;ap_lo
19,614,0,1,4,ap_lo;age;height;ap_hi
19,615,0,1,3,age;ap_hi;height
19,616,0,1,3,ap_lo;weight;height
19,617,0,0,3,height;weight;ap_hi
19,618,0,0,4,weight;height;ap_hi;ap_lo
19,619,1,1,3,ap_lo;age;weight
19,620,0,0,3,height;ap_hi;age
19,621,1,1,3,ap_hi;height;ap_lo
19,622,0,0,3,age;ap_lo;ap_hi
19,623,1,1,3,height;weight;age
19,624,1,1,4,height;ap_lo;weight;ap_hi
19,625,0,0,4,height;weight;ap_lo;age
19,626,1,1,3,age;height;ap_lo
19,627,0,1,3,age;height;ap_hi
19,628,0,0,3,height;ap_lo;ap_hi
19,629,0,1,3,height;ap_hi;weight
19,630,0,1,3,ap_hi;weight;height
19,631,1,0,4,height;weight;age;ap_hi
19,632,1,1,3,ap_lo;weight;ap_hi
19,633,0,1,3,age;ap_lo;ap_hi
19,634,0,1,4,height;age;ap_lo;weight
19,635,1,1,4,weight;age;height;ap_hi
19,636,1,1,4,ap_lo;age;height;weight
19,637,0,1,3,ap_lo;height;weight
19,638,1,1,4,height;ap_hi;age;ap_lo
19,639,0,1,3,ap_hi;height;ap_lo
19,640,1,1,3,ap_hi;ap_lo;height
19,641,1,1,4,ap_lo;age;weight;ap_hi
19,642,1,1,3,height;age;ap_hi
19,643,0,1,3,weight;age;height
19,644,1,1,4,weight;ap_lo;age;ap_hi
19,645,1,1,4,age;ap_lo;height;ap_hi
19,646,0,0,4,height;weight;ap_lo;age
19,647,0,1,3,age;height;weight
19,648,0,1,4,age;weight;height;ap_lo
19,649,0,1,4,ap_hi;height;weight;age
19,650,1,1,4,height;weight;ap_lo;age
19,651,0,0,3,ap_lo;height;age
19,652,0,1,4,ap_lo;age;height;ap_hi
19,653,0,1,4,weight;height;age;ap_hi
19,654,0,1,3,height;ap_lo;age
19,655,0,1,4,age;ap_hi;height;ap_lo
19,656,0,1,3,ap_hi;ap_lo;age
19,657,0,1,4,ap_hi;age;ap_lo;height
19,658,1,1,3,weight;age;ap_hi
19,659,0,0,3,ap_hi;weight;age
19,660,1,1,4,weight;ap_lo;ap_hi;age
19,661,0,1,4,ap_hi;ap_lo;weight;height
19,662,0,1,3,ap_hi;height;weight
19,663,0,1,4,ap_lo;ap_hi;weight;age
19,664,1,0,3,weight;height;ap_hi
19,665,1,1,4,ap_lo;weight;height;age
19,666,0,1,4,weight;height;age;ap_lo
19,667,1,0,4,height;age;ap_lo;weight
19,668,1,1,3,height;ap_hi;weight
19,669,1,0,3,height;age;ap_hi
19,670,0,1,4,age;height;ap_hi;ap_lo
19,671,0,0,3,weight;height;age
19,672,0,0,3,ap_hi;age;height
19,673,0,0,4,age;ap_hi;weight;height
19,674,1,1,3,ap_lo;age;weight
19,675,1,1,4,weight;age;ap_lo;ap_hi
19,676,1,1,4,ap_hi;height;ap_lo;age
19,677,1,0,3,ap_lo;weight;age
19,678,0,0,4,height;ap_lo;ap_hi;age
19,679,1,1,4,age;height;ap_hi;weight
19,680,0,1,4,height;ap_lo;weight;ap_hi
19,681,0,1,3,height;ap_hi;weight
19,682,0,0,3,weight;ap_lo;height
19,683,1,0,4,weight;ap_hi;age;ap_lo
19,684,0,1,3,ap_lo;weight;height
19,685,1,1,4,age;height;ap_lo;ap_hi
19,686,1,1,4,height;age;ap_hi;ap_lo
19,687,0,1,3,weight;height;age
19,688,1,1,4,age;ap_lo;height;ap_hi
19,689,1,1,3,age;ap_lo;ap_hi
19,690,0,1,4,age;ap_lo;height;ap_hi
19,691,0,0,4,ap_lo;weight;age;ap_hi
19,692,0,1,4,ap_lo;age;ap_hi;weight
19,693,0,1,4,age;height;ap_lo;weight
19,694,0,1,4,weight;ap_lo;ap_hi;age
19,695,1,0,3,weight;height;age
19,696,0,0,3,weight;ap_hi;height
19,697,1,1,3,height;weight;age
19,698,1,0,4,ap_lo;height;ap_hi;age
19,699,1,1,4,age;ap_hi;weight;height
19,700,0,1,3,height;ap_hi;ap_lo
19,701,0,1,3,weight;height;age
19,702,0,0,3,age;ap_hi;weight
19,703,0,1,3,age;weight;ap_lo
19,704,0,1,3,weight;ap_hi;ap_lo
19,705,1,1,3,ap_lo;age;ap_hi
19,706,1,1,3,age;ap_hi;height
19,707,1,1,3,weight;ap_lo;height
19,708,0,0,4,age;ap_hi;height;ap_lo
19,709,0,1,3,weight;ap_hi;height
19,710,0,1,4,height;ap_hi;age;ap_lo
19,711,0,1,4,ap_hi;height;ap_lo;weight
19,712,1,0,3,weight;height;age
19,713,1,1,4,ap_lo;height;age;weight
19,714,1,1,4,ap_hi;height;age;weight
19,715,1,1,3,ap_lo;ap_hi;weight
19,716,1,1,4,age;weight;ap_hi;ap_lo
19,717,0,1,4,ap_lo;weight;height;ap_hi
19,718,0,1,3,height;ap_hi;ap_lo
19,719,1,0,4,height;ap_lo;age;ap_hi
19,720,0,1,3,height;ap_lo;age
19,721,1,1,3,ap_lo;ap_hi;height
19,722,0,1,3,weight;age;ap_lo
19,723,1,1,3,ap_hi;age;ap_lo
19,724,1,1,3,ap_lo;weight;height
19,725,1,1,3,weight;age;ap_lo
19,726,1,1,3,age;weight;height
19,727,1,1,4,weight;height;ap_lo;ap_hi
19,728,1,1,4,height;ap_lo;age;weight
19,729,1,1,3,ap_lo;age;height
19,730,1,1,3,weight;ap_hi;age
19,731,1,0,4,ap_lo;ap_hi;weight;age
19,732,0,1,3,ap_lo;age;weight
19,733,0,1,3,height;weight;age
19,734,0,0,4,height;weight;ap_lo;ap_hi
19,735,0,0,4,weight;height;ap_lo;ap_hi
19,736,0,0,3,age;ap_hi;weight
19,737,1,1,4,weight;ap_hi;age;ap_lo
19,738,0,1,3,age;height;weight
19,739,1,1,3,ap_lo;ap_hi;age
19,740,0,1,3,age;ap_lo;weight
19,741,0,1,3,height;age;ap_lo
19,742,0,1,4,ap_lo;ap_hi;weight;age
19,743,0,0,3,age;ap_hi;ap_lo
19,744,1,1,4,age;weight;ap_lo;ap_hi
19,745,0,0,3,height;age;ap_hi
19,746,0,1,3,ap_hi;age;ap_lo
19,747,0,0,3,age;ap_lo;ap_hi
19,748,0,0,3,ap_hi;age;ap_lo
19,749,0,1,3,age;weight;ap_lo
19,750,0,1,4,ap_hi;age;weight;height
19,751,0,1,3,height;ap_hi;weight
19,752,0,1,4,age;height;ap_lo;weight
19,753,1,0,4,ap_lo;weight;age;height
19,754,0,1,4,age;weight;ap_hi;ap_lo
19,755,0,1,3,ap_lo;height;weight
19,756,1,1,4,ap_hi;ap_lo;age;weight
19,757,0,1,3,ap_lo;weight;height
19,758,1,1,4,age;height;ap_hi;weight
19,759,1,1,4,ap_hi;ap_lo;age;weight
19,760,1,1,3,weight;height;ap_lo
19,761,0,1,4,ap_lo;ap_hi;height;age
19,762,1,1,4,ap_lo;height;weight;age
19,763,0,1,3,weight;height;ap_lo
19,764,0,1,4,weight;ap_hi;age;ap_lo
19,765,0,1,4,ap_lo;ap_hi;weight;height
19,766,1,1,3,weight;age;ap_hi
19,767,0,1,4,age;height;weight;ap_lo
19,768,0,1,3,ap_lo;height;age
19,769,1,0,3,age;weight;ap_hi
19,770,0,0,4,ap_lo;height;weight;age
19,771,0,0,4,height;ap_hi;weight;age
19,772,1,1,3,weight;height;age
19,773,0,1,3,ap_lo;age;ap_hi
19,774,1,1,4,ap_lo;age;ap_hi;height
19,775,0,1,4,ap_lo;ap_hi;weight;age
19,776,0,1,3,ap_lo;ap_hi;weight
19,777,1,1,4,ap_hi;height;age;weight
19,778,1,0,3,height;ap_hi;weight
19,779,0,1,4,age;weight;ap_lo;height
19,780,0,1,4,ap_hi;weight;age;ap_lo
19,781,0,1,3,height;weight;ap_lo
19,782,1,1,4,height;ap_lo;ap_hi;age
19,783,1,1,4,ap_lo;height;weight;age
19,784,1,1,4,ap_hi;height;ap_lo;weight
19,785,1,1,4,age;ap_lo;weight;height
19,786,0,1,3,weight;ap_lo;age
19,787,0,1,4,ap_lo;weight;age;ap_hi
19,788,1,1,3,ap_lo;ap_hi;age
19,789,1,1,3,height;weight;ap_hi
19,790,0,1,3,ap_lo;height;ap_hi
19,791,0,0,4,height;ap_lo;weight;age
19,792,0,1,3,age;height;ap_lo
19,793,0,0,3,height;ap_lo;ap_hi
19,794,0,1,4,weight;height;age;ap_hi
19,795,0,1,3,age;ap_lo;height
19,796,0,1,4,ap_lo;age;weight;ap_hi
19,797,0,1,3,age;ap_lo;weight
19,798,0,0,3,age;ap_hi;height
19,799,0,0,3,weight;age;height
19,800,0,0,4,age;weight;ap_lo;ap_hi
19,801,0,0,3,height;ap_lo;age
19,802,0,1,4,age;height;weight;ap_lo
19,803,0,1,3,ap_lo;weight;ap_hi
19,804,1,1,3,ap_lo;weight;height
19,805,1,1,4,weight;age;ap_lo;ap_hi
19,806,0,1,4,ap_hi;age;weight;ap_lo
19,807,1,1,4,ap_lo;height;ap_hi;age
19,808,0,0,3,height;ap_hi;weight
19,809,1,0,3,ap_hi;height;ap_lo
19,810,0,0,3,ap_lo;weight;height
19,811,1,0,3,height;ap_lo;ap_hi
19,812,0,1,3,ap_hi;ap_lo;age
19,813,0,0,3,ap_lo;weight;age
19,814,0,0,4,ap_hi;ap_lo;weight;age
19,815,0,1,4,weight;ap_lo;ap_hi;age
19,816,0,0,4,height;age;weight;ap_hi
19,817,0,0,3,height;age;ap_hi
19,818,1,1,3,ap_hi;height;age
19,819,0,1,4,age;height;ap_lo;weight
19,820,1,1,4,ap_hi;weight;ap_lo;height
19,821,0,1,3,ap_hi;height;weight
19,822,0,1,3,ap_hi;ap_lo;weight
19,823,0,1,4,ap_hi;age;weight;height
19,824,1,1,3,ap_lo;weight;ap_hi
19,825,0,1,4,weight;ap_lo;ap_hi;height
19,826,0,1,4,weight;ap_hi;height;ap_lo
19,827,1,0,4,age;ap_lo;ap_hi;weight
19,828,1,1,4,height;age;ap_hi;weight
19,829,0,1,3,ap_lo;ap_hi;age
19,830,1,1,3,age;ap_hi;height
19,831,0,1,4,ap_hi;age;ap_lo;height
19,832,0,1,4,height;ap_lo;weight;age
19,833,1,0,3,ap_lo;height;ap_hi
19,834,1,1,3,ap_lo;ap_hi;age
19,835,0,1,3,ap_hi;ap_lo;weight
19,836,0,1,3,ap_lo;ap_hi;weight
19,837,0,1,4,ap_lo;height;ap_hi;weight
19,838,0,1,4,ap_lo;age;ap_hi;height
19,839,0,1,3,age;height;ap_lo
19,840,0,1,4,ap_hi;weight;height;age
19,841,0,1,3,ap_hi;height;weight
19,842,0,1,4,ap_hi;height;weight;age
19,843,1,1,4,age;ap_hi;ap_lo;height
19,844,0,1,4,ap_hi;age;height;ap_lo
19,845,0,1,3,height;age;ap_hi
19,846,0,1,4,ap_hi;height;ap_lo;age
19,847,1,1,3,weight;height;ap_hi
19,848,0,1,3,ap_hi;height;ap_lo
19,849,1,1,4,height;weight;ap_lo;ap_hi
19,850,1,0,3,height;weight;ap_hi
19,851,0,1,4,weight;height;ap_lo;ap_hi
19,852,0,0,3,height;ap_lo;age
19,853,1,1,4,age;weight;height;ap_lo
19,854,1,1,3,height;ap_hi;age
19,855,1,1,4,height;ap_lo;weight;ap_hi
19,856,0,1,3,ap_lo;ap_hi;weight
19,857,1,1,4,age;ap_hi;ap_lo;height
19,858,1,1,4,ap_hi;age;height;ap_lo
19,859,0,1,3,ap_hi;height;weight
19,860,1,1,4,age;height;ap_hi;ap_lo
19,861,1,1,3,height;age;ap_hi
19,862,1,1,3,ap_lo;height;weight
19,863,0,1,4,ap_lo;ap_hi;height;weight
19,864,1,1,4,age;height;ap_lo;ap_hi
19,865,0,1,4,ap_hi;height;age;weight
19,866,1,1,4,age;ap_hi;height;weight
19,867,1,1,3,age;ap_hi;ap_lo
19,868,1,1,3,age;height;ap_lo
19,869,1,0,3,ap_lo;ap_hi;age
19,870,0,1,4,height;ap_lo;ap_hi;weight
19,871,1,1,4,height;weight;age;ap_lo
19,872,0,1,3,ap_hi;age;ap_lo
19,873,0,0,4,height;age;ap_hi;weight
19,874,0,0,4,height;age;ap_lo;ap_hi
19,875,0,0,4,height;age;ap_lo;weight
19,876,1,1,4,height;ap_lo;weight;ap_hi
19,877,0,1,4,ap_hi;age;height;ap_lo
19,878,1,1,4,ap_lo;age;height;weight
19,879,1,1,3,age;weight;ap_lo
19,880,1,1,3,weight;age;ap_hi
19,881,1,1,4,ap_hi;height;age;ap_lo
19,882,1,1,3,weight;ap_lo;ap_hi
19,883,1,1,3,age;weight;height
19,884,0,0,3,ap_hi;age;weight
19,885,1,1,3,ap_hi;ap_lo;weight
19,886,0,0,3,height;age;weight
19,887,1,1,4,ap_hi;weight;height;age
19,888,0,1,3,age;ap_lo;height
19,889,1,1,4,ap_hi;weight;height;age
19,890,0,1,3,age;ap_hi;height
19,891,0,1,4,height;ap_lo;weight;age
19,892,0,1,3,weight;ap_lo;ap_hi
19,893,1,0,3,weight;height;age
19,894,0,1,4,height;ap_lo;age;weight
19,895,1,1,4,height;ap_lo;age;weight
19,896,0,1,4,ap_lo;height;weight;age
19,897,1,0,4,ap_hi;height;age;ap_lo
19,898,1,1,3,height;ap_hi;weight
19,899,0,1,4,age;height;ap_lo;ap_hi
19,900,0,1,4,age;ap_lo;height;weight
19,901,0,0,3,height;ap_lo;age
19,902,1,1,4,ap_lo;ap_hi;weight;age
19,903,1,1,3,weight;age;height
19,904,1,0,3,height;ap_lo;age
19,905,0,0,4,age;ap_hi;weight;ap_lo
19,906,0,0,3,ap_hi;weight;age
19,907,1,1,3,age;ap_hi;weight
19,908,0,1,3,ap_lo;age;ap_hi
19,909,1,1,4,ap_hi;ap_lo;height;age
19,910,0,1,4,weight;ap_lo;age;ap_hi
19,911,0,1,4,height;weight;ap_lo;age
19,912,1,1,3,ap_lo;height;age
19,913,0,0,3,height;ap_hi;ap_lo
19,914,1,1,4,age;weight;ap_lo;height
19,915,1,1,3,weight;age;height
19,916,0,1,4,age;ap_lo;height;ap_hi
19,917,0,1,3,weight;ap_hi;height
19,918,0,0,4,height;ap_lo;weight;age
19,919,1,1,3,weight;height;age
19,920,1,1,4,ap_hi;ap_lo;height;age
19,921,1,1,3,ap_lo;ap_hi;age
19,922,0,1,3,ap_hi;age;ap_lo
19,923,0,1,4,age;ap_lo;height;weight
19,924,1,1,3,ap_hi;ap_lo;weight
19,925,1,0,3,ap_lo;weight;ap_hi
19,926,1,0,3,ap_lo;height;ap_hi
19,927,1,0,3,height;weight;ap_lo
19,928,1,1,4,height;age;ap_hi;ap_lo
19,929,0,1,3,ap_lo;height;age
19,930,0,0,3,weight;age;ap_lo
19,931,1,1,3,age;weight;ap_lo
19,932,0,1,3,ap_lo;ap_hi;height
19,933,1,1,3,age;ap_lo;weight
19,934,1,1,4,height;ap_lo;weight;age
19,935,1,1,4,height;ap_lo;weight;ap_hi
19,936,0,1,3,height;ap_lo;age
19,937,1,1,4,ap_lo;age;ap_hi;height
19,938,1,1,4,age;ap_lo;height;ap_hi
19,939,1,1,3,height;ap_lo;weight
19,940,0,1,3,ap_hi;age;ap_lo
19,941,0,1,4,age;ap_lo;ap_hi;weight
19,942,0,1,4,ap_lo;ap_hi;height;weight
19,943,0,0,3,age;height;ap_hi
19,944,1,1,3,weight;height;age
19,945,0,1,3,weight;height;ap_lo
19,946,0,0,4,age;height;ap_lo;weight
19,947,0,1,4,weight;ap_hi;height;age
19,948,1,1,4,ap_hi;age;height;weight
19,949,0,1,3,height;age;ap_lo
19,950,0,1,4,ap_hi;height;ap_lo;weight
19,951,0,0,3,height;ap_lo;ap_hi
19,952,0,1,4,weight;height;ap_hi;age
19,953,1,0,3,height;age;ap_lo
19,954,0,1,4,height;ap_lo;age;weight
19,955,0,0,3,weight;age;ap_lo
19,956,1,1,4,weight;height;age;ap_lo
19,957,0,1,4,age;ap_lo;height;weight
19,958,0,1,3,ap_hi;weight;age
19,959,1,1,3,age;weight;ap_hi
19,960,1,1,4,age;ap_lo;ap_hi;weight
19,961,0,1,3,ap_lo;ap_hi;age
19,962,0,0,3,ap_lo;weight;height
19,963,0,1,4,weight;ap_hi;age;ap_lo
19,964,1,1,4,ap_lo;height;ap_hi;age
19,965,1,1,3,weight;ap_hi;height
19,966,1,1,4,weight;ap_hi;height;ap_lo
19,967,1,1,4,age;height;ap_hi;weight
19,968,1,1,4,height;age;ap_lo;weight
19,969,1,1,4,ap_lo;weight;height;age
19,970,0,1,3,age;weight;ap_hi
19,971,1,1,3,height;ap_lo;weight
19,972,1,1,4,weight;ap_lo;height;ap_hi
19,973,0,1,4,ap_hi;age;ap_lo;weight
19,974,1,1,3,weight;ap_lo;ap_hi
19,975,1,1,4,weight;age;ap_lo;ap_hi
19,976,1,1,4,height;ap_lo;ap_hi;weight
19,977,0,1,3,ap_hi;height;ap_lo
19,978,1,1,4,ap_hi;height;age;ap_lo
19,979,0,1,3,age;height;ap_hi
19,980,1,1,4,height;ap_lo;weight;age
19,981,0,1,3,height;weight;age
19,982,0,0,4,age;ap_lo;weight;height
19,983,1,1,4,age;ap_hi;weight;height
19,984,1,1,3,ap_lo;height;weight
19,985,1,0,4,age;weight;ap_hi;ap_lo
19,986,1,1,3,ap_lo;weight;ap_hi
19,987,1,1,3,ap_lo;height;ap_hi
19,988,1,1,4,weight;height;ap_lo;ap_hi
19,989,1,1,3,ap_hi;weight;height
19,990,1,1,3,ap_hi;age;height
19,991,0,1,3,age;weight;ap_lo
19,992,1,1,3,age;ap_lo;ap_hi
19,993,0,0,3,ap_lo;weight;age
19,994,1,1,4,age;ap_lo;height;weight
19,995,1,1,4,ap_hi;height;age;weight
19,996,1,1,4,age;weight;height;ap_hi
19,997,0,1,4,ap_hi;age;ap_lo;weight
19,998,1,1,4,ap_lo;height;ap_hi;age
19,999,1,1,4,age;ap_hi;ap_lo;height
